customer_id,customer_name,email,phone,address,area,pincode,registration_date,customer_segment,total_orders,avg_order_value,last_order_date,orders_in_data,total_spend,recency_days,tenure_days
97475543,Niharika Nagi,ektataneja@example.org,912987579691,"23, Nayar Path, Bihar Sharif-154625",Udupi,321865,2023-05-13,Premium,13,451.92,2024-07-12 09:59:18,4.0,12315.91,115.0,541
22077605,Megha Sachar,vedant45@example.com,915123179717,"51/302, Buch Chowk
Srinagar-570271",Aligarh,149394,2024-06-18,Inactive,4,825.48,2024-03-07 08:59:56,2.0,2648.55,242.0,139
47822591,Hema Bahri,samiazaan@example.com,910034076149,"941
Anne Street, Darbhanga 186125",Begusarai,621411,2024-09-25,Regular,17,1969.81,2023-04-30 19:35:17,1.0,3090.86,554.0,40
79726146,Zaitra Vig,ishanvi87@example.org,916264232390,"43/94, Ghosh, Alappuzha 635655",Kozhikode,826054,2023-10-04,New,4,220.09,2023-09-19 00:26:15,1.0,3415.39,412.0,397
57102800,Januja Verma,atideshpande@example.org,917293526596,"06
Om, Ambarnath 477463",Ichalkaranji,730539,2024-03-22,Inactive,14,578.14,2024-08-03 07:23:35,3.0,3594.1499999999996,93.0,227
54748429,Darsh More,ynayar@example.org,912582120513,"26/961
Salvi Circle, Durg 406361",Visakhapatnam,883122,2024-04-22,New,2,669.35,2024-09-14 10:42:22,2.0,7270.75,51.0,196
49152878,Patrick Sandhu,zehaanmahajan@example.org,912413014420,"304
Tara Road, Gandhinagar-559930",Gwalior,649817,2024-09-13,Premium,4,973.62,2024-07-16 01:14:38,4.0,7062.54,111.0,52
16379942,Harshil Kuruvilla,pathakanirudh@example.org,913807361990,"37/62, Basu Chowk
Sikar 515907",Orai,332997,2024-04-10,Inactive,15,1370.56,2024-04-22 07:45:06,4.0,5727.700000000001,196.0,208
11071601,Ojas Ahuja,sneha11@example.com,912865080618,"H.No. 99
Kade Road
Ramgarh 695009",Buxar,528426,2023-07-04,Inactive,17,1950.54,2024-07-16 13:16:12,2.0,4320.68,111.0,489
68164013,Netra Chander,hwarrior@example.org,917645901970,"H.No. 94
Gupta Path, Hospet-831040",Malegaon,4515,2023-06-29,New,1,1061.82,,0.0,0.0,,494
80404839,Kashish Dora,pushti81@example.net,912463646408,"H.No. 24
Pant Street, Mathura 348430",Katni,642727,2023-04-13,Inactive,10,1537.35,,0.0,0.0,,571
27038630,Megha Thakkar,zinalsarna@example.com,916726295759,"H.No. 81
Sama Street, Danapur-137828",Fatehpur,393286,2023-04-27,Regular,11,1307.28,,0.0,0.0,,557
1655637,Turvi Radhakrishnan,mpandit@example.org,919130065165,"H.No. 404, Bhalla Chowk
Visakhapatnam 048875",Ichalkaranji,548633,2023-09-17,Regular,19,723.95,2023-10-31 21:33:55,1.0,3517.14,369.0,414
75566105,Dipta Doctor,peterdhaliwal@example.org,912758132658,"586
Badami Zila, Madhyamgram-394655",Hyderabad,871594,2024-03-20,Regular,18,1432.53,2023-07-09 20:06:51,2.0,2725.29,484.0,229
23961725,Zayyan Buch,kalpithayre@example.net,913139982063,"71/67, Oommen Ganj, Purnia 250900",Bhiwandi,629210,2024-05-11,Regular,6,367.74,2023-12-13 09:25:07,1.0,3804.98,327.0,177
67749649,Oviya Mitra,aaravdugar@example.com,919890802849,"103, Mahajan Circle
Silchar 256345",Mira-Bhayandar,222577,2024-04-10,Inactive,11,281.16,2023-11-28 03:30:12,1.0,3778.41,342.0,208
61461253,Arin Setty,naidushivani@example.org,917060856166,"63/164, Kari Chowk
Moradabad 624164",Amravati,381991,2024-08-29,Inactive,4,789.5,,0.0,0.0,,67
30619659,Lohit Kalla,vincent81@example.com,914466575315,"58/882, Ramanathan
Nashik 371218",Kochi,400041,2024-09-18,Inactive,14,1992.42,,0.0,0.0,,47
50229203,Rushil Dhingra,htella@example.org,910837043539,"H.No. 99
Ravel Street
Avadi 655413",Tiruchirappalli,598757,2023-09-14,Regular,7,1731.87,2024-10-24 08:05:56,2.0,2761.32,11.0,417
13567338,Wahab Borah,bhattlakshit@example.com,912286009144,"H.No. 739, Dewan Marg
Jamshedpur 475311",Hubli–Dharwad,509163,2024-10-14,Premium,10,1054.12,2023-10-02 17:16:55,1.0,916.92,399.0,21
7591711,Triya Kakar,xshetty@example.net,913247466748,"H.No. 65, Ratti Circle, Nellore-187667",Nagercoil,792550,2024-01-30,Regular,12,1494.0,2023-12-21 14:21:21,4.0,7305.79,319.0,279
22102079,Vrinda Lalla,balakrishnanyutika@example.net,917567554265,"H.No. 73
Gupta Road, Barasat 506282",Alwar,595920,2024-06-21,Premium,10,615.86,,0.0,0.0,,136
48910430,Janani Prasad,abhirambabu@example.com,918550270063,"149
Pall Path, Aurangabad-876025",Bardhaman,125846,2024-09-04,Premium,3,1474.04,,0.0,0.0,,61
27604184,Tripti Nadig,tmaster@example.com,918533188202,"04/18
Maharaj Zila
Pudukkottai 529324",Nandyal,279361,2023-10-06,New,9,1108.86,2024-08-12 19:26:07,5.0,11059.84,84.0,395
79672044,Jagdish Vora,hemangini55@example.com,915901330659,"92, Choudhury Ganj, Bhopal-000074",Hapur,964688,2023-12-17,New,8,1115.88,2024-07-24 02:59:03,3.0,7650.41,103.0,323
13461704,Zayan Ratta,shivansh35@example.com,914996250775,"33/78
Joshi Path, Ludhiana-975587",Nanded,770516,2024-04-04,Premium,4,1024.45,2023-11-18 13:28:26,1.0,2279.47,352.0,214
66135710,Zayan Thakkar,ranveer19@example.net,914797514705,"68/55, Bhattacharyya Zila, Coimbatore 134031",Ramgarh,352680,2023-11-28,New,6,308.63,2024-08-18 17:15:12,3.0,5757.45,78.0,342
50572914,Ishani Mukherjee,shivani15@example.net,916128520461,"H.No. 68, Gade Chowk
Siliguri-878991",Bihar Sharif,654429,2023-10-21,Regular,20,701.55,2023-04-23 05:36:37,2.0,3905.92,561.0,380
4386273,Jagrati Sengupta,pandeymahika@example.org,911622184828,"20, Jayaraman Zila
Khora -207127",Nandyal,494307,2024-06-26,Inactive,12,298.97,2024-08-19 07:50:08,3.0,4354.88,77.0,131
57537308,Ayush Buch,morejagdish@example.net,912414404228,"079
Goyal Zila, Bhiwani-715658",Jorhat,779981,2024-05-18,New,8,1641.88,2024-07-12 00:41:44,3.0,7737.799999999999,115.0,170
34526442,Harita Chatterjee,gaurika82@example.com,911099088799,"H.No. 249, Malhotra
Ghaziabad-893659",Raipur,674102,2023-09-27,Regular,14,1956.45,2024-10-18 05:43:01,1.0,4073.52,17.0,404
67383024,Riya Kothari,chowdhuryimaran@example.net,917775061608,"648, Biswas Street, Jalandhar 957104",Kollam,436202,2024-04-10,Premium,14,1240.9,2024-06-12 01:40:22,2.0,5385.49,145.0,208
28350645,Alka Srinivasan,xtalwar@example.org,917083212594,"623, Bassi Chowk, Patiala-864851",Ratlam,360999,2024-01-12,Inactive,9,553.0,2024-05-07 13:36:19,2.0,824.99,181.0,297
81940369,Nilima Chaudhuri,agrawalmugdha@example.com,912540363435,"H.No. 466, Bhavsar Nagar, Kalyan-Dombivli-115231",Nellore,522947,2024-02-24,Premium,10,316.79,2023-08-26 07:39:48,2.0,7271.49,436.0,254
89950235,Aarav Dayal,darsh33@example.net,912975749481,"H.No. 639
Chowdhury Path, Tadepalligudem-993818",Warangal,334280,2023-12-24,Premium,13,1179.29,2024-08-05 15:28:00,1.0,1827.9,91.0,316
88202341,Jagrati Dubey,vasatika03@example.net,916290915278,"470, Kibe Zila, Tirupati-332036",Kottayam,174979,2023-08-20,Inactive,9,644.06,2023-08-18 07:48:46,2.0,4966.29,444.0,442
41155125,Yahvi Doshi,daliaoviya@example.com,918695302072,"11
Kaul Path, Berhampore 085176",Tenali,82916,2024-04-22,Inactive,14,1454.3,2024-06-18 15:23:30,4.0,9806.86,139.0,196
46369552,Keya Modi,bbumb@example.org,917249134497,"49/76
Bansal Path, Bangalore-861073",Jaipur,688982,2024-09-16,Regular,17,456.51,,0.0,0.0,,49
48943848,Tarak Nair,atwalmeghana@example.org,914393489828,"145, Apte Street
Orai-869408",Patiala,993533,2024-06-21,Premium,13,245.46,2023-12-31 11:47:11,2.0,6554.45,309.0,136
39645619,Indira Jaggi,falaksunder@example.org,913217797684,"08/524
Toor Path, Imphal 250392",Maheshtala,740640,2023-06-17,Regular,13,1512.4,2024-06-06 13:46:34,1.0,1039.32,151.0,506
76917159,Hiral Arya,mason40@example.net,919423640425,"53/93, Saran Road, Sambhal 129176",Ludhiana,591173,2024-06-23,Premium,11,1777.83,2024-09-21 15:30:00,5.0,12795.12,44.0,134
72366758,Vedant Sengupta,xbarad@example.net,915548301513,"51/364, Dewan Path
Mumbai-975747",Ichalkaranji,228827,2023-11-19,Inactive,9,513.7,2023-11-26 12:35:15,4.0,4550.91,344.0,351
66140659,Omya Iyengar,ishanimaharaj@example.net,916881997869,"H.No. 51, Lanka Street
Bettiah 293595",Ongole,15696,2023-12-09,Premium,8,509.85,2023-07-20 05:40:36,1.0,3268.53,473.0,331
87457446,Yashodhara Sarraf,prabhudaksha@example.com,916371662776,"H.No. 80
Seshadri Chowk
Chittoor 085684",Katihar,525466,2024-07-02,Premium,7,1301.39,2024-08-09 00:24:44,1.0,2424.07,87.0,125
10830043,Gabriel Iyer,bbala@example.com,917749185958,"H.No. 369, Buch Circle, Jammu-963201",Hospet,548469,2023-10-15,New,9,899.6,2023-07-10 14:59:43,1.0,2244.39,483.0,386
97150234,Ishaan Brahmbhatt,madhavi33@example.com,917565232774,"997, Lala Path
Anantapuram-222697",Bihar Sharif,945899,2023-11-22,New,13,1527.55,2024-05-01 15:04:50,2.0,5370.55,187.0,348
72489544,Sanaya Joshi,gsampath@example.net,917642751322,"H.No. 551, Bava Chowk
Madurai-398541",Siwan,332066,2024-09-19,Inactive,17,1600.17,2024-04-15 17:01:06,3.0,7261.15,203.0,46
81352781,Brinda Bassi,jminhas@example.net,912401887733,"03/95, Virk Road
Satna 527580",Dehradun,455587,2024-02-27,Regular,4,564.55,2023-06-16 08:01:25,1.0,2638.38,507.0,251
88130777,Darsh Gupta,xdash@example.org,918488103744,"508
Brar Path, Machilipatnam 589416",North Dumdum,424291,2023-10-17,New,16,301.23,2024-07-05 09:03:19,1.0,909.62,122.0,384
65294340,Jasmit Kota,arjunbandi@example.com,918690426482,"53/982, Pandya Marg
Anantapur-635508",Jamalpur,835263,2024-04-16,New,17,356.29,2024-04-11 02:15:28,3.0,7535.4800000000005,207.0,202
40387944,Chavvi Gill,qabil65@example.net,913771369246,"584, Mohanty Marg, Mirzapur-256533",Parbhani,373298,2024-03-15,Regular,10,569.91,2024-02-28 14:00:15,2.0,2641.26,250.0,234
91868185,Raghav Sathe,ekaniparmer@example.org,919502350382,"00/26, Chandra Chowk, Uluberia 117916",Srinagar,517675,2023-10-15,New,1,1657.84,2024-05-08 08:15:44,2.0,2337.98,180.0,386
31846190,Charan Choudhary,tristantank@example.org,913765675938,"23/56, Kadakia Marg
Patna-321511",Kolkata,264654,2024-09-08,New,4,1176.18,2024-06-30 00:12:33,2.0,4329.94,127.0,57
15529446,Pallavi Goda,samarthpandey@example.com,911060144223,"H.No. 264
Master Chowk, Patna-122382",Haridwar,665417,2023-10-10,Premium,9,854.35,2023-07-29 09:53:46,2.0,358.07,464.0,391
20956158,Kashish Misra,issacjalsa@example.net,918164398862,"55/77
Nadkarni Zila
Machilipatnam 232117",Kavali,767570,2024-03-10,Premium,7,312.69,2024-04-04 03:34:32,6.0,9880.18,214.0,239
68159723,Yashvi Pathak,wallaarunima@example.org,916156322453,"866, Zachariah Zila
Madurai 896328",Orai,197279,2024-05-21,New,6,1214.62,2024-10-12 11:58:44,4.0,15434.41,23.0,167
48554440,Rohan Ganesan,bhavika36@example.net,919450531493,"27/72
Raj Chowk, Bhiwani-471346",Malegaon,231443,2024-03-28,Regular,17,1354.99,2024-06-21 02:56:30,3.0,7958.889999999999,136.0,221
966247,Jeevika Deo,sbalasubramanian@example.net,914778660685,"894, Chanda Road
Kamarhati 134874",Junagadh,410259,2023-11-16,Inactive,13,1110.76,2024-04-18 16:18:41,1.0,3110.34,200.0,354
40015980,Dipta Deshmukh,dugarpooja@example.org,919603818038,"96/245, Karnik Street
Bijapur-598528",Katni,118043,2023-06-28,New,18,1031.91,,0.0,0.0,,495
63262519,Benjamin Balakrishnan,nkaran@example.com,912022513666,"H.No. 08
Kalla Road
Udupi 906901",Karaikudi,681242,2024-02-21,Regular,10,607.45,2024-03-11 12:51:36,4.0,7536.75,238.0,257
81763298,Laban Kumar,xhanda@example.com,917218237156,"71
Chadha Marg, Tezpur 405760",Ichalkaranji,469063,2023-07-29,Premium,1,1747.14,2024-09-30 23:16:20,2.0,4453.99,34.0,464
49985597,Neel Rastogi,rachana02@example.net,910963742438,"27/024, Kumer Circle, Kurnool-562150",Kishanganj,147502,2024-08-06,Regular,3,775.73,2024-09-15 22:20:56,2.0,7589.110000000001,49.0,90
21282544,Warda Basak,lchoudhary@example.net,919755371641,"413
Kakar Road
Ujjain 345914",Jaunpur,808063,2024-08-28,Regular,16,657.98,2023-10-23 18:35:21,3.0,7390.42,378.0,68
78868716,Sai Chhabra,mahika95@example.net,912345303128,"H.No. 581
Prabhakar Road, Morena 912519",Madhyamgram,179333,2023-12-10,Inactive,5,1774.41,,0.0,0.0,,330
30733165,Gaurang Grewal,gramesh@example.org,916506983114,"94/94, Hayer Ganj, Dhanbad-672298",Ujjain,119364,2024-05-10,Inactive,10,1609.11,,0.0,0.0,,178
78678612,Kritika Padmanabhan,divyaluthra@example.com,919528247423,"H.No. 71
Shroff Nagar, Bellary-820754",Mehsana,505469,2024-06-20,Premium,1,795.06,2024-09-21 01:54:08,3.0,6559.789999999999,44.0,137
48511124,Girish Shankar,aggarwalhenry@example.org,912703776064,"H.No. 39, Sekhon Street, Sagar 312966",Korba,315557,2023-05-15,Inactive,10,1076.14,2024-04-15 02:48:52,2.0,6484.73,203.0,539
26412689,Yadavi Rastogi,hemanimander@example.net,915932940928,"H.No. 486, Chaudhary Road
Gangtok-942061",Bahraich,693005,2024-06-13,Regular,1,1700.46,2024-09-17 05:59:27,1.0,2147.13,48.0,144
26303194,Janaki Parsa,bhargavanachiket@example.org,911394026169,"49
Varghese Road, Raichur-972279",Pali,544786,2023-04-29,Premium,18,1045.94,2024-10-19 12:16:02,4.0,6050.299999999999,16.0,555
93735495,Urvi Prasad,sanyathaman@example.org,914690237071,"H.No. 537, Solanki Nagar, Adoni-229163",Jehanabad,984732,2023-05-23,Regular,7,871.15,2024-06-15 04:48:21,1.0,3373.41,142.0,531
8395610,Ranveer Subramanian,gourkeya@example.org,919565623211,"892, Shukla Path
Nandyal 578526",Erode,820741,2024-03-23,Inactive,18,294.53,2024-04-16 03:18:14,2.0,6443.63,202.0,226
41640262,Vihaan Gola,samesh12@example.com,913681309390,"708
Rao Nagar
Gandhidham-720600",Ulhasnagar,275919,2023-08-17,Inactive,9,1805.87,2024-06-27 08:52:11,6.0,12760.74,130.0,445
60618999,Lopa Vig,dalbir15@example.org,916107809027,"551, Sawhney Road
Satna 010828",Pudukkottai,596613,2024-07-28,Regular,15,1631.96,,0.0,0.0,,99
77220027,Aryan Krish,agatedaksh@example.com,912081733998,"18/938, Pai Marg
Aurangabad 807716",Coimbatore,387538,2023-12-11,Premium,16,551.81,2023-11-15 21:48:52,1.0,874.78,354.0,329
32019725,Tarak Rout,nitarabatta@example.net,918312294019,"H.No. 952, Munshi Zila
Pondicherry 250063",Panchkula,791364,2024-01-19,Premium,19,1169.96,2024-08-30 20:29:58,3.0,10448.23,65.0,290
38709137,Neha Gade,lmahal@example.com,917282970070,"34/477, Bali Ganj, Udaipur 580186",Mau,855661,2023-07-07,Inactive,18,1307.64,2024-01-16 07:41:08,1.0,2128.54,293.0,486
11540364,Jonathan Virk,wiyer@example.net,919470187869,"H.No. 14, Bir Path
Ujjain 314070",Firozabad,94033,2024-09-24,New,20,517.32,2023-11-17 13:40:42,1.0,3402.86,353.0,41
59207798,Chakrika Bhargava,omlopa@example.org,912674586312,"18
Master Zila
Miryalaguda 319766",Ballia,78765,2023-07-02,Premium,4,1441.64,2024-09-19 17:04:31,2.0,5040.84,46.0,491
10797688,Sudiksha Mannan,janigauri@example.net,911173858493,"782, Golla Ganj
Kottayam-979207",Bathinda,220981,2023-05-22,New,7,1017.39,2024-02-10 07:33:39,1.0,2232.88,268.0,532
88965399,Darsh Sura,yachanabalakrishnan@example.net,915674743154,"H.No. 599
Menon Path, Kalyan-Dombivli 164642",Guntur,563500,2024-05-28,Regular,3,1144.21,2023-04-24 21:33:02,1.0,1756.7,559.0,160
10608845,Aadi Gole,vbalan@example.com,918797630971,"69/876, Varughese Path
Tadipatri 100656",Bhilwara,702163,2024-03-29,Premium,2,735.36,2023-09-26 23:28:51,1.0,2265.63,404.0,220
28603182,Karan Narayan,zaid12@example.net,915668029297,"470
Ravi Ganj, Ulhasnagar-033422",South Dumdum,663469,2024-08-02,New,11,490.13,2024-06-25 15:25:20,2.0,5799.52,132.0,94
1152215,Yachana Pathak,chakradevnigam@example.org,912968749008,"067, Rao Street
Motihari 908674",Dhanbad,251590,2024-05-27,Inactive,2,1637.43,2023-07-09 08:07:37,1.0,1203.31,484.0,161
24357425,Wriddhish Munshi,nazaretharin@example.net,919235521021,"H.No. 36, Dani Nagar, Madurai-481558",Farrukhabad,399792,2024-07-17,Inactive,6,798.18,2024-07-25 10:46:28,2.0,4825.139999999999,102.0,110
93924203,Xalak Goyal,iyengaryashoda@example.net,919121320359,"H.No. 86
Bath Path, Aligarh 524302",Jorhat,23557,2023-04-21,Premium,18,1360.15,2024-11-02 11:49:30,6.0,15737.29,2.0,563
61406908,Harrison Mistry,abhimanyu55@example.org,918553078964,"H.No. 08, Deo
Aizawl-412973",Deoghar,365307,2023-12-24,Regular,1,458.39,2024-01-20 20:37:11,1.0,4492.32,288.0,316
78841932,Bhavani Rai,varkeyalexander@example.com,915276737008,"H.No. 104
Tak Ganj, Bhatpara 028985",Guna,907803,2024-04-19,Inactive,4,979.63,2023-09-22 12:05:11,2.0,5366.28,409.0,199
67310893,Idika Patla,arya77@example.org,917710512882,"91/165, Dewan Circle
Ajmer-980052",Chennai,286135,2024-04-10,New,19,1592.94,2024-06-06 14:58:13,3.0,6131.85,151.0,208
666589,Kevin Bassi,jainchandani@example.net,912286568717,"25/224
Soni Ganj
Visakhapatnam-398942",Morbi,852969,2023-07-31,Regular,15,465.38,2024-01-24 17:03:49,1.0,222.15,285.0,462
73639935,Urvi Deo,talwargautami@example.com,910653605570,"12/820, Radhakrishnan Ganj
Aligarh-496495",Medininagar,528705,2023-09-21,Inactive,10,360.91,2024-09-08 05:46:37,2.0,5174.69,57.0,410
51592174,Jasmit Sura,anusha59@example.com,912105350444,"H.No. 821, Barman Street
Bhagalpur 755691",Secunderabad,271886,2023-08-11,New,2,794.83,2023-12-30 17:50:47,3.0,7128.070000000001,310.0,451
12338529,Rishi Nayak,yash47@example.org,911626035168,"59/031
Kohli Road, Bhilwara 572342",Bangalore,448389,2024-10-03,New,11,347.1,2024-10-26 18:11:47,3.0,3794.6899999999996,9.0,32
81757554,Yagnesh Nadkarni,srinivasnisha@example.net,919948703080,"46/12, Dash Street, Ujjain 348748",Shimoga,591693,2024-04-18,Premium,12,1815.02,2024-05-13 16:07:25,4.0,12026.39,175.0,200
95372766,Hitesh Morar,ikbalwagle@example.org,913522324064,"06
Dixit
Bahraich 227315",Latur,609032,2024-01-15,Regular,9,629.05,2023-11-22 13:01:16,3.0,7087.63,348.0,294
28111842,Charles Kannan,amrita30@example.org,915274016671,"55
Setty Ganj
Bijapur-974804",Tirunelveli,734693,2024-09-09,Premium,8,1892.45,2024-06-13 03:42:15,2.0,7162.389999999999,144.0,56
27878182,Qabil Lata,aarnav41@example.com,910674077181,"76/44, Lata
Jhansi-232629",Thoothukudi,474639,2023-03-30,Inactive,1,1023.51,2024-10-25 07:48:29,2.0,5142.4,10.0,585
27353891,Gabriel Ahluwalia,tahuja@example.com,917146866075,"295, Varty
Jabalpur-431897",Parbhani,889940,2023-06-25,Premium,20,1110.61,,0.0,0.0,,498
19179897,Tarak Nagi,dasoliver@example.net,917958910560,"H.No. 031
Subramaniam Street
Tezpur 787717",Orai,757209,2023-08-14,Premium,18,1491.58,2024-08-11 07:22:14,1.0,1721.08,85.0,448
63630649,Indira Golla,atikhanna@example.org,912942586703,"44/45
Kamdar Path, Mumbai 535037",Vijayawada,178528,2023-09-02,Premium,8,1626.79,2024-03-03 20:35:10,2.0,4926.34,245.0,429
16359370,Harsh Gaba,zayan66@example.org,919244843255,"H.No. 384
Yohannan Chowk, Nanded-222053",South Dumdum,945900,2023-12-05,Premium,1,1352.7,2023-12-16 15:38:05,1.0,2333.7,324.0,335
92123198,Diya Munshi,garimadutt@example.com,916233788456,"H.No. 86
Rastogi Road
Tiruchirappalli 971518",Bidar,505894,2023-08-30,Regular,8,224.01,2024-04-13 05:06:04,2.0,5890.389999999999,205.0,432
77306672,Bina Seshadri,qsaha@example.com,919226071144,"58
Balay Nagar, Berhampore 873691",Motihari,249750,2024-09-16,Regular,20,456.24,2024-02-13 09:49:09,1.0,443.69,265.0,49
67696145,Isaac Rattan,yuvrajkant@example.net,919860704868,"79/94, Kuruvilla Road, Bihar Sharif-023568",Bettiah,523966,2023-06-06,Regular,18,482.94,2024-07-25 12:29:19,3.0,8549.130000000001,102.0,517
29902416,Falak Choudhry,gautampandit@example.org,919002751510,"08/63
Bhatt Path
Khammam-521999",Tenali,401415,2023-07-17,Inactive,18,1010.11,2024-05-10 19:43:01,3.0,4251.360000000001,178.0,476
11446157,Nidhi Borra,upadhriti34@example.org,911548720905,"99/071, Dua Street, Sultan Pur Majra-817622",Shimoga,681393,2024-09-18,Inactive,8,400.97,2024-04-26 05:34:58,5.0,15311.23,192.0,47
84377964,Saumya Babu,palleta@example.com,919610745850,"49, Deol Nagar, Khammam 908157",Tezpur,257432,2024-10-24,Inactive,13,1458.37,2024-01-14 00:47:46,4.0,8321.8,295.0,11
12591752,Zilmil Krishna,ukant@example.org,918759648216,"116, Korpal Ganj
Junagadh 903149",Singrauli,711091,2023-05-28,Inactive,14,740.4,,0.0,0.0,,526
4940671,Sarthak Doshi,fariq53@example.org,910560446881,"42, Mand Nagar
Kolkata-949731",Silchar,431653,2024-06-17,Inactive,7,494.03,2023-11-18 10:23:31,1.0,3471.7,352.0,140
88111697,Ronith Rajagopal,hemalkala@example.org,919594249087,"68/88
Bhargava Marg, Rajahmundry-132192",Ballia,413102,2024-01-30,Regular,4,1731.14,2024-10-06 21:41:05,1.0,2646.85,28.0,279
98241853,Lila Mangal,reddydamini@example.com,911819094177,"99/06
Kala Zila
Gandhidham 366062",Vellore,575103,2024-04-25,Premium,19,1203.76,2023-05-06 13:36:50,1.0,959.01,548.0,193
75482,Jeet Gandhi,amrita05@example.net,916683687947,"95/861, Jaggi, Sikar-343285",Korba,298093,2024-09-19,Regular,13,1938.38,,0.0,0.0,,46
6291143,Banjeet Oak,abhatia@example.com,917842043541,"56/942
Rajan Road
Mysore 031754",Yamunanagar,135844,2023-08-05,Inactive,19,1934.37,2024-06-21 01:18:07,2.0,3673.81,136.0,457
20209237,Anthony Ratti,aryan46@example.com,919343589933,"44/934, Varma Marg
Thiruvananthapuram-851021",Shimoga,467793,2024-02-11,Regular,19,1121.1,2023-11-24 07:41:32,2.0,2147.44,346.0,267
85435560,Viraj Nair,krishnavedhika@example.org,918573659769,"32/80
Rajan Zila, Anantapur 869770",Ludhiana,660678,2024-07-28,Inactive,8,1309.0,2023-06-30 01:54:07,1.0,5814.13,493.0,99
68063317,Reva Rajagopal,lavanya06@example.com,915914922675,"95, Bahl Zila
Kirari Suleman Nagar-350381",Muzaffarnagar,732932,2024-10-21,Inactive,4,1316.23,2023-10-10 00:41:04,2.0,995.77,391.0,14
82594354,Harinakshi Sule,ocontractor@example.net,919987025776,"H.No. 608
Dhawan Ganj
Nizamabad 291392",Avadi,345071,2024-01-04,Regular,7,321.8,2024-08-06 19:17:03,4.0,11301.69,90.0,305
51040116,Inaya Pillai,wyattsavant@example.com,912195862964,"77
Mistry Ganj, Unnao-632141",Berhampur,595645,2023-11-14,Regular,11,783.03,2023-12-11 19:39:16,1.0,4749.99,329.0,356
78053306,Meera Naik,sdeo@example.org,915474543951,"96/063
Aggarwal Ganj, Kozhikode 808109",Visakhapatnam,436981,2024-06-27,Inactive,6,1037.09,2023-03-17 18:51:57,1.0,646.54,598.0,130
66761643,Samuel Mukherjee,wriddhishwagle@example.net,915802972983,"63
Goel Zila
Ichalkaranji 944267",Anand,695591,2023-05-07,Regular,20,1432.01,2024-09-19 07:46:51,2.0,4193.389999999999,46.0,547
81932548,Baghyawati Gill,vaishnaviagrawal@example.com,914157659941,"227
Panchal Ganj, Raiganj 028467",Etawah,439705,2024-10-31,Premium,12,1508.41,2024-10-05 13:55:42,2.0,5499.3,30.0,4
19682060,Hamsini Swamy,vedhikasawhney@example.net,917542713658,"14/652
Ganesan Nagar, Patna-892135",Jehanabad,273810,2024-02-12,Inactive,4,850.2,2023-11-16 05:37:14,3.0,7107.45,354.0,266
1719710,Pushti Sabharwal,ramachandranharini@example.com,913657008587,"49, Halder Circle, Dindigul-895174",Giridih,798390,2023-06-26,New,2,1332.82,2023-09-18 12:08:26,2.0,3996.81,413.0,497
74195536,Champak Chhabra,ishanviratti@example.org,917254004313,"21/29
Yohannan, Ambarnath-175439",Amaravati,861407,2024-10-09,Premium,5,650.62,2023-12-25 19:14:20,1.0,2120.77,315.0,26
15534747,Oviya Luthra,edhar@example.org,913346867550,"H.No. 51, Mahajan Street
Dehradun 313062",Kadapa,76910,2023-09-19,Inactive,15,362.34,2023-09-15 23:42:07,2.0,1519.74,415.0,412
95558510,Ekaraj Halder,jairaj73@example.com,910597301955,"59, Raj, Tenali 078584",Bhind,565088,2023-06-25,Inactive,5,466.28,2023-11-04 22:21:56,1.0,778.27,365.0,498
767523,Maya Khosla,khannaijaya@example.org,918702216695,"H.No. 10
Venkatesh Street, Kakinada 570578",Vasai-Virar,375272,2023-05-27,Inactive,13,1737.28,2024-07-05 03:36:54,1.0,2358.76,122.0,527
55056284,Devika Lal,kamdarkalpit@example.com,911917523704,"H.No. 812, Iyengar Path
Jaunpur 333582",Ichalkaranji,969027,2024-05-13,Inactive,11,373.44,2024-03-14 18:40:17,2.0,3036.2200000000003,235.0,175
86167288,Rachana Rajagopal,cratta@example.net,918164279226,"H.No. 292
Baral Nagar
Bettiah-410932",Nagpur,155646,2023-08-14,Inactive,1,1049.94,2024-02-20 20:09:09,1.0,1422.49,258.0,448
96511007,Hema Mannan,minhasria@example.net,914841825600,"25/07
Sarraf Ganj
Ajmer-104308",Dindigul,470156,2024-06-26,New,14,1243.4,2024-08-30 06:37:00,3.0,7157.36,66.0,131
31084686,Jai Ramaswamy,ylad@example.net,914211350551,"60/650, Yogi Road
Baranagar 657937",Aurangabad,587018,2024-06-20,Regular,4,893.55,2024-09-18 10:42:59,2.0,6094.66,47.0,137
99594960,Amaira Tak,inarang@example.net,918945188793,"14/029
Rajan
Shimoga-387010",Madanapalle,446417,2023-06-12,Inactive,16,1475.23,2023-12-20 17:42:19,1.0,1763.79,320.0,511
53815931,Praneel Sekhon,dalbirganguly@example.org,912760371239,"06, Bedi, Sonipat-496094",Jaipur,663082,2023-07-19,Inactive,17,1739.94,2023-11-19 03:22:27,1.0,267.29,351.0,474
21597477,Mugdha Chaudhuri,varshadate@example.net,914449713252,"H.No. 85, Johal Path, Nadiad 338564",Bhopal,801132,2023-09-21,Inactive,18,246.42,2024-06-06 19:22:30,4.0,7341.4400000000005,151.0,410
243838,Sudiksha Nagar,chandanikrish@example.net,913688907644,"H.No. 58
Cherian Zila
Dhule 851724",Visakhapatnam,865844,2024-05-16,New,11,1158.27,2023-12-05 10:13:47,3.0,6061.06,335.0,172
15484407,Saksham Kaur,nathmohammed@example.net,912436260247,"45, Gera Path, Medininagar-812341",Kakinada,457519,2024-06-11,Premium,18,560.95,2024-10-21 01:03:46,3.0,3426.3900000000003,14.0,146
21677923,Lipika Mukhopadhyay,masonnayar@example.net,915843023006,"045
Nath Circle, Nagpur-291495",Kakinada,247798,2023-07-18,New,17,465.55,2024-06-05 03:37:45,3.0,10171.29,152.0,475
24845814,Harshil Shukla,vedhikavora@example.net,914481465069,"H.No. 189
Brahmbhatt
Shimoga 947864",Raipur,46092,2023-03-31,Regular,17,423.79,2023-11-29 07:16:18,2.0,5259.03,341.0,584
99893898,Vedant Master,forumwable@example.com,916100269271,"123, Manda Circle, Dehradun 286985",Berhampore,893327,2023-11-22,New,16,365.4,2024-08-31 13:11:39,4.0,8817.53,65.0,348
95856869,Bahadurjit Ratta,dinradhika@example.org,914932348174,"H.No. 031, Lala Nagar, Nandyal 203236",Tirupati,650085,2024-03-08,New,12,531.83,,0.0,0.0,,241
40275138,Eiravati Thaker,umangbabu@example.net,913593061474,"14/926
Goswami Nagar
Bhiwani-379094",Bathinda,833704,2024-01-05,Inactive,18,1468.32,2024-10-14 03:35:47,3.0,2148.3,21.0,304
12814732,Janya Soni,shenoyharita@example.net,917962909548,"054
Acharya Ganj, Dhanbad 214980",Karaikudi,768626,2023-05-26,Regular,8,1473.36,2024-10-26 17:06:24,2.0,5185.969999999999,9.0,528
4057678,Brijesh Khalsa,rrai@example.org,919640449299,"96/44, Bhargava
Bikaner 112116",Kadapa,383118,2023-05-27,Inactive,19,882.63,2024-09-30 08:32:46,2.0,2296.4300000000003,35.0,527
46682777,Simon Parekh,vigekiya@example.org,915321666790,"22
Balay Road
Thanjavur 478790",Medininagar,705746,2024-07-02,Inactive,10,600.09,2023-07-08 20:42:32,1.0,765.76,484.0,125
10562528,Udant Dada,odika72@example.com,916268234175,"H.No. 19, Taneja Ganj, Malda-646819",Udaipur,579690,2024-07-11,Premium,12,887.02,2024-10-16 15:30:51,7.0,11050.11,19.0,116
31978160,Kiaan Khare,januja42@example.net,913690372079,"H.No. 76, Sharma Zila
Bharatpur 622055",Saharanpur,506540,2024-05-01,New,8,1881.61,2024-04-09 20:00:46,1.0,1608.11,209.0,187
14207332,Ucchal Uppal,epandya@example.com,910556108847,"88, Contractor
Silchar 827375",Aligarh,571862,2024-01-03,Regular,18,1263.17,2024-06-13 02:17:05,2.0,6489.299999999999,144.0,306
76019750,Omisha Balan,advaithsahota@example.com,914087964632,"91, Uppal Path
Guwahati 827046",Thiruvananthapuram,320360,2024-01-04,New,20,310.83,2024-04-15 09:01:04,1.0,4495.56,203.0,305
36833857,Omya Banik,jeet65@example.org,914224626112,"19
Dada Marg, Hajipur-162049",Silchar,319422,2024-02-26,Premium,7,1882.18,2024-09-15 04:58:47,4.0,10131.82,50.0,252
84275450,Frederick Sem,ucchalsingh@example.com,919792106665,"50/504
Sha Zila
Agra-731162",Nellore,809285,2024-03-10,Premium,17,239.05,2024-01-23 02:23:29,3.0,8047.32,286.0,239
6367136,Yashica Jayaraman,kmane@example.org,910288989871,"47/70
Kalita Road
Jalgaon-197155",Rohtak,337064,2024-02-17,Regular,18,1662.44,,0.0,0.0,,261
27049432,Mitali Shankar,sahotaudarsh@example.net,917330361553,"91/62
Chandra, Ambala-225973",Nagaon,68240,2023-07-08,Premium,1,1866.16,2023-12-15 18:31:13,2.0,4558.05,325.0,485
69863493,Yashica Madan,jsehgal@example.com,914102629181,"36, Rau Circle
Meerut-833400",Junagadh,342288,2023-06-09,Regular,6,1620.01,2024-09-15 00:08:35,5.0,15492.15,50.0,514
35349582,Raksha Kalla,qvohra@example.net,911616073929,"159, Sahni Circle, Panihati 063296",Bhilai,563148,2024-01-28,Premium,6,932.85,2024-07-12 18:09:22,2.0,3572.83,115.0,281
20148223,Manbir Dua,schar@example.org,910841775043,"H.No. 573, Comar Road, Proddatur-125060",Kamarhati,675142,2023-05-26,Inactive,5,599.99,2024-06-19 08:54:43,6.0,7865.3,138.0,528
46684081,Darika Hans,shahaarna@example.com,910111026662,"223, Jani Road
Hindupur 177571",Ghaziabad,519748,2023-04-01,Premium,11,1225.01,2024-02-11 09:20:45,1.0,1131.6,267.0,583
49795571,Rajata Agrawal,charvikurian@example.net,912035357315,"43/482
Munshi Zila, Khandwa 356038",Loni,73093,2024-03-08,Premium,13,401.72,2024-11-02 11:28:29,3.0,3930.92,2.0,241
44935198,Chakrika Divan,wazirpandit@example.org,918262249067,"80/85, Thakkar Circle, Bikaner 110079",Tumkur,112464,2023-12-05,New,14,973.32,,0.0,0.0,,335
74515162,Aarnav Parsa,miteshvarghese@example.org,910175896842,"72
Koshy, Pali 271238",Durgapur,233703,2024-08-19,New,10,1605.13,2023-06-15 23:44:37,1.0,1394.47,507.0,77
54885705,David Date,ojasvisandhu@example.com,915698167849,"74/94, Badal Nagar, Jalna 695558",Amritsar,359792,2024-03-30,Premium,13,432.05,2024-03-04 18:42:25,2.0,703.5400000000001,245.0,219
96793479,Abhimanyu Venkataraman,wramakrishnan@example.com,916421168105,"70, Wali Marg, Saharanpur-050662",Ambarnath,540050,2024-08-23,Inactive,18,1185.01,,0.0,0.0,,73
87335844,Chandran Chakraborty,nborah@example.com,917358385469,"218
Bedi Chowk, Nangloi Jat 363286",Shivpuri,133563,2023-06-29,Premium,11,1770.89,2024-04-18 10:50:25,2.0,1783.92,200.0,494
67340606,Onkar Arya,lekharadhakrishnan@example.org,919744838836,"H.No. 08, Goda Street
Madurai 153185",Tirunelveli,991020,2024-06-20,Premium,6,263.58,2024-10-15 15:50:00,3.0,7314.89,20.0,137
72667140,Neelima Raj,benharrison@example.net,913425966061,"00/569
Hayer Street, Srinagar 199551",Mysore,827748,2023-07-30,Premium,9,1106.22,2023-09-09 08:25:02,1.0,5768.29,422.0,463
71956734,Sneha Chaudhuri,kalasaanvi@example.org,912805301886,"759
Sahni Marg
Parbhani 296580",Adoni,396862,2024-07-04,New,8,1219.73,2024-10-31 08:24:42,2.0,5158.580000000001,4.0,123
8536503,Ubika Om,daminikala@example.com,911159408273,"76/125, Bora Chowk
Bharatpur-089713",Ramagundam,111678,2023-04-19,Regular,9,399.57,2024-06-08 06:23:34,2.0,1711.19,149.0,565
70179018,Sai Brar,shaoni@example.net,916854861520,"H.No. 689
Tara Chowk
Phagwara-194850",Bhiwani,759090,2024-09-11,New,5,1725.79,,0.0,0.0,,54
68219091,Tanvi Dixit,deourvi@example.com,917408608823,"26
Shah Road, Nadiad 221103",Ongole,443175,2024-10-04,Regular,16,529.87,2024-03-29 08:13:16,3.0,6069.78,220.0,31
71890882,Mitali Parsa,khalsazaid@example.org,919036276522,"65
Balasubramanian Road, Akola 312577",Fatehpur,316173,2024-03-16,Premium,6,907.37,,0.0,0.0,,233
44928499,Aarav Andra,sonikabir@example.org,910814388898,"H.No. 730
Saraf Marg, Lucknow-500239",Ramgarh,227609,2023-04-09,New,10,915.27,2023-07-19 04:15:07,2.0,3858.51,474.0,575
35302195,Garima Chahal,wyatt01@example.com,915011795455,"467
Bains Ganj
Allahabad-875803",Maheshtala,476166,2023-04-03,New,16,420.19,2024-09-10 03:53:21,2.0,2391.94,55.0,581
25641500,Harshil Vaidya,michaelthakur@example.org,910022986645,"H.No. 76, Kamdar Street
Nizamabad 170922",Sultan Pur Majra,580141,2024-10-20,Premium,18,241.19,2024-07-12 23:06:58,3.0,6899.139999999999,114.0,15
29272253,Brijesh Nadkarni,gaurangigarg@example.com,915986579788,"52
Subramaniam Road, Ozhukarai-599981",Kolhapur,373917,2024-09-19,New,18,1282.7,2024-09-23 05:28:57,4.0,6229.9,42.0,46
30643619,Ethan Nagi,dmukherjee@example.com,919871390677,"219, Ratti Street
Gwalior 736989",Shimla,499186,2024-03-31,Inactive,5,1084.47,2024-08-23 09:56:42,3.0,5098.719999999999,73.0,218
40800762,Pranav Dar,urvashi38@example.org,916133330746,"70/167, Gaba Ganj
Madhyamgram 684375",Pallavaram,455611,2023-10-30,Inactive,10,1781.9,,0.0,0.0,,371
74212242,Netra Kaul,manya42@example.org,919403832810,"78
Nagy Street, Giridih-598307",Allahabad,725534,2023-10-12,Premium,2,1065.52,2024-10-30 17:00:05,3.0,4207.53,5.0,389
30265929,Nandini Brahmbhatt,dixitganga@example.org,917876111371,"32/39
Natt Ganj
Thrissur-034713",Nizamabad,844891,2024-08-04,Premium,15,1388.33,2024-05-11 19:09:20,1.0,1887.26,177.0,92
22321208,Pratyush Bedi,praneel86@example.net,913108657015,"74/583
Kapoor Nagar
Buxar-561567",Ballia,740752,2024-10-02,Regular,18,558.66,2023-08-23 14:13:44,4.0,10581.24,439.0,33
60385293,Edhitha Pandey,hchaudry@example.org,912421513035,"30/01, Pillay Road
Jammu-165930",Medininagar,950046,2024-02-22,Premium,17,228.44,2024-01-31 06:43:27,3.0,8115.98,278.0,256
94137242,Rohan Mallick,wasonmohammed@example.net,917286111509,"H.No. 80, Varty Street, Narasaraopet-597623",Bhagalpur,104396,2023-04-17,New,14,1592.85,2023-03-28 04:07:24,2.0,3856.72,587.0,567
45477575,Aarna Bawa,kondajagdish@example.com,912719661653,"14/351, Agarwal Path
Medininagar 636193",Vellore,117423,2024-01-05,Inactive,4,327.93,2024-09-23 13:07:12,5.0,13118.19,42.0,304
9401406,Lucky Babu,shivanisura@example.net,917127291084,"19/19, Prabhakar Circle
Khandwa-188633",Panipat,128140,2023-11-18,Regular,14,792.74,2024-09-10 15:13:39,3.0,8038.67,55.0,352
21948041,Oni Amble,devbarman@example.com,911823986985,"20/02, Magar Chowk, Jaipur 910334",Bhavnagar,541006,2024-03-21,New,13,1381.95,2024-07-18 22:25:26,3.0,13137.13,108.0,228
39968800,Gopal Bera,gavin30@example.net,915415940125,"98/202
Maharaj Chowk
Srinagar-720865",Malda,385040,2023-09-29,New,19,1877.55,,0.0,0.0,,402
29097987,Matthew Subramanian,samuel89@example.net,910735951192,"H.No. 42
Korpal Zila
Kollam 079499",Hosur,56400,2024-04-23,Inactive,12,224.41,,0.0,0.0,,195
83304571,Abha Dugar,vrittishukla@example.com,918864717896,"63/02
Lalla
Nagaon-893985",Dharmavaram,356502,2023-11-27,New,19,1772.47,2024-07-25 18:31:08,4.0,4343.91,102.0,343
69126963,Chatura Lad,gagankaran@example.com,916785944688,"354, Chaudhry, Guna-116016",Mirzapur,838057,2024-02-21,Premium,19,1352.41,,0.0,0.0,,257
26903313,Chandresh Sandal,chandreshyohannan@example.org,918585668853,"H.No. 834, Mistry Circle, Jalna 276281",Bhimavaram,460961,2023-04-25,Regular,1,284.0,2024-05-25 03:48:02,2.0,4787.48,163.0,559
50899600,Frado Arya,kthakur@example.com,919208580722,"11, Kar Zila
Pondicherry-026892",Bettiah,87102,2023-11-15,New,1,989.49,2024-07-18 14:39:59,4.0,8847.029999999999,109.0,355
12988801,Darika Verma,pallahredhaan@example.net,911617632853,"H.No. 697, Solanki Circle, Raurkela Industrial Township-387322",Gurgaon,701201,2024-09-02,New,8,1179.5,2024-02-11 13:33:15,2.0,4579.99,267.0,63
85869195,Kashish Nigam,rajagopalansudiksha@example.net,916550563624,"11/091, Roy Ganj, Tirunelveli-404174",Rajpur Sonarpur,313275,2024-07-10,Regular,2,1125.96,2024-03-02 05:46:49,2.0,6818.72,247.0,117
76327561,Osha Khanna,utkarsh04@example.net,915914626221,"63/442, Seth Zila
Guwahati-133100",Adoni,471009,2023-08-14,Inactive,5,553.12,2024-07-27 04:24:22,4.0,7688.85,100.0,448
54580166,Jason Pradhan,lucky87@example.net,910366322098,"08, Dani Chowk, Shimla 913693",Silchar,67494,2023-08-11,Regular,8,1024.69,2024-06-21 10:35:49,3.0,5749.05,136.0,451
15931134,Azaan Gara,jai07@example.com,914061338681,"H.No. 099
Ghosh Zila, Serampore-691244",Darbhanga,121150,2024-03-10,Inactive,5,760.9,2023-12-24 02:28:15,2.0,3315.1000000000004,316.0,239
79919160,Qasim Rai,madhavhans@example.com,914328493896,"44/93, Mall Chowk, Guna-533461",Silchar,216361,2023-12-30,Premium,8,565.61,2024-03-24 04:10:10,2.0,5207.33,225.0,310
5763963,Chandran Seth,yashoda79@example.net,914781329513,"17/902
Mital Road
Kharagpur-793062",Pimpri-Chinchwad,773179,2023-03-30,Regular,12,1118.82,2024-03-29 23:52:07,5.0,6641.31,219.0,585
75213636,Bhanumati Chatterjee,xitiarya@example.com,919715550043,"97/38, Prakash Ganj
Sonipat 694456",Sonipat,971252,2024-07-01,Inactive,5,1482.83,2024-10-11 07:21:20,7.0,10038.08,24.0,126
16543242,Vihaan Korpal,dayalekaraj@example.net,910147864761,"H.No. 44, Garde Street
Indore 604835",Darbhanga,887597,2023-06-05,Premium,6,1523.88,2024-10-11 11:49:32,5.0,7849.540000000001,24.0,518
61568565,Kashish Lala,pallrajeshri@example.org,911472978989,"H.No. 98
Samra Path, Naihati 015024",Yamunanagar,522411,2024-10-25,New,2,1943.51,,0.0,0.0,,10
42227189,Nilima Borah,kashishvenkatesh@example.com,911523313436,"H.No. 22, Oommen Marg
Bokaro-040725",Sonipat,618575,2024-03-14,Regular,19,723.21,2024-03-05 06:50:05,2.0,3897.6400000000003,244.0,235
23996221,Jackson Issac,kulkarniekapad@example.com,919383618831,"H.No. 040
Kala Ganj, Bardhaman-699657",Ramagundam,243517,2023-10-10,Inactive,7,1783.28,2023-08-06 15:56:31,1.0,1663.27,456.0,391
76309170,Chandran Agate,rayomkaar@example.net,919151270003,"H.No. 36
Seshadri Zila, Nanded-141728",Bhind,592981,2023-11-26,Regular,18,1824.43,,0.0,0.0,,344
78157360,Xavier Toor,rayaan93@example.net,918405744884,"82/63
Pant
Shimoga-462093",Udaipur,574799,2024-08-05,Regular,20,1310.87,2024-02-21 11:34:59,3.0,2739.7000000000003,257.0,91
49833888,Harini Raja,ekavir40@example.net,913627365202,"00, Varma Zila, Amaravati 118550",Parbhani,925782,2024-03-31,Inactive,3,1908.42,2023-10-23 07:46:00,1.0,3541.32,378.0,218
60591625,Fitan Kunda,gillgunbir@example.net,913802646356,"81/40, Borah Path
Aligarh 096524",Delhi,623581,2023-07-30,New,8,374.61,2024-10-13 14:55:22,1.0,906.54,22.0,463
5238055,Chandani D’Alia,sahninandini@example.net,910748552789,"H.No. 37
Balakrishnan, Raurkela Industrial Township-608642",Guntur,745044,2024-01-29,Regular,3,1166.67,2024-07-05 14:03:12,3.0,8401.95,122.0,280
25221501,Pratyush De,royisaac@example.org,912890041263,"79/767, Thaker Marg
Mehsana 184520",Orai,179348,2023-09-09,Regular,20,1935.84,2024-10-14 08:12:02,2.0,1990.95,21.0,422
71905368,Chameli Magar,ugulati@example.org,914462151039,"26/58, Sawhney Road
Ichalkaranji 364954",Bathinda,943076,2023-05-24,Premium,7,479.45,2024-05-21 14:38:44,2.0,3753.5499999999997,167.0,530
54057428,Chatura Contractor,gsachdev@example.org,912895987483,"061
Kalla Path, Khandwa-739363",Panvel,751652,2023-11-28,New,13,1564.34,2024-09-03 18:44:34,1.0,2115.53,62.0,342
68475914,Ishita Sarna,bhallasaanvi@example.org,915846214477,"198
D’Alia Road, Anantapur-670874",Kishanganj,766236,2023-10-27,Inactive,6,1615.84,2023-05-31 22:19:27,2.0,3005.25,522.0,374
48358028,Xavier Kibe,agatesiya@example.org,914582356467,"986
Banerjee Marg, Bhagalpur 966590",Gudivada,666095,2024-05-08,Premium,14,1852.36,2024-08-15 15:36:43,3.0,5875.049999999999,81.0,180
43367112,Chasmum Ramesh,jom@example.com,913254450285,"H.No. 620
Krishnamurthy Nagar, Pudukkottai-019414",Gopalpur,276624,2023-12-14,New,19,1861.66,2024-02-09 10:16:54,3.0,5273.8,269.0,326
69034027,Udarsh Gole,tatwal@example.com,914668163295,"H.No. 751
Khanna Street, Kolkata-181161",Nagaon,299457,2024-06-02,Regular,4,1230.08,2024-05-28 12:31:28,1.0,832.06,160.0,155
7687234,Farhan Sheth,dhritijhaveri@example.com,916981901972,"H.No. 346, Walia Zila
Raichur-286527",Naihati,183562,2024-09-27,Inactive,18,892.0,2023-07-28 06:45:11,1.0,4559.56,465.0,38
97411107,Udarsh Sandhu,janaki58@example.net,917134127881,"11/78
Dugal Street
Orai 801891",Medininagar,970183,2024-07-26,New,18,1406.97,2024-09-06 22:45:14,3.0,5530.05,58.0,101
9423628,Chanakya Dutta,magarekbal@example.net,919586659430,"66/820, Vora Marg
Bokaro-175491",Malegaon,936957,2023-09-03,Inactive,19,1911.7,2023-04-03 14:10:21,1.0,3342.15,581.0,428
72797175,Aarush Ratti,harinikurian@example.net,912998919903,"21/12
Malhotra Path
Mangalore-066277",Loni,660030,2023-11-17,Regular,7,426.09,2024-07-14 23:08:25,1.0,1073.16,112.0,353
38875754,Yash Mitter,falaksrinivasan@example.net,916294516611,"004
Hayre Circle
Anand 997941",Ambattur,109408,2023-08-12,Premium,9,237.42,2024-06-04 21:25:31,4.0,6192.0599999999995,152.0,450
49881540,Xalak Muni,avni70@example.net,917714808042,"140, Mannan Circle
Nashik-798110",Kottayam,59206,2024-09-13,Inactive,10,1134.6,2023-11-19 17:07:48,2.0,1947.05,351.0,52
13462905,Bimala Rau,arinhans@example.org,911441403364,"59/269, Natarajan Chowk
Jhansi-391339",Farrukhabad,96804,2023-03-23,Premium,14,809.44,2024-07-15 04:36:53,1.0,176.34,112.0,592
37556526,Anjali Varkey,triveni48@example.org,916293872154,"H.No. 66, D’Alia Zila
Muzaffarpur-364745",Farrukhabad,243420,2024-06-14,Inactive,18,1200.18,2024-04-12 06:07:28,4.0,8836.16,206.0,143
52032226,Jagvi Choudhury,shivanimani@example.com,918058971158,"12/11, Kala Circle
Amroha 185767",Jodhpur,921195,2023-08-26,Premium,19,1551.39,2024-05-03 21:25:40,2.0,4486.23,184.0,436
75289676,Yashica Borra,odikasaha@example.org,916273362302,"22
Karnik Ganj, Thoothukudi-104639",Bardhaman,123617,2023-07-20,Inactive,19,1170.53,2024-04-24 17:11:57,2.0,6811.13,194.0,473
9274874,Kashvi Ganguly,fray@example.org,919362005254,"H.No. 813
Vasa Marg
Darbhanga 804686",Arrah,271335,2024-09-26,Regular,20,792.52,2024-08-25 17:39:03,6.0,3721.02,71.0,39
36428139,Hemani Ben,reva92@example.com,914591296611,"H.No. 45
Maharaj Circle, Bardhaman-464292",Nagaon,993212,2024-04-09,Premium,15,619.69,2023-03-20 18:18:25,2.0,3897.2299999999996,595.0,209
51994597,Xavier Divan,sahotaavni@example.org,913221280042,"83/630, Morar Road, Chandrapur 044856",Mira-Bhayandar,964776,2024-08-23,Regular,12,1591.21,2024-11-02 10:51:18,2.0,2173.31,2.0,73
95309983,Vansha Atwal,ramankritika@example.net,918540258136,"23/11, Ramesh, Udupi 062614",Solapur,373773,2024-09-07,New,15,1990.83,2024-05-07 14:59:53,2.0,4944.1,181.0,58
2391900,Nisha Gokhale,priyasankaran@example.com,917827056456,"970
Oak Zila
Rajahmundry 305834",Bhagalpur,348478,2024-09-26,New,17,897.78,2023-07-09 10:58:32,1.0,1381.22,484.0,39
82425179,Gagan Patil,diyalal@example.net,910042768876,"83/41
Kota, New Delhi 417281",Kakinada,367377,2024-06-13,Regular,17,1532.5,2024-04-06 20:31:22,3.0,8774.65,211.0,144
45868300,Isha Sheth,revaatwal@example.net,915776097269,"H.No. 36
Doctor Path, Aurangabad 897507",Ratlam,406941,2023-08-24,Premium,7,584.9,2024-06-06 21:04:35,3.0,7800.889999999999,150.0,438
1855421,Jasmit Kibe,kabiranand@example.net,913618465633,"94
Lal Road, Satara 661110",Kadapa,608163,2023-06-30,Inactive,10,260.2,2024-01-08 07:20:54,2.0,3712.4300000000003,301.0,493
87256913,Abhiram Kannan,wagate@example.org,919125464205,"H.No. 39
Master Marg
Silchar-029236",Bhiwandi,398030,2024-10-01,Regular,10,990.58,2024-09-20 23:46:52,1.0,3869.92,44.0,34
15545780,Ekansh Baria,mammenqasim@example.net,911684219172,"99/11, Bhattacharyya Street
Nangloi Jat-388866",Ambala,953801,2024-04-13,Regular,18,1268.44,,0.0,0.0,,205
20951294,Sathvik Dhar,atichoudhary@example.net,918262522153,"527, Choudhury Zila
Khammam-116209",Anantapur,766714,2023-08-29,Premium,4,223.45,2023-09-20 00:43:50,1.0,989.88,411.0,433
11636968,Frado Ravel,rachitaaurora@example.org,918546705384,"36/97, Dutta Chowk
Bharatpur-153378",Srinagar,213214,2024-09-21,Inactive,1,1574.94,2024-09-16 22:40:01,2.0,4476.12,48.0,44
86636273,Saksham Bora,michael01@example.org,913771587618,"H.No. 881, Shroff Ganj, Imphal-936263",Chinsurah,958910,2023-07-15,Inactive,13,529.61,2024-07-21 04:23:25,2.0,5358.63,106.0,478
40593638,Wridesh Ratti,bgrewal@example.net,917809813124,"01
Bhargava Circle, Chandrapur-262870",Purnia,432260,2023-12-12,Premium,18,1146.85,2024-04-20 19:01:45,2.0,4534.24,198.0,328
701493,Ekaraj Saini,arya43@example.net,918673348146,"H.No. 327, Borde Circle, Dibrugarh 462007",Shahjahanpur,845299,2024-02-11,Inactive,2,290.07,2024-06-18 23:21:18,3.0,8182.65,138.0,267
29664214,Vrishti Chopra,csankaran@example.com,913753459289,"57, Gala Circle, Bhavnagar-180888",Chennai,979766,2024-01-08,Regular,13,553.65,2023-09-06 21:29:00,1.0,764.69,424.0,301
26278566,Henry Zachariah,surimaanas@example.org,913265736784,"H.No. 87
Jain Street, Darbhanga-415731",Satna,604955,2024-01-25,New,14,1739.84,,0.0,0.0,,284
87251489,Reyansh Johal,ladpatrick@example.net,914791054534,"49/97
Thakkar Chowk, Jamalpur-188650",Thane,171389,2024-03-04,Premium,9,1940.4,2024-03-25 08:13:13,3.0,5514.370000000001,224.0,245
67465084,Rachita Gill,meghana61@example.net,912526347438,"415
Keer Zila
Pondicherry 417130",Ratlam,549174,2023-11-02,Premium,20,1001.97,2024-01-23 18:08:02,2.0,2377.08,286.0,368
83236183,Zayan Kalla,chatreshtella@example.net,918082907844,"71/586
Puri
Vasai-Virar 324011",Panihati,760694,2023-03-26,New,20,1145.01,2024-08-28 16:10:09,3.0,9700.18,68.0,589
66710182,Max Mallick,sameshdate@example.com,915154471124,"H.No. 31
Chowdhury Ganj
Rohtak 005657",Korba,565436,2024-03-18,Inactive,11,1751.48,2024-08-03 13:10:35,1.0,2094.62,93.0,231
93507573,Raksha Prashad,ntank@example.com,913359636515,"020, Nagi Road, Jaunpur 764276",Purnia,88946,2024-10-23,Premium,2,555.78,2024-03-27 12:45:24,4.0,4930.58,222.0,12
8733344,Chandani Mishra,kalitafaraj@example.com,915840260876,"80/04
Garde Marg, Amaravati 689188",Jammu,100521,2024-02-02,Premium,10,1152.02,2024-08-27 15:06:31,2.0,4272.07,69.0,276
73098723,Abhiram Khare,wvora@example.org,918578551855,"644, Cherian Circle
Karimnagar 990326",Coimbatore,17255,2024-02-22,New,1,474.41,2023-05-24 06:47:39,1.0,90.56,530.0,256
49050014,Chanakya Mukhopadhyay,edhithashetty@example.net,913908121924,"H.No. 648, Morar Road
Dharmavaram-350890",Ludhiana,610068,2023-11-15,Premium,8,1589.25,2024-03-30 13:45:50,2.0,6662.75,219.0,355
98144693,Varenya Ahluwalia,imohan@example.com,913464079563,"41/464
Bajwa Zila
Katihar-157022",Kota,839641,2024-11-04,Premium,10,701.68,2024-10-11 00:49:10,1.0,2657.2,24.0,0
43034188,Ekaraj Bora,kohlimeera@example.org,919086755471,"40/707, Soman Chowk
Latur-351743",Sirsa,569612,2024-01-28,Inactive,2,1638.62,2024-09-28 18:29:40,2.0,3713.6400000000003,37.0,281
77673290,Aditya Ram,sanya50@example.com,914727216930,"H.No. 985, Contractor Chowk
Sangli-Miraj & Kupwad-857082",Sagar,627474,2024-11-04,Premium,7,1881.39,2024-04-02 12:58:37,2.0,5170.8,216.0,0
41494517,Maya Dara,hamsini77@example.com,910460781400,"28/79, Peri Ganj, Satna 501343",Latur,726616,2024-04-09,Inactive,10,860.07,2023-09-29 15:59:08,2.0,845.02,402.0,209
85233498,Arin Chad,banjeetanne@example.org,915998716396,"H.No. 28, Agarwal Zila, Karnal-493549",Bijapur,369390,2024-06-17,New,4,1715.9,2023-09-23 16:00:38,1.0,3723.26,408.0,140
79592021,Jack Basu,gulatitanvi@example.net,915858527878,"668, Jaggi Circle, Jorhat-664299",Chittoor,463029,2024-02-16,Regular,1,291.29,2024-10-30 14:19:27,4.0,8719.43,5.0,262
40104482,George Toor,kdave@example.com,910785951907,"510
Ramakrishnan Chowk, Thiruvananthapuram 670909",Morbi,752996,2023-08-19,New,5,1632.94,,0.0,0.0,,443
1469696,Gaurangi Banerjee,raghavanjagrati@example.com,911996578832,"98/623
Balasubramanian Zila, Alappuzha-147623",Jalna,74329,2023-06-24,Premium,6,1784.79,2024-03-23 00:19:43,2.0,3472.48,226.0,499
21658322,Balhaar Balasubramanian,tandoneiravati@example.com,912216367658,"94/125, Chhabra Circle
Suryapet 010747",Maheshtala,216235,2024-07-29,Regular,5,1416.06,2024-02-10 07:50:22,5.0,6442.24,268.0,98
55094848,Michael Sarraf,ckakar@example.net,913540856268,"22, Sant Street
Patna-748149",Madanapalle,90667,2023-04-02,Premium,14,422.78,2024-04-26 20:38:36,1.0,3867.53,191.0,582
15897933,Mohini Rao,asom@example.org,919923746946,"518, Mammen Chowk, Aurangabad 953213",Jabalpur,337945,2023-03-18,Regular,1,1221.23,2024-03-31 08:04:53,1.0,154.5,218.0,597
8138417,Champak Narayan,xnath@example.com,917995550144,"292
Basak Street
Kumbakonam-181430",Nangloi Jat,773735,2024-06-28,Premium,7,1446.82,2023-07-15 16:37:10,1.0,2209.24,478.0,129
24581427,Yahvi Tiwari,yauvanibarad@example.net,916583407320,"43/477, Bath Marg, Panihati-316632",Ahmednagar,644558,2023-08-20,Premium,3,747.9,,0.0,0.0,,442
73428596,Nathaniel Sem,ekanta10@example.com,917894420102,"19/020, Apte Road, Bareilly-249358",Kakinada,530738,2023-08-18,Inactive,16,808.24,2024-08-29 01:39:23,2.0,5981.1,67.0,444
95428692,Janani Yohannan,chakradevwable@example.com,919305731276,"H.No. 76, Ravel Circle, Raurkela Industrial Township-413543",Motihari,512761,2023-03-21,New,14,1834.38,2024-03-08 20:49:16,2.0,3395.29,240.0,594
51048402,Leela Bhandari,wnarayan@example.com,915440414387,"82/635
Karan Street, Srinagar 417962",Ahmedabad,68801,2024-02-13,Premium,12,895.49,2024-03-16 19:24:52,2.0,5004.84,233.0,265
13455530,Yoshita Varty,mdoshi@example.com,916473763998,"98
Bose, Kozhikode 567183",Saharsa,419575,2024-04-05,Inactive,3,1812.55,2024-02-11 09:54:55,3.0,9044.82,267.0,213
62742184,Gabriel Luthra,qasim85@example.net,915215652918,"H.No. 569, Narain Marg
Hosur-065127",Nandyal,575266,2023-10-21,Premium,15,1518.76,,0.0,0.0,,380
26285589,Bakhshi De,reyanshbarad@example.net,914948508183,"62/286, Rege Chowk, Bhalswa Jahangir Pur-017260",Yamunanagar,962533,2024-10-29,New,15,535.12,2024-09-23 05:09:07,7.0,18912.97,42.0,6
31991019,Gauri Dhar,dominicperi@example.net,912387333651,"53/402
Gola Zila, Ulhasnagar 941321",New Delhi,151851,2023-09-28,Regular,12,1231.06,,0.0,0.0,,403
52862822,Aarini Khosla,ysaran@example.com,913923024029,"12, Rao Chowk, Bhatpara 780850",Anand,618615,2024-07-16,Regular,14,491.28,2024-02-11 04:22:54,1.0,1487.29,267.0,111
2365348,Zashil Varghese,rayaan71@example.net,918719140213,"H.No. 059, Swamy Ganj
Thoothukudi-956774",Siwan,119006,2024-09-23,Regular,11,1133.51,2024-06-02 05:56:22,1.0,4789.73,155.0,42
62917794,Chaman Setty,charlesprabhu@example.org,913908732122,"067, Sem Street, Thane-645689",Bharatpur,198010,2024-02-12,Regular,16,1686.74,2023-11-26 04:06:37,2.0,2624.2799999999997,344.0,266
49806393,Aarush Natt,nachiket49@example.com,911883661448,"33, Kurian Zila
Jorhat 539806",Latur,918497,2023-03-31,Regular,5,1229.25,2024-03-03 22:07:45,4.0,9396.95,245.0,584
65382130,Nachiket Mani,rajaijaya@example.net,916928698211,"65
Manne Circle, Gangtok-255633",Ahmednagar,88366,2023-06-24,Regular,18,557.2,,0.0,0.0,,499
97111119,Ridhi Sekhon,rmishra@example.com,914119413443,"H.No. 44
Hora Circle
Jabalpur 884514",Tiruchirappalli,980279,2024-09-11,Regular,13,1047.73,2023-08-12 07:24:03,1.0,50.12,450.0,54
48268435,Triveni Padmanabhan,bishakhaprasad@example.com,913882430209,"40
Bandi Chowk
Bally-447625",Ramagundam,631598,2024-04-05,Inactive,15,1670.86,2024-09-21 17:43:45,2.0,1998.25,44.0,213
10796846,Waida Sanghvi,qbera@example.com,912912553543,"H.No. 080
Vala Path, Nizamabad 974676",Tiruvottiyur,379070,2024-06-10,Regular,2,1548.31,2023-04-24 13:30:15,1.0,3330.44,560.0,147
31233120,Veer Krish,mitesh54@example.org,916780556163,"60/849
Venkatesh Road
Navi Mumbai-093276",Lucknow,9792,2024-05-03,Regular,2,555.76,2024-09-05 20:54:09,2.0,3343.0899999999997,59.0,185
4192351,Leela Date,vbalasubramanian@example.net,915977123356,"H.No. 10
Banik Ganj, Kavali-006107",Nandyal,871014,2024-01-20,Inactive,17,625.36,2024-04-28 13:19:13,1.0,4555.81,190.0,289
9347990,Aarush Pingle,natarajantanay@example.com,912353233822,"39/93
Khare, Kolkata 775692",Nizamabad,16949,2024-04-01,Premium,6,492.04,2024-10-18 10:21:52,2.0,1461.79,17.0,217
46699982,Abhiram Sahni,vuppal@example.org,916195107374,"728, Mishra, Haridwar 182006",Ulhasnagar,837587,2023-10-10,Inactive,19,1171.6,2023-12-19 20:18:46,4.0,10340.96,321.0,391
46515922,Harish Setty,kamya82@example.net,919104240371,"63/69, Mital Chowk, Gandhinagar-801336",Ghaziabad,793626,2024-09-05,Regular,16,950.75,2024-10-25 21:54:38,1.0,3639.83,9.0,60
2164524,Kamala Natt,abha02@example.net,914518913172,"H.No. 130
Bhakta Chowk
Morbi-605758",Rohtak,398241,2023-04-16,Inactive,1,754.95,2023-11-02 02:45:13,4.0,4677.639999999999,368.0,568
94854830,Aarna Dave,michaelmann@example.com,912656646606,"80/915
Pau Nagar
Haridwar-710710",Kochi,194790,2023-07-27,Inactive,5,415.65,2023-07-13 04:51:45,1.0,5351.42,480.0,466
53886685,Ayaan Dixit,henrykanda@example.net,911691736168,"90, Issac Circle
Giridih-159208",Bhimavaram,771068,2024-05-01,New,11,1066.86,,0.0,0.0,,187
89223620,Udyati Malhotra,raaginimitter@example.net,913113813116,"13
Kaul Road
Kulti-440393",Amravati,487205,2023-07-21,Inactive,17,579.91,2024-10-27 02:43:39,1.0,4144.84,8.0,472
17597449,Umang Dhingra,pprabhakar@example.com,916003995803,"47
Patil Circle, Srikakulam 796222",Guna,433729,2023-04-06,Inactive,15,229.4,2024-07-04 13:14:05,5.0,17857.34,123.0,578
14167111,Balvan Raman,bassigavin@example.org,917717664768,"H.No. 15, Shetty Zila, Buxar-796680",Kishanganj,21360,2023-08-03,New,18,963.9,,0.0,0.0,,459
93867669,Vrishti Bhatti,ochoudhary@example.net,918863841928,"H.No. 419, Ranganathan Road
Thane-511020",Khammam,755055,2024-02-21,Inactive,10,1954.42,2023-09-27 10:02:27,1.0,3235.64,404.0,257
8886587,Aishani Sura,neelima18@example.com,913094116037,"68, Sunder Marg
Tiruppur 470957",Moradabad,171879,2023-08-27,Regular,4,951.65,2024-07-04 21:42:31,1.0,2023.82,122.0,435
53292177,Tanmayi Vyas,eesha65@example.com,918129263598,"14/54
Banik
Kirari Suleman Nagar-412785",Panihati,635480,2024-10-27,Inactive,3,1449.4,2023-12-17 14:29:17,3.0,7854.63,323.0,8
66130660,Lopa Bhasin,tanishverma@example.com,913233833271,"78/65
Trivedi Road
Chandigarh 042818",Gandhinagar,773293,2024-04-20,New,1,1673.4,2023-05-03 10:08:16,2.0,2736.0,551.0,198
29562254,Devansh Murty,niteshdeshpande@example.com,910288856856,"07/32
Ghosh Street, Nagercoil 485520",Jaunpur,853545,2023-07-19,Inactive,19,1290.14,2024-09-20 01:17:54,4.0,6564.61,45.0,474
40703374,Wriddhish Ramachandran,sahaamara@example.org,917101921951,"65/892
Rastogi Street
Anantapuram-983602",Nandyal,854748,2024-09-02,Regular,10,1934.68,2023-11-05 23:49:25,4.0,6549.45,364.0,63
18259715,Finn Chacko,ggala@example.org,910239259761,"H.No. 080
Kari, Deoghar 884791",Pudukkottai,635726,2023-05-14,Regular,9,1731.11,2024-08-28 09:38:14,4.0,2615.27,68.0,540
63184222,Veer Cheema,geetika98@example.com,910279270492,"33/00
Sami Chowk
Saharanpur 693311",Kharagpur,304440,2024-01-04,Inactive,15,1035.69,2023-07-16 06:38:44,1.0,2232.82,477.0,305
5540556,Lakshit Balan,gunbirpillai@example.org,914805774586,"508, Dixit Zila
Nashik-521010",Gangtok,166077,2023-08-28,Regular,13,273.47,2024-10-05 10:53:10,4.0,8749.83,30.0,434
36587003,Amaira Nagi,jdeo@example.org,916612634980,"494, Shukla Path
Nizamabad 528423",Tumkur,471550,2023-03-31,New,5,1759.74,2023-06-30 05:45:36,1.0,1765.22,493.0,584
55028958,Pavani Yadav,mallorinder@example.org,910013225561,"71/201, Swamy, Thoothukudi-983182",Howrah,918618,2023-05-10,New,17,1168.29,2024-02-17 19:48:14,3.0,7614.450000000001,261.0,544
86995126,Bimala Bhattacharyya,sanishaurya@example.org,914697751039,"830
Naik Chowk, Shivpuri-973829",Durgapur,924849,2023-06-12,New,10,316.82,2024-10-08 07:09:12,3.0,4873.08,27.0,511
22358567,Zansi Chakraborty,sarthaksuri@example.org,912183034642,"05
Kara Street
Bhagalpur-060052",Faridabad,410334,2023-04-02,Inactive,8,638.86,2024-10-21 06:27:59,2.0,5499.91,14.0,582
10745302,Yochana Shukla,jaigrover@example.net,916832908358,"16/77, Kuruvilla Road
Jamalpur-474745",Indore,49444,2023-10-26,Premium,5,1530.95,2023-11-19 18:46:56,1.0,3759.4,351.0,375
31410886,Ayush Manda,finnraman@example.com,917625393535,"56/79, Shere Nagar
Pallavaram-288622",Sasaram,122681,2024-05-20,Inactive,9,757.75,2024-03-27 02:35:21,1.0,2272.72,222.0,168
80476444,Qadim Bail,vrittikoshy@example.com,916460558071,"96/75
Dutta Street
Dhule-206857",Eluru,868809,2024-05-27,Premium,1,1677.06,2024-01-13 12:06:38,1.0,2634.39,296.0,161
98709982,Dhruv Kalita,toormegha@example.org,914768443428,"H.No. 40
Vig Ganj, Dehri 859344",Dehri,79160,2024-04-11,Inactive,1,1704.93,2024-03-16 15:31:54,2.0,5420.7,233.0,207
36142455,Rushil Walla,tristannarang@example.org,917860508650,"52, Toor Circle, Bhagalpur 502939",Katni,388331,2023-03-19,Premium,6,1476.25,2024-09-21 16:34:57,3.0,7136.389999999999,44.0,596
71607166,Inaya Sama,wahab05@example.org,913478170303,"H.No. 08
Toor
Chapra 724446",Rohtak,242409,2023-09-18,Inactive,11,1251.88,2024-11-03 16:39:53,2.0,3816.4300000000003,1.0,413
6622751,Nachiket Ratti,dyalaahana@example.com,911094409067,"481, Jaggi Path
Barasat-074501",Thiruvananthapuram,690638,2024-06-10,Inactive,9,598.89,2023-06-24 10:51:53,1.0,3090.15,499.0,147
77217240,Tristan Aurora,dugalranbir@example.org,917254351868,"69
Khalsa Path
Arrah-734122",Karawal Nagar,585326,2024-09-11,Premium,9,414.76,2024-09-04 00:42:32,1.0,983.79,61.0,54
31537100,Rajata Sampath,ekiya53@example.org,914977793125,"H.No. 253, Sundaram Chowk, Pondicherry-876626",Kozhikode,147671,2024-02-16,Regular,13,917.32,2024-05-24 18:51:34,2.0,4304.62,164.0,262
38969732,Manthan Chana,obarad@example.com,910023988005,"05/935
Kohli Path, Jabalpur 151623",Pune,893205,2024-09-08,New,10,1501.23,2024-09-22 12:13:30,4.0,12006.61,43.0,57
81091233,Divya Dada,hemal96@example.com,914765173823,"H.No. 10, Balay Zila, Panipat 734804",Durgapur,538157,2024-04-24,Regular,4,1993.07,2024-05-28 05:42:27,2.0,3354.94,160.0,194
13424885,Azaan Modi,pandyaarya@example.org,911217455831,"H.No. 581
Bawa Path
Ichalkaranji-554765",Malda,905782,2024-01-14,Premium,8,358.46,2023-08-14 15:30:54,1.0,2294.95,448.0,295
91789216,Rajeshri Rama,iyengarchasmum@example.net,911071822147,"979, Yohannan Circle
Aurangabad 976812",Thane,386024,2024-01-05,New,15,1708.89,2023-05-26 23:03:19,1.0,1332.79,527.0,304
25661033,Raksha Kannan,akshaymann@example.net,913956848689,"H.No. 19
Gole Ganj
Ludhiana-452366",Miryalaguda,761294,2023-05-23,New,3,1020.5,,0.0,0.0,,531
24153726,Azad Sachdev,ugara@example.net,917096057254,"68/08
Dube Zila
Ambala-132424",Orai,411944,2024-06-19,Premium,16,546.12,2024-05-30 22:57:11,3.0,9106.119999999999,157.0,138
87222820,Aadhya Padmanabhan,nkala@example.org,918096170656,"23/386, Savant Street, Bharatpur-396119",Ulhasnagar,651234,2023-03-25,Inactive,13,497.66,2023-12-27 02:46:02,1.0,951.43,313.0,590
79628054,Oscar Narula,charkrishna@example.com,918952045142,"59/374, Borra Ganj
Navi Mumbai-709758",Pondicherry,820810,2024-10-25,Premium,5,1737.81,2024-10-13 22:25:34,3.0,4176.3099999999995,21.0,10
99156138,Yatin Hayer,raghavangaurang@example.com,915136640663,"714
Choudhury Chowk, Chinsurah 000605",Morbi,906839,2023-06-10,Regular,19,911.74,2023-08-18 05:36:14,1.0,4116.32,444.0,513
6150721,Vaishnavi Master,ldeshpande@example.org,917601993410,"82/547
Deep Road
Phusro-585053",Panihati,15615,2023-11-07,New,2,1705.17,2024-09-13 02:31:41,5.0,8313.27,52.0,363
12531927,Ayush Tripathi,vmodi@example.net,911601374441,"H.No. 084, Mody Ganj, Panipat-412839",Bhiwandi,581091,2024-05-12,New,20,1511.87,,0.0,0.0,,176
87200291,Anya Panchal,ngandhi@example.net,912129987003,"04/693, Ramanathan Chowk
Faridabad-115332",Ichalkaranji,603624,2024-02-03,Inactive,12,526.58,2024-06-12 11:13:45,3.0,5502.929999999999,145.0,275
34897081,Kamala Dasgupta,bhaktabhavika@example.org,918893858583,"33, Uppal Chowk, Mysore-453952",Shahjahanpur,647500,2023-07-22,Premium,18,425.92,2024-06-02 18:31:20,2.0,4763.95,155.0,471
68754962,Odika Rout,bsinha@example.com,916771724656,"849
Sani Ganj
Ahmednagar 929709",Khammam,12144,2023-10-26,Inactive,2,512.27,,0.0,0.0,,375
38613642,Ishani Pandya,wahab57@example.net,910518544814,"H.No. 59
Apte Chowk, Tiruvottiyur-913801",Erode,325134,2024-11-03,Regular,16,1380.08,2024-05-02 13:28:58,3.0,7771.629999999999,186.0,1
70589930,Sai Taneja,bariaazaan@example.com,911393696597,"H.No. 84
Narang Ganj, Dehradun-756490",Sambalpur,353937,2023-09-29,Premium,12,985.23,2023-11-27 16:52:53,3.0,5706.73,343.0,402
93937586,Pranav Solanki,hayrewarjas@example.org,910729863960,"H.No. 758
Goyal Nagar
Orai 041239",Medininagar,683079,2023-07-04,New,1,651.43,2024-08-16 19:05:58,1.0,2790.84,80.0,489
8817168,Lajita Sharma,gaurang89@example.net,919052032703,"10/038
Subramanian Chowk
Begusarai 041864",Mehsana,294382,2023-08-19,Inactive,7,1382.39,2023-08-06 17:49:31,1.0,196.64,456.0,443
85763665,Eshana Narula,lekha86@example.net,914276685424,"812, Dutta Zila, Hindupur-529803",Sikar,238167,2024-06-26,Premium,13,1062.57,2024-09-02 15:50:41,3.0,5213.63,63.0,131
39423691,Lucky Goel,wparikh@example.com,914727485858,"67/88, Mukherjee, Bellary-497259",Chandrapur,923560,2024-05-28,New,18,332.84,2023-10-26 07:26:28,1.0,3130.27,375.0,160
17675915,Rayaan Wable,warhi45@example.net,916265153831,"759, Karnik Nagar, Gurgaon 611202",Varanasi,107960,2024-01-18,Inactive,4,1146.18,2024-01-30 08:17:22,1.0,913.2,279.0,291
59141605,Saksham Kala,triyadutt@example.net,913335741144,"H.No. 570
Kulkarni Marg, Berhampur-762758",Motihari,58086,2024-07-10,New,15,1739.58,2024-09-17 13:06:27,3.0,948.6700000000001,48.0,117
89418072,Azad Wason,ranaforum@example.com,913488448080,"62/91, Ramanathan Nagar
Orai 783992",Deoghar,115200,2024-10-11,Regular,18,1748.85,2024-04-18 08:19:55,1.0,968.65,200.0,24
89412038,Ekansh Nagi,aarinirau@example.com,914575701999,"H.No. 566, Parmar
Medininagar-071397",Kharagpur,198327,2023-09-09,New,7,937.66,2023-04-27 09:53:35,1.0,3755.33,557.0,422
14632090,Ria Baria,qsoman@example.net,917887645218,"H.No. 517, Bhatti Marg, Bihar Sharif-108740",Miryalaguda,564210,2024-03-31,Regular,15,1620.46,2024-09-11 23:57:55,3.0,10717.48,53.0,218
70220141,Reyansh Dhaliwal,jganguly@example.org,910316308475,"49
Chaudhary Circle, Yamunanagar 303831",Sambalpur,988097,2024-03-24,Premium,13,469.6,2023-11-16 10:16:51,3.0,2365.17,354.0,225
79298972,Zaid Kari,solankiabeer@example.net,915590631276,"37
Bajaj Circle, Siwan 761617",Nadiad,685405,2023-06-25,Regular,5,1975.13,2024-03-10 08:27:01,2.0,2717.17,239.0,498
78572233,Ucchal Nagy,chauhanliam@example.com,913577865385,"19/95, Mangal Road
Hyderabad-121004",Siwan,584166,2023-10-26,Regular,7,1845.28,,0.0,0.0,,375
91382237,Yashasvi Prasad,osanghvi@example.org,912616587272,"68/302, Dara
Agra 821445",Bhiwani,733394,2024-03-18,Regular,4,1790.07,2024-05-01 06:30:27,3.0,5519.48,187.0,231
25659794,Rajeshri Radhakrishnan,ganga35@example.org,911383564089,"H.No. 973
Tara Street
Jorhat 869913",Buxar,619160,2023-05-25,Inactive,11,1192.81,2023-12-24 00:23:24,1.0,5747.38,316.0,529
88203688,Chavvi Karan,hsaini@example.org,916067392387,"31/15
Sundaram Road, Meerut-572312",Chittoor,743672,2023-04-16,New,9,1570.98,2024-06-21 14:01:28,3.0,6130.83,136.0,568
60732869,Joshua Nath,anamika40@example.com,910727099798,"H.No. 29
Hora Nagar
Amritsar-740154",Rajahmundry,625859,2023-04-08,New,17,1140.22,2024-01-16 21:22:55,3.0,6090.19,292.0,576
40563029,Chandani Rege,parsafaraj@example.org,913860638563,"75/25, Borde Marg, Maheshtala 940203",Chandigarh,24783,2024-08-23,Inactive,12,1203.36,2023-04-25 09:43:38,2.0,5539.73,559.0,73
34237583,Ishwar Chand,mitalwidisha@example.net,914460661311,"37/02
Ganguly Circle
Barasat-737778",Hapur,769474,2024-09-08,New,1,231.43,2024-08-16 11:20:21,3.0,7363.0,80.0,57
51174875,Sara Prasad,oviyabhardwaj@example.com,918587675278,"H.No. 252
Sami Marg
Kochi 597640",Saharsa,739236,2023-05-26,Inactive,7,1276.61,2024-10-19 06:57:40,2.0,4454.110000000001,16.0,528
41261495,Faris Deol,pdey@example.org,910539623497,"70/832
Sarkar Zila
Sonipat-700002",Bhagalpur,78428,2024-10-20,Inactive,5,687.71,2024-09-10 10:51:59,2.0,2268.73,55.0,15
46876240,Vihaan Doctor,jagvi98@example.org,916127817416,"H.No. 305
Sunder Street, Proddatur-711890",Vijayanagaram,447804,2023-06-16,Premium,5,1588.64,2024-08-25 19:41:28,3.0,8896.759999999998,71.0,507
20940403,Tanvi Kala,zayyan13@example.com,918270808381,"H.No. 537
Krishna Circle
Gurgaon 910763",Dhule,711075,2023-05-08,Premium,11,1511.1,2024-01-24 23:43:14,3.0,4336.4400000000005,284.0,546
52234494,Chameli Kadakia,bhavinisandhu@example.com,917943161445,"H.No. 038, Rama Nagar, Pali 764609",Bhopal,648848,2023-07-25,Premium,4,766.95,,0.0,0.0,,468
25503067,Ikshita Yohannan,solankicharita@example.org,917390880693,"H.No. 27
Issac Ganj
Mau 581320",Alwar,730983,2023-08-15,New,1,1257.76,,0.0,0.0,,447
3491230,Ucchal Chana,bariabina@example.org,914634268253,"52/516, Khalsa Zila
Kota-913116",Khora ,876370,2023-06-01,New,14,226.62,,0.0,0.0,,522
16420489,Divya Peri,imaran88@example.net,918033199185,"032, Pandey Chowk, Medininagar-342499",Nandyal,543319,2024-04-01,New,14,1368.05,2024-03-12 11:22:17,5.0,14262.32,237.0,217
57291761,Samarth Muni,netrasarkar@example.org,913190092444,"H.No. 997, Hayre Marg, Dhule-782519",Pallavaram,260349,2024-08-29,Regular,8,1338.09,2024-10-26 04:59:57,6.0,14216.08,9.0,67
21573815,Urvashi Dalal,rajagopalmanthan@example.net,916215015040,"77
Konda Street
South Dumdum-782739",Allahabad,583410,2023-09-26,Premium,2,206.87,2024-07-10 17:30:21,5.0,13749.06,117.0,405
82854537,Yauvani Korpal,kulkarnidhriti@example.org,919638469412,"754
Mody Marg
Aligarh-411970",Varanasi,690385,2024-05-05,Inactive,2,1027.48,2024-09-16 08:29:24,3.0,6982.21,49.0,183
88684966,Jalsa Khanna,warhi99@example.com,915005533370,"372
Date, Pali 101228",Surat,612723,2024-07-08,New,10,711.72,2023-03-30 05:26:58,1.0,2024.16,585.0,119
65143359,Zinal Thakkar,pranavdara@example.net,916329501969,"08
Comar Circle, Secunderabad-809728",Bhind,238085,2024-02-17,Premium,14,1071.2,,0.0,0.0,,261
77625089,Omisha Kalla,yogividhi@example.net,913171424585,"69/285, Sarkar Street, Hospet-402412",Rourkela,735727,2023-10-23,New,1,1879.39,2023-07-12 20:42:25,1.0,3442.8,480.0,378
8361353,Pahal Kibe,gabriel01@example.org,911673420898,"231, Bhasin Circle
Berhampur-413214",Bhiwani,528702,2024-02-17,New,3,632.74,2024-03-28 12:16:12,2.0,6377.04,221.0,261
95269737,Aarini Vora,tmitra@example.com,915485561082,"152
Karan
Bathinda-640398",Machilipatnam,468669,2024-03-10,Regular,19,413.46,2024-10-23 14:51:34,1.0,4731.51,12.0,239
83701325,Chasmum Rau,advaithupadhyay@example.net,919299589668,"H.No. 191, Rout Circle
Narasaraopet 526905",Dehradun,227249,2023-04-11,Premium,10,1515.8,2024-10-06 16:59:05,4.0,6605.0,29.0,573
98667584,Sara Soman,salvigeetika@example.com,912270298752,"01/760
Natarajan Path
Parbhani-638480",Jaipur,439446,2024-10-27,Premium,8,1072.65,,0.0,0.0,,8
51476157,Abdul Bali,nandinibanik@example.net,919436539657,"62/25
Sarma Circle
Mahbubnagar-707575",Burhanpur,928472,2024-08-21,Inactive,10,1033.16,2024-11-04 01:16:31,4.0,10251.23,0.0,75
2848415,Anika Raja,ukamdar@example.org,914449473640,"71/451, Sura Road, Nanded 621248",Aurangabad,529864,2024-07-13,Inactive,9,1798.13,2024-01-16 02:45:51,1.0,1233.33,293.0,114
71235336,Gabriel Sawhney,chahalsamuel@example.net,911821918243,"H.No. 671, Doctor Chowk, Saharanpur 270113",Bokaro,551761,2024-01-30,Regular,16,248.21,2024-08-21 03:59:25,1.0,3561.22,75.0,279
79206969,Aadi Bains,girindra18@example.net,916265590124,"671, Khurana
Mango 598682",Jamalpur,574469,2023-11-17,Regular,1,721.13,2024-07-16 04:05:08,5.0,13883.22,111.0,353
27971619,Wriddhish Anne,jbhalla@example.org,914196026115,"19/372, Batra Nagar
Jodhpur-951616",Mirzapur,466962,2023-10-11,New,3,1691.32,2024-05-27 03:37:21,2.0,6366.389999999999,161.0,390
66427343,Forum Iyer,rajavarsha@example.net,911678329575,"25/98, Mallick Nagar
Gudivada 670706",Dewas,212034,2023-08-25,Premium,17,265.15,2024-08-13 17:16:09,2.0,3001.96,83.0,437
50392139,Zehaan Hayer,yashoda79@example.net,912943699968,"03/182, Manda Circle
Mangalore 883696",Jamnagar,361935,2024-07-02,Inactive,16,991.26,2023-12-06 05:40:58,1.0,1711.61,334.0,125
46088132,Benjamin Ramanathan,ssahota@example.com,916494151052,"12/15, Jha Ganj, Adoni-465226",Sasaram,881157,2024-05-09,New,13,321.43,2024-02-26 03:07:04,1.0,242.57,252.0,179
61226563,Chameli Kala,aadhya91@example.com,910657229569,"45/52, Kapoor, Mahbubnagar-558328",Vadodara,584496,2024-01-06,Regular,5,417.98,2024-03-31 22:59:21,5.0,16256.419999999998,217.0,303
5386246,Oeshi Dhillon,mallmaya@example.com,919401691011,"41/05
Cheema Marg, Durg-626411",Kadapa,956529,2023-05-19,Inactive,5,1741.42,2024-07-17 12:11:28,3.0,8719.43,110.0,535
97739583,Vasudha Nair,nratti@example.net,919053447703,"878
Rajagopal Circle, Phagwara-745365",Hapur,333808,2023-07-21,Inactive,17,1522.55,2024-04-03 05:13:47,1.0,340.66,215.0,472
67711384,Widisha Varkey,gautami04@example.net,910359097668,"H.No. 177, Bera Ganj, Jehanabad-028809",Bilaspur,116890,2024-09-06,Premium,8,700.6,2024-08-27 03:36:14,2.0,9392.39,69.0,59
77320193,Aarush Das,jainjanuja@example.net,919561450716,"70/159
Maharaj Zila
Bettiah 050676",Jalgaon,816791,2024-10-03,Premium,4,1568.02,2024-02-20 05:25:38,1.0,852.02,258.0,32
44409533,Vihaan Sule,varghesevasatika@example.net,918920960427,"H.No. 08, Kapadia Zila, Nagpur-853011",Tadipatri,789300,2024-03-10,New,12,1728.95,2024-07-06 11:59:17,4.0,11653.05,121.0,239
84287579,Amrita Borde,orajagopalan@example.org,910362362142,"H.No. 57
Baral Road
Dhanbad-870742",Raurkela Industrial Township,625329,2023-11-14,Premium,4,1655.6,,0.0,0.0,,356
25595836,Sathvik Prabhakar,vihaan96@example.net,916602270171,"71/414
Vaidya Marg, Kumbakonam 076787",Orai,103518,2023-10-22,New,18,314.17,2024-09-10 11:19:07,2.0,6099.8,55.0,379
17681645,Maanav Bhat,zayan80@example.net,915044455558,"H.No. 571, Barad Path, Siliguri 766713",Bhagalpur,392367,2023-12-21,Premium,15,1381.26,2024-05-19 06:48:11,1.0,136.6,169.0,319
95364457,Nitara Bandi,gaurangi65@example.org,913181185855,"H.No. 205, Bose Path
Sri Ganganagar-216738",Ramagundam,738005,2024-02-21,Premium,13,1137.59,2024-05-24 14:58:37,4.0,8512.87,164.0,257
23348269,Rudra Dutta,janya57@example.com,914824634432,"02/047
Patel Road
Dindigul 073010",Ahmednagar,398963,2024-02-28,Inactive,9,1251.82,2024-06-06 21:29:44,5.0,12192.71,150.0,250
95858939,Chakrika Shroff,nbalay@example.com,910696161916,"83/95, Sheth Marg, Chandrapur-896229",Raiganj,353023,2023-10-19,Regular,8,1823.58,2024-08-18 17:30:59,2.0,2828.6000000000004,78.0,382
46313756,Widisha Desai,nakul82@example.net,911818880064,"102, Chopra Ganj, Korba-838479",Kolhapur,449091,2023-03-26,Premium,10,1245.36,2024-04-25 10:38:55,3.0,2952.84,193.0,589
38694209,Harinakshi Patla,zbhagat@example.com,914258283760,"349, Doshi Circle, Ramgarh 805466",Uluberia,377044,2024-08-23,Premium,20,1335.82,2023-09-30 04:35:00,1.0,3043.5,401.0,73
54680459,Fariq Kala,danielbanerjee@example.com,912843619880,"97/611, Modi Ganj
Allahabad-554472",Vijayanagaram,319468,2023-08-29,Regular,8,585.9,2023-10-31 16:21:00,1.0,1075.43,370.0,433
67952740,Sathvik Majumdar,nadkarnidalbir@example.org,917928178094,"52/345
Aurora Circle
Guna 800744",Raebareli,304107,2024-07-17,Regular,19,319.1,2024-09-26 15:13:34,4.0,4954.51,39.0,110
90665975,Hamsini Dhingra,zaitra78@example.com,917329062634,"83/623, Halder Marg
Panchkula 692228",Nangloi Jat,402144,2023-09-24,Inactive,15,271.25,2024-08-13 22:21:03,5.0,14044.36,82.0,407
35237846,Bakhshi Varkey,baljiwan77@example.org,914233248210,"54/322
Prakash Circle
Nanded-846263",Guna,546699,2023-09-11,Premium,20,1968.65,2024-05-19 00:42:46,1.0,2010.17,169.0,420
85476508,Orinder Dua,sarafekavir@example.net,919275873799,"55/632
Ratta Path, Bareilly 643413",Pallavaram,314585,2024-05-22,Inactive,18,1607.33,2024-10-01 01:17:29,1.0,3410.49,34.0,166
20122449,Amaira Ahuja,raagini26@example.net,913701177593,"H.No. 348, Kannan Chowk
Bahraich-832004",Cuttack,19668,2024-01-22,New,12,1298.4,2024-07-10 22:57:25,1.0,1435.13,116.0,287
40392019,Yashvi Sur,omamrita@example.net,917523213618,"73/114
Bhatnagar Ganj, Kozhikode 920406",Eluru,287315,2024-02-08,Premium,8,1419.8,2024-02-05 17:25:35,4.0,9763.560000000001,273.0,270
25587553,Nakul Venkatesh,hamsinikarpe@example.org,919109521254,"H.No. 136
Jani Road, Bhimavaram-112584",Imphal,369946,2023-09-24,Regular,12,689.82,2024-02-20 10:15:11,3.0,6874.58,258.0,407
27727819,Lavanya Bhasin,vidhidixit@example.org,910017275424,"69, Mohanty Nagar
Bhopal-712953",Nagercoil,165069,2023-10-28,Inactive,8,1175.48,2023-09-16 20:38:34,2.0,4296.22,414.0,373
65396354,Hemani Modi,tanmayinarayanan@example.net,915903297319,"66/23
Raju
Madhyamgram-282305",Hindupur,725268,2023-03-18,Inactive,20,1738.21,2024-05-19 19:05:42,1.0,166.42,169.0,597
84953008,Sai Pal,rattayashvi@example.net,911940931765,"15
Shankar Circle
Danapur-131817",Bongaigaon,290142,2024-09-09,Inactive,3,1187.65,2024-09-11 23:11:11,5.0,11017.51,53.0,56
22081691,Yagnesh Bora,harrisonmore@example.net,917333506544,"41/94
Bora Path
Siliguri 237079",Satara,999018,2023-11-16,New,13,361.38,2024-06-03 00:23:01,3.0,8129.83,154.0,354
77086074,Ekantika Mannan,yatancherian@example.net,913651278015,"875
Mishra Street, North Dumdum 684088",Hazaribagh,41866,2023-12-02,Regular,3,737.0,2024-07-18 15:25:29,1.0,707.67,109.0,338
13978108,Oscar Oak,dubeywatika@example.org,916385184590,"28, Shukla Chowk, South Dumdum-353489",Kota,596608,2024-03-16,Premium,7,1307.21,,0.0,0.0,,233
3421258,Ishita Chaudhuri,tara78@example.com,915568926763,"17/31, Dora Chowk
Erode-651124",Kota,192064,2024-06-19,Premium,19,806.62,2024-02-19 15:44:34,2.0,1407.12,259.0,138
82160592,Krisha Keer,ishaandey@example.com,917577469426,"339, Singhal Chowk, Raichur-860394",Chittoor,741410,2023-12-31,New,15,568.11,2024-03-04 14:28:23,1.0,940.44,245.0,309
4458329,Nimrat Sandal,manyachatterjee@example.net,914812159247,"85/452
Khatri
Jammu 831625",Mira-Bhayandar,842142,2024-07-01,Inactive,10,1617.0,2024-08-05 06:57:07,1.0,127.16,91.0,126
92038780,Geetika Bansal,minhasraagini@example.com,919859795150,"02, Chahal Zila
Thrissur 415323",Pallavaram,536778,2023-08-03,Premium,12,445.0,2024-05-09 22:57:09,2.0,2637.26,178.0,459
63376126,Michael Pall,bsahni@example.org,911059645212,"47/807
Doshi Path, Dehri 730907",Kollam,926884,2024-10-30,Inactive,2,1176.22,2023-07-06 08:47:05,1.0,1592.28,487.0,5
62816600,Gagan Kumar,karajhalak@example.org,913938766347,"H.No. 60
Garde Zila
Bikaner-229719",Kavali,243459,2024-04-24,Inactive,2,1790.22,2024-07-21 02:26:58,1.0,3536.35,106.0,194
25713335,Ojas Sridhar,nbhatnagar@example.org,912511340295,"H.No. 33, Gole Marg, Hubli–Dharwad-959877",Chennai,855454,2024-02-10,New,16,1362.71,2024-08-24 15:27:13,2.0,5168.85,72.0,268
58111297,Chasmum Mutti,vrindakumer@example.com,917550631586,"500
Bhat Ganj
Tadepalligudem 780400",Sambalpur,390809,2023-08-16,Regular,20,1149.62,2024-09-10 15:50:36,3.0,8053.83,55.0,446
22571994,Lakshit Bassi,badamivrishti@example.net,910036404914,"24, Bail Street
Jammu-808344",Bihar Sharif,83717,2024-07-08,Regular,2,912.9,2023-03-16 14:07:42,1.0,1308.05,599.0,119
47711422,Meghana Varkey,ebhatti@example.org,916518497579,"H.No. 33
Vig Circle
Kishanganj-213957",Bhatpara,244531,2023-10-26,Inactive,20,1234.7,,0.0,0.0,,375
35885052,Aadhya Ravi,urmibedi@example.org,917577557825,"20/26
Kuruvilla Road, Pondicherry-851116",Bhiwandi,745674,2023-09-24,Inactive,1,1838.87,2024-09-25 18:01:36,2.0,2179.77,40.0,407
51503088,Arin More,aashibiswas@example.org,913687250793,"H.No. 11, Krishnan Zila
Kirari Suleman Nagar-199625",Kumbakonam,867510,2024-02-23,New,20,1651.36,2023-12-08 09:08:03,3.0,6078.179999999999,332.0,255
47043878,Frado Batra,birnicholas@example.net,913457449137,"581
Ramakrishnan Path
Naihati-117037",Bilaspur,280957,2024-06-13,Premium,18,1411.67,2024-05-01 10:47:18,2.0,2753.4,187.0,144
72495274,Vasatika Amble,bhattirishi@example.com,918829664522,"804, Prasad Ganj, Gulbarga 969848",Aizawl,945908,2024-01-30,New,11,1364.51,2023-03-23 23:23:53,1.0,2656.18,591.0,279
6081270,Caleb Sane,diptagour@example.net,915268329172,"009
Loyal Marg
Udaipur 582796",Gaya,603031,2024-08-17,Inactive,15,969.51,2023-08-29 13:05:04,1.0,836.16,433.0,79
38048329,Harrison Loyal,niharika09@example.com,914168101745,"41/188, Bobal Ganj, Shimla-284469",Pali,987355,2024-10-01,New,1,904.76,,0.0,0.0,,34
69089982,Daniel Reddy,rrandhawa@example.org,919283864790,"H.No. 55, Ganesh Ganj, Proddatur 621180",Noida,758620,2024-09-16,Inactive,5,1831.09,,0.0,0.0,,49
59909004,Indali Master,samaksh55@example.org,911233769062,"H.No. 08
Dar
Sambhal-965654",Haridwar,910220,2023-11-09,New,15,731.88,2024-06-19 01:04:43,1.0,1620.95,138.0,361
79607319,Tanay Prabhakar,loyalluke@example.net,915364222165,"H.No. 565
Sura Ganj
Jaunpur-709356",Indore,988411,2023-08-31,New,6,942.14,,0.0,0.0,,431
66742602,Yatan Uppal,hchakraborty@example.net,913358190164,"18
Bala Zila, Katni 101174",Jalna,749857,2023-07-01,New,14,1981.09,2024-05-28 14:59:08,4.0,10317.86,160.0,492
24032469,Liam Khatri,chaayabalay@example.net,918692887618,"38
Bassi Ganj, Navi Mumbai-379945",Muzaffarnagar,722292,2023-11-07,New,14,814.5,,0.0,0.0,,363
65772743,William Kuruvilla,onveerbedi@example.net,914201768186,"43/82, Bala Nagar
Khammam 231196",Erode,283776,2024-08-02,Regular,14,1780.68,2024-03-06 19:01:25,1.0,3268.84,243.0,94
15661901,Warda Wagle,umangat@example.com,913419186879,"53/830
Date Circle, Indore-996250",Kumbakonam,996843,2024-10-31,Regular,1,764.57,2024-10-21 09:29:41,2.0,3420.5699999999997,14.0,4
21866852,Ojas Morar,gangulymahika@example.org,916521407154,"059
Narain Marg, Mau 610611",Guwahati,428400,2023-11-14,Premium,18,1480.38,2024-04-10 05:53:16,2.0,3457.76,208.0,356
79478655,Zilmil Rege,noah34@example.com,919785584366,"34
Saini Road, Begusarai-262999",Silchar,627881,2024-08-15,Regular,9,1845.26,2024-07-29 10:13:55,4.0,8964.96,98.0,81
13164195,Fitan Uppal,abeerbedi@example.org,912687424638,"94
Vohra Chowk, Kulti-326317",Durg,142902,2023-11-26,Premium,17,786.74,2024-09-10 03:50:34,4.0,13915.94,55.0,344
38565569,Udarsh Nayar,garimabala@example.com,917985567266,"36/815, Khosla Chowk, Karaikudi-978674",Anantapuram,200521,2024-03-01,Premium,5,1765.01,,0.0,0.0,,248
10225164,Siya Parmer,watika42@example.net,915830822437,"51/60
Chawla
Darbhanga-169445",Dehri,625283,2024-09-25,Inactive,20,491.07,2024-06-17 12:19:04,2.0,4228.71,140.0,40
72946405,Ria Kuruvilla,oscar26@example.net,913574244187,"H.No. 434
Pradhan Zila, Gorakhpur 540230",Kulti,547077,2024-02-07,Premium,6,1287.78,2024-05-03 15:57:32,3.0,5012.67,185.0,271
97557157,Priya Karan,ekiya65@example.net,917534401355,"56/24
Bhalla Road, Sirsa 663909",Bardhaman,361111,2024-01-22,Regular,1,800.21,2024-09-17 19:03:27,3.0,4972.93,48.0,287
32595806,Radha Bhardwaj,mchatterjee@example.com,919025510710,"65
Thaker Path, Ranchi 954884",Chandigarh,980380,2024-05-30,Inactive,19,442.13,2024-01-11 17:10:03,1.0,1628.06,298.0,158
53100521,Mitesh Bora,krishnanabhimanyu@example.com,912864450701,"H.No. 306, Lanka Ganj
Orai-124210",Gandhidham,108712,2024-03-02,Inactive,3,982.11,2024-05-19 00:36:01,1.0,1648.07,169.0,247
59252433,Vincent Raval,riya20@example.org,916194393464,"H.No. 212, Srinivas Chowk, Udupi-349021",Karaikudi,598368,2024-09-20,Regular,1,990.53,2024-09-24 10:49:23,4.0,7848.87,41.0,45
59890331,Raagini Badal,nicholas03@example.com,910650147457,"82/260
Chokshi Ganj
Etawah 946629",Chennai,382306,2024-11-01,Premium,16,552.68,2024-09-06 22:22:22,3.0,13128.75,58.0,3
95001589,Dayamai Bhasin,darika48@example.org,916133118331,"145, Bumb Street
Bidar 474547",Asansol,376431,2024-08-23,Regular,20,1788.42,2024-05-27 18:40:01,2.0,2341.15,161.0,73
53076417,Chaitanya Nayak,yuvrajmadan@example.com,916462947667,"63, Dyal Zila
Malda 584769",Malda,592396,2024-02-23,Inactive,6,411.27,2023-11-11 10:55:29,2.0,3477.4399999999996,359.0,255
82286725,Unnati Mishra,sarkarwarhi@example.net,917198774440,"910, Seth Ganj
Tirunelveli-419308",Orai,730156,2024-10-17,Premium,18,1322.85,2024-05-16 22:59:16,4.0,9959.55,171.0,18
13383642,Xavier Kashyap,okulkarni@example.org,910358365531,"61
Yadav Road
Jorhat-609503",Mumbai,385101,2024-04-02,Regular,16,1114.11,2024-07-15 11:21:51,3.0,4776.26,112.0,216
52215833,Lipika Parmer,gavinprabhakar@example.net,910213519763,"00/455, Chakraborty Road, Jammu 801712",Sirsa,414814,2024-09-27,Regular,5,305.65,2024-03-04 08:49:03,2.0,5073.74,245.0,38
67271824,Liam Rama,ebains@example.com,913494169459,"308, Dave Chowk
Tadipatri 154537",Salem,368044,2024-09-13,Inactive,11,1765.06,2024-09-09 22:56:26,1.0,1619.89,55.0,52
78903046,Dakshesh Sundaram,nidrachowdhury@example.com,914597003144,"63/496, Zacharia, Nagpur 548720",Karawal Nagar,481302,2023-04-16,Regular,7,1371.83,2024-07-17 15:09:40,2.0,7173.030000000001,110.0,568
90021871,Pooja Dube,sudikshagokhale@example.org,910950444681,"H.No. 052
Chawla Marg, Ongole-389291",Thiruvananthapuram,326796,2023-08-04,Regular,2,1907.98,2024-07-26 05:11:13,4.0,6910.14,101.0,458
97286925,Omkaar Bedi,girindra67@example.com,912878097839,"H.No. 44
Sarma Chowk
Bettiah 917609",Vellore,106555,2023-08-30,Inactive,20,617.71,2024-03-26 01:40:13,2.0,4947.96,223.0,432
6186471,Dominic Koshy,choprachanchal@example.org,915606658365,"22/739
Sachdev Ganj
Madanapalle-093707",Chittoor,410608,2024-09-18,New,17,1619.95,2024-02-18 07:37:33,1.0,4356.46,260.0,47
5039883,Gavin Garg,nitesh75@example.org,911177506972,"H.No. 872
Oza Marg
Hazaribagh 512058",Purnia,360444,2023-12-19,Inactive,15,610.99,2024-08-05 00:09:15,5.0,11488.47,91.0,321
90882023,Benjamin Misra,craman@example.org,917726876648,"35/442
Merchant Circle, Uluberia 558909",Begusarai,686278,2023-06-12,Premium,11,1137.49,2023-07-27 04:17:11,1.0,517.77,466.0,511
33295496,Imaran Chaudry,janyasaha@example.net,912342967640,"88/372, Gera Zila, Tiruchirappalli-103051",Haldia,234933,2024-01-12,Premium,14,1136.17,2024-09-25 01:37:46,1.0,3502.77,40.0,297
72393904,Amara Mahajan,kamala48@example.net,916539195024,"H.No. 030, Bhattacharyya Path, Thrissur-308964",Mumbai,130954,2024-07-25,Inactive,8,1920.6,,0.0,0.0,,102
15830066,Rishi Krishnan,anvimerchant@example.net,915565332468,"H.No. 56, Chahal Marg
Hosur 232465",Mira-Bhayandar,652139,2024-10-18,New,19,936.66,2024-08-23 16:05:00,4.0,5033.89,73.0,17
93341057,Ayaan Tiwari,nagiyashica@example.net,912233062532,"74/730
Zacharia Road, Karawal Nagar-451755",Maheshtala,660740,2023-10-15,Inactive,20,1783.53,2024-08-10 06:00:16,2.0,3914.21,86.0,386
64106072,Pratyush Majumdar,riasheth@example.org,911641476779,"H.No. 009
Sharma Marg
Loni 610495",Deoghar,787371,2023-04-13,Inactive,3,1704.43,2023-06-01 20:53:50,1.0,281.73,521.0,571
62742797,Tanvi Dhar,xbaral@example.org,913688388307,"53
Bakshi Chowk
Tirunelveli 714052",Fatehpur,407022,2023-08-30,Premium,13,979.11,2024-03-15 04:11:36,1.0,3673.81,234.0,432
79591237,Osha Warrior,anika64@example.com,913674159132,"28/18
Banik Chowk
Rajpur Sonarpur 816154",Thane,394025,2023-12-23,Premium,6,1695.64,2024-05-20 16:19:17,3.0,4656.52,168.0,317
59095971,Jason Wagle,pahalsama@example.com,915028942978,"22/10, Tara Nagar
Nashik 495261",Amroha,238579,2023-09-08,Inactive,15,311.21,2024-08-24 22:51:27,1.0,4650.66,71.0,423
34768050,Ekalinga Dixit,ojas67@example.com,912167772234,"H.No. 66, Walia Street, Thoothukudi-930293",Dhanbad,35987,2023-11-21,Inactive,17,1358.51,2024-05-02 00:28:42,2.0,5012.68,186.0,349
15221182,Charles Munshi,yashodaanne@example.org,919185934023,"34/72
Ratta Ganj, Ramagundam-239302",Visakhapatnam,639677,2023-08-19,Inactive,11,1871.46,,0.0,0.0,,443
66655397,Hemal Grover,xalak59@example.org,917971360873,"H.No. 663, Badal Road, Dewas 856228",Pali,154251,2023-04-23,New,5,775.85,2024-06-08 22:01:14,5.0,10017.650000000001,148.0,561
63971358,Leela Hayre,npalla@example.org,918511026912,"599
Sharaf Zila
Adoni 602296",Mau,621459,2023-06-24,Regular,2,1159.84,2024-07-24 19:01:49,3.0,5982.360000000001,103.0,499
38615653,Xiti Sachdeva,hnarang@example.net,913348023005,"04/04, Padmanabhan Street, Hosur 637223",Motihari,309098,2024-03-30,Regular,8,1501.01,2024-10-24 21:20:11,2.0,4027.2,10.0,219
30192942,Darika Raj,indalisunder@example.net,912817982930,"45
Shroff Zila, Bhiwani 555758",Jodhpur,907183,2024-02-04,Premium,8,1400.72,2024-08-09 08:44:33,3.0,12114.24,87.0,274
4444673,Chatresh Patla,owenkhatri@example.net,915269995631,"H.No. 70
Kade Marg
Mysore 259029",Srikakulam,440337,2023-06-24,New,15,584.69,2024-04-21 09:50:41,1.0,491.39,197.0,499
25850478,Jeevika Taneja,barkha46@example.net,915246025546,"H.No. 65
Balakrishnan Nagar
Ambarnath-424723",Danapur,112691,2024-04-05,Inactive,2,679.32,2024-10-28 22:53:36,1.0,874.78,6.0,213
50484778,Hiral Saxena,kurianatharv@example.com,911901886309,"07/185
Agate Zila, Shivpuri 496563",Kanpur,7186,2024-05-16,Inactive,2,1495.86,2023-09-11 08:45:57,1.0,866.17,420.0,172
30891209,Azaan Bora,manan23@example.org,913519053638,"381, Balan Circle, Anand 910232",Gudivada,347450,2024-07-22,New,1,1815.35,2024-04-07 02:34:51,1.0,2639.67,211.0,105
91144803,Hemang Singhal,njain@example.com,919950752442,"474
Sidhu Marg
Avadi-099148",Imphal,509332,2023-09-16,Regular,16,650.17,2023-12-20 12:11:37,2.0,5736.17,320.0,415
79764621,Darpan Sastry,dayita64@example.org,915525091796,"H.No. 910, Bora Zila, Tezpur-561747",Rajahmundry,148516,2023-05-15,Premium,5,1830.61,,0.0,0.0,,539
87823209,Hemang Suri,aggarwalwatika@example.net,915979846952,"75/184, Apte Ganj, Kurnool 695756",Tadepalligudem,826255,2023-04-08,Inactive,18,983.94,2024-06-03 07:32:45,2.0,6883.6900000000005,154.0,576
26432512,Warhi Iyer,petergrewal@example.net,918533287852,"H.No. 206
Varty Zila
South Dumdum 988271",Khora ,53631,2023-12-17,New,18,1092.52,2023-06-27 23:33:21,1.0,1825.16,495.0,323
34526570,Falak Edwin,jalsasetty@example.com,915953004076,"H.No. 240
Dhar Marg
Bhagalpur-524099",Mysore,369619,2024-07-29,New,19,847.76,2023-10-08 13:18:01,2.0,1185.52,393.0,98
35358395,Hiral Kumar,yadavxalak@example.net,912099208879,"H.No. 835
Sahota Street
Ramagundam 303158",Dindigul,587334,2023-10-05,Inactive,12,787.28,2024-08-06 06:44:30,3.0,6296.38,90.0,396
20634789,Aarnav Som,watikasule@example.org,912866703248,"202
Prabhakar Nagar, Latur-410481",Chinsurah,885507,2024-07-02,New,12,1223.43,2024-02-24 07:00:38,3.0,3803.41,254.0,125
11047835,Nathaniel Reddy,rsengupta@example.net,910814269381,"H.No. 31
Dugar Nagar, Nashik-602362",Tinsukia,553038,2024-01-31,Regular,6,573.38,2024-08-30 06:54:42,4.0,8927.04,66.0,278
17201639,Vidhi Toor,qsani@example.com,913882677422,"H.No. 413
Bera Marg
Madhyamgram 098129",Korba,139363,2023-05-23,New,15,1472.23,2023-09-25 11:13:00,1.0,3012.27,406.0,531
87718744,Max Pandit,vamakshi09@example.com,912812848221,"66/373
Wali
Singrauli-074003",Bathinda,966966,2023-09-29,Regular,6,863.84,2024-09-02 00:09:24,3.0,8701.64,63.0,402
75474920,Ojas Wali,khuranafrado@example.org,916596952410,"86/139
Wali Marg, Cuttack 645746",Serampore,234962,2024-10-20,Regular,18,569.23,2024-01-26 14:02:11,2.0,4173.9400000000005,283.0,15
57956497,Reva Sahota,frederick08@example.com,914831674927,"81, Naik, Dharmavaram-468737",Kurnool,2246,2024-10-05,Inactive,1,460.65,2023-12-16 05:20:27,2.0,4757.639999999999,324.0,30
14114543,Vedika Aurora,rajagopalangeetika@example.net,910528551826,"H.No. 306
Palla Path, Guwahati-489162",Muzaffarnagar,76708,2023-03-29,Inactive,20,659.52,,0.0,0.0,,586
5043760,Chatresh Dara,dsinghal@example.org,919498451461,"93, Bansal Road
New Delhi 109118",Davanagere,638623,2023-11-28,Regular,2,1154.94,2024-05-03 12:35:40,2.0,2691.16,185.0,342
66359719,Diya Murty,mitalihayer@example.com,916264838134,"693, Sankar Road, Bhavnagar 420251",Nagercoil,262617,2024-05-20,Regular,2,949.36,2024-03-09 06:33:08,2.0,4019.24,240.0,168
32656885,Xiti Sane,nyadav@example.net,918698992003,"10, Chana Street, Thiruvananthapuram-939172",Durgapur,278727,2023-08-01,New,1,309.43,2024-07-04 17:23:55,1.0,1540.06,123.0,461
2457734,Onkar Garg,warhi85@example.com,914165510683,"51/82, Sathe Marg
Khora  495386",Ahmednagar,317271,2023-05-27,Premium,12,923.06,2024-10-30 05:28:47,4.0,6744.32,5.0,527
9702217,David Doshi,madhavkibe@example.com,911280868167,"51/90
Mani Road, Muzaffarnagar-728003",Shahjahanpur,708661,2024-09-17,New,6,1209.86,,0.0,0.0,,48
55425478,Karan Ramachandran,jackson54@example.net,916226098653,"03, Mann Circle
Sultan Pur Majra 572115",Surendranagar Dudhrej,408102,2024-07-05,Inactive,12,1605.51,2024-09-22 20:04:15,3.0,7458.530000000001,43.0,122
50781611,Jeremiah Mallick,battayashasvi@example.com,916250356419,"010
Raju Zila, Sikar 787053",Nagpur,441000,2023-05-24,Regular,16,315.86,2024-07-11 12:45:49,3.0,6601.93,116.0,530
39150258,Dalaja Choudhury,beraprisha@example.com,913078845579,"08/794
Jha Circle
Bhavnagar 975604",Gandhinagar,788644,2023-04-19,Inactive,17,945.82,2024-10-24 17:36:05,1.0,1858.93,11.0,565
77035814,Ishaan Mohanty,dev69@example.com,917909626015,"04/69
Sahni Path
Guntakal-870680",Bhimavaram,250593,2023-06-03,Inactive,11,585.35,2024-06-28 12:35:57,4.0,10079.15,129.0,520
35459748,Ekbal Dasgupta,kchaudhary@example.org,910020908360,"88/275
Dasgupta Ganj, Giridih 295131",Firozabad,635776,2024-01-29,Inactive,12,288.29,2024-10-19 15:38:16,3.0,6500.9400000000005,16.0,280
7728356,Vasana Bumb,odikaraval@example.net,918547056959,"665, Vig Circle, Anand-237063",Raebareli,211437,2024-03-18,New,10,202.43,,0.0,0.0,,231
75632045,Shivansh Sharaf,minhasjacob@example.org,919720360185,"11/75, Khanna Marg, Ludhiana 820421",Silchar,207255,2023-08-10,Regular,15,1268.29,2024-10-21 07:33:08,2.0,7000.73,14.0,452
40667183,Yatin Setty,lthakkar@example.com,911961148190,"84, Sekhon Circle
Bijapur 527244",Bidar,428468,2024-09-09,New,19,1815.79,2024-09-18 04:06:11,1.0,3587.82,47.0,56
63368244,Jeevika Tara,rkapur@example.net,910657846620,"12/41, Uppal
Aizawl-053988",Danapur,905945,2024-08-01,New,19,1245.73,2024-09-29 05:08:49,4.0,12258.4,36.0,95
16448993,Chakradev Krishnan,ojasvi77@example.com,911745697720,"19/660
Sarma Circle, Jaipur-351693",Korba,426587,2023-09-19,Inactive,14,1691.92,2023-09-02 05:01:17,1.0,328.51,429.0,412
3096845,Yashvi Chander,saksham67@example.com,914918237687,"H.No. 43, Swaminathan
Mau-891182",Guntakal,853373,2023-10-22,New,20,336.81,2023-11-07 11:20:32,2.0,5514.38,363.0,379
26863280,Aryan Dewan,balveer31@example.org,916785581966,"54/51, Bora Circle
Ramagundam-730584",Rajkot,80555,2023-11-25,Inactive,8,301.34,2024-08-03 11:28:53,2.0,4399.0199999999995,93.0,345
28428852,Libni Dada,pranit07@example.net,916086959184,"04/861, Kaul Chowk
Sikar-365292",Mira-Bhayandar,367282,2023-04-11,Inactive,7,872.25,2024-05-12 05:01:14,3.0,6195.82,176.0,573
37691544,Onkar Devan,bmane@example.com,914827774859,"57/859, Desai Chowk, Varanasi-296853",Darbhanga,210271,2024-10-15,Inactive,15,1599.46,2024-09-12 03:52:26,4.0,9006.79,53.0,20
70976153,Devansh Nanda,vihaankanda@example.com,910409791316,"95/511
Tak Nagar, Pudukkottai-475800",Ahmednagar,541588,2024-03-01,New,7,1480.3,2024-06-09 08:07:30,3.0,6204.650000000001,148.0,248
25287111,Lakshmi Ratti,chakradhar10@example.com,913532064242,"H.No. 501, Deshpande Street
Madurai 919253",Thane,443182,2024-02-25,Inactive,9,581.43,2024-04-19 04:03:27,1.0,2506.93,199.0,253
82900175,Avni Som,hiralmunshi@example.net,919372846272,"362, Mitter Path
Arrah-104021",Baranagar,248293,2023-06-01,New,17,334.16,2024-10-01 16:00:07,2.0,4987.3,34.0,522
93699264,Bakhshi Ghose,fbalakrishnan@example.org,912273731670,"84/24
Hans Path, Kakinada-824537",Hubli–Dharwad,527137,2023-10-14,Inactive,17,1846.48,2024-05-19 05:04:34,3.0,6633.19,169.0,387
73869823,Nathan Ratti,radhakrishnanaarav@example.com,915123068256,"226, Lala Path
Satara 401183",Mysore,570165,2023-05-18,Regular,8,1225.49,2024-04-11 04:03:43,3.0,6344.320000000001,207.0,536
32293017,Samarth Kapoor,mandalmohammed@example.org,913363867219,"H.No. 700, Sidhu Road, Gudivada-131588",Gudivada,371366,2024-01-21,Inactive,16,691.29,2024-07-26 15:41:14,5.0,9683.43,101.0,288
44030130,Laksh Dalal,gchawla@example.net,916400317953,"51/50, Salvi Marg
Jehanabad-358947",Ghaziabad,59886,2024-07-31,Regular,4,904.08,2024-10-22 16:16:46,3.0,5423.54,13.0,96
1200365,Avni Mistry,rkurian@example.net,916473105621,"29/45, Morar Road, Sangli-Miraj & Kupwad 629491",Thane,151739,2023-06-21,Regular,1,1170.74,2024-08-17 11:54:42,2.0,1543.77,79.0,502
96903782,Tanish Andra,chasmum69@example.net,918455570605,"261
Iyengar Zila
Proddatur-816790",Kakinada,206769,2024-01-12,Regular,5,504.83,2024-08-02 18:00:51,4.0,11023.74,94.0,297
35278126,Harinakshi Arya,agara@example.org,914200557657,"79/328
Prakash Zila
Sirsa 377650",Tumkur,365840,2023-12-24,Premium,12,1956.57,2023-07-24 11:19:55,2.0,5868.7,469.0,316
6756256,Ijaya Goel,qsarin@example.org,919023845910,"79
Sahni Chowk, Nagaon 813383",Bellary,83206,2023-07-06,Premium,13,1902.9,2024-06-17 13:27:48,3.0,6810.71,140.0,487
8073518,Mekhala Pandit,biswasosha@example.com,916343097558,"H.No. 05, Pau Zila, Nangloi Jat 527313",Nellore,377431,2024-01-07,Premium,16,946.2,2023-06-18 19:59:32,1.0,1448.27,505.0,302
76857266,Liam Nadig,siddharthissac@example.com,913610614346,"H.No. 70
Om Nagar
Mango 097340",Mumbai,3787,2024-06-22,Premium,17,1514.21,2023-12-08 11:59:55,2.0,7768.93,332.0,135
49241309,Pahal Palla,wrideshmannan@example.net,918806437787,"87/32, Parekh Nagar, Jaipur-419966",Gurgaon,751303,2024-06-19,Inactive,11,1340.89,2024-03-03 22:15:37,2.0,3826.61,245.0,138
80952275,Kevin Babu,aayush04@example.net,911373104228,"19/783, Saha Chowk
Bharatpur-389798",Bongaigaon,154167,2024-07-06,New,17,1928.27,2023-11-30 23:44:28,1.0,1385.54,339.0,121
31576845,Chasmum Raman,bimalaanne@example.org,914433885067,"01/925, Goda Zila
Ahmedabad-481472",Madurai,6864,2023-07-07,New,12,1389.96,2024-02-27 18:03:05,3.0,6745.34,251.0,486
47515046,Guneet Uppal,wvora@example.org,918461943264,"49, Borde Ganj
Vijayawada 334138",Jamshedpur,440555,2023-12-27,New,18,1095.92,2023-06-10 18:37:56,2.0,1518.97,513.0,313
98930670,Anjali Raju,wriddhish20@example.com,911927569407,"97, Singhal Circle, Howrah-648166",Singrauli,463489,2024-06-11,Regular,6,1092.16,2023-10-30 21:27:11,1.0,1214.68,370.0,146
24621386,Maanav Raghavan,ramanamika@example.org,918193670473,"74
Jaggi Road
Khammam-907374",Rajahmundry,607110,2023-11-15,Premium,14,344.08,2024-06-29 17:28:37,4.0,9034.34,128.0,355
53399500,Libni Sinha,rayaantiwari@example.org,913874548085,"H.No. 178
Ramakrishnan Zila, Ghaziabad-767609",Kadapa,687962,2024-07-01,Regular,18,1012.5,2024-09-02 02:58:44,1.0,1063.23,63.0,126
52815265,Daniel Bains,lopa03@example.net,911862689215,"H.No. 00
Tandon Street
Rohtak 114577",Pudukkottai,765060,2024-05-12,New,10,806.63,2023-03-21 04:16:27,1.0,171.2,594.0,176
61015113,Dalaja Choudhury,jaggionveer@example.com,918885353111,"15/686, Sarin Road, Baranagar-665391",Amroha,471074,2023-11-17,Regular,4,1764.18,2024-04-20 12:49:11,2.0,2261.55,198.0,353
63624332,Krisha Zachariah,dhingraabha@example.org,914655906980,"40/476
Patla, Surat-220751",Rewa,391559,2023-08-17,Inactive,19,387.57,2024-04-21 07:50:58,1.0,3588.19,197.0,445
28286754,Bina Setty,nandini67@example.org,912983108244,"H.No. 864, Subramanian Ganj, Dibrugarh-834044",Singrauli,463264,2024-03-18,Regular,16,1337.18,2024-04-19 08:01:53,3.0,5470.200000000001,199.0,231
60835946,Yoshita Sani,fganesh@example.org,910580757571,"H.No. 370, Nagi Street
Bulandshahr 539967",Fatehpur,847170,2024-04-24,Inactive,14,1400.1,,0.0,0.0,,194
59620534,Oeshi Sethi,parmarbhavika@example.com,916520512800,"H.No. 04, Salvi Street
Munger 206534",Ambattur,529502,2024-01-16,Premium,15,1340.99,2024-08-21 13:50:50,4.0,9923.01,75.0,293
820740,Mekhala Sathe,naveennatt@example.com,914144553554,"H.No. 20, Thakkar Marg
Ambala 748990",Ambala,634784,2023-11-15,Premium,1,1385.46,2024-10-26 08:38:46,3.0,5414.650000000001,9.0,355
91602727,Rayaan Palla,yatin72@example.org,919823493170,"H.No. 82, Sridhar Nagar
Pali 461261",Indore,798247,2023-08-31,Inactive,5,1156.54,2023-04-01 00:44:27,1.0,968.94,583.0,431
50848069,Yahvi Golla,tdutta@example.net,915073649524,"35/772, Varghese Street, Shimla-179982",Belgaum,881993,2024-03-07,Inactive,11,586.25,,0.0,0.0,,242
55049973,Nicholas Badami,nsavant@example.org,918153290806,"60/984
Rajagopalan Chowk, Howrah 811703",Srikakulam,633900,2024-03-27,Regular,16,206.54,,0.0,0.0,,222
12397668,Ojasvi Mahal,vedant21@example.org,910821902509,"H.No. 86, Aurora Ganj
Sikar-722421",Guwahati,637399,2024-05-09,Premium,13,204.06,,0.0,0.0,,179
61516967,Mohammed Morar,wreddy@example.net,915164226033,"08/07, Seshadri Chowk, Noida 969216",Erode,250388,2024-02-20,Regular,9,556.81,2024-03-11 16:11:01,3.0,8423.96,238.0,258
96853930,Jagvi Varty,tbaral@example.com,917519714638,"460, Viswanathan Nagar, Nangloi Jat 590971",Bhopal,349563,2023-07-03,Premium,16,462.19,2023-12-30 04:00:41,3.0,8211.4,310.0,490
91853589,Xavier Wali,jatin71@example.net,910858948536,"67/39
Yogi Ganj, Loni 127098",Jalna,649749,2024-06-17,New,5,918.69,2023-09-10 05:56:46,1.0,1848.84,421.0,140
7228206,Anmol Koshy,rdevi@example.com,913516981949,"95
Sinha Path, Ludhiana-771856",Jalgaon,132617,2023-05-25,New,15,843.79,2024-06-07 20:25:54,4.0,11704.43,150.0,529
41612464,Chatura Sodhi,adya94@example.com,915783246081,"54/092
Bhatnagar Road, Ozhukarai-567116",Bhavnagar,521802,2023-08-06,Regular,18,874.93,2024-08-25 16:15:20,1.0,1380.66,71.0,456
10683250,Manthan Sundaram,ekavir81@example.org,915063231276,"H.No. 464
Singhal Marg
Patna-308566",Bhagalpur,545885,2024-07-19,Regular,14,480.47,2024-02-16 19:06:29,2.0,1057.69,262.0,108
94078407,Praneel Baria,olata@example.org,913022848733,"H.No. 409, Badal Marg
Morena-092728",Uluberia,208164,2024-01-23,Premium,4,1370.22,2024-08-11 13:26:47,1.0,2410.88,85.0,286
26364643,Zehaan Keer,riya25@example.com,919889207512,"88
Bhandari Path, Raurkela Industrial Township 646085",Morena,6749,2024-08-22,Inactive,9,1086.68,2024-09-29 09:42:08,1.0,5692.84,36.0,74
85016568,Rudra Mall,nandra@example.com,917990226858,"26/84, Manne Road
Nadiad-091335",Tinsukia,355326,2024-07-17,Regular,2,367.12,2023-08-15 01:15:08,1.0,2498.22,447.0,110
11153360,Libni Sastry,warjaschoudhury@example.com,915612430324,"66/78
Baral Zila
Sonipat-698595",Amaravati,724136,2024-04-01,Inactive,20,1575.46,,0.0,0.0,,217
88532418,Ansh Bahl,bina13@example.com,913215442494,"546
Devi, Bardhaman-527064",Gorakhpur,13574,2024-10-21,New,12,344.66,2023-11-30 08:45:34,3.0,6837.84,340.0,14
66023110,Joshua Mishra,imaranchana@example.com,918833868907,"H.No. 62
Chand Path
Bhimavaram 617653",Kottayam,636641,2023-11-03,New,20,1807.56,2024-02-03 20:15:40,3.0,9023.220000000001,275.0,367
18229949,William Bora,nlata@example.org,918795009128,"038
Varty Zila
Berhampore-791959",Danapur,397135,2023-04-15,Inactive,10,466.33,2024-07-14 08:42:33,1.0,102.44,113.0,569
58873572,Chandran Kale,manbirdhawan@example.com,918707061412,"H.No. 77
Jayaraman Marg
Durgapur 062032",Nanded,745599,2023-09-10,Premium,13,1721.61,2023-06-07 14:10:05,1.0,1076.03,516.0,421
5001749,Dayamai Chanda,ekta28@example.com,917870905337,"H.No. 218
Srinivas Road, Kalyan-Dombivli-797929",Kota,761952,2023-06-06,Inactive,3,1623.48,2024-09-30 12:17:24,2.0,2604.45,35.0,517
6668498,Bimala Prakash,vchander@example.net,911206965311,"757, Sandhu Street
Nagpur-709424",Ratlam,62592,2024-05-08,Inactive,11,1413.4,2024-09-26 10:17:58,2.0,5471.110000000001,39.0,180
13441874,Hemang Sandal,ysingh@example.net,919735172951,"89/07, Sangha Ganj
Suryapet-403179",Berhampur,970701,2023-04-09,Inactive,2,602.63,,0.0,0.0,,575
52915166,Harita Gulati,sanaya15@example.net,916795302367,"H.No. 019, Parsa Street, Deoghar 818465",Dehri,272048,2024-06-28,Inactive,18,505.66,2024-01-04 12:16:25,1.0,309.62,305.0,129
41647393,Simon Padmanabhan,kevin23@example.com,916509506565,"H.No. 485
Mangat Street, Varanasi-453576",Sirsa,149812,2023-11-09,Inactive,11,1785.8,2024-08-18 15:51:52,3.0,3735.06,78.0,361
51945420,Geetika Kalita,bhandariaryan@example.com,913223300806,"839, Boase Zila, Bahraich 523840",Tiruppur,611743,2023-04-05,Premium,3,412.9,2024-03-27 08:38:09,2.0,6377.08,222.0,579
53640286,Quincy Cheema,vigvasatika@example.org,915944903566,"58/738, Dhar Zila, Phusro-372086",Mathura,28426,2023-11-12,Premium,20,1368.38,2024-09-30 20:51:24,2.0,2495.75,34.0,358
15599514,Yashodhara Magar,jeetbansal@example.org,913660608773,"H.No. 586, Sawhney Zila
Jamnagar-849026",Tezpur,170702,2023-04-18,Regular,20,1171.07,2023-06-26 11:26:10,1.0,2831.58,497.0,566
55552600,Baljiwan Nagar,barkha14@example.net,911193411909,"91/534
Solanki Marg, Chinsurah-132968",Gorakhpur,81284,2024-10-30,Regular,14,1412.54,2023-08-21 08:46:05,1.0,2140.11,441.0,5
78439088,Ria Taneja,mbanerjee@example.com,915711757102,"68, Verma Zila, Gurgaon 268634",Ballia,527348,2024-06-27,Regular,6,1507.04,2023-12-06 21:55:53,1.0,1831.85,333.0,130
42947770,Vincent Bahri,januja43@example.com,918697987562,"H.No. 198
Dhingra Nagar
Raiganj-712327",Bhalswa Jahangir Pur,582630,2024-09-18,New,16,1358.53,,0.0,0.0,,47
66252737,Umang Bhavsar,xiti79@example.org,918253237477,"91/97, Doctor Zila
Madurai-593317",Warangal,272505,2024-09-12,Premium,15,1188.67,2023-09-24 16:33:09,1.0,2382.03,407.0,53
71615827,Yash Contractor,aadi81@example.com,919513823264,"H.No. 89
Dhillon Path, Pondicherry 003231",Bulandshahr,346706,2024-03-23,Premium,3,900.98,2024-01-19 08:13:03,2.0,3004.04,290.0,226
15487049,Aadhya Cherian,rushil71@example.com,915068387363,"H.No. 071
Mane Circle
Jorhat 896774",Motihari,716665,2024-02-13,New,15,1928.0,2024-07-10 06:45:25,2.0,5137.77,117.0,265
85218071,Panini Mani,bhavanighosh@example.org,912901349860,"397
Ramaswamy Nagar, Motihari-389474",Hyderabad,908140,2023-04-28,New,20,1125.33,2024-05-18 15:43:45,2.0,5135.92,170.0,556
24456825,Vansha Khurana,patrickyohannan@example.com,919196673491,"94, Varty Zila
Pallavaram 302373",Indore,382788,2023-12-21,Inactive,18,363.12,2023-11-05 10:24:11,2.0,5323.4400000000005,365.0,319
15043066,Bakhshi Majumdar,mittalaarini@example.com,914631697976,"H.No. 597
Johal Ganj, Bhilwara 123696",Rohtak,707096,2024-02-12,Inactive,2,1748.41,2023-04-07 10:39:15,1.0,2129.39,577.0,266
98246574,Rachita Varty,hardik53@example.net,918123225989,"H.No. 85, Bail
Gandhidham-851792",Chinsurah,638222,2023-03-24,Premium,15,1904.61,2024-10-18 17:00:08,3.0,7413.13,17.0,591
80567870,Andrew Bajaj,ekavir45@example.org,913353528598,"740, Ramachandran, Shivpuri-023391",Khammam,390449,2024-06-05,Regular,1,1769.49,,0.0,0.0,,152
92843141,Mekhala Seshadri,shethchakradhar@example.com,916092001301,"H.No. 61, Mall Path, Gangtok-253081",Kota,595099,2023-04-02,Premium,1,502.79,2024-08-04 21:00:58,1.0,4371.79,91.0,582
62416456,Diya Chakrabarti,bhavanikala@example.com,919634128482,"937, Nayar Street
Ongole-865795",Medininagar,121675,2023-09-25,Inactive,18,752.91,2024-10-23 00:20:31,3.0,7033.82,12.0,406
6245778,Reva Shanker,edhitha04@example.org,915282895141,"H.No. 716
Ram Marg, Kakinada 548086",Guntakal,850565,2024-01-11,Premium,17,1779.46,2024-01-05 13:00:28,3.0,2736.77,304.0,298
80315623,Varenya Banik,aachalsarma@example.com,910978849959,"261
Yohannan Zila, Kalyan-Dombivli 109129",Loni,205436,2024-10-14,New,14,1313.73,2023-11-03 22:42:39,2.0,5371.2300000000005,366.0,21
46623192,Warinder Sastry,pallaraksha@example.com,913785653819,"H.No. 50, Uppal Marg
Anantapur-558351",Nizamabad,232354,2024-10-22,New,6,1970.59,2024-06-26 13:15:57,6.0,11109.06,131.0,13
27504517,Rayaan Gupta,tailorsimon@example.org,918679065841,"77, Mital Path
Rajahmundry 334280",Bardhaman,833561,2023-06-30,New,18,1175.7,2024-05-22 03:16:45,3.0,2869.33,166.0,493
22800586,Jacob Lad,ramakrishnanchandresh@example.net,916720787687,"09, Varma
Bareilly-794732",Bijapur,339864,2024-06-12,New,10,1332.02,2024-03-06 18:58:23,4.0,6143.59,243.0,145
17287733,Balhaar Chaudhari,ranveerkrish@example.com,915241154906,"824
Bedi Nagar
Siliguri 925880",Morbi,410335,2024-04-27,Premium,12,1897.84,2024-05-06 02:04:58,2.0,5041.110000000001,182.0,191
87691707,Radha Jha,subramanianveer@example.org,917471816598,"95/78
Narain Path, Farrukhabad-849186",Miryalaguda,930945,2024-04-05,Inactive,18,1423.63,2024-09-25 19:16:34,1.0,2930.46,40.0,213
8655667,Ayaan Upadhyay,akapur@example.com,918735041469,"039
Bobal Path, Jalandhar-942451",Gwalior,479960,2023-07-16,Premium,1,456.16,,0.0,0.0,,477
2442235,Pushti Bhattacharyya,qmaharaj@example.org,910324285991,"H.No. 38
Loyal Street
Vellore 607787",Latur,117097,2024-05-17,Premium,11,661.58,2024-10-24 22:24:07,2.0,3747.3,10.0,171
41073776,Urmi Dara,anitakaur@example.com,913612230348,"93, Bhatnagar Marg, Hindupur-363934",Meerut,658588,2024-03-02,Premium,8,1366.55,2024-01-29 10:54:13,2.0,6054.68,280.0,247
45659330,Jackson Sandal,leena40@example.net,913923091063,"H.No. 607
Kar Nagar, Maheshtala 129369",Gwalior,236335,2024-07-28,New,19,1364.9,2024-03-10 20:52:16,3.0,5961.19,238.0,99
79369660,Bahadurjit Doctor,isaiahdesai@example.com,918612602657,"23/122, Kale Nagar
Aurangabad-034703",Purnia,782515,2023-12-11,Premium,13,1085.69,2024-08-06 18:45:52,2.0,5410.93,90.0,329
44269569,Chasmum Natarajan,nisha81@example.org,914487444914,"H.No. 852, Comar Chowk, Sangli-Miraj & Kupwad-332124",Agra,129271,2024-06-16,New,18,812.22,2024-09-18 12:49:11,3.0,4768.969999999999,47.0,141
46848302,Praneel Ramesh,utara@example.com,912422932652,"542
Kota Chowk, Medininagar-457616",Gulbarga,748017,2024-07-15,Premium,15,1657.96,2023-05-17 20:56:25,2.0,3861.0299999999997,536.0,112
83034412,Unnati Deol,vchoudhary@example.com,918211722634,"H.No. 276
Dugal Circle
Rourkela-734631",Jamnagar,743423,2024-04-22,New,11,1077.88,2024-06-11 22:58:08,1.0,48.55,145.0,196
26912171,Jagat Banerjee,sudikshabhatt@example.com,910056698506,"66/690
Gala Zila
Motihari 873668",Rampur,426824,2024-06-21,New,2,386.54,2024-08-15 15:53:16,2.0,3668.87,81.0,136
71229024,Manbir Ramesh,ekbaldeshmukh@example.net,919167807700,"38/411
Deshmukh Marg
Gangtok 554649",Jamalpur,761366,2024-02-10,New,4,1869.02,2024-06-03 05:27:05,2.0,3457.68,154.0,268
20835909,Inaya Ramanathan,madhavsom@example.org,915770149400,"87/765, Kota Ganj, Saharsa 993982",Tinsukia,681334,2023-04-02,Premium,9,713.25,2023-11-03 03:32:12,1.0,1063.55,367.0,582
83155219,Yauvani Chanda,ijayavasa@example.net,912774870676,"H.No. 66, Malhotra Zila
Mangalore-435105",Satara,88020,2024-02-18,Inactive,5,1433.81,2024-06-23 09:48:26,1.0,654.31,134.0,260
80286283,Girindra Kalla,yash33@example.com,918122810213,"H.No. 328, Basu
Gangtok 697599",Ahmednagar,167124,2023-10-10,Regular,8,311.01,2024-10-25 08:35:30,2.0,4514.09,10.0,391
30367559,Bhavna Guha,isabharwal@example.com,916618110362,"H.No. 38
Prabhu Nagar, Gorakhpur-773747",Aligarh,885164,2024-09-29,Regular,6,1419.6,2024-09-08 20:08:07,1.0,1456.96,57.0,36
76082627,Ekalinga Goda,madhavijayaraman@example.com,914631524618,"91/217
Sachdev Zila
Bijapur 682568",Jehanabad,877090,2024-07-03,Inactive,4,770.0,,0.0,0.0,,124
41874489,Vrishti Baria,varsha76@example.com,917971760280,"70
Sawhney Street, Agra 309466",Ahmedabad,285855,2023-04-09,Regular,2,1944.43,2024-05-07 09:15:34,3.0,9818.12,181.0,575
47335806,Pavani Borde,yashodhara92@example.com,916632289559,"H.No. 70, Chatterjee
Thrissur-635211",Pimpri-Chinchwad,553989,2024-05-25,Regular,9,1188.0,,0.0,0.0,,163
59824662,Tanish Jayaraman,sarmaavi@example.net,917132578180,"H.No. 55, Kala Path
Dibrugarh 172574",Bhilwara,406032,2024-05-18,Premium,1,741.83,,0.0,0.0,,170
16436359,Yashica Ramesh,upasna58@example.net,910300078228,"41/28, Tella Zila
Bokaro-422478",Kota,362536,2024-07-26,New,9,1485.15,2024-07-24 23:07:04,2.0,6487.54,102.0,101
45383958,Aachal Mangat,yasti56@example.org,917359299521,"H.No. 37
Venkatesh, Sonipat-528712",Rewa,626591,2024-10-02,New,19,482.19,2024-02-24 14:06:37,1.0,1460.67,254.0,33
52613657,Kala Ravi,unni50@example.org,917291189791,"H.No. 521
Peri, Khora  519235",Sultan Pur Majra,685992,2023-03-16,New,9,470.5,2024-09-02 23:59:51,2.0,5728.15,62.0,599
36675827,Xiti Chowdhury,naksh47@example.com,919583780426,"47/62, Dhar, Jaipur-105116",Patiala,230470,2024-10-07,Inactive,15,1143.03,2024-04-04 07:26:06,2.0,5605.43,214.0,28
80800079,Shivani Barad,csanghvi@example.net,919371491537,"62/36, Bhatnagar Zila, Tiruchirappalli-339874",Bidhannagar,221116,2023-05-12,Inactive,18,508.84,2024-07-19 12:41:59,2.0,2390.05,108.0,542
45066676,Lipika Murthy,lankayagnesh@example.com,913928866671,"55, Bassi Marg, Bhilwara 898751",Satna,469678,2023-03-25,Premium,1,1076.85,2024-10-02 06:57:04,3.0,7158.5,33.0,590
1060685,Yadavi Rajagopalan,dipta24@example.net,912609155283,"48
Choudhary Ganj, Gorakhpur 965066",Mango,449803,2024-03-07,Inactive,4,999.24,,0.0,0.0,,242
87536050,Rushil Raja,xrau@example.org,916646603523,"H.No. 197
Mody Zila
Sirsa 179676",Vadodara,593400,2023-04-02,Regular,18,1857.99,,0.0,0.0,,582
67829645,Akshay Vohra,sainigam@example.net,915456660745,"35, Ramaswamy Road, Munger 879775",Jamalpur,675581,2023-11-08,New,4,711.83,2024-07-01 20:22:07,2.0,4523.28,126.0,362
45700473,Omkaar Padmanabhan,vedantgrover@example.com,914785576484,"808
Balakrishnan Ganj, Begusarai 914766",Thoothukudi,88698,2023-12-23,Inactive,12,525.38,2024-01-10 23:12:29,3.0,10020.130000000001,298.0,317
90144978,Pooja Lad,kothariyashoda@example.net,914662712497,"013
Sarma Circle
Rohtak 943634",Chittoor,216756,2024-07-10,Regular,3,1017.23,2024-05-16 05:05:56,1.0,1927.44,172.0,117
96629258,Liam Joshi,choudharyelijah@example.net,916067383883,"78/80, Venkataraman, Lucknow 671983",Chandigarh,918398,2023-07-07,Inactive,14,1462.21,2024-10-10 08:16:56,3.0,6915.79,25.0,486
76925460,Tara Narasimhan,reva48@example.org,914214193495,"29, Tak Path, Yamunanagar 262795",Kharagpur,501619,2024-05-17,Regular,2,1526.55,2024-08-04 10:24:41,1.0,4636.88,92.0,171
59190584,Xiti Tata,jgolla@example.com,912224721462,"77/806, Sethi Nagar
Phusro-516017",Vijayawada,483920,2024-05-19,Premium,6,1175.38,,0.0,0.0,,169
24323106,Faras Edwin,janani01@example.net,913495856739,"96/09
Jaggi Circle
Siwan-762214",Amaravati,840367,2024-02-12,Inactive,19,384.21,2024-04-13 17:15:30,2.0,4018.13,205.0,266
66354642,Priya Behl,pdas@example.org,918110065349,"H.No. 37, Karpe Marg
Rajkot 008569",Tenali,696330,2024-03-30,Premium,7,1153.17,2024-09-05 08:27:06,2.0,6306.860000000001,60.0,219
17390673,Raghav Wali,forum17@example.net,912430555725,"49/45, Doctor Road, Anand-556316",Korba,669102,2024-10-23,Regular,16,1043.26,2024-09-30 15:47:01,2.0,1888.67,35.0,12
80419534,Gunbir Pandey,baradvihaan@example.com,913927367437,"109, Bose Path
Bharatpur 828807",Sagar,841623,2024-01-02,Premium,19,993.78,,0.0,0.0,,307
4439806,Balendra Sethi,johalmadhavi@example.net,912826946272,"89/706, Grewal Street, Jalgaon-268348",Mathura,838796,2024-04-19,New,7,790.59,2024-04-22 02:53:06,3.0,8478.0,196.0,199
89811984,Saumya Yadav,mseshadri@example.net,915999625979,"H.No. 132, Behl Path, Kakinada 191344",Ramgarh,309567,2023-07-26,Regular,3,1957.67,2024-04-19 19:39:06,1.0,263.7,199.0,467
44223796,Bakhshi Lad,indira89@example.com,910380300612,"38/453
Dasgupta Chowk, Tirunelveli-600855",Erode,41954,2023-06-16,Regular,16,1449.84,2024-09-30 23:40:49,4.0,11971.46,34.0,507
88223261,Yoshita Suri,xiti38@example.com,914811973924,"H.No. 42, Wali
Panihati-273533",Navi Mumbai,578028,2024-01-14,Regular,7,532.31,2024-07-07 17:51:59,2.0,6216.6900000000005,120.0,295
90372221,Rajeshri Hayre,pahal62@example.com,919263387366,"H.No. 571, De Chowk, Rampur-364379",Jabalpur,262984,2023-05-30,Regular,6,1923.68,2023-11-13 12:31:56,2.0,2861.57,357.0,524
87213891,Janani Malhotra,idikaamble@example.com,914987307199,"H.No. 54
Chowdhury Road, Phusro-208073",Sonipat,813317,2023-06-03,New,1,1382.19,2023-11-10 13:37:27,1.0,4110.56,360.0,520
45729563,Jagvi Chaudry,ishenoy@example.org,912803231374,"58/545, Doctor Zila, Sri Ganganagar 092880",Bijapur,919273,2023-08-13,New,14,725.66,,0.0,0.0,,449
10706516,Charita Srivastava,dakshesh23@example.org,917851282763,"57/12, Narula Road
Karaikudi 600784",Miryalaguda,85972,2024-08-18,Regular,13,1420.97,,0.0,0.0,,78
25526479,Mason Doctor,siyasinghal@example.net,912906385338,"H.No. 45
Nadig Ganj, Ongole-168533",Hazaribagh,154794,2023-03-16,Regular,2,391.73,2023-04-11 06:16:55,1.0,3732.99,573.0,599
90902199,Faras Dua,sairajagopal@example.com,911485483795,"72/803, Puri Ganj, Kottayam 970220",Kishanganj,502489,2024-06-27,Regular,17,707.15,,0.0,0.0,,130
89874335,Mitali Sheth,sinhahemang@example.org,912129269238,"58/50, Batta Zila, Chandigarh 648087",Raiganj,701928,2023-04-14,New,15,808.55,2023-09-16 08:57:33,1.0,2976.93,415.0,570
27381533,Zayan Guha,bahriforum@example.net,916631495305,"64/71, D’Alia Circle
Kochi 188675",Rampur,831630,2023-08-06,Premium,9,1414.83,2023-10-06 18:00:56,1.0,4712.89,395.0,456
50652833,Aarnav Mittal,mohananika@example.org,910883311515,"H.No. 921, Choudhary Marg
Ahmednagar-371806",Belgaum,138728,2024-04-20,Premium,16,274.21,,0.0,0.0,,198
65391539,Yashica Khurana,kkata@example.org,915728034109,"H.No. 134, Mangat
Jamshedpur-231579",Satara,480445,2024-04-27,New,3,446.4,,0.0,0.0,,191
59517074,Aarav Murty,chadhameera@example.com,912806180633,"H.No. 17, Mane Circle
Davanagere 301952",Ichalkaranji,862020,2023-05-12,Premium,3,1693.23,2024-04-05 02:15:27,1.0,3075.26,213.0,542
66943324,Gavin Karnik,rudrakrishna@example.com,915045422274,"36/02
Padmanabhan Ganj, Saharsa 133874",Gorakhpur,851838,2023-08-13,Premium,19,1013.57,2024-08-27 16:34:48,4.0,8707.36,69.0,449
67386193,Wakeeta Khurana,pillaifariq@example.net,919266189601,"H.No. 48, Luthra Ganj
Baranagar-391311",Pali,488313,2024-06-01,Regular,14,1029.98,2024-09-07 07:00:44,5.0,6392.8099999999995,58.0,156
96009692,Panini Naik,ekapad42@example.org,919936871600,"64/48
Nigam, Proddatur-341138",Bhagalpur,700626,2024-07-28,Regular,15,1970.23,2024-07-18 20:57:10,2.0,7219.48,108.0,99
89986926,Manya Barad,vihaandey@example.net,913773330901,"H.No. 15
Kalita Marg, Bijapur-881606",Kota,455704,2024-11-04,New,18,1235.14,2024-09-29 07:44:45,3.0,7075.09,36.0,0
58170168,Urmi Bansal,vamakshiramachandran@example.org,918168193739,"497
Madan, Anantapuram-223901",Sasaram,480016,2023-08-03,Premium,16,757.56,2024-10-29 19:38:02,3.0,5654.0,6.0,459
17392512,Lavanya Bumb,iwable@example.net,911105571320,"30/18
Bath Zila, Vijayanagaram 234562",Secunderabad,103058,2024-07-04,Premium,14,1902.78,2024-09-30 12:51:20,1.0,361.89,35.0,123
10038382,Rajata Balay,sanaya20@example.net,913662858508,"43
Sood Circle
Anand 032303",Bahraich,605355,2023-08-15,Inactive,3,339.73,2024-01-10 12:05:56,2.0,6331.04,299.0,447
98691989,Dakshesh Lala,wsathe@example.org,913368717192,"H.No. 246
Khosla Path, Parbhani 480197",Bhavnagar,312609,2024-08-30,Regular,18,1980.1,2024-06-10 07:16:02,2.0,3075.4300000000003,147.0,66
14323169,Jai Raj,widishamerchant@example.org,913914844066,"54
Ramanathan Chowk, Miryalaguda-463278",Firozabad,781242,2023-05-15,Inactive,20,1651.18,,0.0,0.0,,539
67729191,Arin Grover,rsehgal@example.org,910767750343,"24
Ratta Nagar, Mumbai 505338",Karimnagar,981853,2023-12-31,New,17,722.69,2024-10-25 12:09:18,5.0,8890.43,10.0,309
57063557,Vaishnavi Srinivas,onisubramaniam@example.org,919544044299,"H.No. 54
Kumer, Ahmednagar-380592",Raurkela Industrial Township,307921,2023-06-27,Inactive,5,1465.59,2023-08-22 19:11:32,1.0,1686.55,440.0,496
83058329,Fariq Arya,aradhanaramachandran@example.com,913060752366,"90/99
Samra Marg, Belgaum-250930",Varanasi,807586,2024-07-13,Inactive,6,248.96,2024-09-08 14:02:47,1.0,275.03,57.0,114
17521263,Tanvi Patla,kvarughese@example.com,912592294650,"H.No. 90
Pant Ganj
Bally 308097",Serampore,580825,2024-06-23,Inactive,19,1990.96,2023-12-18 12:09:20,1.0,738.71,322.0,134
37904682,Krisha Shere,ssarin@example.org,913917558935,"209, Hegde Ganj
Bidhannagar 176217",Bhimavaram,730139,2024-10-03,Premium,20,567.65,2023-06-07 03:07:57,1.0,2010.82,516.0,32
30447453,Jagrati Lad,bjain@example.com,914094100272,"379, Cherian Zila, Panihati 138451",Thanjavur,425881,2023-06-01,Premium,14,389.39,2024-07-23 17:11:45,4.0,7116.539999999999,104.0,522
73661993,Elijah Verma,jiyer@example.org,910700318505,"H.No. 87, Kuruvilla Marg, Madhyamgram 992879",Hajipur,170699,2024-08-28,Inactive,2,1800.62,2024-07-10 14:21:12,2.0,1715.1000000000001,117.0,68
97277696,Ijaya Halder,hariyug@example.net,910067533786,"506, Mohanty Chowk, Bulandshahr 342089",Jamalpur,190033,2023-06-21,Premium,8,1630.93,2023-11-29 11:12:59,1.0,933.3,341.0,502
27336589,Bishakha Bhargava,siyathakur@example.org,916632910288,"41/83, Walia Path, Pune 923796",Ghaziabad,702025,2023-12-28,New,11,678.05,2024-07-05 22:01:58,3.0,5092.16,121.0,312
66499992,Anirudh Barad,nsundaram@example.org,916569056034,"29/059
Parsa Zila
Serampore-060287",Haridwar,240315,2024-04-17,Regular,11,927.0,2024-04-04 13:57:44,2.0,3003.04,214.0,201
14367270,Ganga Mody,siddharthkale@example.com,914861358787,"87
Barman Zila
Guna 597819",Jabalpur,191949,2024-03-28,Inactive,16,763.23,2024-10-04 13:15:54,2.0,2468.38,31.0,221
30373140,Sai Dhingra,jnagarajan@example.com,911350209612,"H.No. 191
Sarraf Path, Guntur-844266",Kishanganj,125766,2024-07-28,Regular,2,596.71,2023-12-21 12:56:24,3.0,6889.35,319.0,99
96171594,Pratyush Tak,ibanik@example.org,913712129827,"H.No. 885
Kara, Nadiad 204192",Jodhpur,808731,2023-06-28,Regular,19,385.02,2024-05-07 07:55:24,1.0,1513.03,181.0,495
35402531,Eta Gola,khareurishilla@example.com,911088654783,"H.No. 24
Khalsa Nagar
Kalyan-Dombivli-228271",Kulti,872429,2023-06-04,New,11,1808.3,2024-08-30 05:15:03,2.0,5781.3,66.0,519
82989313,Finn Ghose,chanderlogan@example.org,914625083034,"34/85
Sandhu Path, Dharmavaram 398768",Deoghar,667126,2024-09-20,Inactive,15,1060.18,2024-10-30 15:25:29,3.0,7429.41,5.0,45
93826036,Reyansh Sarma,awason@example.org,912625405261,"528, Dar Ganj
Kurnool-850226",Hazaribagh,267488,2023-03-20,Premium,19,1143.97,2023-05-06 05:42:40,1.0,5271.36,548.0,595
87444738,Meghana Prabhu,comarfrado@example.net,912007001918,"33/015
Basu Chowk
Hazaribagh 623922",Satna,647152,2023-08-16,Inactive,9,1435.78,2024-09-09 20:27:41,1.0,1173.0,56.0,446
92356639,Girish Lall,nihalmani@example.net,918704717716,"H.No. 722
Badal Street, Sangli-Miraj & Kupwad 073500",Udaipur,558949,2023-07-20,Inactive,10,261.81,2024-08-09 17:39:54,4.0,11966.82,87.0,473
46836361,Champak Nazareth,gabrielkapadia@example.org,912143681671,"66/47, Mitra Nagar
Tinsukia-056627",Bikaner,287396,2023-11-22,Premium,16,545.22,2024-10-06 06:32:32,2.0,4058.95,29.0,348
25770577,Janya Chhabra,sachdevabdul@example.net,919768264030,"546
Sampath Circle, Kurnool 566625",Jaipur,799444,2023-07-17,Regular,17,1095.13,2024-03-27 19:56:20,3.0,4014.2700000000004,222.0,476
59094034,Ekanta Dass,johalkala@example.net,918448088232,"H.No. 49
Khare Zila, Khammam-745540",Nangloi Jat,513907,2023-05-22,Regular,1,771.9,2024-07-20 08:44:16,4.0,9079.13,107.0,532
65543312,Logan Pillay,krish11@example.com,913496402599,"05, Buch Street, Faridabad 972146",Mumbai,706490,2024-07-28,New,4,1209.29,2023-08-07 07:47:35,1.0,1438.16,455.0,99
28205701,Vedika D’Alia,dhillonthomas@example.com,912668365905,"76/920
Reddy Ganj, Motihari-005549",Panvel,289627,2024-10-25,Inactive,10,1286.02,2024-07-29 18:08:33,2.0,2434.17,98.0,10
81346291,Yashasvi Acharya,ramaswamyedhitha@example.org,916964239005,"209
Ravi Ganj
Sambhal 050363",Nizamabad,656769,2023-08-07,Premium,11,490.48,2024-03-01 14:00:21,2.0,1779.77,248.0,455
79764458,Bhavani Kant,mekhala15@example.org,915988293261,"83, Murty Street, Mira-Bhayandar 564005",Etawah,466737,2023-12-21,New,3,501.25,2024-11-03 04:48:42,5.0,11461.75,1.0,319
42101831,Eshana Dutt,neelima02@example.net,912499219448,"84/796, Raju Nagar
Ballia-732796",Madhyamgram,546948,2023-09-16,Inactive,8,212.33,,0.0,0.0,,415
34657654,Vidhi Devi,zaid59@example.com,911799003085,"95, Srivastava Road, Rourkela 177189",Ramgarh,189096,2024-06-24,Inactive,18,1243.18,,0.0,0.0,,133
3730316,Ishanvi Shankar,daksha35@example.org,912906397510,"356
Mohan Nagar
Cuttack-228642",Berhampore,968515,2023-03-20,Regular,10,215.72,2024-10-13 13:52:50,3.0,3173.85,22.0,595
86479284,Harini Kadakia,jacobmadan@example.org,916786214335,"H.No. 43, Bhasin Marg, Nellore-336446",Davanagere,315863,2024-10-17,Premium,9,461.87,2023-12-24 07:32:20,2.0,2658.6,316.0,18
81174361,Shivansh Sawhney,kkhalsa@example.org,915425736706,"H.No. 92
Venkatesh Circle, Burhanpur-429078",Bhopal,487403,2024-07-16,Inactive,12,223.29,2024-08-31 08:12:32,1.0,2474.23,65.0,111
13251137,Ekalinga Vasa,kibesiddharth@example.net,911079854186,"926, Pradhan Ganj, Silchar-691207",Rampur,87377,2023-05-19,Premium,2,1633.07,2024-08-25 09:54:40,5.0,11343.79,71.0,535
53523251,Yashoda Chauhan,unnigoswami@example.net,916594954198,"64/682, Mannan Circle
Farrukhabad 476505",Ranchi,290313,2024-03-17,New,4,1871.94,,0.0,0.0,,232
84382654,Gaurangi Singh,vbumb@example.org,918310880668,"429, Goswami Chowk, Bhiwandi-975689",Pali,843683,2024-10-24,Inactive,3,540.83,,0.0,0.0,,11
22076522,Chaaya Andra,baniklila@example.org,916122081552,"11/294, Chander Zila, Ambarnath-944366",Hindupur,271246,2024-05-13,Regular,5,1670.28,2024-09-17 20:10:13,4.0,9534.15,48.0,175
26521850,Yatin Varma,shahadvika@example.com,910664125053,"29, Kothari Circle, Phusro-901162",Kishanganj,263131,2023-06-10,New,10,215.87,2024-08-28 21:17:15,2.0,1095.46,67.0,513
12277039,Manthan Trivedi,mparmer@example.org,916416122694,"83/51, Prakash Path
Parbhani 536736",Unnao,287796,2023-09-13,Regular,1,1422.63,2024-07-10 12:50:15,4.0,12860.59,117.0,418
39153585,Rishi Sur,modykaran@example.org,919970204248,"27/13, Prabhakar Ganj, Kishanganj 123587",Tirunelveli,325976,2024-03-03,Premium,9,1851.83,2024-07-28 05:46:17,3.0,4411.3,99.0,246
99231937,William Banerjee,bahadurjitsarin@example.net,917079072572,"86/296
Buch Marg
Satara 896641",Secunderabad,246460,2023-08-13,Regular,16,1757.01,2024-08-14 11:06:48,3.0,6129.04,82.0,449
49970560,Pallavi Rao,aryan83@example.net,912045584381,"11/37, Sahni Street, Madurai 667472",Guwahati,787564,2023-10-17,Regular,15,1587.05,2024-09-13 23:51:04,3.0,6762.54,51.0,384
68985290,Jack Memon,rmalhotra@example.net,914438976612,"51/961, Majumdar Zila
Jamshedpur-164148",Ujjain,770279,2023-12-11,Premium,17,1779.1,2024-03-21 16:06:32,2.0,3652.08,228.0,329
48000260,Dakshesh Jhaveri,kundaucchal@example.com,913975067956,"H.No. 772, Banerjee Zila, Imphal 073883",Bulandshahr,230718,2023-09-28,Inactive,18,592.51,,0.0,0.0,,403
2136830,Bhavya Goswami,saxenamadhavi@example.net,916953143954,"09/73
Bath Street
Parbhani-673476",Bidhannagar,598513,2023-09-19,New,4,485.78,2023-09-09 17:10:08,1.0,4369.13,422.0,412
44426129,Aahana Gopal,tdave@example.org,911329393852,"297
Kakar Zila
South Dumdum 826959",Vasai-Virar,945784,2023-09-23,Regular,10,591.55,,0.0,0.0,,408
57081965,Daksha Mutti,chaman40@example.org,917025021525,"168, Bala Circle
Vijayawada 590467",Patna,779376,2024-10-14,Regular,7,897.32,,0.0,0.0,,21
34156884,Rachita Lal,savantwarda@example.com,916220051464,"96/155
Srivastava Ganj, Farrukhabad 800537",Kolkata,769142,2023-06-02,Regular,14,877.65,2023-09-05 12:52:44,2.0,1794.35,426.0,521
27694927,Vedant Chandra,bhavikadara@example.org,910304045215,"H.No. 46
Oak Path, Dewas 419841",Nagpur,711139,2024-06-11,Premium,8,267.32,2023-11-15 18:55:20,1.0,1751.84,355.0,146
16230299,Urvi Koshy,mdatta@example.net,916378326641,"H.No. 010
Chandran Street
Mau 901345",Pune,858006,2024-08-22,Regular,4,1776.71,2023-10-25 22:24:54,1.0,626.19,375.0,74
99424244,Bhavini Mander,yashasvipalan@example.net,916324786919,"800
Subramanian Street
Dhule-015954",Mumbai,184817,2024-03-30,Premium,15,379.8,,0.0,0.0,,219
3893903,Bimala Sura,aradhanaganesh@example.net,919430583987,"H.No. 05, Balay Zila, Hazaribagh 973916",Bathinda,546301,2023-03-23,New,20,1922.71,2024-07-02 12:16:17,1.0,923.84,125.0,592
42989999,Ishwar Munshi,pganguly@example.org,919523281337,"643
Vaidya Circle
Kota-421541",Mahbubnagar,396934,2024-03-17,New,2,247.46,2024-10-15 05:22:12,3.0,9290.13,20.0,232
16617201,Ekaraj Bhandari,magarbanjeet@example.net,910754952959,"71/757
Sen Street
Kavali 743310",Hosur,790556,2024-01-20,New,8,355.17,2024-05-10 09:01:56,1.0,53.49,178.0,289
46615831,Wishi Chada,avi03@example.org,916374050977,"30/93, Chadha Road
Nizamabad-229304",Raurkela Industrial Township,947965,2024-05-28,Inactive,4,855.3,2024-02-12 20:15:18,3.0,9938.48,266.0,160
55286608,Ekaraj Shan,psankaran@example.net,915042339924,"06/50, Loke Nagar, Tadepalligudem 421448",Kozhikode,112691,2024-04-11,New,11,374.96,,0.0,0.0,,207
79789048,Saumya Bassi,falgunichaudhari@example.net,913549437973,"H.No. 25, Kumer Zila, Jalandhar-370188",Ozhukarai,401049,2023-11-04,Regular,17,771.05,2023-11-09 18:09:39,1.0,3759.65,361.0,366
92885616,Noah Dey,nakshraghavan@example.net,913954332213,"88, Nadkarni Nagar, Gaya 628811",Delhi,342749,2024-02-07,Inactive,13,285.81,,0.0,0.0,,271
8375298,Yahvi Vora,misrathomas@example.net,917327618091,"92
Mahajan Marg
Tadepalligudem-886941",Begusarai,665539,2023-06-16,Premium,5,443.91,2023-09-12 00:13:47,2.0,1112.44,419.0,507
75560116,Indali Sehgal,qthaker@example.com,915114008972,"49/97
Gole Zila, Rampur 083595",Karaikudi,425210,2024-10-04,Regular,3,708.22,,0.0,0.0,,31
81462774,Ishaan Sarkar,bdara@example.net,912543113443,"78
Chaudhuri Marg, Phusro 720202",Junagadh,513437,2024-03-13,Regular,12,1895.04,2024-01-23 06:37:09,1.0,972.69,286.0,236
89784343,Radhika Kaul,vidhimitra@example.net,911430159648,"24/53
Koshy Chowk, Bangalore-414625",Dibrugarh,451264,2024-04-02,Premium,11,673.6,2024-07-28 04:25:12,2.0,4857.52,99.0,216
38355752,Udyati Shenoy,ilad@example.net,917198043543,"882
Sharma Marg, Berhampore 371055",Panvel,848392,2023-10-31,Premium,20,336.21,,0.0,0.0,,370
39976965,Dayamai Sawhney,seshadrizilmil@example.com,910361940355,"980
Soni Circle, Chapra 478764",Pimpri-Chinchwad,858879,2024-05-03,Regular,13,714.17,2024-06-18 02:15:04,2.0,2278.81,139.0,185
33280073,Yuvraj Lad,saanvimandal@example.org,911655001265,"909
Krishnamurthy Circle
Nizamabad 447824",Tadepalligudem,102918,2023-07-01,Inactive,17,1537.47,2023-08-18 08:26:18,1.0,989.77,444.0,492
46594066,Ishaan Lad,vsengupta@example.net,911766149593,"52/94, Choudhury Street
Chittoor-870282",Giridih,731803,2024-07-15,Premium,7,519.46,,0.0,0.0,,112
90298394,Urvashi Oak,tacharya@example.com,916127998611,"82, Nagi Ganj
Kulti 065984",Bhilwara,744905,2023-04-22,Regular,1,1947.79,2024-10-14 15:16:37,3.0,3074.34,21.0,562
42465414,Ria Mallick,lajitatrivedi@example.com,919771037426,"56/146
Rege Nagar, Kamarhati-492065",Kadapa,486794,2024-01-26,Regular,17,1898.12,2024-07-21 02:22:15,2.0,2606.2799999999997,106.0,283
13850004,Umang Ramakrishnan,warda08@example.org,911629873465,"724, Shah, Kishanganj 847017",Kozhikode,23455,2023-12-15,Premium,15,1129.76,,0.0,0.0,,325
55060796,Lopa Barman,yashodhara48@example.net,910750969994,"827
Narula Street, Karnal-354449",Satara,268202,2024-07-02,New,5,1299.25,2024-04-05 09:50:05,3.0,7652.209999999999,213.0,125
25829710,Saumya Chhabra,gangaverma@example.com,916273990493,"H.No. 13
Sidhu Road, Gorakhpur-295747",Faridabad,289481,2024-01-21,New,4,1894.32,2024-09-01 08:11:47,4.0,7225.93,64.0,288
53782978,Laban Baria,mohinihari@example.net,913191651115,"H.No. 66, Kumer Street
Bongaigaon 699438",Junagadh,690652,2024-08-05,New,10,1390.84,2023-05-19 05:22:03,1.0,4111.84,535.0,91
76441843,Neelima Chander,znadkarni@example.org,910526681272,"H.No. 72, Raja Nagar, Anantapur 525150",Gulbarga,583506,2023-05-28,New,10,1437.54,2023-11-01 14:10:21,1.0,1813.08,369.0,526
4543215,Farhan Soni,binakala@example.com,910054329885,"84/481
Gupta Marg
Kolhapur-377160",Satna,339165,2023-10-21,Premium,6,526.7,2023-12-08 04:15:17,1.0,2653.37,332.0,380
86444757,Zaitra Walia,jason88@example.org,917107156292,"980, Boase Path
Shimoga 779674",Jabalpur,546325,2023-05-25,New,10,1212.75,2024-07-13 16:18:13,3.0,9885.380000000001,114.0,529
22161071,Arunima Deol,dhruvlala@example.org,913157281420,"H.No. 579
Bala Zila
Durgapur 493585",Jalna,571163,2023-06-30,New,7,1582.43,2023-09-07 07:49:52,1.0,2337.12,424.0,493
66310963,Farhan Khare,bavaatharv@example.com,910532753576,"95/373, Mohanty Marg, Visakhapatnam-528253",Dewas,874424,2023-05-27,Inactive,6,1289.52,2024-11-03 07:53:59,5.0,13237.19,1.0,527
57340963,Wridesh Kothari,eshana23@example.com,914241078794,"56, Mangal Chowk, Nagercoil-046733",Proddatur,479748,2024-02-29,Regular,2,230.19,2024-07-11 16:06:45,4.0,5399.1,116.0,249
49147776,Meghana Khanna,qkari@example.net,918223727918,"290
Prabhakar Road
Purnia-614564",Panvel,468561,2024-07-04,Inactive,5,1115.7,2024-08-23 05:00:22,3.0,3719.06,73.0,123
90743791,Vidhi Saxena,yasti64@example.net,919003391948,"H.No. 239, Kuruvilla Marg, Shivpuri 484426",Morbi,187890,2023-04-16,Inactive,5,1871.81,2024-01-03 04:02:09,1.0,4354.3,306.0,568
54222320,Edhitha Kakar,pillayomisha@example.org,917018280903,"H.No. 47, Singh Nagar
Nellore 891716",Pali,375546,2023-07-24,Regular,19,295.18,2023-06-22 02:54:54,2.0,4402.1,501.0,469
6184558,Gaurang Grewal,jpalan@example.net,913522405840,"51/040, Mittal Chowk
Salem-548267",Tezpur,80875,2023-06-06,Regular,1,1352.97,2023-04-12 09:38:01,1.0,3676.83,572.0,517
46989310,Atharv Sharaf,lallwarinder@example.net,915477306937,"385, Varghese Street, Moradabad 456513",Hindupur,8262,2024-10-03,Regular,17,577.75,2024-08-25 11:26:15,4.0,7205.179999999999,71.0,32
35420673,Anika Agrawal,ymukhopadhyay@example.com,913516247132,"H.No. 261
Chatterjee Ganj
Jalgaon-635598",Chennai,472044,2023-10-16,Premium,19,501.98,,0.0,0.0,,385
9450435,Sai Chaudhry,ravalbina@example.com,914134889578,"76/10
Guha Marg, Thiruvananthapuram-148407",Bellary,630243,2023-11-19,Regular,1,1567.76,2024-05-15 19:31:23,3.0,7220.76,173.0,351
34853377,William Dutta,ktandon@example.net,918007533944,"H.No. 165
Madan Zila, Ambarnath 801685",Nanded,986269,2023-06-04,Premium,8,732.53,2024-08-17 22:01:06,3.0,4021.03,78.0,519
91384030,Gaurika Sheth,guneet73@example.org,916966755401,"820
Doctor Ganj
Chennai 396453",Arrah,418798,2023-12-25,Premium,11,1621.1,2024-02-14 05:21:26,1.0,2292.56,264.0,315
84641682,Anthony Natt,devansh22@example.com,916158145605,"H.No. 18, Deshpande Marg
Sirsa 415949",Bhilai,103668,2024-09-23,Inactive,16,909.95,2024-09-16 09:26:48,2.0,4459.26,49.0,42
97259564,Watika Narayanan,soommen@example.com,914465932360,"H.No. 97, Sule Ganj
Moradabad 014721",Khammam,14378,2024-02-18,Premium,6,1047.69,2024-06-16 10:23:23,2.0,3300.74,141.0,260
88553721,Vritti Mangat,rchoudhary@example.com,915384110682,"H.No. 067
Bhat Marg, Tadipatri 600686",Kadapa,858622,2023-09-10,Regular,6,984.13,2024-10-15 13:06:15,3.0,5392.450000000001,20.0,421
59518795,Wazir Sandal,pmangal@example.org,912725276242,"95/826
Bal
Secunderabad 223476",Jodhpur,589920,2023-11-09,New,16,947.51,2024-08-01 00:28:18,3.0,4678.36,95.0,361
81533356,Gauri Lala,veer75@example.net,915615041337,"49
Radhakrishnan Street
Tenali-419488",Tiruppur,63954,2024-01-28,Premium,14,674.3,2024-01-06 15:27:13,3.0,7608.23,303.0,281
12469338,Lavanya Dani,fsathe@example.org,915012759595,"39/71, Talwar Nagar
Sonipat 594726",Coimbatore,728275,2024-01-30,Inactive,2,1896.89,2024-03-27 09:26:49,2.0,1757.75,222.0,279
60561655,Rohan Palla,imukherjee@example.org,913411162979,"498
Mohanty Path
Udupi-000701",Nashik,563888,2023-12-26,Regular,3,378.17,2024-01-01 15:51:24,2.0,6304.11,308.0,314
9105829,David Gopal,kdeol@example.org,913163739818,"80/23, Kashyap Chowk, Nanded-894272",Begusarai,450245,2023-07-14,Regular,11,1350.06,2023-11-24 08:47:35,2.0,5485.69,346.0,479
33034249,Lavanya Hari,aarini44@example.org,911138185119,"H.No. 62
Padmanabhan Road
Raebareli 131857",Bhind,684458,2024-10-19,Inactive,5,861.55,2023-09-28 14:29:27,2.0,6554.719999999999,403.0,16
69632084,Max Sandal,amrutakhosla@example.org,913886001970,"25, Master Ganj
Jorhat-231554",Etawah,59625,2024-04-07,Premium,17,1400.31,2024-08-27 10:06:15,2.0,4657.2699999999995,69.0,211
69516494,Veda Chad,nakulsani@example.org,915429086834,"63/911
Pandya Zila, Rohtak 316439",Kanpur,520506,2024-09-23,Regular,12,1291.92,2024-05-25 00:12:13,3.0,7099.84,163.0,42
87120918,Wyatt Basak,maanav92@example.com,910505377468,"08, Prabhu Path
Haldia 489368",Malda,526640,2024-04-12,Inactive,10,1017.63,,0.0,0.0,,206
25665997,Barkha Sodhi,esom@example.net,911225729546,"H.No. 810, Sarkar Chowk, Rajahmundry 931307",Muzaffarnagar,684302,2024-08-21,Regular,3,1188.16,2024-07-10 13:12:50,1.0,1306.86,117.0,75
48778633,Sarthak Chaudhari,jmore@example.net,911929560812,"H.No. 27
Keer Zila
Bettiah 229893",Pimpri-Chinchwad,519996,2023-12-13,New,14,609.63,2023-10-08 11:26:54,3.0,8076.2,393.0,327
89617089,Kamala Apte,warjasnayar@example.org,913898334323,"H.No. 63
Sarkar Circle
Orai 521594",Bidhannagar,710095,2024-04-20,New,9,541.33,2024-05-23 03:21:47,3.0,8399.92,165.0,198
61877649,Yuvraj Roy,fitanvarty@example.net,918160299632,"72, Mannan Circle, Durgapur-415078",Nagaon,251525,2023-10-25,Premium,12,1739.04,2024-07-21 18:13:06,3.0,7502.389999999999,106.0,376
46185579,Vidhi Pillai,ishanvi02@example.org,918236993791,"01/95, Mangat
Tinsukia 747651",Siliguri,88753,2024-08-18,Premium,3,1874.34,2024-10-13 12:41:47,4.0,7882.88,22.0,78
8734819,Balveer Verma,henry39@example.org,912461408251,"38/07
Chawla Marg, Farrukhabad 603507",Surendranagar Dudhrej,150558,2023-11-11,New,13,1466.9,,0.0,0.0,,359
46208150,Watika Bedi,lallawilliam@example.net,912333868900,"H.No. 513
Buch Chowk, Mau-355674",Meerut,266700,2024-02-05,New,3,1283.1,2024-06-18 20:01:36,4.0,7588.48,139.0,273
13189939,Ishanvi Raman,kalaoviya@example.net,916171620979,"38, Goyal Road
Ballia 891603",Bhopal,626288,2024-05-04,Inactive,17,1906.92,2024-10-16 08:29:07,4.0,11042.32,19.0,184
93318833,Jagat Sridhar,kashvi96@example.org,915679800880,"09/099, Oommen Zila
Mumbai 615873",Indore,920281,2024-01-10,New,19,490.94,2024-10-31 19:04:59,2.0,4519.360000000001,4.0,299
75640174,Advik Bhakta,yashodharaseshadri@example.org,915605923086,"60/893
Das Chowk, Adoni 157491",Akola,186830,2024-07-26,Premium,2,1380.54,2024-09-30 09:24:51,2.0,5191.6900000000005,35.0,101
69415494,Yashvi Iyer,hkurian@example.net,913715814052,"H.No. 952, Viswanathan Chowk
Ongole-121550",Rajkot,742368,2023-03-23,New,9,706.67,2024-03-15 16:47:34,2.0,4307.38,234.0,592
58505903,Harinakshi Sibal,borabarkha@example.org,919143791748,"H.No. 68
Kohli
Suryapet 129805",Kottayam,289118,2024-01-22,New,18,1079.81,2024-08-22 02:04:33,2.0,2073.37,74.0,287
90184276,Vasudha Brar,rachitraju@example.com,917784991232,"50, Murthy Nagar
Howrah-738443",Kurnool,264663,2024-02-12,Inactive,1,580.47,2023-08-31 12:25:40,3.0,8250.97,431.0,266
5226128,Wridesh Mander,samakshshere@example.org,911346830780,"02/758, Garg Zila, Tinsukia-257738",Bhimavaram,227013,2024-03-09,New,10,1049.1,2024-03-01 06:04:05,2.0,3694.79,248.0,240
99347871,Robert Kashyap,gnadkarni@example.net,915345369198,"37/115
Kade Nagar
Baranagar 427420",Muzaffarnagar,535677,2023-12-01,Regular,3,1535.03,,0.0,0.0,,339
57081917,Nidra Choudhary,htiwari@example.net,914316153012,"H.No. 578
Gaba Zila
Nagercoil-822965",Howrah,420892,2023-12-16,Inactive,6,1378.87,2024-11-01 03:43:48,5.0,12293.97,3.0,324
18791381,Avni Gera,haritagandhi@example.net,917897866204,"80/24
Singhal Path
Anantapur 636515",Jamalpur,585239,2024-03-02,Premium,1,1206.26,2024-10-21 07:09:25,4.0,11040.96,14.0,247
94979163,Warda Sarin,yloke@example.com,917700918124,"07/82
Brahmbhatt Zila, Tumkur-832067",Kanpur,98338,2024-05-14,New,7,1146.5,,0.0,0.0,,174
81822935,Dhruv Ganguly,balvansule@example.org,912529021155,"23/02
Mane
Bhind 848106",Nanded,425857,2023-08-19,Regular,18,1808.94,2024-08-21 19:41:28,5.0,12947.67,75.0,443
63310076,Chavvi Jani,dbhandari@example.com,917103735614,"067
Dalal Zila
Sambalpur-237974",Etawah,334921,2024-05-15,Regular,17,1123.43,2024-07-26 00:01:41,5.0,16014.38,101.0,173
80862136,Pallavi Seth,deshpandebalhaar@example.net,919189855174,"21/80, Shetty Path, Haldia-849255",Ambattur,924868,2024-03-31,Premium,16,393.28,2024-07-21 18:56:11,4.0,6790.79,106.0,218
64316806,Yadavi Bhagat,yahviparsa@example.org,917844043339,"036, Taneja Nagar, Sonipat-029200",Karnal,930174,2024-07-07,Regular,2,836.58,2024-08-27 16:53:31,3.0,2217.9,69.0,120
37183511,Neel Minhas,upma50@example.net,916989909809,"55
Rout Chowk
Bardhaman-834635",Gopalpur,231644,2024-07-29,New,13,1855.04,,0.0,0.0,,98
52085702,Irya Soni,kadereyansh@example.com,912219234142,"H.No. 05, Sachdev Circle
Munger-508158",Fatehpur,231895,2023-09-13,New,8,801.83,2024-10-24 05:41:04,4.0,12120.060000000001,11.0,418
16376189,Samaksh Srivastava,vsom@example.org,914908958231,"H.No. 417
Goel Road, Alappuzha-241112",Chapra,840977,2024-02-25,Premium,10,271.53,2023-06-06 14:27:45,1.0,1609.25,517.0,253
17132416,Diya Tak,timothy84@example.com,914665999776,"86, Swamy Marg, Agra 946002",Solapur,302449,2024-01-02,Regular,20,644.85,2023-07-19 05:19:43,2.0,6849.14,474.0,307
66440188,Ira Radhakrishnan,thomas14@example.org,914366052297,"610
Baral Path
Mahbubnagar-336583",Haldia,894414,2023-08-15,Premium,9,1976.52,2024-08-07 00:05:21,1.0,1019.38,89.0,447
10700664,Rehaan Tara,ishere@example.org,917307216422,"09/35, Kar
Jabalpur 573121",Raebareli,287997,2024-10-10,Regular,5,1535.01,2024-02-15 23:27:04,3.0,2978.8900000000003,262.0,25
12769552,Chameli Ranganathan,yutikaraja@example.org,911478349920,"32/73, Yadav Zila, Junagadh-515395",Ratlam,414930,2023-05-03,Regular,10,1316.09,2024-07-05 13:41:54,1.0,2169.15,122.0,551
89142848,Vasudha Jain,rameshzaitra@example.org,918906815887,"H.No. 190
Pandey Nagar, Bikaner-019291",Rajkot,286052,2024-01-01,New,11,1459.23,2023-05-31 20:34:28,1.0,2075.02,522.0,308
32006907,Mohammed Din,egandhi@example.com,914064496995,"H.No. 00
Contractor Street, Hindupur-954443",Guwahati,192156,2023-09-28,Regular,13,879.66,2024-10-08 20:15:00,1.0,2494.47,27.0,403
85072416,Brinda Sekhon,nayarnathan@example.org,916250194648,"75, Dhar
Durg-621338",Loni,973101,2024-01-03,New,20,467.12,2024-03-19 12:55:48,2.0,5138.66,230.0,306
23755474,Jhalak Rajagopal,rajugeetika@example.org,910332709486,"H.No. 888, Ranganathan Zila, Gulbarga 969531",Jodhpur,891412,2024-09-13,Premium,9,854.81,2023-05-01 02:15:15,1.0,479.64,553.0,52
26752630,Nakul Gade,samuel16@example.net,914583794714,"40/280, Balakrishnan Path, Bongaigaon 601425",Delhi,313960,2024-09-25,Inactive,5,1340.67,2023-12-16 14:27:59,3.0,4225.36,324.0,40
59353207,Aayush Oza,wmangat@example.org,914180828726,"H.No. 293
Divan Road
Berhampur 659733",Khammam,89328,2023-05-31,Inactive,2,1618.52,2024-08-06 13:41:46,2.0,1909.75,90.0,523
12090436,Tripti Yogi,sekhonjhalak@example.org,912933032532,"24/89, Gour, Chandigarh 624564",Asansol,684483,2023-03-19,Regular,18,1307.52,2024-09-28 21:24:26,1.0,834.86,36.0,596
97419742,Wishi Doshi,gauri61@example.com,919351162452,"290, Chad Street, Shahjahanpur-216192",Adoni,603224,2023-10-09,Inactive,7,1663.04,2023-12-18 06:15:35,2.0,8529.91,322.0,392
99772709,Xiti Jaggi,girishgour@example.net,915944903403,"39/76, Yogi Chowk, Jalna-806277",Tadepalligudem,798755,2023-09-03,Regular,11,1905.19,2024-10-03 20:46:07,3.0,5208.45,31.0,428
88667557,Gunbir Anand,avni95@example.net,914652807920,"H.No. 13, Sarma Path
Bhilwara 520495",Chennai,478377,2024-04-16,New,10,792.85,,0.0,0.0,,202
4394659,Xalak Goel,thakurmitali@example.org,915366984594,"69/41, Sen Nagar
Bhagalpur-361305",Pune,92392,2023-08-25,New,7,291.77,2024-05-05 09:52:12,2.0,5924.07,183.0,437
52757321,Hritik Narain,jagvi66@example.net,914710265125,"500
Raghavan Circle
Nellore 449924",Bulandshahr,262684,2024-04-26,New,11,1059.22,2024-09-23 17:51:26,4.0,10904.550000000001,42.0,192
19275474,Girik Hora,azadchoudhary@example.org,918111503883,"78/37
Gera Zila, Alappuzha-096565",Lucknow,916112,2024-10-22,New,14,698.12,2023-08-04 09:15:27,2.0,3714.62,458.0,13
55404382,Isaiah Issac,csahni@example.net,915616720604,"H.No. 428
Dewan Road, Hospet-604940",Guntakal,245224,2023-09-25,Premium,19,950.79,2024-11-01 16:44:12,2.0,2527.5099999999998,3.0,406
70084516,Ishaan Baria,gulatichaitaly@example.org,914576665844,"H.No. 765, Sangha, Pimpri-Chinchwad-976190",Pallavaram,932798,2024-03-10,New,11,486.51,2024-03-09 03:38:10,1.0,2662.16,240.0,239
29265216,Samuel Buch,ethankala@example.com,919408407178,"05
Wable Nagar, Varanasi-387829",Bidar,638496,2024-04-22,New,3,609.49,2023-08-20 19:02:24,1.0,878.07,442.0,196
16785724,Indali Majumdar,ozaomkaar@example.com,919072562154,"610
Thaker Zila
Bilaspur-483457",Vellore,61886,2023-08-06,Regular,16,1768.52,2023-12-22 22:14:29,3.0,7483.84,317.0,456
14272050,Rajata Misra,quincy04@example.net,912456749629,"59/380
Dewan Ganj
Malegaon-743475",Satna,120950,2023-11-26,New,7,662.99,2023-12-17 20:04:17,2.0,5672.35,323.0,344
95736310,Bishakha Vora,sinhasudiksha@example.com,914684203915,"H.No. 642
Dewan Circle, Bhiwani-554746",Morbi,759352,2024-01-08,Premium,11,1954.12,2023-03-27 06:15:38,1.0,3597.75,588.0,301
14079305,Jeevika Narain,rattiikshita@example.org,919580725986,"144
Gokhale Nagar, Bhalswa Jahangir Pur 956383",Warangal,702601,2024-09-08,Premium,17,567.1,,0.0,0.0,,57
71189232,Darsh Bedi,agastyabhatia@example.net,915487235286,"51/101, Sarna Nagar, Bettiah 417621",New Delhi,116341,2024-06-28,Inactive,14,1754.14,2024-05-01 07:47:34,2.0,5030.25,187.0,129
61486140,Jeremiah Chand,zdeep@example.com,914772271075,"38/80
Parikh
Jamshedpur 875730",Amritsar,569153,2023-12-15,Inactive,15,1967.78,,0.0,0.0,,325
76008165,Hemangini Mutti,maniomisha@example.com,917951857432,"45/266
Tara Marg, Silchar 957848",Katihar,262577,2024-02-07,Premium,6,1724.44,2023-07-08 00:21:18,1.0,1474.48,485.0,271
63060947,Kamala Bobal,canne@example.net,918262016820,"613, Saran Road, Alappuzha 680503",Hindupur,56676,2024-06-11,New,18,1884.15,2023-11-16 04:30:25,1.0,3069.98,354.0,146
25706121,Baghyawati Toor,thomas08@example.com,918493699952,"127
Korpal Street, Kakinada 138460",Srinagar,466303,2024-03-03,Premium,12,1453.68,2023-07-07 02:14:55,2.0,6652.389999999999,486.0,246
55803572,Champak Palla,gbail@example.net,917358285259,"58/271
Parmar Circle
Nagaon-635394",Rewa,391552,2023-03-27,Premium,17,1237.96,2024-01-13 02:34:24,1.0,2551.93,296.0,588
38133873,Rehaan Borde,janya13@example.net,919494890296,"93, Das Path
Haridwar 763529",Khammam,123704,2024-04-13,Premium,10,770.71,2024-07-05 01:32:45,2.0,1851.25,122.0,205
73735548,Ishanvi Bala,praneelgolla@example.com,919105014487,"712
Kamdar Path, Raipur-299266",Haldia,567104,2023-06-11,Premium,7,554.65,2024-06-05 07:38:45,1.0,2117.45,152.0,512
12778027,Eshana Prabhu,isha32@example.com,914584193699,"H.No. 446
Soni
Bihar Sharif 011073",New Delhi,862253,2023-05-26,New,9,1513.18,2023-12-13 11:06:33,2.0,6501.95,327.0,528
42781544,Isaiah Sankar,saxenalogan@example.org,918633550027,"088, Sane Marg
Sambalpur 100191",Faridabad,898529,2023-12-05,New,1,1248.16,2024-07-15 21:18:58,2.0,5595.24,111.0,335
78725001,David Thaker,janujaahuja@example.org,911519284976,"H.No. 99
Sawhney Path, Satna 073907",Machilipatnam,343097,2024-11-01,Regular,15,1105.15,2024-04-19 21:38:18,4.0,5809.219999999999,198.0,3
20254516,Tanveer Samra,triptisama@example.com,912262540783,"37/67, Tak Zila
Nadiad 662567",Nandyal,696091,2024-07-23,Inactive,18,1536.88,,0.0,0.0,,104
97928781,Dhriti Om,ychander@example.org,919169001005,"37
Kade Marg
Raichur 315310",Gaya,464706,2024-05-24,Inactive,2,1278.88,2024-01-04 07:51:02,2.0,4554.96,305.0,164
3875480,Harshil Mital,qnarula@example.com,918582878676,"58
Chaudhry Zila
Bhind 676771",Berhampur,743842,2024-05-26,Inactive,8,1863.49,2023-06-11 16:33:08,1.0,3071.72,512.0,162
27416314,Anika Hari,garima95@example.org,912296472054,"91, Ramanathan Nagar, Bhatpara-172778",Kanpur,803498,2024-03-02,Inactive,3,820.6,2023-04-21 18:23:42,1.0,230.58,563.0,247
77214094,Raksha Walla,oakkaran@example.org,911246730805,"04, Atwal Nagar, Kanpur 851914",Khammam,105283,2023-07-09,New,6,1957.35,2024-04-25 10:21:37,3.0,8544.31,193.0,484
77661491,Jyoti Srinivas,zramesh@example.org,914985679808,"236, Parikh Nagar, Rajpur Sonarpur-736094",Hosur,276733,2024-06-23,New,20,1628.56,2023-07-20 15:58:04,1.0,483.05,473.0,134
10285414,Meera Nigam,priyalanka@example.org,910495654938,"76, Jaggi
Kirari Suleman Nagar-469099",Shimla,186927,2023-07-13,Inactive,18,993.5,,0.0,0.0,,480
8205155,Vrishti Din,pooja30@example.com,911171023508,"45, Dhawan Marg, Mahbubnagar-157273",Sagar,165438,2023-08-12,New,3,305.85,,0.0,0.0,,450
29361038,Idika Gade,oscarchaudhari@example.com,913433025314,"09/56
Palla Street, Bhatpara-222615",Aurangabad,160138,2023-08-14,New,19,282.0,2024-03-14 18:21:31,1.0,3876.32,235.0,448
6319646,Rehaan Suresh,ryan15@example.com,915773547026,"38, Chandran Chowk
Phusro 940532",Udupi,413954,2024-02-20,Regular,9,518.17,2024-06-27 13:54:51,3.0,4477.48,130.0,258
22738465,Gabriel Oak,advayluthra@example.com,918378521079,"42/463
Rana Street, Chennai 439851",Narasaraopet,890953,2023-07-02,Inactive,16,1903.09,2024-08-26 21:19:15,3.0,4049.8500000000004,69.0,491
37947202,Eta Srinivasan,mitali78@example.org,910505228431,"H.No. 486, Sen Road, Silchar-440108",Nandyal,87344,2024-01-25,Regular,3,259.96,2024-03-06 18:11:09,5.0,10890.86,243.0,284
93284515,Tejas Mahal,naksh19@example.org,919143727853,"31/521, Pingle Marg, Amravati 270216",Mumbai,953623,2023-12-01,New,2,1324.95,,0.0,0.0,,339
84161531,Raagini Verma,ethanmander@example.org,910033480072,"H.No. 36
Sarin Circle, Moradabad-889706",Rohtak,902770,2024-07-12,Premium,19,1681.88,2023-12-06 20:58:03,3.0,6189.47,333.0,115
22293666,Gopal Kumar,imaran02@example.net,916532818859,"H.No. 605, Raval Street, Gudivada-682740",Saharsa,447206,2023-04-09,New,2,1671.53,2024-07-18 08:01:45,2.0,5307.74,109.0,575
15236510,Pooja Prasad,wyattsrinivas@example.com,918889190584,"460
Thaker
Tadepalligudem 696563",Serampore,264052,2023-12-13,New,11,937.26,,0.0,0.0,,327
34787383,Ekbal Talwar,jyotisethi@example.com,914349309978,"07, Gopal Ganj
Bhimavaram 958877",Anantapur,29302,2024-10-12,Premium,17,292.41,2024-07-12 18:30:17,4.0,3963.5200000000004,115.0,23
18954314,Ladli Nagarajan,krishnadamyanti@example.org,915691931638,"82/74
Kaul Street, Chandigarh 578066",Mau,381178,2024-10-18,Inactive,6,1781.37,,0.0,0.0,,17
20298398,Urvi Bali,yuvrajdayal@example.org,914923522636,"H.No. 412
Batra Zila, Bhilai 424489",Ahmednagar,278627,2023-12-22,New,1,1049.6,2024-08-09 11:51:55,5.0,12587.05,87.0,318
33617546,Harrison Edwin,kapurtristan@example.org,915693598058,"084, Arora, Asansol-794979",Bhopal,755104,2024-09-24,New,12,239.2,2024-09-08 16:38:15,1.0,4428.29,57.0,41
76359458,Yahvi Sule,vyanjananigam@example.net,914270795616,"H.No. 79
Kulkarni Path, Gandhidham 810520",Hosur,894432,2023-07-22,New,2,1638.08,2024-05-31 21:21:14,3.0,4355.55,156.0,471
96640716,Yatan Varughese,vedachopra@example.net,912831619158,"710
Sant Zila, Howrah 712153",Sikar,505940,2024-10-15,New,16,462.66,2024-08-23 19:54:08,2.0,2486.73,73.0,20
78847070,Gauri Ramakrishnan,priyasura@example.net,915959080534,"131, Sundaram Ganj, Jamnagar 024377",Anantapur,478537,2023-07-27,Inactive,12,1918.04,2023-11-10 08:19:48,1.0,3774.14,360.0,466
27513158,Dev Taneja,unadig@example.net,912759325069,"H.No. 764, Padmanabhan Chowk
Sirsa 804300",Aizawl,769023,2024-03-05,New,7,1387.81,2024-01-02 11:25:38,3.0,6952.04,307.0,244
65618148,Aadhya Palla,forumshan@example.org,915697227214,"78
Nagi Zila, Jamshedpur-811905",Gandhinagar,748222,2023-03-29,Inactive,9,1644.51,2024-07-01 00:54:01,2.0,4899.09,126.0,586
68307253,Rachita Borra,andrewarora@example.net,911117805975,"02
Wable Ganj, Kolkata-072162",Dewas,100051,2024-10-24,Premium,7,1547.07,2023-09-26 01:35:06,1.0,763.12,405.0,11
87889031,Baghyawati Nair,apandit@example.org,917499048288,"88
Atwal Zila, Arrah 728863",Bhimavaram,48081,2023-06-10,Regular,18,836.6,2024-04-15 03:56:39,2.0,2992.86,203.0,513
70243933,Irya Gola,ekbal71@example.org,919538190762,"41/448
Bandi Ganj
Jamshedpur 168104",Mahbubnagar,829779,2023-08-05,Regular,13,476.91,2023-12-05 01:56:14,1.0,3559.69,335.0,457
12141418,Faras Patla,nperi@example.com,915294948800,"19/61, Memon Circle, Siwan-721238",Ambala,97395,2023-09-04,Inactive,5,862.68,2023-11-20 23:03:29,1.0,1421.52,349.0,427
60565603,Ladli Tara,kallawaida@example.com,917749450638,"H.No. 51
Sampath Nagar, Bellary 602969",Madhyamgram,390752,2024-07-18,New,11,949.6,2024-06-23 06:17:02,2.0,1006.19,134.0,109
64906311,Balendra Pandey,ijaya32@example.net,912253335610,"17/83, Kant Marg, Kadapa-463586",Sikar,417724,2024-07-26,Inactive,10,1124.25,2024-07-02 06:51:43,1.0,2890.11,125.0,101
12851610,Unnati Narayanan,indali31@example.net,917687211642,"09/64
Shanker Ganj
Bongaigaon-786416",Proddatur,304595,2024-08-06,Inactive,14,633.41,2024-09-25 04:22:43,5.0,11862.14,40.0,90
84937877,Yug Mahal,tejasdani@example.com,916333548720,"H.No. 35, Prashad Road, Nangloi Jat 100742",Guntur,711210,2023-06-11,Premium,4,1863.17,2024-08-23 11:53:24,2.0,4157.1,73.0,512
49574186,Yashica Devan,nimrat27@example.com,911497711371,"61/77
Sinha Path, Munger-718295",Barasat,505155,2024-09-17,Premium,13,625.97,,0.0,0.0,,48
65221572,Leela Bumb,jkapoor@example.com,919228899916,"H.No. 30
Mand Marg, Ramgarh 691868",Delhi,305120,2024-03-04,New,17,1100.53,2023-10-16 22:34:31,1.0,2319.65,384.0,245
4758426,Qushi Dash,contractorurishilla@example.org,916166771196,"78
Jha Zila
Chandrapur 263897",Vijayawada,415274,2024-01-06,New,14,448.81,2023-06-02 00:26:35,2.0,6462.13,521.0,303
84826389,Alexander Peri,rchaudry@example.org,911899042566,"H.No. 221
Nair Nagar, Rajkot-091373",Sonipat,965944,2023-11-28,Premium,13,1607.4,2023-07-04 12:17:28,1.0,1367.34,489.0,342
42102289,Guneet Vaidya,wyattkara@example.com,918325020241,"71, Padmanabhan
Chapra-979621",Raebareli,499108,2024-09-05,New,20,1310.74,2024-10-30 14:33:42,3.0,6385.790000000001,5.0,60
11063505,Garima Pillay,dakshesh96@example.org,915618959508,"H.No. 89
Nori Ganj, Bhiwani-227906",Udaipur,434196,2024-11-01,New,2,1285.79,2024-10-28 06:21:11,2.0,4218.7,7.0,3
84862161,Advaith Baria,ayushnatarajan@example.org,918117857683,"387
Narula Zila
Korba 967819",Farrukhabad,770374,2024-02-14,New,12,1512.98,2024-05-15 05:36:05,2.0,2244.42,173.0,264
88520326,Chasmum Dhaliwal,sarora@example.org,912277505609,"65/481, Solanki Zila, Hosur 461150",Asansol,37026,2023-11-26,Premium,14,1537.05,2024-07-13 10:38:00,3.0,11380.73,114.0,344
8025622,Daksh Bali,xraju@example.org,919133188884,"18/209
Bumb Circle
Amravati-268871",Bulandshahr,177515,2024-03-14,Regular,15,1160.55,2024-07-22 16:54:23,3.0,6292.71,105.0,235
99361865,Ekantika Ravel,bhasinsiddharth@example.com,911375770898,"53/83
Munshi Chowk
Ramgarh-680245",Berhampur,172106,2023-05-21,New,20,1423.56,2024-10-15 12:30:13,3.0,7861.59,20.0,533
40841791,Krishna Chahal,teerth57@example.org,916881678668,"H.No. 680, Raghavan Zila
Ballia-415317",Mysore,227417,2023-06-26,New,4,851.79,2024-06-23 04:56:02,2.0,6226.97,134.0,497
20360447,Timothy Dubey,naksh97@example.net,914050952910,"56/253
Deol, Hapur 797670",Akola,329409,2024-10-25,New,2,640.41,2023-08-04 03:52:55,1.0,4588.23,458.0,10
90647204,Lipika Swaminathan,chandchaitaly@example.com,919409371996,"315, Pingle Path, Giridih 546076",Muzaffarnagar,603717,2023-10-14,New,13,1124.52,2024-09-02 09:49:44,1.0,589.61,63.0,387
78748184,Odika Jain,eray@example.net,919700695987,"72/19
Sarma
Tinsukia 520475",Karawal Nagar,273092,2023-11-22,Regular,13,533.74,2024-04-08 03:34:02,2.0,4830.63,210.0,348
65121696,Warinder Gopal,roynimrat@example.org,918190571130,"422, Pradhan Road
Vijayanagaram 919198",Mirzapur,329948,2024-10-19,New,7,425.04,2023-03-20 07:30:42,1.0,4549.72,595.0,16
99729547,Wridesh Saini,meeradey@example.net,916456914561,"H.No. 18
Pillay Chowk
Patna-810149",Gwalior,81603,2023-12-07,New,17,1763.46,2024-10-29 01:18:06,3.0,6406.26,6.0,333
65692224,Aahana Buch,zayyan92@example.com,916331588994,"H.No. 50
Dave Marg
Nashik 705135",Jaunpur,542226,2023-03-18,Regular,3,1053.33,,0.0,0.0,,597
22613559,Omya Johal,yogiwilliam@example.org,916462183989,"62/824
Varma Chowk, Allahabad-131566",Berhampur,776802,2023-12-21,Premium,10,736.33,2023-07-24 15:36:05,1.0,2843.52,469.0,319
17749347,Akshay Bhasin,bhatsiddharth@example.org,914068407520,"217, Banik Street
Rohtak 274302",Panchkula,821987,2024-07-26,Premium,15,1842.37,2024-10-19 03:10:02,2.0,4039.66,16.0,101
57526322,Henry Dar,yamini34@example.net,914734332396,"21/13, Patla Zila
Hosur-358068",Kishanganj,207296,2023-07-19,Premium,2,601.98,2024-10-13 02:34:41,4.0,8332.82,22.0,474
1589656,Xiti Prabhu,maharajmitesh@example.org,918617173657,"H.No. 729, Raval
Sambalpur 817241",Gorakhpur,374983,2024-05-26,Premium,13,1548.76,,0.0,0.0,,162
58085779,Abeer Oak,omistry@example.net,913143786832,"H.No. 136
Devi Path
Bangalore 448384",Berhampur,652494,2024-08-09,New,19,1602.11,2023-09-11 11:47:58,1.0,435.48,420.0,87
70221073,David Setty,ekansh32@example.org,911120030837,"20
Zacharia Road, Satara-435232",Etawah,358801,2023-05-22,Premium,16,1074.21,2023-08-07 02:54:16,1.0,1358.19,455.0,532
77869660,Nidhi Sha,ewali@example.org,915624805014,"H.No. 174, Saraf Chowk, Deoghar-906819",Gandhinagar,843445,2023-11-20,Premium,8,439.41,2024-09-08 06:29:25,9.0,19052.940000000002,57.0,350
38957713,Damyanti Krish,xkhatri@example.net,913915566370,"730, Krishna Marg, Tiruchirappalli 628526",Uluberia,3946,2023-08-05,New,19,935.68,,0.0,0.0,,457
51544662,Hiral Tara,chandasamuel@example.org,912979772171,"H.No. 950
Kaul Path
Agra 447974",Chinsurah,346670,2023-12-17,New,15,1352.21,2024-02-21 09:01:55,2.0,1622.98,257.0,323
37309023,Dominic Dutt,msule@example.net,910605657715,"88/43
Sunder Zila
Dibrugarh-657473",Guntur,716024,2023-12-05,Premium,10,1270.38,2024-10-19 01:28:09,3.0,2086.66,16.0,335
99707100,Falan Master,mrao@example.net,911942073062,"44/84
Sule Road, Howrah-418979",Munger,361839,2024-02-24,Inactive,9,1089.92,2023-10-02 16:46:07,3.0,9713.18,399.0,254
59643062,Reyansh Khatri,ishanvisuri@example.org,914280528331,"73/83
Saran Road
Jamshedpur 954172",Aligarh,88100,2024-09-27,Inactive,11,416.94,2024-01-28 03:08:47,1.0,3566.13,281.0,38
22227829,Rehaan Patla,kala29@example.com,914151762255,"238
Tiwari Chowk
Tirunelveli-454482",Bhiwani,499199,2024-09-18,New,17,1386.69,2024-04-06 05:24:47,2.0,4804.719999999999,212.0,47
20343501,Anthony Krishnamurthy,sahotamax@example.net,916911354078,"H.No. 940, Bose Zila
Aizawl 529946",Sasaram,655005,2023-04-12,Inactive,19,1070.47,2024-05-17 08:00:34,1.0,3903.48,171.0,572
48409448,Pavani Vaidya,varsha47@example.net,913909005984,"76
Chana Street
Bhimavaram-424017",Ludhiana,743825,2024-05-07,New,18,1652.89,2024-05-21 02:04:06,2.0,6846.049999999999,167.0,181
55038040,Vidhi Balakrishnan,tnigam@example.net,912208072943,"H.No. 81
Johal Zila
Kottayam-727849",Agartala,875201,2024-01-14,New,8,505.03,,0.0,0.0,,295
34755436,Jatin Ramachandran,naveen22@example.org,913760572477,"440
Chakraborty, Raipur-544802",Kolkata,370073,2023-06-01,New,10,622.59,2024-05-27 00:42:52,3.0,7746.73,161.0,522
87463923,Gagan Lal,pranit82@example.com,916850228529,"43, Sarna Street
Begusarai 207171",Katihar,276564,2024-03-21,Inactive,5,216.98,2024-10-28 23:39:45,4.0,6281.93,6.0,228
28499191,Amara Patel,duaakshay@example.com,917550026872,"98, Sen Ganj
Secunderabad-632862",Thoothukudi,190084,2023-07-24,Premium,11,1018.2,2024-06-12 09:32:04,2.0,1414.01,145.0,469
37759707,Jhalak Venkataraman,zachariavasana@example.org,914291372627,"H.No. 774
Borah Nagar, Surat-338543",Sultan Pur Majra,626543,2023-10-02,Premium,12,924.06,2024-10-19 19:54:37,3.0,8319.23,16.0,399
26936578,Lavanya Bawa,riya23@example.net,917015746909,"H.No. 59
Amble
Pali 954401",Maheshtala,200144,2024-04-05,Regular,5,1610.07,2023-07-25 12:36:42,1.0,1204.48,468.0,213
22020776,Manan Banerjee,zpal@example.net,912470348352,"11, Sura Chowk
Hajipur-950505",Bhiwandi,681898,2023-05-23,Regular,10,714.21,2024-09-26 16:46:47,1.0,4992.15,39.0,531
47618810,Ekalinga Mandal,avi52@example.net,915348918656,"H.No. 57
Goda Chowk, Pimpri-Chinchwad 391055",Ghaziabad,423916,2024-05-27,Inactive,17,1395.84,2023-09-09 04:46:10,2.0,3748.98,422.0,161
53605257,Harita Naidu,devika35@example.com,914351086868,"H.No. 95
Murthy Path, Shimoga 503288",Haridwar,809794,2023-09-23,Regular,3,444.54,,0.0,0.0,,408
28289030,Sarthak Parmar,cgulati@example.net,914141149452,"37
Ganesan Marg
Nangloi Jat-417273",Dehri,383972,2024-10-11,Regular,11,1739.54,2023-10-17 08:13:55,1.0,2429.09,384.0,24
26935187,Tanveer Yogi,jananikapoor@example.net,913044515316,"51/88
Tandon Circle
Tiruvottiyur 882576",Chandrapur,741984,2023-11-03,Premium,9,919.12,2023-07-24 21:59:43,2.0,7962.41,468.0,367
75944533,Garima Kohli,ganesharin@example.com,912534013202,"H.No. 25, Sharaf Chowk, Rajkot 112785",Jabalpur,760017,2023-10-21,Inactive,19,577.89,2024-10-21 13:20:53,1.0,316.02,14.0,380
31389750,Advika Bala,praneelmorar@example.com,918556395895,"42/949
Dani Chowk, Raipur 625479",Karaikudi,251735,2023-08-18,New,18,1600.66,2023-11-06 02:50:03,2.0,5772.12,364.0,444
99784559,Laban Chopra,gayathri37@example.net,916462666703,"672
Bhatia Road
Rampur 543886",Allahabad,407983,2024-07-14,Inactive,18,218.41,2023-04-08 08:15:45,1.0,2527.14,576.0,113
87450286,Harish Bedi,pathakpanini@example.org,911622228229,"259
Sharaf Circle
Jamalpur-304705",Asansol,895547,2023-12-25,Premium,9,1856.86,2024-03-25 17:49:50,1.0,4969.83,224.0,315
94850985,Isaac Anne,unnati97@example.org,912623368002,"17/71, Hegde Road, Rajpur Sonarpur 453198",Delhi,80190,2023-11-08,New,8,1923.29,,0.0,0.0,,362
3660263,Jagdish Bains,qsrinivas@example.org,913911005064,"787
Bora Circle, Madurai 132549",Phagwara,202676,2023-05-27,Regular,10,1573.91,2024-03-24 00:55:20,1.0,899.58,225.0,527
61982521,Jagat Dewan,pchander@example.com,914183746427,"47/63, Kurian Nagar, Anand-272334",Faridabad,493391,2023-11-29,Inactive,3,1995.09,2024-04-20 07:41:40,5.0,10978.46,198.0,341
29973346,Pranit Sane,panchaljasmit@example.com,912794025384,"503
Memon Nagar, Jehanabad-859439",Sambhal,521032,2024-02-02,Premium,1,1786.85,2024-08-01 00:33:39,5.0,13027.52,95.0,276
894128,Chatura Agarwal,harishom@example.net,919523503339,"58/69
Mallick Path
Rajahmundry 318453",Durgapur,13150,2023-07-20,Inactive,5,1323.32,,0.0,0.0,,473
40871915,Alka Sandal,harinakshisahota@example.net,910427804429,"86/200, Nazareth Zila, Thoothukudi 902537",Mehsana,80248,2024-02-10,Premium,8,1636.24,2023-09-29 13:18:03,2.0,3699.7799999999997,402.0,268
41972994,Lila Khanna,vsaini@example.com,916651606377,"H.No. 304, Mody Ganj
Machilipatnam 049054",Bhatpara,238845,2023-07-21,Inactive,16,748.34,2024-02-12 00:40:17,2.0,4990.3099999999995,266.0,472
11082181,Pratyush Munshi,evig@example.com,916368497999,"H.No. 07
Apte Chowk
Ulhasnagar-524587",Kalyan-Dombivli,816410,2024-02-15,Premium,6,624.4,2024-02-22 01:13:13,1.0,1303.23,256.0,263
26040510,Jasmit Barad,jeetnazareth@example.com,912643679870,"542
Babu Circle, Berhampur 003256",Kadapa,393692,2023-10-03,Premium,5,507.99,2023-11-25 02:41:53,3.0,6677.18,345.0,398
82770142,Balveer Brar,yashica30@example.org,915482011794,"H.No. 62, Khalsa Chowk
Ghaziabad-756275",Karaikudi,719292,2024-09-08,New,2,1834.58,2024-11-03 10:59:49,1.0,1195.03,1.0,57
46504355,Ridhi Oak,avnijha@example.net,910121430253,"H.No. 272
Pingle, Aligarh 181840",Arrah,603176,2023-04-04,Regular,15,294.04,2023-12-02 12:47:08,5.0,13419.51,338.0,580
40419593,Siya Pandit,dbera@example.org,918818400484,"H.No. 401
Nori Circle, Phusro-398654",Dibrugarh,493928,2024-08-27,Inactive,20,787.07,2024-10-04 07:41:16,1.0,225.21,31.0,69
31076002,Urvi Wali,rachit18@example.net,910697271551,"H.No. 94, Nanda
Karnal 471409",Tinsukia,177431,2023-05-19,New,5,1389.14,2024-08-29 15:39:57,3.0,7650.0,67.0,535
91590001,Nandini Bawa,jsandhu@example.org,918945639341,"H.No. 86, Din Zila, Korba-969073",Kolhapur,465150,2023-09-19,Premium,13,1304.73,2024-10-30 16:37:32,2.0,3402.21,5.0,412
76377003,Harsh Bhandari,viswanathanaarav@example.com,912663980292,"44
Krishna Chowk, Bhatpara 525476",Chandigarh,145664,2024-08-07,Inactive,10,842.66,2023-12-09 12:30:22,1.0,227.22,331.0,89
40626729,Rachit Toor,chavvigola@example.com,914784993048,"87/923
Bhavsar
Muzaffarpur 139781",Tinsukia,419606,2024-03-19,Regular,1,1921.19,2024-10-15 17:45:27,1.0,1613.11,20.0,230
50680889,Warda Karan,yashawininazareth@example.org,914346200740,"H.No. 57
Raval Street
Kharagpur-806830",Thoothukudi,99859,2024-02-22,New,1,619.56,2024-03-11 20:19:32,1.0,2783.74,238.0,256
41439103,Ati Wali,avi82@example.net,919486745671,"76/26, Hans
Panipat-910815",Junagadh,893610,2024-09-20,Premium,6,1326.63,2024-02-12 17:28:06,1.0,2655.22,266.0,45
35782051,Ekiya Mital,deygaurav@example.net,917434858324,"31/25
Narayan, Rampur 164546",Mango,523577,2023-11-26,New,1,1090.28,2024-09-30 03:23:06,2.0,7050.12,35.0,344
71252391,Mohini Johal,ajaggi@example.com,915078105989,"68/70
Merchant Ganj
Anand 877850",Kulti,40488,2024-05-24,New,8,1558.97,2024-07-21 04:32:17,5.0,10725.14,106.0,164
56764791,Priya Shukla,rajavasana@example.net,910581036038,"96/18
Panchal Chowk
Hosur-935341",Hindupur,876143,2024-09-08,Regular,10,1226.1,2023-06-26 16:35:06,1.0,2172.56,497.0,57
50652909,Meera Jain,deyrehaan@example.org,912415312076,"H.No. 50
Munshi Zila, Amaravati-880526",Farrukhabad,124819,2024-02-25,Regular,8,559.99,2023-10-22 16:03:26,1.0,2232.88,379.0,253
29451600,Max Shankar,bchoudhry@example.com,919631255198,"H.No. 89, Babu Zila, Bangalore 287095",Amritsar,191584,2023-04-15,New,5,1882.69,2024-10-16 11:46:49,4.0,10620.76,19.0,569
38114014,Yatin Sandal,balakrishnanchristopher@example.org,917207541281,"H.No. 349
Sami
Adoni 237515",Mumbai,438966,2024-01-03,New,12,1006.24,,0.0,0.0,,306
25977417,Lohit Sengupta,agarwalamol@example.net,917397766081,"H.No. 985, Sarma Road, Raebareli 726376",Berhampore,363245,2024-04-13,Inactive,11,399.59,2023-12-05 22:44:34,2.0,7268.14,334.0,205
39418109,Yahvi Kala,reyanshbasu@example.com,918277876974,"H.No. 942
Jaggi Street
Anand 778048",Navi Mumbai,729388,2023-07-29,Inactive,19,928.13,2024-05-12 03:34:53,2.0,4916.9400000000005,176.0,464
80761521,Yashica Rama,laladarika@example.com,918109319446,"H.No. 25, Loke Circle, Aligarh 718926",Latur,257938,2024-05-17,Inactive,5,850.56,2023-09-22 12:58:20,3.0,5172.2,409.0,171
54375571,Omaja Bumb,vrishtirajagopal@example.com,911796813431,"24/60, Dada, Allahabad 330051",Korba,207211,2023-09-30,Premium,4,405.49,2023-09-09 07:18:51,1.0,1440.56,422.0,401
50968312,Idika Chaudhry,anirudh02@example.org,913861368124,"74/873
Basu Road
Dindigul 291516",Maheshtala,195956,2024-02-17,Inactive,13,1794.46,2024-03-13 22:01:27,3.0,7064.82,235.0,261
33829924,Jeevika Sami,chhabranisha@example.org,910108011104,"61/245
Seth Circle
Guna 980948",Kanpur,182213,2023-12-18,New,18,615.52,,0.0,0.0,,322
29562072,Edhitha Ranganathan,yashawini55@example.net,914683223867,"09, Soman Marg, Guna 345092",Hindupur,976259,2023-08-10,New,10,1449.0,2024-11-02 17:15:15,4.0,8997.82,2.0,452
4618801,David Saran,dalbir79@example.org,915688841303,"24, Dayal Chowk
Avadi 300543",Jodhpur,869099,2023-11-16,Premium,11,201.56,,0.0,0.0,,354
30535703,Dev Comar,jmurthy@example.net,919081513994,"H.No. 353
Ramakrishnan Street, Begusarai-376450",Morbi,267760,2024-06-06,Regular,3,301.96,,0.0,0.0,,151
10605484,Rachit Chakraborty,karabhiram@example.com,917890394043,"H.No. 714
Das Circle, Nanded-127585",Visakhapatnam,411956,2024-05-17,Inactive,13,652.0,2023-12-21 21:27:19,2.0,3597.5199999999995,318.0,171
8164639,Pushti Dhillon,varenya91@example.com,910237840551,"81/62
Char Circle, Ramagundam 071898",Gandhidham,975982,2024-05-27,Premium,11,329.17,2024-05-14 11:32:09,2.0,4728.2,174.0,161
63360864,Idika Sahni,kotavrinda@example.net,918914014300,"87/887
Chatterjee Street
Karaikudi 061007",Bhopal,402853,2024-03-28,Inactive,16,1804.42,2024-07-17 18:55:41,5.0,12957.21,110.0,221
2361575,Aarnav Seth,banditeerth@example.org,914767930808,"H.No. 24
Mahal Circle
Guwahati-694378",Faridabad,160994,2023-09-14,New,19,1993.09,2024-08-10 04:50:52,2.0,5598.2300000000005,86.0,417
59485034,Dominic Sidhu,narainbaghyawati@example.com,917819007247,"H.No. 17
Mangat Chowk
Morena 729596",Agartala,931347,2023-03-20,New,1,1762.35,2024-09-30 12:50:23,2.0,9503.810000000001,35.0,595
6025470,Isaac Mander,rdixit@example.com,912510629805,"57/46
Solanki Street
Jammu 135323",Sagar,644361,2024-08-17,Premium,12,1599.39,2023-10-14 03:18:34,1.0,4593.42,387.0,79
31371112,Osha Chad,babujoshua@example.org,915023632803,"H.No. 48
Kamdar
Salem 078745",Darbhanga,351799,2023-11-17,Regular,5,231.41,2024-05-03 18:08:17,2.0,5944.700000000001,185.0,353
14294171,Ikshita Bava,chaturadave@example.net,913700730466,"693
Oak Ganj
Karnal-566675",Saharanpur,84734,2023-12-23,Regular,1,1680.47,2024-10-26 08:39:43,1.0,995.56,9.0,317
92245432,Ayushman Goel,zagate@example.net,917707886127,"H.No. 556
Rege Zila
Davanagere 091304",Tadipatri,863697,2024-06-02,Premium,12,316.16,2024-08-24 11:40:07,4.0,7239.94,72.0,155
2928026,Vrishti Basak,gautamisrinivasan@example.com,915081846964,"H.No. 40, Sekhon Chowk
Ajmer 858814",Ahmedabad,960708,2024-03-20,New,9,280.45,2023-12-17 09:36:04,1.0,972.69,323.0,229
98687927,Yachana Brar,xlanka@example.com,919571032894,"92/339, Kar
Saharsa-001690",Pali,337430,2023-09-23,Premium,6,825.55,2024-10-24 16:22:22,3.0,7872.67,11.0,408
15796277,Finn Pau,vganesh@example.com,910685249206,"29
Comar Path
Davanagere-714215",Loni,223700,2024-08-02,New,19,1365.33,2023-08-01 07:09:08,1.0,1589.89,461.0,94
92604392,Kevin Palan,ati37@example.com,913580662726,"372, Mitter Zila
Ranchi-735929",Faridabad,853795,2023-11-16,Premium,10,909.0,2023-06-27 09:50:08,1.0,1015.0,496.0,354
77303171,Sneha Menon,vgopal@example.com,917195647131,"H.No. 24, Raman Road
Haldia 955041",Guna,876392,2023-08-22,Inactive,19,452.86,,0.0,0.0,,440
24144240,Charles Parsa,vasudha38@example.com,913590549557,"756, Anand Chowk, Bhusawal 348094",Tezpur,49861,2023-09-06,Regular,15,1938.81,2024-07-23 18:36:20,5.0,10673.67,104.0,425
74548003,Falan Dhillon,bakhshi09@example.org,913585767899,"H.No. 399, Bhatnagar Ganj
Nagercoil 907151",Erode,455503,2024-07-15,Regular,9,1412.04,2024-01-06 11:46:39,1.0,212.14,303.0,112
8122530,Fiyaz Rai,dixitanay@example.org,910601452212,"458
Garg Street, Farrukhabad 058172",Tadepalligudem,666,2023-05-30,Inactive,9,1493.48,,0.0,0.0,,524
97664747,Sanaya Chatterjee,ranveer24@example.org,915541355903,"59
Nair Ganj, Sambhal-803177",Gulbarga,474294,2024-03-21,Premium,9,1160.21,2024-01-27 18:46:35,3.0,9354.3,282.0,228
79960955,Chatresh Samra,yohannanshaurya@example.org,917990161657,"H.No. 533, Grover Chowk
Panvel 187331",New Delhi,606822,2023-05-23,New,18,381.62,2024-02-02 04:58:39,2.0,4787.32,276.0,531
99643057,Avni Lad,vohratanveer@example.org,915454861960,"H.No. 592
Vyas Path, Narasaraopet 538104",Ichalkaranji,931414,2024-11-01,Inactive,4,1677.24,,0.0,0.0,,3
1313292,Robert Kaur,mohinisarna@example.net,918400584200,"92/24, Nanda Chowk, Belgaum-142848",Korba,990395,2024-03-04,Inactive,20,1275.41,,0.0,0.0,,245
94453274,Widisha Wali,jdixit@example.net,919891075000,"H.No. 985, Amble Road, Ajmer 586935",Aurangabad,208007,2024-10-14,Regular,15,917.84,2023-11-25 13:43:03,2.0,4051.8199999999997,345.0,21
1588560,Jeremiah Nath,faqidswaminathan@example.org,911110614819,"16/09
Setty Nagar, Gopalpur 225399",Anantapuram,900047,2023-12-01,New,10,945.18,2024-03-12 16:42:38,2.0,7210.93,237.0,339
30029998,Ishwar Edwin,khuranaanusha@example.net,915414846542,"95/10, Chada, Pimpri-Chinchwad-575371",Hazaribagh,654240,2024-09-01,New,9,863.3,2023-09-16 19:50:47,1.0,3973.9,415.0,64
37095171,Ira Soni,oviyadada@example.net,913564125856,"97/289
Ganguly Street, Amritsar 338128",Guna,294022,2023-12-04,Inactive,10,1680.98,2024-09-18 07:54:17,3.0,4820.25,47.0,336
79773912,Vaishnavi Gulati,adityaramanathan@example.net,912619074930,"44/995
Saran, Gandhidham-563933",Jaunpur,669886,2023-10-06,Regular,7,751.73,2024-07-07 22:13:41,2.0,3390.1600000000003,119.0,395
30317733,Janani Sawhney,amritaoommen@example.com,912691824202,"H.No. 27, Kara Road, Ranchi-263406",Durgapur,98666,2024-06-28,Inactive,12,569.16,2024-10-24 14:22:39,5.0,8935.9,11.0,129
48188624,Maanav Tella,doshidarpan@example.com,919515707055,"28/10
Chadha Road, Kirari Suleman Nagar 215968",Chittoor,740511,2024-02-19,Regular,11,320.69,,0.0,0.0,,259
59197894,Mitesh Saha,dayalgeetika@example.com,917334044529,"H.No. 327, Soni Nagar
Orai 366501",Akola,519759,2023-10-14,Inactive,19,1788.36,2024-09-09 21:59:31,1.0,723.44,55.0,387
34697768,Omaja Oak,tripti84@example.net,915048960122,"41, Bajwa Zila, Sangli-Miraj & Kupwad-859767",Aurangabad,37920,2023-03-17,Regular,13,1965.2,2023-05-25 15:18:36,1.0,3293.03,529.0,598
82372427,Anjali Cheema,anthonybandi@example.com,913264367851,"H.No. 888, Lad Chowk
Kota-646642",Dehradun,992332,2023-10-19,New,14,1515.62,,0.0,0.0,,382
41008070,Libni Dua,kariwyatt@example.net,914053744727,"H.No. 036, Sarma Path
Hapur 500317",Vijayawada,129888,2024-05-01,New,1,1017.46,2024-08-11 23:00:07,3.0,6387.64,84.0,187
87220860,Yashvi Dua,lmane@example.net,915023590282,"H.No. 769, Sengupta Street
Pondicherry-124635",Kochi,736698,2024-04-22,Regular,6,1474.44,2024-08-01 08:28:48,2.0,9931.9,95.0,196
19705695,Ayush Kala,sundarameta@example.net,916469197317,"H.No. 29
Rastogi Street
Dehradun 322885",Patiala,520564,2024-07-26,Premium,6,816.6,2024-09-30 09:35:04,1.0,556.76,35.0,101
60974181,Hardik Kakar,radharam@example.org,919524312073,"80, Kala Nagar, Udaipur-156360",Bahraich,118581,2024-01-22,Premium,20,1122.83,2023-10-17 04:25:37,1.0,160.07,384.0,287
90621147,Vaishnavi Chowdhury,oeshibhatnagar@example.org,916604113829,"18/61, Shere Ganj
Amaravati-935529",Jhansi,334137,2024-10-05,Premium,2,710.2,2024-11-01 09:44:24,3.0,3383.3599999999997,3.0,30
68661619,Chaaya Manne,masonyogi@example.net,918638625999,"65
Chander Ganj
Berhampore 551962",Darbhanga,164675,2024-07-18,Inactive,1,1343.07,2024-06-17 00:30:57,2.0,6259.3,140.0,109
64748953,Oscar Natt,chaudharisanya@example.org,912819640618,"303
Chander Zila, Amravati-905369",Hapur,190188,2023-06-29,Inactive,2,1507.44,2023-08-15 05:35:55,1.0,3157.47,447.0,494
6579892,Indrajit Sodhi,kalasai@example.net,917412279120,"H.No. 22
Konda Chowk
Akola-179821",Silchar,511482,2023-10-03,Regular,3,869.19,2024-10-26 14:35:25,4.0,12303.49,9.0,398
85747175,Karan Chatterjee,krishadyal@example.org,916476131641,"64
Reddy Marg, Bettiah 258049",Rajkot,456459,2023-11-27,Premium,3,245.0,2024-10-25 06:24:21,1.0,1705.25,10.0,343
30455484,Lajita Ravel,agateamrita@example.com,917635370470,"H.No. 62
Talwar Zila, Rampur-538869",Katni,819570,2023-05-08,New,2,1001.64,2024-06-07 18:38:09,3.0,6734.78,150.0,546
37802267,Lipika Jha,luke49@example.net,916541449697,"65/44, Aggarwal Chowk, Aurangabad-943415",Orai,693570,2023-11-24,New,4,594.87,2023-10-17 05:34:18,1.0,927.52,384.0,346
17341194,Faras Kaul,jairajdhawan@example.net,915939467680,"60, Sama Street, Ambattur-994166",Burhanpur,328247,2023-04-21,Premium,18,1530.18,2024-02-21 23:40:40,2.0,5557.299999999999,256.0,563
22047134,Ubika Shukla,malhotrajonathan@example.org,912205703998,"00
Sahota Circle
Shivpuri 170582",Warangal,40280,2024-10-26,Inactive,20,991.94,2024-09-12 05:20:17,3.0,6051.37,53.0,9
54893418,Chatresh Prashad,mpatel@example.org,913099493905,"H.No. 77, Narula Street, Jamnagar 960771",Dibrugarh,271286,2024-02-14,Premium,13,1858.33,2023-07-01 02:00:32,2.0,4660.0599999999995,492.0,264
48647253,Theodore Ram,pranitsachdeva@example.net,912165513787,"H.No. 19, Dash Road
Morbi 758796",Warangal,950220,2024-03-15,Inactive,12,1736.69,,0.0,0.0,,234
1705969,Qasim Kalla,ekannan@example.com,915255620077,"56/445
Jayaraman Marg
Ichalkaranji-658913",Surat,962834,2024-05-23,Premium,20,877.0,2024-02-12 06:56:34,2.0,5269.049999999999,266.0,165
59398136,Neelima Lanka,vasanadugar@example.org,912484999938,"738, Menon Chowk, Tezpur-908744",Machilipatnam,460348,2023-08-24,Regular,14,1205.76,2024-10-13 09:36:43,4.0,10547.220000000001,22.0,438
94165062,Siddharth Shroff,qsarin@example.com,913976440717,"34/246, Lal, Bhagalpur-593389",Eluru,291980,2023-08-16,Inactive,9,793.38,2023-10-03 07:10:04,1.0,2931.44,398.0,446
47206881,Barkha Contractor,gollaqabil@example.net,913058120333,"704, Bail Marg, Tiruvottiyur-710662",Nellore,396198,2024-07-24,Premium,3,929.72,2023-12-01 19:44:39,3.0,6232.05,339.0,103
37915052,Ayush Kade,tbajaj@example.net,919356903921,"63
Khanna Road, Kadapa-270217",Jalna,215907,2023-11-16,Regular,10,1499.16,2023-08-25 19:03:17,1.0,3949.87,437.0,354
98211325,Tristan Varkey,rrao@example.com,918190884351,"H.No. 96
Dewan Circle
Silchar 718127",Bhilai,30634,2024-06-26,Regular,15,1044.86,2024-07-01 23:42:15,2.0,5208.780000000001,125.0,131
76218218,Vedant Dubey,patlaanamika@example.com,912806012939,"695
Bansal Chowk, Erode 117771",Etawah,638879,2024-05-04,Inactive,10,1170.57,2024-01-25 00:04:47,2.0,6760.48,284.0,184
58152923,Amrita Babu,mandarajeshri@example.com,911786360189,"287, Lall Chowk, Amroha-875008",Kishanganj,950528,2023-07-04,Premium,18,1776.12,2023-11-04 14:02:24,1.0,2125.71,366.0,489
42262168,Mason Iyengar,nisha39@example.net,918382900547,"27/85, Setty Street, Ichalkaranji-385279",Avadi,606137,2024-02-23,Regular,18,489.19,2024-09-11 00:54:34,3.0,4332.24,54.0,255
40256341,Sachi Keer,tanay81@example.org,911953677888,"H.No. 38, Mannan Ganj, Aurangabad 039376",Mira-Bhayandar,60405,2024-10-27,Regular,12,913.91,2024-02-01 07:51:45,1.0,1477.71,277.0,8
33998721,Aahana Naik,rakshabahri@example.org,915366695062,"H.No. 71, Khalsa Chowk
Warangal 517087",Bhilai,702364,2024-02-11,New,8,245.84,2024-06-23 17:52:51,1.0,3038.93,134.0,267
49260858,Charan Chaudhary,bmishra@example.net,917599093381,"H.No. 226, Pillay Marg
Maheshtala-191051",Phagwara,494573,2023-07-05,Regular,4,1855.11,2023-05-03 12:11:25,1.0,6161.48,551.0,488
22524981,Samar Sengupta,ipant@example.org,913459525429,"H.No. 688, Mannan Chowk, Nizamabad 675490",South Dumdum,907188,2023-10-28,New,14,343.23,2023-12-20 08:27:35,1.0,1333.69,320.0,373
50015282,Ekbal Shan,goyalhema@example.com,913239322598,"685
Oza Ganj
Patna-922777",Berhampore,448354,2023-04-20,Regular,9,1392.05,2024-09-14 07:00:20,2.0,5764.72,51.0,564
98088303,Neel Palan,tsethi@example.net,911174483003,"H.No. 836, Srinivasan Road, Hajipur 801503",Agartala,50491,2023-08-22,New,9,1765.46,2024-06-24 04:12:18,5.0,11759.59,133.0,440
19425804,Xavier Sahni,anamika10@example.org,917547849322,"42/11
Lad Nagar
Siwan 341914",Jodhpur,705258,2023-04-06,Inactive,10,1121.27,2024-06-07 18:00:15,2.0,1730.79,150.0,578
14974554,Kevin Magar,frado24@example.org,919658647915,"80/56, Parikh Circle, Bhiwandi-904481",Baranagar,739444,2024-10-10,New,9,805.9,2023-09-14 16:10:25,2.0,3999.58,417.0,25
25128143,Odika Kannan,kondaadya@example.org,916573372154,"H.No. 88
Rout Circle
Udupi 443473",Mahbubnagar,251772,2024-11-02,Premium,18,1149.94,2024-01-27 20:17:17,7.0,17638.83,282.0,2
21524495,Alka Deol,sanya43@example.org,913332494874,"281, Wason Marg, Kochi 700268",Katni,396358,2024-01-05,Premium,9,236.96,,0.0,0.0,,304
49136375,Rohan Basak,duttavedika@example.org,916284222218,"29/64, Chander Path
Karawal Nagar-716604",Bathinda,843234,2024-08-01,Inactive,19,1524.23,2024-10-05 00:23:02,4.0,7024.070000000001,30.0,95
97507853,Udyati Rana,zaid68@example.com,910367054399,"H.No. 866, Dua Marg
Begusarai-138399",Chapra,910042,2024-10-07,Regular,15,1654.66,2024-10-01 05:12:34,2.0,3872.8199999999997,34.0,28
68857118,Hritik Batta,horajacob@example.org,918634602154,"03/83
Sankaran Road, Davanagere-746406",Nanded,149991,2024-06-23,New,4,1596.98,,0.0,0.0,,134
81183415,Rachita Char,tejas00@example.com,910674233951,"H.No. 66
Kade Ganj
Bhiwani 535411",Imphal,593985,2024-01-31,Regular,19,1980.66,2024-05-12 09:34:26,2.0,5851.19,176.0,278
91196901,Atharv Kurian,balhaar57@example.net,916467088294,"54/93, Menon Circle
Lucknow-115301",Jabalpur,1489,2024-04-15,Premium,11,1086.3,2024-07-12 13:13:16,5.0,18856.11,115.0,203
8228843,Vritti Halder,vyasmitesh@example.org,910299222582,"H.No. 52, Lalla Path
Saharanpur-442469",Bangalore,542334,2024-07-06,Inactive,1,1215.61,2024-01-31 19:59:41,3.0,6271.29,278.0,121
50518311,Arunima Tak,umangdate@example.net,917739965877,"17/381
Ramaswamy Circle
Sambalpur 187850",Arrah,183905,2024-08-31,Regular,16,1238.72,2024-01-13 13:46:21,2.0,5082.860000000001,296.0,65
21779155,Udant Upadhyay,ranganathanoeshi@example.com,913505316095,"H.No. 048, Shenoy Road, Morbi 688880",Guntur,764470,2023-10-04,New,19,1190.95,2023-04-23 15:48:37,1.0,2455.38,561.0,397
94281220,Teerth Balan,xdubey@example.net,914426947273,"10/49
Kanda Zila, Arrah-883000",Pondicherry,185375,2024-05-05,Regular,1,325.65,2024-06-21 20:13:31,2.0,1417.7,136.0,183
15631726,Ucchal Murthy,paldavid@example.com,914769193931,"89
Munshi Ganj
Nadiad-575587",Tezpur,47849,2024-02-05,Inactive,11,664.87,2024-09-17 19:02:43,3.0,6718.43,48.0,273
9573071,Ranveer Mahal,phegde@example.org,912292591574,"49, Sarkar Zila, Navi Mumbai-077374",Thrissur,856100,2023-11-07,New,5,958.06,2024-07-17 17:30:24,4.0,8601.02,110.0,363
31026200,Saksham Garg,suhani16@example.net,912089281317,"43/18, Chaudhuri Road, Tirunelveli 430798",Kavali,690956,2024-03-18,New,13,285.02,2024-09-23 13:17:00,3.0,7196.610000000001,42.0,231
49457685,Bahadurjit Pau,osharaf@example.org,918753883807,"870
Warrior Circle, Bhubaneswar 429828",Kamarhati,464123,2023-10-30,Inactive,10,487.34,2024-03-15 11:23:08,1.0,3773.85,234.0,371
82169898,Bhavna Pau,ssavant@example.net,910915046348,"20/330
Kala Chowk, Barasat-149624",Buxar,891289,2024-03-21,Premium,12,1208.52,2024-08-09 14:17:38,3.0,6417.42,87.0,228
72132838,Yashvi Kashyap,granganathan@example.org,915953170169,"45/542, Acharya Circle
Ahmednagar-090180",Raurkela Industrial Township,367210,2023-10-28,Premium,8,567.13,2024-05-11 05:13:19,2.0,5931.5,177.0,373
954629,Fiyaz Mand,naggarwal@example.com,915395090719,"46/673
Magar Ganj, Panchkula 815005",Begusarai,107720,2024-02-26,New,14,1390.08,2023-05-17 18:13:02,1.0,44.35,537.0,252
44139071,Lopa Padmanabhan,jagratimangat@example.com,919143735194,"85/433, Brar Path
Vijayawada-143684",Belgaum,769214,2024-01-16,Regular,8,923.09,2024-01-08 04:39:13,2.0,2687.67,301.0,293
6344345,Shaurya Chhabra,samarjhaveri@example.net,915052725276,"074
Saha Street, Erode-682888",Burhanpur,789598,2024-10-03,Premium,19,1110.11,2024-08-29 21:54:24,3.0,6306.38,66.0,32
31981068,Hemang Sarkar,msinghal@example.com,919096558393,"19/83, Mohanty Street
Korba-913410",Shivpuri,990270,2023-06-12,Regular,20,546.25,2024-08-21 12:00:48,1.0,2405.76,75.0,511
30788486,Vrishti Mittal,madanfaraj@example.org,917284058772,"75, Goel Path, Pimpri-Chinchwad 654563",Bhimavaram,643683,2024-03-01,New,11,328.57,2024-05-17 18:25:15,2.0,4691.8099999999995,171.0,248
48368085,Patrick Doctor,mmittal@example.com,913029667256,"185
Bobal Ganj
Aurangabad 817825",Vijayanagaram,418461,2024-10-31,Premium,5,477.1,,0.0,0.0,,4
82374625,Ronith Sami,pandeyliam@example.org,910578538175,"09/073, Rout Marg
Bhilai-211934",Singrauli,789283,2023-03-22,New,20,1923.64,2024-01-13 14:18:11,2.0,1911.23,296.0,593
75674671,Balendra Bains,chaayabuch@example.org,918184540796,"53/208
Loyal Circle
Srikakulam 469930",Tadipatri,851131,2024-04-01,New,13,1085.52,2024-09-09 14:15:37,2.0,6774.51,56.0,217
34668988,Wishi Varughese,damyanti67@example.net,916060129082,"68/391, Raval
Belgaum 624810",Nagpur,723012,2023-08-10,Inactive,3,534.37,2024-09-27 02:18:22,4.0,6715.21,38.0,452
53354003,Yatin Borra,amara94@example.org,910486044530,"89/528
Bhasin, Saharanpur 707355",Raiganj,821014,2024-09-23,New,13,1934.52,2024-06-06 16:01:20,2.0,1869.52,151.0,42
78732957,Madhav Anne,alka61@example.org,912750275807,"351, Kala Road
Katihar-538807",Malegaon,654544,2024-08-12,New,8,1148.93,2024-09-17 13:06:52,2.0,5056.41,48.0,84
10210309,Deepa Dewan,sagarjagdish@example.com,918039932264,"16/10, Seshadri, Tenali-896132",Kharagpur,318476,2024-05-08,Inactive,13,515.07,2024-07-11 11:40:20,1.0,2190.34,116.0,180
23984022,Liam Gupta,onveerdalal@example.org,919346224478,"55, Yohannan Ganj, Baranagar-705140",Nagaon,971471,2023-08-19,Regular,3,1519.51,2024-09-19 18:02:28,2.0,4220.32,46.0,443
95371787,Bhavya Bhattacharyya,yachanabora@example.com,913557649123,"H.No. 81
Kamdar Nagar
Bhavnagar 028519",Gudivada,296207,2023-03-20,New,9,1312.28,2023-11-28 02:51:41,2.0,5188.52,342.0,595
89968482,Elijah Bora,vbarad@example.org,916560410443,"62/39
Om, Farrukhabad 349709",Kottayam,913086,2023-03-30,Regular,12,1883.93,2024-06-16 09:10:00,4.0,12611.17,141.0,585
31527100,Triya Tailor,kamalasankaran@example.org,915113709301,"77/42, Buch Circle, Kharagpur 515901",Ratlam,816490,2023-11-21,Inactive,12,1830.13,2023-06-10 20:30:20,1.0,1742.0,512.0,349
8791577,Warda Kohli,madhavigandhi@example.com,910162338039,"H.No. 19
Dass Street
Gopalpur 195262",Madhyamgram,999631,2023-08-29,Regular,1,1031.07,2024-10-13 21:57:38,8.0,19028.36,21.0,433
63217390,Warinder Sha,urishilla57@example.org,914444556532,"75, Iyengar Street, Karaikudi-212227",Deoghar,65670,2023-07-18,Inactive,15,637.06,2024-09-12 04:43:20,1.0,1634.92,53.0,475
62526813,Keya Bansal,ravelrishi@example.com,913082897907,"04/541
Tank Ganj
Solapur-551644",Nashik,608018,2024-08-19,Inactive,6,1777.35,2024-08-06 11:22:44,1.0,2241.22,90.0,77
16561710,Isaiah Natt,amrita65@example.org,914278244798,"85, Samra Zila
Thane-835654",Baranagar,881409,2023-09-16,New,12,1043.28,2024-06-02 13:04:55,4.0,9975.27,155.0,415
91550885,Isaiah Basu,upadhyayekansh@example.org,915229800698,"28/00
Salvi Chowk
Srikakulam-844769",Alappuzha,96313,2023-05-17,New,14,1404.12,2024-06-15 15:52:32,4.0,8571.59,142.0,537
75025941,Rachita Buch,deepaloke@example.com,912168944634,"57/921, Luthra Road, Belgaum 202392",Jalna,210807,2023-03-26,Premium,15,323.12,,0.0,0.0,,589
90649019,Omaja Sahni,meera84@example.org,917564348738,"166
Choudhry Path, Kulti-308225",Fatehpur,578000,2023-04-07,New,18,1096.12,2024-07-10 16:56:35,5.0,12097.74,117.0,577
88550139,Oeshi Kamdar,semjanani@example.net,915134360934,"725, Borra Circle, Dhule 475721",Nadiad,703403,2024-08-11,New,3,1910.25,,0.0,0.0,,85
66932104,Chakradhar Dhawan,patlaatharv@example.com,910995494446,"110, Dass Zila, Fatehpur 117215",Shahjahanpur,219750,2023-10-19,Premium,3,976.71,2024-05-02 21:28:42,4.0,5446.35,185.0,382
45481936,Robert Gour,cheemaranveer@example.org,914286731151,"99/95
Srinivasan Circle, Siliguri 496598",Munger,202068,2023-08-04,Premium,3,1909.44,2024-08-15 20:41:26,2.0,3280.21,80.0,458
5961261,Vrishti Memon,brijeshwable@example.net,918367807648,"66/405
Talwar Ganj, Tiruchirappalli-116372",Varanasi,113744,2023-06-28,Premium,17,309.79,2024-04-13 14:08:15,4.0,7210.87,205.0,495
17696094,Tanvi Barad,zachariaaashi@example.net,918576193152,"947
Master Circle
Warangal 536256",Kirari Suleman Nagar,23472,2024-09-18,New,16,1626.23,2023-05-23 18:17:19,1.0,994.56,531.0,47
91408854,Warinder Virk,eta71@example.net,913622980382,"H.No. 145
Chana Road
Sikar-170087",Vijayawada,572574,2024-02-08,New,19,555.13,2023-06-18 00:05:52,2.0,7570.110000000001,505.0,270
32203588,Krish Srinivas,agastya33@example.org,916712649181,"51/956
Krish Road
Tezpur-618176",Berhampur,622176,2024-04-06,Premium,9,1678.38,2024-10-24 01:26:23,2.0,929.38,11.0,212
63339001,Viraj Bhandari,manansheth@example.com,915242594815,"H.No. 15, Thaker, Noida-144319",Noida,273531,2023-09-09,New,12,682.32,2024-07-05 04:07:34,3.0,4555.17,122.0,422
45553300,Panini Lall,jtrivedi@example.com,918881034315,"615
Mital Street, Morbi-030259",Latur,710487,2024-06-19,Premium,9,1713.65,,0.0,0.0,,138
67960179,Nakul Goda,udantgole@example.com,910316838209,"H.No. 25
Kala Path
Udaipur 950049",Bidar,366198,2024-06-28,Premium,10,1797.89,,0.0,0.0,,129
40085705,Anirudh Deshpande,jsaxena@example.org,917369504458,"H.No. 21
Bandi Circle, Etawah 281890",Kishanganj,530403,2023-09-02,New,6,777.89,2024-01-24 04:33:57,2.0,4913.09,285.0,429
60700850,Ishwar Dubey,jbassi@example.com,915664075971,"86/596, Choudhry Nagar, Madurai-306982",Tezpur,311501,2024-07-22,Regular,2,812.35,2023-12-14 02:10:55,2.0,3452.5,326.0,105
12059049,Jagdish Mander,wpall@example.net,914436092312,"47/938, Chandra
Ichalkaranji-922446",Nizamabad,696590,2024-09-23,Regular,17,235.4,2024-07-22 11:23:06,4.0,11045.67,105.0,42
52409516,Rehaan Jha,ekanshpadmanabhan@example.org,915614108132,"08/25
Gokhale Chowk, Dewas 028514",Jabalpur,502565,2023-04-23,Inactive,13,435.47,2024-10-21 21:55:22,4.0,6936.84,13.0,561
66269844,Harshil Edwin,pallabina@example.com,911151637158,"H.No. 831
Kade Circle, Dibrugarh 622053",Ghaziabad,818957,2023-08-23,Premium,4,1371.03,2024-01-22 10:00:36,2.0,2256.9700000000003,287.0,439
8513589,Ishaan Nayak,odika51@example.net,912532228833,"H.No. 611, Karpe Nagar, Chinsurah 132815",Bathinda,645238,2024-02-08,New,6,1590.11,2024-04-24 23:13:39,2.0,6565.69,193.0,270
6335221,Lajita Loyal,vedhikagulati@example.com,917625044170,"83
Shukla Zila
Bhagalpur 663970",Rajpur Sonarpur,713686,2024-01-05,Premium,20,1518.83,2024-07-11 05:59:50,2.0,8162.09,116.0,304
69925688,Yashica Sehgal,igola@example.net,916177443666,"77/881, Mitra Street
Erode 449182",Nandyal,920703,2024-02-25,Inactive,20,1350.67,2024-06-18 07:17:42,4.0,8882.31,139.0,253
18326028,Lekha Bakshi,chakradharganesh@example.com,910594752331,"H.No. 58
Talwar, Udupi-285349",Ratlam,685813,2024-04-10,Inactive,3,244.31,2024-06-26 16:29:40,1.0,833.93,131.0,208
15661674,Jyoti Ray,dugalchandresh@example.org,910329379624,"47/13
Mander Ganj, Farrukhabad 654671",Vadodara,300794,2023-11-10,Regular,12,453.24,2023-04-30 16:32:38,2.0,5317.11,554.0,360
92642745,Nicholas Puri,ekta46@example.net,912976140015,"H.No. 95, Gulati Circle, Ozhukarai-920887",Bihar Sharif,404970,2024-05-07,Regular,18,415.99,2024-10-31 07:17:51,3.0,11015.46,4.0,181
72164737,Mugdha Mohan,sara93@example.org,918089472545,"01/71
Shah Nagar
Malda 134603",Udaipur,685858,2023-08-16,Premium,6,377.36,2023-11-25 19:40:54,1.0,4216.31,345.0,446
35912599,Neha Atwal,sacharindali@example.org,912515095063,"65, Purohit Path, Jamalpur-094676",Bilaspur,525952,2024-05-08,Regular,16,461.95,2024-10-07 08:49:35,4.0,7142.09,28.0,180
46717997,Wishi Srivastava,jsoman@example.com,913395458385,"65/723, Arya Zila
Imphal 050184",Unnao,789057,2023-12-20,New,12,793.98,2024-10-07 14:04:11,3.0,10379.449999999999,28.0,320
38478423,Theodore Doctor,thomasdin@example.org,910273723560,"H.No. 40, Wason Ganj, Amaravati-597149",Nellore,156234,2024-03-29,Premium,3,263.3,2024-06-28 07:30:48,2.0,2499.99,129.0,220
47990044,Leela Dubey,triptisahota@example.net,914639987787,"H.No. 74
Buch Zila
Sambalpur 958963",Kadapa,404979,2024-09-29,New,12,1118.99,2024-05-09 03:55:26,1.0,77.11,179.0,36
18465047,Patrick Chaudhry,amairadevan@example.org,911670972074,"H.No. 31, Gour Zila, Ahmedabad 457410",Ghaziabad,531091,2024-03-25,New,8,746.88,2024-10-08 11:33:14,4.0,13626.39,27.0,224
36737539,Leena Naidu,harinakshi40@example.net,912870152408,"14/24
Tandon Path, Madurai 446998",Gwalior,671833,2024-02-06,Inactive,9,1636.27,2024-05-04 13:09:12,4.0,11578.98,184.0,272
23286884,Vedika Kaur,okumer@example.org,914744931835,"H.No. 97
Nagar Zila, Mahbubnagar-096292",Serampore,408435,2024-03-16,Premium,4,505.94,2024-03-08 19:23:33,2.0,7145.1,241.0,233
34297405,Jack Babu,sherekevin@example.net,912483521197,"677
Modi Zila
Patiala-529796",Saharanpur,49880,2023-12-13,New,1,1688.73,,0.0,0.0,,327
85626346,Isaiah Gera,aayush34@example.org,919060582251,"H.No. 179, Kadakia, Rajkot-257700",Ghaziabad,130770,2024-08-14,Regular,1,293.54,2024-02-19 06:09:33,4.0,12578.72,259.0,82
84468124,Ishanvi Parmar,senanmol@example.net,911836790188,"78/351, Shenoy Chowk, Maheshtala 333932",Gaya,311182,2023-04-20,Premium,12,859.39,2024-10-14 01:14:18,5.0,10914.22,21.0,564
11470681,Yashawini Sunder,kdash@example.com,916224678339,"633
Dhar Zila
Bahraich 587394",Munger,928068,2023-08-23,New,2,570.88,2024-03-09 03:58:13,1.0,3007.93,240.0,439
77903462,Madhavi Pandya,chanakyabhattacharyya@example.org,913900038945,"101, Upadhyay
Nagaon 684099",Thane,224382,2024-09-20,Inactive,19,206.87,,0.0,0.0,,45
68341636,Hemani Mannan,patrick94@example.com,917114609010,"77
Mishra Street, Bhatpara-089042",Aurangabad,778819,2024-08-27,Premium,19,1043.7,2024-10-29 18:19:37,3.0,9830.44,6.0,69
7522036,Kashvi Karan,chhabraunnati@example.net,911380682354,"H.No. 97
Vala Circle
Etawah-602343",Hospet,173000,2024-01-24,Premium,2,797.92,2023-08-09 18:06:42,1.0,845.0,453.0,285
69364309,Bhavini Chokshi,atimunshi@example.com,918588590346,"15/74
Dutta Circle, Faridabad-491312",Haridwar,55710,2024-09-22,Regular,6,636.83,2024-01-04 14:09:50,2.0,6956.0,305.0,43
51661209,Vasana Chandran,aaravdave@example.com,911574680957,"32/84
Natt Zila
Thiruvananthapuram 751597",Bidhannagar,211320,2023-06-23,New,13,852.39,2024-10-19 04:23:53,5.0,8966.91,16.0,500
4849477,Caleb Ram,leenamahal@example.com,911527293843,"H.No. 984
Chaudhry Street
Alwar-501673",Hosur,328080,2023-07-22,Premium,19,1782.35,,0.0,0.0,,471
74313592,Vaishnavi Prasad,shivanilata@example.org,916727437245,"H.No. 904, Gola Street, Bikaner 679779",Pimpri-Chinchwad,683667,2024-09-10,Premium,3,1208.69,2024-08-12 17:56:50,3.0,9248.8,84.0,55
26245432,Darika Konda,tanklekha@example.com,912092993789,"830
Saran Path, Dindigul-325356",Tirupati,459997,2024-01-11,Inactive,17,719.09,2024-01-05 09:11:09,2.0,5771.0,304.0,298
78412820,Charvi Bajaj,yastikota@example.net,918725813517,"32/31
Maharaj Ganj, Ratlam 858199",Siliguri,795903,2024-07-18,New,8,1009.58,2024-10-27 01:56:26,2.0,3132.3,8.0,109
11254582,Caleb Krish,rachitsaran@example.net,910583515404,"H.No. 99
Padmanabhan Marg
Panipat-465142",Machilipatnam,331326,2023-08-13,Inactive,19,1036.03,2024-04-19 23:04:28,3.0,4389.36,198.0,449
3399251,Ekalinga Bhatt,karinakul@example.org,911258273127,"H.No. 246, Narasimhan Nagar, Anand 951847",Solapur,498701,2023-05-03,New,20,937.11,2023-12-06 13:00:16,1.0,1348.39,334.0,551
70820304,Advik Butala,deygirindra@example.net,910109249339,"H.No. 575, Tailor Road, Loni-288467",Adoni,918082,2024-01-17,Premium,13,420.89,,0.0,0.0,,292
17861428,Nicholas Chowdhury,agastya94@example.org,915929115112,"H.No. 71
Chad Road
Kanpur-884402",Chandigarh,396282,2024-03-04,Inactive,10,1606.18,,0.0,0.0,,245
39317905,Gagan Garg,wvarkey@example.com,913741950298,"763, Ben Zila, Hapur-382162",Hazaribagh,289050,2024-05-10,New,8,1546.54,2024-07-11 11:44:58,2.0,3816.8500000000004,116.0,178
36885115,Agastya Contractor,swaminathanranbir@example.org,912272749423,"24
Peri Circle
Bellary-534501",Latur,930913,2023-04-22,Regular,7,1248.24,2023-07-18 17:01:40,1.0,1363.04,475.0,562
36462363,Samaksh Mandal,warjas57@example.com,915971311538,"31
Sidhu Marg
Berhampur-389160",Dhanbad,649341,2024-10-31,Inactive,16,747.55,2024-01-05 01:38:52,1.0,261.03,304.0,4
85490177,Jonathan Shukla,krishnadayal@example.net,911219885191,"H.No. 16, Majumdar Chowk
Jalandhar 070381",Howrah,223428,2024-07-24,Regular,2,655.95,2024-08-14 17:03:05,1.0,1549.44,82.0,103
63402854,Pallavi Sidhu,finnmallick@example.org,917562221409,"86, Thaker Ganj, Pallavaram-787731",Kollam,393814,2024-08-31,New,1,1110.52,2024-05-30 20:18:11,2.0,1620.52,158.0,65
99301505,Reyansh Wason,ypant@example.net,912848657389,"H.No. 980, Rajan Street
Amravati 480325",Bhimavaram,331633,2024-08-11,Inactive,5,294.44,2024-09-01 03:50:07,3.0,6513.01,64.0,85
92098757,Bhavna Mammen,umang45@example.net,910977447626,"290
Bhasin Zila
Jammu-346920",Phagwara,773475,2023-11-19,New,14,1419.7,2024-06-24 17:49:10,1.0,4419.96,133.0,351
79916464,Aishani Sunder,krishnasane@example.org,919476086352,"50/573, Sinha Path, Ujjain-447928",Shahjahanpur,261246,2024-02-13,New,17,539.79,2024-05-31 22:38:38,4.0,8332.82,156.0,265
10240052,Gagan Kakar,dipta34@example.org,918187203939,"33, Subramanian Circle
Katihar 845560",Guntakal,388744,2024-03-25,Regular,1,942.49,2024-09-03 18:54:33,2.0,2755.39,62.0,224
9738801,Damyanti Nadkarni,ganga81@example.com,911334078635,"45/643
Ramaswamy Nagar
Phusro-922851",Nellore,86659,2024-03-02,Inactive,19,376.73,2024-02-28 19:04:46,4.0,8019.36,250.0,247
2233446,Wakeeta Pillay,handayashvi@example.com,918165594840,"H.No. 67, Sahota Circle
Kolkata-000516",Panihati,125919,2023-12-27,New,6,1466.45,2024-02-22 10:18:09,2.0,4218.14,256.0,313
35434373,Pushti Pandya,deolanmol@example.org,915821281977,"29/21
Pau, Mau 854346",Aurangabad,407353,2023-07-30,Premium,9,368.71,2023-12-24 09:20:20,3.0,5418.07,316.0,463
89476734,Jackson Rajagopal,fganesan@example.com,911504140269,"01/36
Ghosh Circle
Mumbai 440965",Surat,454361,2023-07-12,Inactive,18,1505.74,2023-08-02 03:54:51,2.0,8610.54,460.0,481
51833636,Ikbal Munshi,leela67@example.net,917514521835,"15/52
Khare Path
Sirsa 885319",Anand,255774,2024-03-03,Regular,3,1977.36,2024-01-03 07:30:25,2.0,4315.46,306.0,246
75913572,Aahana Menon,guhadalaja@example.com,917893263725,"652
Nori Road, Rajahmundry 374248",Guna,325080,2024-03-26,Inactive,9,1844.07,2024-09-28 12:27:14,3.0,5884.610000000001,37.0,223
40277444,Damyanti Acharya,naksh70@example.org,918722804872,"29/24, Krish Nagar, Baranagar-937508",Panihati,401259,2023-05-10,New,1,251.79,2024-05-04 18:20:04,3.0,8473.16,184.0,544
80833965,Irya Brar,semrachana@example.com,913383231107,"H.No. 593
Pillay Street
Karimnagar-329110",Sangli-Miraj & Kupwad,268118,2023-09-05,Inactive,13,1896.2,2024-03-27 15:19:04,2.0,6037.74,222.0,426
46146390,Yashoda Sani,jalsaluthra@example.net,910547588648,"693
Rege
Salem 039470",Bahraich,255938,2023-04-19,Premium,4,271.5,,0.0,0.0,,565
59436131,Vritti Kota,anya33@example.com,911548648747,"37
Kaul
Thanjavur-688358",Imphal,400123,2024-09-02,New,18,546.58,2024-01-11 16:07:45,4.0,9359.23,298.0,63
14479168,Sai Sawhney,vihaantata@example.net,913731908925,"53
Boase Chowk, Jamshedpur-402993",Rewa,854880,2024-02-06,New,17,917.45,2024-08-19 19:01:44,2.0,3395.52,77.0,272
43784632,Adya Johal,tbrar@example.com,912407309187,"34/579, Dhingra Street, Nagaon 995800",Gandhinagar,171799,2023-04-12,Inactive,12,694.85,2024-08-20 03:23:58,3.0,8887.32,76.0,572
33331259,Leena Deol,nitesh33@example.com,917107649413,"74/973
Kashyap Circle
Hapur 323439",Saharsa,14967,2024-08-07,Inactive,7,1559.22,2024-06-11 01:55:09,4.0,9616.06,146.0,89
85838438,Advay Mann,dixitakshay@example.org,915607982022,"194, Mukherjee Chowk
Ahmedabad-136214",Suryapet,544363,2024-04-25,Inactive,15,1754.47,2023-11-19 12:58:27,1.0,3870.66,351.0,193
57674875,Kiaan Shukla,palanazad@example.com,916491766641,"41, Memon Road, Bilaspur-628397",Burhanpur,110402,2023-05-07,Regular,16,1666.12,2024-01-19 19:01:10,2.0,3752.47,290.0,547
37227953,Madhav Raghavan,iacharya@example.org,919920618347,"H.No. 625
Bhat Zila, Sambhal 832470",Pune,970382,2024-09-11,Inactive,4,500.75,2024-11-01 06:57:36,1.0,1735.7,3.0,54
83867512,Aarush Samra,rayvasudha@example.org,912014611501,"12/95
Bhavsar Circle, Faridabad 252485",Kadapa,693161,2024-06-22,Inactive,18,1476.0,2024-10-17 05:02:51,2.0,4940.92,18.0,135
17100301,Jason Sur,dugarkritika@example.com,917354329231,"27/82
Sachar Zila
Secunderabad 831235",Deoghar,119736,2024-08-06,Premium,16,1515.01,,0.0,0.0,,90
12967305,Bhavani Sood,sanayareddy@example.net,913820343447,"38, Memon
Allahabad-545707",Durg,963984,2023-12-24,New,16,607.46,2023-07-25 19:31:47,3.0,8329.8,468.0,316
72079189,Bhavani Gupta,siddharth05@example.net,913331569034,"434, Basu Street
Guna 218695",Hosur,446112,2023-05-23,Inactive,17,1383.05,,0.0,0.0,,531
83348353,Eta Dutt,fradorai@example.org,918182015528,"51/76, Hari Nagar
Nandyal-125693",Gurgaon,447354,2024-08-23,Inactive,1,533.72,2023-06-29 17:39:33,1.0,1535.36,494.0,73
80954112,Irya Rana,lajitasanghvi@example.org,915197325335,"04, Memon Path, Dindigul-403829",Jammu,296499,2023-06-06,New,6,1672.37,2023-06-01 18:32:03,1.0,3748.84,522.0,517
61320989,Anirudh Rege,choudharyvrinda@example.org,918711240437,"H.No. 65, Halder, Amravati 316229",Aurangabad,611718,2023-07-01,Regular,6,1247.37,2024-10-02 21:52:43,4.0,10461.97,32.0,492
45166203,Rushil Dass,borraonveer@example.net,914948263379,"07/48, Varughese Road, Phusro 293764",Proddatur,350967,2023-10-26,Regular,19,724.81,2024-05-03 13:04:47,4.0,8987.42,185.0,375
25294147,Daksh Guha,rattabalveer@example.com,917692105074,"H.No. 55, Mittal Street
Coimbatore-087516",Amritsar,125429,2024-06-16,New,9,1458.87,2024-01-19 22:51:15,1.0,3427.02,289.0,141
33706378,Michael Dugar,cherianchakradev@example.org,918729359769,"149
Baria Chowk
Indore 240558",Mehsana,601242,2023-09-02,New,16,1110.01,2024-04-30 16:35:18,2.0,6896.68,188.0,429
82804543,Yamini Thakkar,amorar@example.com,910786953897,"880
Rau Nagar
Tenali-161447",Arrah,124227,2024-08-02,New,8,1762.86,2024-10-21 17:50:10,2.0,4716.83,14.0,94
68016312,Qarin Bera,prasadikshita@example.net,919685502817,"22/496, Bhatnagar Marg
Bahraich 728459",Orai,118987,2024-09-24,Regular,5,1093.92,2024-06-07 01:48:08,3.0,3320.6499999999996,150.0,41
75860724,Pranav Venkataraman,pantindira@example.com,917626050488,"30/79
Brar Zila
Bahraich 409370",Aizawl,763550,2023-06-12,Premium,4,462.17,2024-08-16 13:12:40,2.0,2004.67,80.0,511
10541231,Dayita Yadav,dalajasekhon@example.net,917085625074,"H.No. 64
Arora Nagar, Dhanbad-111725",Bhiwandi,94381,2024-07-17,Premium,14,409.51,2024-10-20 00:39:24,2.0,2015.4199999999998,15.0,110
18035010,Vrishti Chakrabarti,narasimhanteerth@example.com,916607447619,"49/53
Sant Nagar, Avadi-509374",Burhanpur,67286,2024-01-30,Premium,16,745.1,2024-08-18 12:18:21,2.0,4202.22,78.0,279
36400756,Rayaan Nayak,mallguneet@example.org,913987599210,"441
Basak, Jamalpur 091680",Bidar,984457,2023-04-04,Inactive,19,721.41,2024-06-27 04:28:30,3.0,9050.31,130.0,580
4869199,Advik Bajwa,mahikakakar@example.org,914975057976,"785, Mital Chowk
Naihati 597518",Siwan,803941,2024-10-16,New,7,1695.8,,0.0,0.0,,19
52659908,Lucky Kala,jaggiurmi@example.com,913454899928,"H.No. 72, Lalla Chowk, Panipat 548209",Kozhikode,108922,2024-05-02,Regular,5,1590.28,,0.0,0.0,,186
2517955,Charan Sharma,rsagar@example.org,919881295551,"512, Mani Chowk
Sikar-332566",Mathura,52692,2024-02-28,Regular,7,1625.44,2024-02-27 16:16:35,1.0,950.6,251.0,250
63858550,Neha Balakrishnan,parsaviraj@example.net,913449112414,"71, Choudhry Street
Adoni 161614",Ichalkaranji,742412,2024-05-05,Premium,7,1197.2,2024-06-23 18:23:45,2.0,2467.0600000000004,134.0,183
71755645,Hemang Raja,netra96@example.org,915108987857,"291, Varty Circle, Vijayanagaram-507487",Pallavaram,279065,2024-04-12,Regular,10,963.44,2023-11-03 13:00:48,1.0,3494.41,367.0,206
92203470,Chatresh Narula,vshanker@example.net,913010851160,"16
Vaidya Ganj
Sangli-Miraj & Kupwad 799068",Amaravati,432216,2023-11-10,Regular,17,1678.84,,0.0,0.0,,360
77161976,Kavya Gupta,farissuresh@example.com,911868150261,"01/65
Mander Zila
Loni-418847",Dindigul,243125,2024-07-05,Regular,8,1498.83,2024-06-01 20:59:04,1.0,3784.91,155.0,122
28663279,Sai Bhatia,xchoudhry@example.org,912901668937,"14/344
Malhotra Road, Ahmedabad-019006",Jamnagar,321770,2023-03-30,Premium,6,1539.15,2024-05-19 10:01:31,5.0,13861.880000000001,169.0,585
23098216,Ladli Chhabra,nagykashish@example.com,913306511837,"66/01, Kar Chowk, Shimla-966926",Mahbubnagar,153137,2023-11-01,New,9,1193.05,2024-09-27 18:32:00,1.0,3823.81,38.0,369
75752515,Gagan Chakraborty,tbadal@example.com,914693290990,"352, Chahal Ganj, Aurangabad-005102",Ballia,636676,2024-04-17,Premium,14,763.15,2023-12-25 05:25:12,2.0,9433.029999999999,315.0,201
54730270,Aradhana Munshi,rajeshri93@example.org,917741778001,"70/03
Sarma Ganj, Patiala-333640",Salem,706203,2023-03-22,New,19,1256.55,2024-09-03 04:50:19,4.0,7085.34,62.0,593
12655794,Teerth Mand,karavrishti@example.net,916818492918,"74, Luthra Road
Raurkela Industrial Township 152924",Hosur,806093,2024-03-07,Regular,15,446.56,2023-08-16 13:03:49,1.0,217.5,446.0,242
44557943,Megha D’Alia,pallawyatt@example.net,910518807208,"H.No. 515, Parikh Street
Proddatur 789104",Bangalore,391984,2024-01-23,Inactive,19,874.8,2023-09-07 20:00:27,2.0,6674.71,424.0,286
72089140,Kritika Kalla,ishanviacharya@example.net,919344431150,"02
Chanda Circle, Kurnool-724694",Kamarhati,462353,2024-06-04,Regular,18,1751.47,2024-10-17 07:38:55,3.0,8937.7,18.0,153
77768189,Ojas Sinha,anjalisamra@example.com,914222492798,"H.No. 940, Sawhney Circle
Bhusawal 477498",Machilipatnam,468910,2023-06-17,Regular,3,434.62,2024-10-26 11:26:17,2.0,9231.61,9.0,506
60300263,Sathvik Jani,omishasood@example.org,910932690331,"18/71
Gulati Marg
Karnal 644806",Rewa,314082,2023-10-07,New,8,374.67,2023-10-27 00:41:23,2.0,6064.709999999999,374.0,394
22210238,Rayaan Krishna,fsuri@example.org,911178349947,"585, Mandal Zila, Nandyal 508289",Muzaffarnagar,118790,2024-06-10,New,8,351.08,2024-05-17 08:01:08,6.0,21686.800000000003,171.0,147
30979436,Diya Chaudry,jchaudhary@example.net,910475672137,"H.No. 116
Dani Road, Gopalpur-838761",Ozhukarai,57642,2024-07-26,Regular,17,422.51,2024-10-13 00:37:39,2.0,2159.27,22.0,101
23676689,Jagat Dhar,jagatkota@example.net,912464612480,"56/400
Varma Chowk
Mathura 283182",Orai,822374,2023-10-03,Premium,2,654.95,2023-08-22 20:13:04,3.0,5261.200000000001,440.0,398
82025691,Zaid Boase,hsaran@example.net,911896756292,"18
Ramakrishnan Ganj
Gurgaon 134787",Begusarai,407090,2023-06-24,Regular,17,811.77,,0.0,0.0,,499
68128937,Girish Murthy,desainitara@example.net,913911471576,"194, Kumar Chowk
Bongaigaon 044195",Panipat,688117,2024-03-07,New,4,1817.62,,0.0,0.0,,242
23081177,Harinakshi Batta,bhavanibajaj@example.net,911251297321,"82/83, Shan Circle
Chittoor-396809",Panchkula,828437,2024-06-14,New,14,969.68,2024-04-13 19:32:29,2.0,6540.88,205.0,143
90745023,Samarth Sathe,gillkritika@example.com,912233599200,"13
Garde
Coimbatore-135385",Ratlam,300261,2023-10-28,Inactive,12,889.72,2023-11-06 03:35:25,4.0,5235.45,364.0,373
83262890,Aryan Date,parikhwishi@example.com,919591029583,"63/990
Ramesh Nagar
Bahraich-932537",Ulhasnagar,561730,2023-10-15,New,1,1293.97,2024-05-08 21:07:08,2.0,4127.02,179.0,386
3588443,Yashica Pingle,nakul94@example.org,918446914302,"63/847
Garg, Gwalior 577648",Rohtak,586174,2024-04-11,Premium,20,1727.18,2024-09-30 16:45:59,2.0,3724.12,35.0,207
92509376,Sudiksha Dutta,gayathri09@example.org,913768208977,"H.No. 586
Jha Nagar
Singrauli-552485",Jehanabad,260252,2024-09-03,Regular,15,1367.8,2024-10-15 20:53:48,3.0,3955.43,19.0,62
77031496,Abeer Rastogi,contractorsimon@example.com,917241267216,"92
Raj Chowk
Mira-Bhayandar 559172",Pimpri-Chinchwad,196025,2023-12-28,New,7,404.11,,0.0,0.0,,312
51119088,Zehaan Srinivas,narayananlakshit@example.net,912554511316,"H.No. 12, Chaudhari Zila
Guwahati 756722",Tinsukia,538718,2023-07-26,Regular,9,1264.67,2024-06-05 05:16:03,4.0,7332.24,152.0,467
9107360,Anvi Iyer,dmane@example.net,914359488204,"029, Aurora Marg
Hospet 337208",Dindigul,390035,2024-04-23,Inactive,12,617.79,2024-07-10 04:44:45,3.0,5210.74,117.0,195
88866835,Osha Dora,ebatta@example.net,913251161123,"H.No. 022, Bava Street, Srikakulam-979419",South Dumdum,65460,2023-11-01,Premium,6,506.63,2024-03-31 06:26:48,4.0,11203.08,218.0,369
50527764,Sai Garg,krishna27@example.com,914308258615,"03
Chatterjee
Bhiwandi 307084",Amroha,957367,2023-12-28,Premium,16,1830.26,2023-05-13 03:52:37,1.0,1246.63,541.0,312
19400174,Urvi Grover,bawamaanav@example.org,917769359511,"H.No. 70
Sem Ganj
Rajkot-074481",Saharanpur,467162,2024-05-22,New,2,907.16,2023-07-02 01:45:40,1.0,3804.03,491.0,166
80517784,Udyati Dara,aradhana66@example.org,918168382338,"62/772
Oza Chowk, Proddatur-971544",Raiganj,418404,2024-07-05,Regular,7,513.2,2024-03-28 23:16:24,6.0,15153.25,220.0,122
60446619,Yashvi Kar,hsaha@example.com,911720595499,"18/11
Balakrishnan Marg
Vellore-979843",Guntakal,797149,2024-06-15,Regular,20,1259.49,2024-08-20 23:33:16,2.0,4460.76,75.0,142
85074810,Aarna Naik,jai89@example.net,913459878125,"47/217, Andra Road, Malegaon 699427",Bhagalpur,439383,2024-09-14,Regular,11,766.81,2024-09-20 20:49:22,5.0,5713.9400000000005,44.0,51
73654821,Vedant Rattan,soodurishilla@example.org,913339938034,"45/821, Joshi Zila, Bhilai 902150",Vijayawada,570349,2023-10-16,New,18,1892.18,,0.0,0.0,,385
47387512,Shivansh Gaba,harshilsawhney@example.net,912253875315,"36, Bose Street, Pali 357092",Chittoor,858549,2023-07-08,Regular,18,805.43,2023-10-01 11:20:21,1.0,2943.17,400.0,485
35988028,Tejas Char,ekaraj79@example.org,911918583375,"860
Palla Road
Imphal-322818",Naihati,996267,2024-08-31,Premium,6,898.52,2024-01-27 19:44:55,4.0,8451.94,282.0,65
92583164,Amruta Lad,omaja42@example.org,913641624982,"H.No. 81, Bhakta Marg
Hubli–Dharwad-245228",Burhanpur,526523,2023-09-29,Premium,20,1027.67,2024-09-29 00:51:06,1.0,534.55,36.0,402
8155924,Suhani Kanda,srinivasanchanakya@example.net,918668962091,"794
Grover Chowk, Guntur-757863",Patiala,92581,2024-03-30,Regular,10,1749.17,,0.0,0.0,,219
72702075,Veda Thaman,azaanprabhakar@example.org,916584396393,"295, Warrior Path, Durg-256359",Jalna,362822,2024-07-01,Regular,5,1863.18,2024-03-16 21:47:29,1.0,1388.01,232.0,126
79155946,Nachiket Saini,samuelkari@example.com,919861518805,"H.No. 244, Ramaswamy Nagar, Bardhaman 868416",Thiruvananthapuram,506102,2023-09-05,New,17,1799.48,,0.0,0.0,,426
31708103,Kabir Mani,gaurang03@example.org,917121002615,"85/279, Krishnan Chowk, Bhiwandi 709482",Gudivada,479673,2023-09-25,New,1,769.19,,0.0,0.0,,406
77345018,Bishakha Lanka,aarnavmenon@example.com,918331784518,"06/040, Sarna Nagar, Karawal Nagar-311295",Udupi,407746,2024-07-26,Regular,1,828.2,2024-09-18 04:36:44,2.0,2912.42,47.0,101
25722990,Nidra Radhakrishnan,yauvani33@example.net,911412403640,"236
Zacharia Path, Agartala-384748",Pallavaram,344843,2024-03-13,Regular,16,1409.6,2024-10-21 23:54:41,4.0,10617.95,13.0,236
60062501,Anirudh Mistry,abhiramsrivastava@example.com,915499082414,"H.No. 45
Minhas Nagar, Amritsar 574954",Bhilwara,250202,2024-01-04,New,2,1888.02,2024-05-28 21:18:47,2.0,7537.04,159.0,305
33472376,Krisha Misra,khannayoshita@example.org,911613537998,"87/134, Sankaran Road, Darbhanga 261333",Bardhaman,123186,2024-01-16,Premium,11,1704.14,2024-08-20 22:49:00,2.0,7828.88,75.0,293
34073080,Pushti Gour,rdoshi@example.org,918446066369,"31
Kant
Sikar 368740",Thrissur,227379,2023-05-04,Regular,10,1285.18,,0.0,0.0,,550
86897973,Arin Pandya,wchoudhary@example.com,913308795787,"H.No. 950
Mann Circle
Amritsar-268863",Arrah,603962,2024-03-30,Inactive,14,802.09,,0.0,0.0,,219
85198177,Charita Comar,divyashanker@example.org,917579170820,"60/85, Pant Road
Kollam-512597",Jammu,741033,2023-04-01,Premium,6,1666.01,2024-11-04 13:50:21,4.0,11660.189999999999,0.0,583
8395343,Ekani Pingle,joshiwarhi@example.com,911269447591,"57/055
Tripathi Ganj
Fatehpur 117481",Bathinda,809596,2024-03-10,New,11,315.99,2023-07-03 23:48:25,3.0,7008.0199999999995,489.0,239
51557673,Faras Varughese,hemangchhabra@example.net,916220367302,"H.No. 45, Hayer Circle
Varanasi 847363",Mira-Bhayandar,270793,2023-08-01,New,4,510.76,2024-04-16 02:03:25,1.0,4360.12,202.0,461
75892474,Baghyawati Ray,sameshissac@example.net,915850794587,"45, Lalla Ganj
Jammu 661842",Guntur,353826,2023-08-27,New,17,564.89,2023-09-20 15:55:11,2.0,4375.78,411.0,435
67092149,Daksh Atwal,indiratrivedi@example.com,919692423734,"374, Sehgal Zila
Mysore 291634",Davanagere,619381,2023-12-16,Premium,1,376.48,2024-08-04 15:09:28,5.0,17572.43,92.0,324
35554129,Darika Natarajan,wahabmisra@example.com,915987778693,"84, Golla
Ghaziabad 458388",Alappuzha,464641,2024-08-11,Premium,15,1226.88,2024-08-07 13:10:30,2.0,6012.49,89.0,85
18889370,Mason Atwal,ckashyap@example.org,916363015013,"H.No. 41
Bawa Ganj, Surendranagar Dudhrej-587195",Sri Ganganagar,255117,2023-06-14,Regular,18,598.79,2023-10-03 11:53:27,2.0,6470.28,398.0,509
16764246,Aarini Dewan,alkaseshadri@example.net,914240815214,"80/13, Atwal Ganj, Hubli–Dharwad 554031",Pali,638631,2024-09-28,Premium,1,1938.34,,0.0,0.0,,37
43459807,Charan Brahmbhatt,aahanatailor@example.net,911379152726,"555, Batra Chowk, Bhimavaram 413732",Khammam,886183,2023-04-08,Premium,6,1643.67,2023-11-25 20:09:17,1.0,123.74,345.0,576
10857389,Nihal Mital,ipal@example.org,913361128329,"90/44
Kamdar Chowk
Kolkata-447646",Hindupur,893621,2024-07-29,Inactive,9,553.29,2024-09-28 04:10:41,4.0,5091.87,37.0,98
59329145,William Guha,lshenoy@example.org,912059322066,"28/86, Bala Ganj
Raipur-127796",Gulbarga,776510,2024-08-30,Regular,19,999.5,2024-07-11 11:31:57,4.0,14225.1,116.0,66
31456752,Henry Borah,ramachandrankavya@example.com,916419690294,"H.No. 046, Cherian Road, Jamnagar 499840",Thanjavur,988334,2024-06-21,Premium,16,1337.43,2024-04-12 17:05:00,5.0,13229.970000000001,206.0,136
96583772,Ekta Sane,jtank@example.com,912168390459,"H.No. 59, Bava Ganj, Anantapur 847660",Bhatpara,675854,2023-11-19,New,8,690.19,,0.0,0.0,,351
18394558,Dipta Sarraf,yashodalata@example.org,915052350631,"36, Subramanian Circle, Hyderabad 897585",Bareilly,155249,2023-12-30,Regular,2,1186.59,2024-08-01 19:15:33,2.0,5704.59,95.0,310
2584499,Shivansh Tata,diya19@example.com,914402458047,"55/121, Grewal Circle, Mehsana-928447",Ludhiana,880262,2024-09-13,Regular,2,1686.86,2024-08-04 14:24:51,3.0,3879.01,92.0,52
27709218,Ryan Dhingra,rthaman@example.org,917199410362,"H.No. 69, Kadakia Chowk
Bilaspur-453013",Dindigul,36144,2024-04-26,Regular,18,1872.09,2024-08-22 06:10:47,4.0,6364.07,74.0,192
99160348,Jeremiah Sarin,kdada@example.org,919569891158,"982
Nayar Ganj, Haridwar 970636",Siliguri,47733,2024-09-15,Inactive,19,1550.84,2024-08-27 20:15:26,2.0,5004.36,69.0,50
55693909,Darsh Pandey,mdugar@example.net,919650016694,"32, Lad Street
Tiruvottiyur 643887",Narasaraopet,15855,2024-06-27,Premium,1,1965.46,2024-02-01 21:59:31,3.0,5566.26,276.0,130
31582950,Bhavya Khalsa,advaithtata@example.com,914142910319,"098, Dhawan Chowk, Dhanbad-430781",Jhansi,945972,2023-12-20,New,13,586.75,2024-07-15 10:44:09,3.0,8479.77,112.0,320
19482392,Yachana Nath,dnanda@example.net,916045529982,"93, Dalal
Sangli-Miraj & Kupwad-541844",Muzaffarnagar,670607,2023-06-22,Regular,10,1478.75,2024-09-27 16:36:39,4.0,6193.93,38.0,501
4862761,Maya Chatterjee,quincyacharya@example.net,917319006066,"45, Sachar Ganj, Imphal 709402",Eluru,153679,2023-08-31,Premium,20,477.19,2024-07-15 16:57:54,2.0,3317.1899999999996,112.0,431
45804389,Liam Dayal,daksh09@example.net,919642993273,"30, Roy Circle
Naihati-365590",Maheshtala,759825,2023-07-02,Inactive,11,788.1,2024-07-10 07:11:29,3.0,8838.9,117.0,491
74179536,Hitesh Ray,amairasodhi@example.net,914445794358,"H.No. 90
Viswanathan Nagar, Deoghar-802762",Nizamabad,835800,2024-10-14,Inactive,18,517.73,2024-07-19 22:39:09,4.0,7290.41,107.0,21
91024604,Manbir Devan,ishwarnagi@example.net,916331040254,"86/721
Sekhon
Rajkot 131436",Sambalpur,463411,2023-08-27,Inactive,2,1577.27,2024-08-28 02:22:17,3.0,8281.12,68.0,435
31923338,Ishwar Goyal,ejaggi@example.com,917810888270,"H.No. 491, Ram Marg
Belgaum 471793",Yamunanagar,838368,2024-03-13,New,8,1166.83,2024-09-10 22:33:39,2.0,2890.54,54.0,236
33574338,Prisha Bahl,venkateshowen@example.org,914860121846,"58/15
Dash Path, Pali-217275",Thiruvananthapuram,139810,2023-08-12,Inactive,8,830.3,,0.0,0.0,,450
82322028,Reyansh Sinha,venkateshdamyanti@example.org,913360950116,"H.No. 674
Narula Street, Nagercoil 295923",South Dumdum,718072,2023-07-16,New,6,1700.56,2024-04-24 17:30:07,1.0,2930.91,194.0,477
51812283,Vasana Rajagopalan,ucchal05@example.org,919130860126,"11/03
Dada Chowk
Rajpur Sonarpur 110283",Katni,474877,2024-03-14,Regular,6,1685.52,2023-11-18 10:31:04,1.0,486.28,352.0,235
68419593,Sneha Sodhi,parth81@example.org,917985486410,"H.No. 888
Nagarajan Nagar
Tezpur 275419",Patna,602979,2023-10-19,Inactive,5,1769.51,2023-10-15 09:18:29,2.0,4680.06,386.0,382
54205055,Yasti Shukla,moreekaja@example.com,918002791410,"87, Om Ganj
Mirzapur 784887",Junagadh,964252,2024-05-18,Regular,9,1637.67,,0.0,0.0,,170
84456355,Avi Ratti,kallamaya@example.com,914569997056,"11/390
Bava Path, Bhiwani-791996",Karawal Nagar,536746,2023-09-26,New,2,1361.12,2024-02-25 16:07:58,3.0,10497.34,253.0,405
93458307,Jalsa Choudhury,yasti36@example.com,918159326660,"H.No. 819
Lal Road
Guwahati 653919",Anand,531962,2023-10-25,Inactive,6,541.59,2024-07-31 07:37:21,1.0,1119.19,96.0,376
27304827,Arjun Bhardwaj,jason04@example.org,912458388214,"H.No. 452
Bobal Path, Medininagar-979279",Coimbatore,986968,2024-06-01,Premium,9,1736.28,2024-06-16 17:23:11,3.0,6570.71,141.0,156
67302239,Tanvi Bajaj,gpal@example.net,910053909621,"11/16
Sridhar Street
Meerut-931911",Kozhikode,525311,2023-10-29,Regular,7,1463.73,2024-07-19 03:53:24,1.0,4912.61,108.0,372
12305040,Guneet Jayaraman,hamsini08@example.org,917731006615,"H.No. 31
Dhillon Street, Panchkula 640027",Noida,910150,2023-07-20,Regular,14,1968.85,2024-09-26 19:49:44,3.0,8809.21,39.0,473
43377076,Imaran Krishnan,aryanchoudhary@example.net,916921859325,"46/011
Dhar Zila
Kishanganj 805857",Junagadh,642567,2023-09-22,New,6,720.69,2024-07-22 04:28:26,2.0,2558.88,105.0,409
52075070,Vedika Muni,kdate@example.com,914610802746,"62/746
Banik Nagar
Thiruvananthapuram 557615",Kadapa,761787,2023-08-31,Regular,8,638.6,2024-08-09 21:38:00,2.0,3392.0,86.0,431
4378755,Oscar Ratta,wguha@example.com,916824800377,"18/375, Ramachandran Circle
Karnal 455818",Pali,583209,2023-11-10,Premium,2,1144.9,2024-08-29 23:35:57,3.0,5667.76,66.0,360
67215939,Dominic Viswanathan,tatakala@example.com,918298265101,"31/897
Nigam Zila, Satna-184043",Erode,699508,2024-01-03,New,12,1427.91,2024-07-30 05:14:35,4.0,14771.59,97.0,306
13963450,Hemang Kakar,jjhaveri@example.org,911400761810,"H.No. 298, Sanghvi Chowk, Pali 342053",Malegaon,663144,2024-03-23,New,14,1364.82,2023-12-15 21:46:35,1.0,2630.12,324.0,226
59009727,Charles Kulkarni,ysahni@example.com,913393369439,"324, Chopra Marg, Bilaspur 405151",Adoni,424255,2024-03-16,New,7,580.22,2024-05-12 13:19:57,2.0,4736.46,176.0,233
47274329,Hemal Murthy,ramanathanrajeshri@example.net,917460904135,"20/507
Taneja Chowk, Pondicherry-483122",Ludhiana,831272,2024-02-12,New,7,1898.39,2024-01-13 09:26:19,4.0,6683.5199999999995,296.0,266
97492493,Alexander Ray,zkalla@example.com,911673837375,"52/62
Srinivasan Marg, Tirupati 141027",Singrauli,867234,2023-04-26,Inactive,8,1310.07,2024-02-11 18:10:33,3.0,9129.98,267.0,558
16256136,Panini Mangal,gautambhasin@example.org,914463536572,"88, Aurora Path
Khammam 476253",Aurangabad,36309,2023-09-09,Regular,14,415.01,2024-03-18 04:01:22,2.0,1151.27,231.0,422
42209203,Aryan Sundaram,jmahal@example.com,919237477537,"H.No. 22
Saraf Zila, Aligarh 160919",Bangalore,528483,2024-03-29,New,19,1051.3,,0.0,0.0,,220
30767655,Aarnav Issac,onimandal@example.com,918546207158,"H.No. 824
Goel, Miryalaguda-574451",Karnal,942916,2024-06-05,Regular,15,698.87,,0.0,0.0,,152
81605722,Bachittar Morar,vasana79@example.net,910620947151,"H.No. 838, Taneja Nagar
New Delhi 195998",Salem,610584,2023-11-18,Regular,15,856.01,2024-02-23 17:32:54,3.0,2006.29,255.0,352
16082651,Amara Sundaram,sehgalsiya@example.net,914087502008,"54, Manda Road
Dehradun 627738",Junagadh,506119,2023-11-04,Regular,14,895.74,2024-07-10 08:10:58,2.0,2571.1000000000004,117.0,366
52337289,Pooja Mital,jbhargava@example.com,917053948299,"73/053, Sanghvi Zila
Tirupati 939999",Morena,913898,2023-06-16,New,3,1999.83,2023-03-21 12:31:23,1.0,2368.0,594.0,507
24644542,Harish Mahajan,darajeet@example.com,914675681657,"H.No. 942, Chaudhry Path
Bhatpara-381499",Tirupati,77875,2024-03-17,New,4,1252.89,2024-08-03 00:58:53,3.0,3349.9599999999996,93.0,232
72564495,Urmi Badami,quincyanne@example.com,916112821853,"H.No. 19, Ahuja Ganj, Meerut-057290",Gandhidham,140024,2024-03-13,New,11,1015.81,2024-09-29 23:21:00,1.0,1969.21,35.0,236
95594611,Dayita Dass,vaidyasuhani@example.org,914764637802,"02/97, Kanda Path, Mangalore-954268",Thiruvananthapuram,280153,2023-04-09,Regular,1,797.28,2024-03-28 02:58:31,1.0,2490.28,221.0,575
23794330,Nisha Amble,xbhakta@example.net,914117730044,"H.No. 55, Choudhary Chowk
Ongole 045956",Machilipatnam,324950,2024-05-28,Regular,1,822.37,2024-06-11 06:16:15,3.0,5430.969999999999,146.0,160
1771249,Samesh Devi,osant@example.org,912871168311,"95/77
Merchant Zila
Faridabad-209978",Bathinda,348054,2023-04-14,New,4,790.78,2024-03-09 00:27:33,1.0,2399.6,240.0,570
57360162,Aarini Rama,bkuruvilla@example.com,916662931943,"H.No. 10
Pai Chowk
Jorhat 052878",Bally,69036,2023-10-30,Regular,20,607.46,2024-07-16 18:56:51,3.0,3364.6899999999996,111.0,371
70230254,Hamsini Sandhu,aachalsheth@example.net,916745836473,"16/48, Dyal, Morena 865201",Suryapet,377043,2023-12-24,New,14,1488.42,2024-07-28 21:44:40,2.0,4482.96,98.0,316
30285217,Isha Sahni,upalla@example.net,912925135279,"27, Rajan Street
Buxar-287946",Parbhani,275327,2023-09-23,Premium,11,334.01,2023-10-09 12:12:03,3.0,5778.1900000000005,392.0,408
14428954,Viraj Tank,otalwar@example.com,917348563344,"99, Arora Ganj
Jhansi-873180",Medininagar,607637,2024-10-22,Premium,10,1387.23,2024-01-16 22:18:13,3.0,9890.27,292.0,13
9987182,Tristan Hegde,devansh88@example.org,911484654463,"138, Dewan Circle
Kolkata-153958",Darbhanga,35650,2024-08-21,Regular,8,635.99,2024-10-07 16:33:53,4.0,11850.41,28.0,75
92636025,Balendra Sidhu,cborah@example.org,918849874792,"53/99, Morar Path
Guntakal-505821",Ambattur,292276,2024-09-24,Inactive,14,1563.87,2023-07-24 17:07:37,2.0,5155.47,469.0,41
19771128,Urvashi Bhandari,maxlad@example.net,917898424469,"85/427
Ramesh Road
Alwar-246479",Vijayawada,962095,2023-11-26,Regular,4,1807.2,2023-06-21 08:14:44,1.0,3041.96,502.0,344
13122744,Yashvi Dalal,zashilkaran@example.com,915291649728,"H.No. 95
Dasgupta Circle
Sultan Pur Majra 866995",Kalyan-Dombivli,491018,2024-02-02,Regular,5,1616.47,2023-10-15 20:26:10,1.0,2013.55,386.0,276
90696847,Balendra Choudhary,vyanjanasharma@example.com,915378909010,"156, Ramanathan Road
Alappuzha 776848",Bathinda,695228,2023-09-19,Regular,6,934.37,2024-06-23 12:54:13,1.0,2841.51,134.0,412
44050697,Hemang Ratti,joshuaganesan@example.org,914804846626,"33/729
Kala Street, North Dumdum 647189",Ujjain,97187,2023-12-28,New,16,1312.22,2024-03-15 00:40:28,3.0,5277.45,234.0,312
44723662,Veer Dixit,theodore63@example.com,911250040727,"01/67
Dara Circle
Orai 934810",Dhanbad,205626,2023-10-07,Regular,7,272.63,2023-08-22 00:07:05,2.0,4433.79,440.0,394
69908484,Kevin Sachar,harita88@example.org,914413833245,"28/698, Divan Ganj, Hindupur 852596",Udupi,819988,2024-08-08,New,8,382.07,2024-08-11 13:59:47,3.0,6797.2,85.0,88
82708090,Krishna Seshadri,raghav93@example.net,915447759512,"H.No. 426, Rai Path, Maheshtala 883085",Panvel,210002,2024-01-01,Premium,7,1295.96,2023-08-20 21:45:23,1.0,1354.27,441.0,308
83267752,Om Choudhury,gaurav60@example.net,910158143195,"131
Dixit Path
Nashik-762279",Raipur,51420,2023-09-25,New,13,802.85,,0.0,0.0,,406
19259955,Rehaan Borde,dasslila@example.org,914778763749,"H.No. 95
Dutta Ganj, South Dumdum-476520",Nagpur,410844,2023-04-03,Inactive,15,213.69,2024-01-20 19:50:24,4.0,8311.47,289.0,581
11616535,Vrinda Bassi,faraschandra@example.net,911828267316,"H.No. 94, Saxena Nagar
Katihar 418163",Tadepalligudem,285899,2024-08-18,Premium,6,1583.56,2024-06-22 16:53:41,4.0,5872.780000000001,135.0,78
50557979,Kiaan Naidu,mdeol@example.org,914579644974,"H.No. 478
Rao Nagar, Noida 012414",Khammam,399392,2024-03-31,Premium,6,1557.45,2024-07-01 21:17:49,4.0,5534.78,125.0,218
53538932,Quincy Nanda,maya02@example.com,919603784118,"H.No. 57
Mander Ganj
Katni-110592",Thoothukudi,932768,2023-05-11,Premium,9,1763.76,2024-05-04 18:57:03,2.0,5659.54,184.0,543
63292875,Guneet Borah,dev66@example.org,919335183633,"094
Kala Zila, Tiruchirappalli-999978",Noida,980046,2024-09-30,Premium,18,1756.08,2023-09-14 06:52:00,1.0,1491.21,417.0,35
98858383,Janani Gill,vrinda77@example.org,918703511183,"717, Bahri Zila
Mau 600591",Dehri,875536,2023-12-31,Regular,3,700.22,2024-10-19 15:37:39,3.0,8747.720000000001,16.0,309
86715467,Chanakya Bansal,azad10@example.net,910711273685,"19/83, Acharya Marg, Alwar 879724",Amaravati,455609,2024-03-18,Inactive,9,495.2,2024-06-06 23:04:27,2.0,7238.01,150.0,231
13197985,Gaurika Balasubramanian,divya22@example.org,915071048399,"H.No. 212
Amble Path
Tiruchirappalli-691683",Nanded,299635,2023-04-19,Premium,19,516.21,2024-08-20 15:38:50,1.0,1107.38,76.0,565
85561151,Zinal Dhawan,gulatiedhitha@example.org,917812668846,"65/275, Manne Road, Muzaffarpur-688635",Kanpur,515548,2024-08-13,Regular,12,227.18,2024-01-10 05:24:05,4.0,5513.6900000000005,299.0,83
94706375,Urishilla Kala,pdin@example.org,918234995797,"H.No. 71
Mand Zila, Rewa 438780",Amravati,691745,2023-04-05,Regular,6,1653.1,2024-07-14 05:45:34,1.0,2600.22,113.0,579
53974737,Kiaan Menon,narainojas@example.net,916042878994,"59/09, Shankar Chowk
Guwahati-481373",Panipat,637163,2023-10-30,New,15,672.4,2024-08-03 04:51:31,2.0,4973.0599999999995,93.0,371
83039559,Hemang Jain,khuranachanchal@example.net,913796588487,"64/54
Gill Chowk
Pali 227550",Jalgaon,925122,2023-07-01,Premium,5,247.73,2024-02-27 15:25:27,2.0,1421.71,251.0,492
98218863,Panini Dua,karurishilla@example.net,917259581563,"98/00
Jhaveri Nagar, Belgaum 313583",Pimpri-Chinchwad,603140,2023-06-05,Regular,10,716.11,2024-03-08 13:40:09,2.0,7271.0,241.0,518
54347213,Devansh Prasad,brijesh54@example.org,916450875266,"49/494, Sodhi, Morbi 621218",Lucknow,12673,2024-04-07,Premium,16,1388.04,2024-04-27 11:49:38,2.0,2795.96,191.0,211
30065862,Urishilla Hegde,ydeo@example.org,910400446367,"H.No. 330
Rana Path, Sagar 712033",Allahabad,911359,2024-09-02,Regular,13,749.95,2024-09-25 11:15:52,3.0,7183.56,40.0,63
42615134,Champak Patil,nmall@example.com,911526502275,"19, Sachdev, Bidar 765497",Muzaffarnagar,539257,2024-09-22,Inactive,15,1828.12,2023-10-16 07:14:34,1.0,3371.28,385.0,43
94033330,Prisha Tella,joshibalveer@example.org,916400082007,"38
Nazareth, Vadodara-354901",Visakhapatnam,609564,2024-09-25,Regular,10,1747.91,2024-10-06 20:17:02,4.0,3772.4500000000003,29.0,40
64795608,Ishita Mital,aishanikalita@example.com,917703216311,"35/424
Karpe Ganj, Faridabad-080640",Udupi,176996,2023-10-22,New,14,470.99,2024-11-03 14:28:39,3.0,8626.23,1.0,379
1662375,Tanmayi Yohannan,indrajitdhillon@example.com,914153204014,"72, Saxena Marg
Bellary-326727",Tiruchirappalli,783266,2023-11-18,New,7,1350.81,,0.0,0.0,,352
91130614,Rayaan Seth,chaman96@example.org,919679640338,"H.No. 542
Amble Ganj
Farrukhabad 572765",Jabalpur,364241,2023-06-22,Inactive,7,528.12,2023-11-19 04:29:38,2.0,4609.95,351.0,501
85020453,Hamsini Tripathi,shaurya77@example.com,917671807529,"96/221
Morar Circle, Ambattur 315265",Jaunpur,938416,2023-05-18,Premium,14,1343.69,2024-01-22 09:08:13,2.0,4030.8,287.0,536
80875034,Vasatika Palla,maanasrattan@example.com,910399688696,"89
Thaker Road, Agra-525317",Mahbubnagar,197561,2023-07-15,Inactive,4,1407.92,2024-08-13 21:18:36,3.0,4948.35,82.0,478
72605638,Zansi Nanda,teerth55@example.net,918421385201,"45/445, Jaggi Chowk
Karawal Nagar 883125",Korba,823516,2024-09-02,Inactive,12,983.84,2024-09-18 10:20:36,3.0,3444.55,47.0,63
47939657,Idika Sem,johalsiya@example.org,913258360745,"24/46, Kuruvilla Ganj, Gorakhpur-791998",Bhavnagar,6891,2024-07-01,Regular,9,1600.67,2024-10-07 07:48:35,2.0,4656.0599999999995,28.0,126
35156679,Chakradev Verma,vincent13@example.com,910123070760,"71/96, Amble Circle, Panvel-979863",Etawah,954583,2024-01-07,Premium,8,1412.4,2024-06-13 19:44:54,3.0,6666.26,144.0,302
47125914,Yashoda Chacko,ati59@example.com,913099194870,"069, Bath Zila
Aurangabad-968050",Kochi,723520,2023-03-29,Premium,16,1535.12,2024-01-06 07:43:13,2.0,4103.79,303.0,586
94713625,Samar Deol,davesathvik@example.com,915710064320,"H.No. 98
Roy Road
Jhansi 989608",Barasat,284684,2023-08-15,Premium,10,1791.16,2024-01-12 20:46:24,2.0,7234.43,296.0,447
43066953,Hredhaan Sengupta,upma64@example.net,910309692891,"H.No. 53
Dutta Zila
Raiganj-923965",Bikaner,349157,2024-10-15,Regular,4,323.92,2023-11-22 02:15:41,1.0,2839.24,348.0,20
32987624,Dalaja Arora,calebsengupta@example.com,912671590893,"46/767
Chacko Chowk
Arrah 424009",Jabalpur,399897,2023-04-05,Premium,15,902.61,2024-09-11 00:36:04,4.0,8339.880000000001,54.0,579
11143197,Siya Mani,malloliver@example.net,917820827129,"50, Yadav Street, Jhansi-806525",Bulandshahr,514698,2023-03-29,Regular,13,778.44,2024-06-10 01:20:43,4.0,8949.08,147.0,586
77015367,Oni Bhagat,dominicbhandari@example.com,911974312832,"H.No. 36, Ray Path
Bellary 439994",Chittoor,58142,2024-07-17,Regular,8,288.08,2023-09-28 19:00:26,2.0,2422.17,403.0,110
63571453,Praneel Saran,jaggikala@example.com,914230230814,"325, Banik Path
New Delhi-923781",Kanpur,844591,2023-05-14,Premium,1,1367.12,2024-06-04 05:37:56,3.0,4525.16,153.0,540
95334407,Krish Sunder,eta37@example.net,919128281411,"H.No. 126
Thaman Ganj
Tinsukia 716227",Cuttack,347212,2023-03-29,Inactive,6,602.09,2024-06-17 21:03:29,2.0,4891.389999999999,139.0,586
2400009,Jonathan Korpal,liam03@example.org,917087853375,"22/29, Chowdhury Path, Karimnagar 950098",Amaravati,690370,2024-02-26,Premium,7,1328.35,2024-05-22 14:09:40,3.0,5928.53,166.0,252
43519553,Lekha Swamy,bhavnamittal@example.com,915146840650,"53/90
Mukherjee Circle, Rajpur Sonarpur-576874",Mathura,998055,2024-02-07,Premium,18,898.85,2024-05-28 20:20:44,1.0,1441.0,160.0,271
91566278,Keya Chadha,gdeo@example.net,912704173257,"18, Sura
Ratlam 964051",Burhanpur,161156,2024-09-24,Premium,5,1953.37,2024-01-27 21:13:51,3.0,5861.110000000001,281.0,41
93522848,Mohammed Sahni,takkrishna@example.net,913796801303,"490
Soman Ganj
Bhatpara 521317",Jodhpur,103710,2023-10-29,Inactive,20,1875.27,,0.0,0.0,,372
48776805,Prisha Sanghvi,laleta@example.net,915013111868,"52/809
Hegde Marg
Satara-825467",Alwar,612480,2023-06-01,Premium,1,351.38,2024-10-07 10:23:41,3.0,9272.96,28.0,522
6061349,Gautami Trivedi,iryasarin@example.org,918375797986,"H.No. 03
Dasgupta Marg
Ozhukarai 426511",Haldia,987109,2024-03-17,Regular,17,332.03,2024-05-07 21:56:34,3.0,9223.01,180.0,232
49617531,Vamakshi Pradhan,thomassanghvi@example.com,911748286727,"71/92, Bajwa Path
Morbi-309555",Firozabad,856856,2024-03-19,Inactive,12,1346.9,2023-07-10 08:05:17,2.0,5621.07,483.0,230
25915909,Gaurangi Singh,wallavasudha@example.com,919053658129,"H.No. 903, Nagi Circle
Raipur-607118",Bhimavaram,638420,2024-01-18,New,18,1155.71,2024-08-05 21:29:11,1.0,1445.95,90.0,291
2058037,Yutika Badal,biswastamanna@example.org,919780212360,"H.No. 88, Konda Chowk
Ahmednagar 017628",Rajkot,493628,2023-11-17,Inactive,11,1797.02,2024-10-31 18:23:21,4.0,10977.92,4.0,353
43307488,Jagrati Prabhu,choudharybalhaar@example.org,915596788472,"72/18, Munshi Zila, Jamalpur 838235",Bhatpara,793361,2023-08-06,Regular,1,1036.29,2024-05-06 11:58:12,1.0,261.03,182.0,456
58513300,Hemal Mammen,farajwason@example.org,915425118250,"129, Seth, Mirzapur 807650",Jodhpur,245873,2023-09-25,Premium,1,664.85,2024-07-22 04:48:43,2.0,2271.58,105.0,406
41146001,Nirja Prasad,mahallaban@example.net,917080654919,"H.No. 97, Bhat Zila
Sonipat 701585",Belgaum,160105,2023-07-12,Regular,5,934.23,2023-12-05 16:41:49,2.0,1928.0500000000002,335.0,481
89910157,Dayamai Ray,jdate@example.com,912655185000,"775, Nayak Street, Patna-218169",Khandwa,166001,2023-03-19,New,5,1859.93,2024-07-19 01:16:09,5.0,12115.11,108.0,596
33608451,Lohit Dugar,vgera@example.net,912059024117,"666, Magar Street
Udupi 424461",Madurai,317235,2023-05-19,Inactive,5,774.65,2023-06-16 14:35:44,1.0,3352.28,507.0,535
58214883,Udant Grover,cnarayan@example.com,915768346291,"79/852
Nadkarni
Panchkula 391511",Darbhanga,871302,2024-05-05,Regular,11,229.17,2024-04-30 18:23:36,2.0,2231.31,188.0,183
2875442,Arunima Vyas,buchayushman@example.net,915969178797,"176, Krishnamurthy
Ramgarh 170370",Bettiah,68994,2023-07-19,Premium,19,1858.8,2024-02-10 11:44:52,1.0,310.87,268.0,474
83660688,Gopal Dube,aditya26@example.com,917216179263,"52/64, Koshy Circle
Hapur 029532",Kottayam,317201,2024-07-13,Premium,1,1768.23,2023-08-24 13:01:44,4.0,11810.51,438.0,114
9650263,Samar Vasa,gpadmanabhan@example.com,910522525268,"01/76
Mani Road
Chittoor-256884",Gandhidham,40161,2023-04-24,New,5,843.98,2024-07-07 13:29:33,2.0,4364.28,120.0,560
36517334,Ria Dua,akshay40@example.com,919591362787,"16/46
Karan Nagar, Karaikudi 841373",Naihati,886615,2024-03-30,Premium,19,1603.14,2023-12-26 04:56:10,2.0,1359.21,314.0,219
1989720,Anusha Bahri,hemanginigour@example.org,917371380072,"H.No. 78, Memon Marg, Bettiah-165769",Saharanpur,232753,2023-11-10,Inactive,6,239.76,2024-08-04 23:35:44,2.0,3688.92,91.0,360
68486301,Bachittar Misra,kallaneel@example.net,913417767361,"53/56, Sandhu Road, Kharagpur-982343",Kanpur,146326,2023-04-26,Inactive,10,205.49,2024-02-25 04:33:09,2.0,5311.6900000000005,253.0,558
2134827,Vasudha Kalita,zaitra93@example.org,911088999128,"21/239
Bedi, Bettiah-618106",Ambarnath,863663,2023-10-22,New,10,1710.75,2024-01-03 19:52:56,1.0,805.28,306.0,379
67896836,Om Murty,cmittal@example.net,911350116554,"H.No. 14
Batra Marg
Shahjahanpur 432714",Gulbarga,976912,2024-09-16,New,15,469.03,2024-07-13 20:46:07,1.0,1080.49,113.0,49
98152679,Geetika Arora,kurianlakshit@example.net,910844545975,"H.No. 84, Rama
Chapra-101291",Thiruvananthapuram,917590,2024-08-01,Regular,1,583.12,2024-02-24 04:51:16,2.0,2905.3799999999997,254.0,95
6812439,Vasana Mand,prakashvrinda@example.net,919206751723,"17/04
Balakrishnan Nagar, Raiganj 562478",Bhalswa Jahangir Pur,940482,2024-10-17,Premium,1,938.29,2024-07-16 10:47:30,3.0,1712.8600000000001,111.0,18
90038364,Upadhriti Chand,ybawa@example.com,915570774670,"H.No. 860, Jain Zila, Aizawl-045836",Ozhukarai,733321,2024-03-18,Regular,17,650.89,2023-10-07 15:37:13,2.0,4724.99,394.0,231
47215976,Jasmit Ganesh,urishillajain@example.org,912531547334,"H.No. 771, Sha Circle, Korba 949390",Jalna,91065,2024-09-25,Premium,9,842.83,2024-07-22 22:17:01,3.0,2886.0699999999997,104.0,40
74840437,Rachit Arya,sarmachatresh@example.net,910841111302,"730, Sama Road, Bhopal-485906",Korba,807661,2024-03-10,Inactive,1,330.17,2023-08-08 06:00:23,1.0,2939.42,454.0,239
10418604,Xavier Agrawal,lopaagrawal@example.org,919789289354,"10, Sangha Street, Bharatpur-212237",Gandhidham,850794,2024-04-11,New,15,501.27,2024-04-03 07:28:25,3.0,8381.78,215.0,207
65514005,Ekapad Kuruvilla,yatinsoni@example.com,915893633406,"H.No. 48, Dora Marg
Jamshedpur-323719",Dhanbad,615240,2023-07-21,Regular,16,266.6,2024-08-09 21:50:28,6.0,11736.28,86.0,472
1479065,Keya Grover,vbalakrishnan@example.org,912569948550,"179, Sekhon Ganj
Gurgaon-532079",Bokaro,717396,2024-02-09,New,17,1597.83,,0.0,0.0,,269
87641623,Isaac Rattan,iborde@example.org,916798665565,"H.No. 71
Pant Street, Haldia 203973",Bulandshahr,795752,2023-09-25,Regular,11,1243.23,2024-06-23 20:18:46,2.0,3284.0699999999997,134.0,406
34381941,Oeshi Thaman,bahriishanvi@example.net,913236868087,"42, Sawhney Marg, Bhubaneswar-711454",Malegaon,348234,2023-07-13,Inactive,10,1753.38,2023-08-31 15:44:34,1.0,2310.95,431.0,480
81822494,Dominic Verma,lucky44@example.org,910830410076,"540, Chandra Path, Dehradun-294311",Sri Ganganagar,342395,2024-07-14,New,9,1284.68,2024-03-10 16:58:45,3.0,8589.01,239.0,113
97191387,Chavvi Bhatia,vmall@example.org,919266633731,"43/75
Dalal Ganj, Moradabad-771813",Madurai,866334,2023-06-03,Premium,3,853.44,2024-04-27 11:27:23,1.0,4917.07,191.0,520
25795941,Urishilla Dhillon,ryanbath@example.com,912107939692,"04, Barman Street, Bhind 281577",Bhalswa Jahangir Pur,311683,2024-04-14,Regular,10,765.4,2023-09-13 23:26:44,1.0,1983.84,417.0,204
97825663,Upadhriti Sha,pahalsaini@example.com,910310548959,"241, Bakshi Marg, Tadipatri 896705",Udaipur,719362,2023-06-19,Regular,8,527.59,2024-10-10 06:40:41,5.0,13192.880000000001,25.0,504
19966989,Varsha Dutt,hritik00@example.com,918348721744,"33/377, Hayer Marg
Khammam 556674",Secunderabad,441105,2024-03-06,Premium,2,1737.1,,0.0,0.0,,243
57967753,Lila Tailor,bchoudhury@example.com,912820121343,"96/52
Prasad Chowk, Sambalpur-169998",Davanagere,869884,2024-01-11,Premium,20,203.28,2024-09-25 19:12:11,3.0,8039.05,40.0,298
10694081,Faris Raval,neel30@example.net,912433385418,"H.No. 668, Rama Chowk
Tiruchirappalli-877111",Meerut,568324,2023-10-02,Regular,16,769.13,2024-10-09 15:05:40,1.0,3821.8,26.0,399
4356173,Jalsa Khatri,mahajanbakhshi@example.org,911963988928,"48, Patla Ganj, Avadi 838391",Rajkot,763603,2024-09-10,New,9,1838.56,2024-02-24 05:24:38,3.0,2428.91,254.0,55
87266309,Yachana Sethi,dashneel@example.com,912738098281,"63/721, Gala, Rourkela 611895",Agra,173328,2023-11-17,Regular,19,1097.48,2024-03-30 04:50:39,3.0,8868.619999999999,219.0,353
65134271,Ansh Singh,damyantiwalia@example.net,913392617416,"H.No. 928
Dugar
Silchar-434394",Ajmer,108582,2023-12-18,Premium,19,1433.53,2024-05-15 05:35:36,3.0,4895.68,173.0,322
11928321,Nikita Palan,hdivan@example.net,914092497738,"H.No. 09, Dave Street, Kochi-481440",Maheshtala,554594,2024-06-30,Inactive,17,1770.94,2024-01-07 15:22:00,2.0,3923.3100000000004,302.0,127
32527479,Nidhi Varkey,krishakaul@example.org,915761360776,"H.No. 901
Pau Ganj, Munger-041682",Jorhat,597322,2023-11-04,Regular,19,896.82,2024-08-12 05:08:50,4.0,10032.45,84.0,366
47275378,Aarav Dar,amruta30@example.net,916663401107,"H.No. 24, Lata Street, Ahmedabad 581000",Ahmednagar,572351,2023-03-16,Premium,3,623.26,,0.0,0.0,,599
9246851,Aarush Dixit,psandal@example.com,910245024147,"H.No. 942
Rajagopal Path
Dharmavaram-327499",Ujjain,317869,2024-10-10,New,10,1574.34,2023-06-07 13:43:08,2.0,5098.4400000000005,516.0,25
12402437,Kamala Rama,raymegha@example.net,910025008643,"63
Mallick Chowk
Lucknow 415089",Rajahmundry,126465,2024-06-29,New,14,1580.62,2024-03-14 00:46:30,2.0,7044.07,235.0,128
95382317,Aradhana Sen,indiraseshadri@example.com,914150494578,"790, Tata Marg
Asansol-472717",Patiala,466894,2024-05-20,New,14,940.85,2024-09-04 09:46:08,1.0,2857.54,61.0,168
19523014,Neha Shroff,vaishnaviravi@example.net,916853642519,"86/05
Dutt, Proddatur-587012",Ongole,419857,2024-02-24,New,14,679.5,2024-10-24 02:47:13,3.0,9464.960000000001,11.0,254
2188994,Bimala Mitra,uarora@example.net,919473010631,"01/27
Murthy Circle
Ratlam 179286",Patiala,635527,2023-10-26,Inactive,6,484.51,2024-05-21 16:19:30,1.0,3750.59,167.0,375
31328762,Vanya Sanghvi,banikishita@example.net,911933280674,"H.No. 98
Balasubramanian Path
Jamshedpur 087164",Durg,198685,2024-03-08,Premium,5,941.9,2023-12-21 05:49:15,2.0,8889.810000000001,319.0,241
39354312,Chatresh Andra,gmorar@example.net,918970441806,"H.No. 599, Saran Street, Guwahati-654856",Kulti,154452,2023-09-22,Premium,4,1599.19,,0.0,0.0,,409
17939362,Anjali Yogi,utkarshratti@example.com,918381205056,"H.No. 066
Bhavsar Nagar, Darbhanga 347239",Noida,745281,2024-02-11,Inactive,17,496.59,2023-09-20 01:05:39,1.0,1213.48,411.0,267
12755730,Indrajit Mahal,padmanabhanharshil@example.org,911181779895,"76
Ben Path, Thanjavur-431970",Howrah,473540,2023-08-20,Regular,8,748.43,2024-04-24 12:09:13,3.0,7745.370000000001,194.0,442
64562786,Neel Sankar,krishadvika@example.com,911836216883,"98
Chhabra Street, Hazaribagh-482791",Firozabad,785077,2024-03-13,Inactive,19,1483.65,2024-10-17 16:13:30,4.0,12728.96,18.0,236
18771682,Nitara Sur,lohitsarraf@example.com,917036253090,"937
Suresh Ganj, Karawal Nagar-054361",Shivpuri,865499,2023-07-11,Premium,12,1420.99,,0.0,0.0,,482
18170800,Anamika Sur,rhayre@example.net,916867546589,"57
Chakraborty Path
Bidhannagar 065607",Mathura,501272,2024-07-02,Regular,12,1972.81,2023-05-23 03:28:54,1.0,2282.55,531.0,125
31914222,Rajeshri Lad,uraj@example.org,917055035409,"89, Oza Circle, Chandrapur-723479",Bhilwara,757778,2024-09-29,Inactive,4,380.49,,0.0,0.0,,36
29095552,Gunbir Vala,sathvikbala@example.com,911939422010,"49/46
Mangal
Morena-353261",Amritsar,893254,2023-04-19,Inactive,17,1617.63,2024-07-08 15:33:40,4.0,8016.13,119.0,565
13415362,Tristan Grover,diyakuruvilla@example.org,911159969130,"H.No. 96
Randhawa Path, Morena 357169",Dibrugarh,460303,2023-06-25,Inactive,2,978.88,2023-05-22 09:43:39,1.0,1609.53,532.0,498
13284996,Irya Dayal,shamanbir@example.org,914376337070,"H.No. 614, Sehgal Path
Akola-450080",Phagwara,363237,2024-04-11,Regular,9,449.79,2023-04-16 18:50:37,1.0,956.4,568.0,207
3410758,Qabil Salvi,gandhibhavya@example.net,918055425835,"16/72, Jhaveri Road
Hubli–Dharwad 657248",Hazaribagh,293062,2023-07-16,Regular,1,1892.51,2023-03-27 11:28:42,1.0,898.05,588.0,477
14330483,Vasatika Konda,kaurishwar@example.org,917210695462,"H.No. 63
Iyer
Sangli-Miraj & Kupwad-906471",Durgapur,943453,2023-08-04,Premium,12,538.66,2024-08-09 13:18:02,2.0,3286.63,87.0,458
95768401,Jyoti Pau,varughesedayamai@example.org,912484526832,"14/790, Ramesh Nagar
Amravati 506114",Kadapa,760525,2024-11-03,Inactive,8,590.36,2024-11-04 20:29:15,2.0,2731.0,0.0,1
57662767,Lila Chakraborty,birhemangini@example.org,917149410387,"65/74
Lad Zila, Ulhasnagar-281824",Kalyan-Dombivli,652094,2023-10-21,Premium,10,403.61,2024-09-27 18:32:45,2.0,1858.6200000000001,38.0,380
51387106,Nandini Devi,xitigour@example.net,916146934112,"26
Jain Circle, Gaya-053431",Jamalpur,902417,2023-10-15,New,15,615.8,2024-07-26 18:45:20,1.0,1086.27,101.0,386
89995124,Gauri Butala,ranveeranne@example.org,915746130106,"890, Sastry, Narasaraopet-405280",Muzaffarpur,833041,2023-10-29,Premium,6,995.42,2024-05-07 22:42:49,2.0,3944.3500000000004,180.0,372
73660582,Timothy Bhalla,simonmurty@example.net,912429664865,"H.No. 08, Upadhyay Street, Mathura-083468",Agra,457942,2024-10-20,Premium,18,1045.53,2024-10-13 19:46:11,3.0,6049.54,22.0,15
70459847,Krish Shankar,mekhalasaraf@example.org,917738181829,"53/713, Raghavan Street
Bhilwara-021410",Bhopal,973977,2024-08-29,Premium,12,324.58,2024-06-21 18:44:51,2.0,5761.030000000001,136.0,67
3999964,Ansh Minhas,nbir@example.net,911642384127,"H.No. 82, Madan Road
Jalandhar-138003",Orai,33590,2023-08-08,Premium,15,1147.01,2024-07-11 09:22:48,2.0,5935.73,116.0,454
39674723,Advika Keer,khatriayushman@example.net,919786599046,"H.No. 211, Mitra Chowk
Solapur 253328",Bettiah,813010,2024-08-05,New,3,765.19,2024-05-14 16:20:19,3.0,4470.11,174.0,91
23448955,Pranit Gade,kamdarhemang@example.com,914578541592,"87/17, Gola Circle
Narasaraopet-044900",Raebareli,185824,2024-10-12,Premium,13,1201.0,2024-01-13 11:09:16,1.0,1656.08,296.0,23
76971644,Banjeet Pal,jaggigaurang@example.net,918326420171,"93/149, Bumb Chowk, Guwahati 790333",Thoothukudi,796020,2024-09-20,Inactive,20,1812.27,2024-08-26 12:11:17,4.0,9528.63,70.0,45
81382213,Victor Khurana,jkaur@example.org,914182396433,"92/411
Kannan Nagar, Tirunelveli 887984",Burhanpur,952694,2024-05-18,Inactive,9,845.85,2024-01-13 18:46:50,2.0,5993.450000000001,296.0,170
21456226,Indrajit Mitra,yauvani00@example.net,917975415940,"342
Hans
Bathinda-978162",Adoni,626620,2023-07-21,New,18,980.16,2023-04-25 21:30:46,1.0,1966.28,558.0,472
46378942,Oscar Kurian,vedhikanarasimhan@example.com,918233044292,"64/29, Lalla Road, Kolhapur 461306",Chandigarh,319915,2023-11-20,Premium,1,1768.04,2023-09-24 14:15:04,1.0,3988.44,407.0,350
12088552,Aditya Barman,draj@example.org,912767114555,"17/59, Dutta Street, Siwan 346894",Patiala,82581,2023-04-17,Premium,3,1137.83,2023-05-12 17:23:18,2.0,2049.82,542.0,567
18642306,Wazir Bahl,jsunder@example.com,913151999184,"16/718, Kanda Chowk, Meerut 856894",Tinsukia,877253,2023-12-21,Inactive,12,1802.63,2024-10-06 06:59:00,3.0,6618.49,29.0,319
11387110,Om Sastry,aishani38@example.com,915717298058,"H.No. 413, Char Nagar, Mehsana-538034",Coimbatore,14359,2023-08-17,Premium,8,1303.37,2024-01-16 06:39:05,1.0,2922.5,293.0,445
51341672,Aarna Mital,ghoshlavanya@example.org,919570921584,"H.No. 75
Bobal Path
Hajipur 676112",Bhagalpur,789995,2024-04-03,Regular,10,1898.18,2024-09-28 03:12:58,3.0,10981.470000000001,37.0,215
79630614,Nikita Misra,rachanabadal@example.net,919318757996,"47/23, Tripathi Path
Vadodara-629791",Sasaram,880263,2024-07-13,Regular,3,362.45,2024-06-08 18:58:00,2.0,1742.3899999999999,149.0,114
76602787,Qasim Chandra,pavanijaggi@example.org,919034440388,"H.No. 07, Guha Marg
Deoghar 511184",Mehsana,856383,2024-04-07,New,9,1683.71,,0.0,0.0,,211
50630016,Max Ranganathan,aaravkhosla@example.org,917735360816,"47
Ramesh Ganj, Lucknow-952273",Unnao,926172,2023-08-22,Inactive,17,1445.33,2024-06-23 14:18:16,2.0,2090.87,134.0,440
85354059,Anamika Dugar,borahansh@example.net,911796601244,"H.No. 245
Vora Marg
Ambattur-417585",Begusarai,887933,2023-08-20,Premium,2,672.87,2024-06-06 14:26:05,4.0,6598.97,151.0,442
30188374,Naveen Chakrabarti,manbir37@example.org,910399858374,"01, Ramakrishnan Ganj, Bhavnagar-851185",Haldia,400684,2024-03-28,New,15,915.53,2024-05-24 20:17:58,4.0,6233.38,164.0,221
13760839,Anvi Savant,yashvi72@example.org,914497088467,"H.No. 661, Dora Street
Surat 406513",Guwahati,412928,2023-08-23,Premium,17,444.89,2024-06-10 02:03:34,5.0,10384.25,147.0,439
12455156,Ijaya Agrawal,anirudh89@example.com,910402868008,"51, Kari Nagar, Tenali-778804",Eluru,317047,2023-04-03,Inactive,16,1139.56,2024-05-18 16:03:10,3.0,3157.46,170.0,581
13604883,Siddharth Kata,mvaidya@example.com,914260686222,"80/102
Raj Marg, Tadipatri-190103",Karimnagar,638908,2024-09-23,Premium,17,1659.88,2024-08-15 23:06:55,7.0,14002.59,80.0,42
69240186,Triya Memon,ssoman@example.org,919926498016,"83/387
Shankar Chowk, Suryapet 985417",Kottayam,850470,2024-04-16,Regular,8,884.0,2024-05-09 22:20:28,3.0,5122.46,178.0,202
57765367,Advika Sundaram,shivani60@example.net,916679045294,"92, Handa Street
Jehanabad-548704",Sultan Pur Majra,221493,2024-01-26,Premium,1,1296.69,2024-03-06 16:25:44,2.0,3262.34,243.0,283
97928541,Pratyush Peri,vasudha09@example.com,910425860983,"40/020
Krish Circle
Amaravati 137329",Tiruchirappalli,917035,2023-06-27,New,4,1838.77,2024-08-24 06:10:50,1.0,2983.11,72.0,496
31718565,Andrew Wable,jackson06@example.org,913875006343,"77, Dhar Zila
Kozhikode-400515",Durgapur,16828,2024-05-29,Regular,6,245.16,2024-05-03 01:00:23,3.0,4744.9,185.0,159
76438648,Faraj Radhakrishnan,sandalpanini@example.org,916668672098,"H.No. 17, Aurora Street
Ujjain 452078",Dewas,418024,2023-04-10,New,6,854.68,2023-07-20 17:19:50,1.0,2556.83,473.0,574
36146306,Aryan Ghose,brahmbhattvihaan@example.net,913834021286,"422
Salvi
Panchkula 451977",Pallavaram,767176,2023-11-10,Regular,19,828.14,2024-09-26 16:42:13,3.0,4584.62,39.0,360
87160527,Gautam Ravel,pandyazaitra@example.org,911325826385,"729, Acharya
Unnao 554182",Bulandshahr,720320,2024-10-09,New,6,1966.02,2024-09-26 17:57:33,4.0,11808.91,39.0,26
1108176,Charita Chad,ekantika51@example.com,919496285339,"99/756, Gour Marg
Suryapet-685926",Bhalswa Jahangir Pur,902052,2023-07-27,Premium,20,1460.76,2024-01-28 20:41:13,2.0,3667.81,280.0,466
83610315,Nachiket Roy,wsangha@example.net,918837467840,"17/829, Garg Circle, Kirari Suleman Nagar 040091",Shahjahanpur,632904,2023-07-31,Inactive,16,376.5,2024-05-16 16:47:07,1.0,2282.13,172.0,462
24043135,Edhitha Bassi,chavvijohal@example.com,919376472347,"39/739
Nanda Zila
Secunderabad-753649",Bijapur,339705,2024-10-01,Inactive,15,1681.39,2024-07-28 05:10:33,3.0,4160.1900000000005,99.0,34
84448310,Ati Lad,tanmayi18@example.org,910041668650,"07/725
Warrior Path
Chittoor 204154",Mumbai,109591,2024-09-28,Regular,16,282.58,2024-07-05 10:03:17,2.0,5580.92,122.0,37
59769142,Pooja Bajaj,ijaya43@example.com,917213936820,"21/95
Merchant Street
Katni-296822",Bellary,208439,2024-03-01,New,4,718.4,2024-09-13 05:34:48,2.0,3362.38,52.0,248
90753712,Amruta Bhatt,hkant@example.net,915970336021,"50/595, Mall Nagar
Bhusawal 169200",Dharmavaram,22174,2024-06-24,Regular,4,1408.03,2024-04-19 10:40:15,1.0,96.09,199.0,133
38748727,Raghav Nath,bmani@example.net,918239306340,"H.No. 560
Dass Nagar, Kota-609570",Tiruchirappalli,573755,2024-08-04,New,4,495.67,,0.0,0.0,,92
45033270,Manan Chandran,keermugdha@example.org,918836550788,"64
Padmanabhan Path
Bulandshahr 387848",Thanjavur,372814,2024-04-28,New,15,252.26,2024-08-13 07:23:10,1.0,3702.6,83.0,190
6459100,Shivansh Mand,gaurav29@example.com,910122930874,"145, Arora Ganj
Karaikudi-304218",Agra,85316,2024-10-04,Premium,19,1193.57,2024-08-17 07:51:09,3.0,5143.1900000000005,79.0,31
60904312,Jagdish Badami,isha60@example.com,911521745715,"588, Dass
Kakinada 672163",Mumbai,503282,2024-06-04,Regular,20,564.73,2024-07-11 03:41:04,3.0,7823.4,116.0,153
98225598,Neelima Som,gyohannan@example.com,910109338724,"824
Narasimhan
Malda 057726",Sambalpur,731095,2023-05-12,Premium,9,1190.21,2024-06-26 11:29:47,5.0,11683.539999999999,131.0,542
31813,Indrajit Pau,wakeetasehgal@example.com,911785834174,"66, Vora Chowk
Maheshtala 376030",Sultan Pur Majra,666762,2024-04-10,Regular,18,1230.75,2024-10-10 13:10:15,2.0,5726.04,25.0,208
79135318,Amaira Issac,zayyankala@example.org,918435512593,"06/34, Sha Marg, Mango-359050",Saharanpur,317779,2023-06-14,Inactive,17,454.3,2023-12-10 11:26:07,3.0,8890.55,330.0,509
99627097,Amara Narayanan,yatin58@example.net,917346202732,"H.No. 17
Uppal Marg
Danapur 126611",Raiganj,437954,2023-03-19,New,10,1085.49,2023-08-17 09:02:54,2.0,1856.69,445.0,596
90919603,Priya Chaudry,osaraf@example.com,918985875464,"29/035
Walia Path, Kulti 693931",Howrah,82827,2023-11-14,Regular,10,555.97,2024-08-10 01:18:51,3.0,10918.26,86.0,356
46741896,Jagvi Patla,faras93@example.net,915373835658,"838
Arya, Nanded 274834",Mango,656521,2023-10-21,Premium,13,1518.23,2024-10-11 15:31:32,4.0,8038.16,24.0,380
58942207,Krisha Sama,agarwalrohan@example.org,913187813435,"H.No. 86, Goel, Bijapur 190889",Patna,861467,2024-07-05,Regular,8,525.9,2023-09-07 13:18:38,2.0,5251.36,424.0,122
86839058,Kashvi Sarma,samuel91@example.org,911494038086,"H.No. 860, Agate Ganj
Medininagar 205852",Ujjain,72586,2024-06-19,Regular,5,1953.24,,0.0,0.0,,138
82179338,Isha Dugar,adya37@example.net,914121420985,"60, Bakshi Circle, Tezpur-857578",Ulhasnagar,370025,2023-03-17,New,12,1775.89,2024-10-14 07:40:20,3.0,8306.380000000001,21.0,598
1342184,Girish Sem,krao@example.com,919414776168,"783
Nigam Circle, Karawal Nagar-701964",Dehradun,774395,2024-10-25,Inactive,20,1893.83,2023-09-26 01:28:11,2.0,5899.87,405.0,10
76604145,Nidra Agate,ayushbobal@example.org,912148872899,"42/473, Mistry Chowk
Chittoor 860495",Rourkela,767461,2023-03-22,Regular,14,1276.88,2023-12-14 10:38:06,1.0,2541.96,326.0,593
37702698,Joshua Bajaj,theodoretalwar@example.com,912404294208,"99, Narayanan Street
Shivpuri 766228",Bareilly,845884,2023-11-13,New,12,1727.41,2024-05-17 07:11:11,2.0,5073.92,171.0,357
3786105,Ojas Sankaran,jyoti35@example.net,918374055039,"H.No. 66
Mahajan Chowk, Yamunanagar 911948",Kirari Suleman Nagar,288478,2024-06-02,New,13,1172.32,2024-04-18 13:28:11,2.0,5793.719999999999,200.0,155
64535602,Faris Mahajan,calebbhargava@example.net,912643413862,"H.No. 758, Krishna Zila
Sagar-352638",Jalgaon,236937,2023-08-09,Inactive,13,1816.18,2024-09-10 12:43:15,3.0,6909.34,55.0,453
29525287,Theodore Dhar,sachidutt@example.net,913787903128,"H.No. 736, Brar Street
Darbhanga-292274",Bhimavaram,891343,2023-11-16,Premium,15,1976.98,2024-10-21 13:54:53,3.0,5331.55,14.0,354
1683786,Urvashi Balan,simonkade@example.org,916376148431,"02/23
Dube Street, Bhagalpur 402715",Hajipur,775942,2023-09-12,Regular,14,776.52,2024-05-26 08:18:38,2.0,7133.27,162.0,419
73586244,Netra Oak,manbir86@example.net,919201629210,"H.No. 340
Kala Path, Bikaner-738975",Erode,392999,2024-02-28,New,1,377.07,2023-08-01 21:25:47,1.0,1266.44,460.0,250
26805477,Xavier Hans,doctoraradhana@example.org,912458797663,"H.No. 02, Deep Ganj
Firozabad 664104",Sambhal,593073,2024-05-28,New,18,1148.4,2024-05-04 09:02:25,1.0,1520.7,184.0,160
73679086,Tarak Divan,ranbir07@example.org,912530072462,"324, Shanker
Ludhiana 440403",Dibrugarh,181712,2023-07-12,New,16,1297.47,2024-07-13 02:36:06,1.0,197.39,114.0,481
59677346,Falak Reddy,gopalmody@example.com,914767521220,"78/69
Majumdar Nagar, Tumkur 014721",Bongaigaon,483994,2024-11-02,Inactive,2,502.96,2024-05-20 16:56:51,2.0,4194.46,168.0,2
81528623,Qasim Hans,dbains@example.net,915373271238,"34
Rai Zila
Proddatur-395778",Jamshedpur,156998,2024-06-08,Premium,3,957.94,2023-06-06 00:47:41,2.0,1810.0300000000002,517.0,149
38420886,Nidra Date,uhora@example.org,910156459577,"H.No. 06, Talwar Ganj
Singrauli 304396",Sonipat,695663,2023-04-08,New,20,1180.95,2024-08-27 03:15:33,6.0,11511.92,69.0,576
12302179,Nikita Nagi,shettyradha@example.com,911629232876,"03/92, Karpe Road, Firozabad-215941",Tumkur,702467,2024-02-01,Premium,15,246.73,2023-08-10 04:55:14,1.0,1497.01,452.0,277
88164280,Saumya Barman,nakul83@example.com,916048001993,"03
Iyer Nagar
Bhatpara-765591",Thane,413547,2024-09-09,Regular,11,745.22,,0.0,0.0,,56
74735607,Naksh Amble,aadhyabhalla@example.com,919974502354,"94, Goda Street
Satna 920950",Raipur,474552,2023-12-30,Inactive,6,935.8,2024-07-27 03:05:12,2.0,6595.360000000001,100.0,310
42514124,Bakhshi Sodhi,tsuri@example.org,911511639311,"461, Kashyap Street, Anand-025146",Bally,107629,2023-05-10,Inactive,7,1958.97,2024-01-29 01:59:54,3.0,2630.01,280.0,544
13071673,Ijaya Bir,tkalla@example.com,919431717406,"02/685, Dar Street
Mathura 835017",Jhansi,491822,2024-04-27,Regular,17,1208.04,2024-07-03 23:35:41,2.0,5265.6900000000005,123.0,191
68196920,Vasana Tripathi,faras32@example.com,912274327318,"377, Wason Street
Chittoor 121927",Rewa,437649,2023-10-29,Regular,15,1810.28,,0.0,0.0,,372
26844216,Yochana Babu,sibalmaya@example.com,917007237157,"H.No. 593
Mangat Street
Nagpur-588651",Pali,245058,2024-06-07,Premium,16,927.07,2024-09-12 04:06:44,5.0,9848.35,53.0,150
38780509,Ira Guha,haritabasu@example.com,912186885453,"55
Zachariah Road
Jaunpur 869945",Ongole,715292,2024-05-11,Regular,3,1238.37,2024-10-12 05:12:22,1.0,940.61,23.0,177
3292927,Nisha Iyer,vdalia@example.org,910256207668,"H.No. 13, Dash Path, Bhatpara-468793",Rewa,320465,2024-01-12,New,6,1795.72,2024-10-15 03:02:28,3.0,5999.26,20.0,297
28991365,Avi Menon,rachitapandey@example.com,917703806581,"04/26
Narain Street, Meerut-759858",Jamnagar,449419,2024-03-20,New,20,459.1,2024-10-16 09:48:02,2.0,5679.21,19.0,229
39999278,Chandresh Khare,agarwalladli@example.org,911677869657,"177
Bath Road, Rajpur Sonarpur 549727",Baranagar,594349,2024-08-02,New,8,664.22,2023-10-28 13:37:51,1.0,5770.21,373.0,94
86050297,Vincent Sahni,bhardwajwidisha@example.com,917630260634,"954, Dubey Ganj
Siliguri 525261",Sikar,756155,2023-04-15,Inactive,16,941.51,2024-03-10 03:46:29,1.0,703.11,239.0,569
86045277,Umang Pai,ykeer@example.org,918185828105,"14/995, Aurora Chowk, Unnao-559200",Mau,229457,2024-08-15,New,8,1065.84,,0.0,0.0,,81
88167544,Fariq Chawla,nachiketgrewal@example.org,917326538601,"464
Toor Marg, Amroha 537677",Mirzapur,766641,2023-04-15,New,10,1097.35,2023-05-12 04:35:08,1.0,831.1,542.0,569
75984768,Dev Deshpande,tsarkar@example.org,912325025410,"H.No. 186
Kala Road
Gurgaon 751287",Guwahati,737567,2024-08-05,Regular,14,1723.2,2024-02-02 19:36:40,2.0,6692.84,276.0,91
15144290,Omkaar Swamy,ekaraj66@example.org,918174880266,"H.No. 375
Mangal Marg
Ludhiana-653677",Nizamabad,789273,2024-10-17,New,19,436.35,2024-08-31 19:27:35,3.0,6958.92,65.0,18
52279849,Henry Sawhney,sidhuyashodhara@example.net,917679499649,"493, Kuruvilla, Erode 325603",Anantapur,169958,2024-07-10,Regular,17,585.08,2023-07-11 09:54:59,1.0,2411.61,482.0,117
81160474,Adweta Gokhale,upkaar63@example.net,919858713408,"H.No. 601
Halder Street
Sri Ganganagar 570259",Aizawl,841396,2023-08-02,Premium,19,447.55,2024-02-20 17:10:19,1.0,839.84,258.0,460
84361534,Ansh Agrawal,ayush35@example.net,916376339108,"155, Bal Zila
Hyderabad-668727",Narasaraopet,332324,2024-07-24,Regular,1,438.19,2024-01-15 21:29:58,2.0,5000.8099999999995,293.0,103
53025962,Sai Mandal,narangsai@example.org,917245639777,"H.No. 575, Borah Marg
Salem-633370",Dibrugarh,95444,2024-06-13,Premium,10,324.92,2024-10-26 02:02:39,2.0,3490.16,9.0,144
83404008,Pooja Chaudhary,kuruvillabhanumati@example.net,916417197642,"H.No. 88
Nayar Circle
Aizawl-692199",Berhampore,573140,2024-09-17,New,5,1391.13,2024-08-13 08:04:17,2.0,5523.96,83.0,48
81959925,Aarav Gopal,indalikapur@example.org,910924963437,"84/47
Banik Ganj, Solapur 423436",Durgapur,158515,2023-10-11,Inactive,1,1888.83,,0.0,0.0,,390
76850859,Harita Bir,rajata75@example.net,911212814412,"71/50, Saini Street
Bhubaneswar-356727",Berhampur,103202,2023-12-29,Inactive,19,468.79,2024-10-24 11:37:31,4.0,7952.71,11.0,311
11705793,Tripti Barad,natarajanfaris@example.org,915299677818,"H.No. 502, Chhabra Zila
Ramagundam 546778",Dindigul,645810,2024-04-12,New,18,1164.81,2024-04-15 11:28:24,2.0,6739.360000000001,203.0,206
62068277,Zarna Shetty,kumerzansi@example.org,913151597352,"H.No. 12, Kale Chowk
New Delhi 521199",Hosur,397881,2024-03-03,Regular,6,1515.17,2024-04-18 17:58:30,3.0,7448.25,200.0,246
9048817,Bhavika Banik,jkhurana@example.org,916308618481,"H.No. 866, Reddy Zila, Surat 956469",Udaipur,205466,2023-05-08,Inactive,1,222.89,2024-03-24 13:44:38,1.0,3944.12,225.0,546
31619915,Joshua Trivedi,dnair@example.net,912053725463,"75/382, Sengupta Ganj
Madurai-669210",Gandhinagar,297641,2024-06-09,New,13,722.45,2023-12-19 09:35:31,1.0,1379.82,321.0,148
42872865,Vasatika Chatterjee,ishwar92@example.com,918245522185,"80/255
Nori Marg
Tinsukia-515901",Bulandshahr,876401,2023-10-09,Inactive,14,976.81,2024-10-27 11:26:03,1.0,474.34,8.0,392
81906973,Oliver Wagle,siddharth54@example.com,914040972837,"52/226
Gopal Circle, Machilipatnam-015697",Loni,114641,2023-08-16,New,20,218.78,2023-11-20 16:57:35,3.0,10874.7,350.0,446
82286908,Oliver Sengupta,wallawriddhish@example.org,911247075738,"30/07, Varghese Street, Nadiad-719989",Vasai-Virar,414399,2024-06-24,New,16,713.26,,0.0,0.0,,133
1174162,Anirudh Vig,hema05@example.com,913087052860,"46/798
Sangha
Silchar 248580",Guna,413955,2023-07-02,Premium,12,1255.44,2024-10-17 00:59:37,3.0,3606.78,18.0,491
62323608,Ekansh Bains,bgoyal@example.net,912095116435,"08/545
Seshadri Nagar, Deoghar 100024",Nandyal,537361,2023-08-09,New,2,1446.34,2024-06-13 14:15:45,4.0,7286.99,144.0,453
72857290,Krishna Aggarwal,mahikakala@example.net,912668380523,"H.No. 43, Devan Street
Barasat 071684",Sasaram,9157,2023-09-20,Inactive,13,1806.01,2024-04-06 03:39:44,2.0,2464.31,212.0,411
21784094,Lakshit Rai,jagdish68@example.com,919072015729,"07/299, Shenoy Circle
Raipur 072826",Bareilly,284389,2024-05-18,Regular,17,1530.19,2024-01-16 13:25:12,1.0,1479.69,293.0,170
82529927,Yoshita Jain,omyapadmanabhan@example.com,911559626739,"53, Iyer Ganj
Sangli-Miraj & Kupwad 327741",Chinsurah,934156,2024-04-03,Inactive,3,587.28,2024-04-30 04:27:38,3.0,6807.77,188.0,215
14994388,Charles Wason,wrao@example.com,916588657688,"533
Jhaveri Marg
Bharatpur-930354",Gwalior,941934,2024-04-29,Premium,20,1782.84,,0.0,0.0,,189
54216497,Mohini Pandya,turvisani@example.com,917593328430,"H.No. 599, Srivastava Road
Shimoga-070708",Guwahati,44806,2024-07-07,New,13,1881.19,2023-09-14 17:57:43,1.0,2373.52,417.0,120
80796977,Nicholas Chandra,issacgeorge@example.com,912151011082,"62/330, Mammen Marg, Kamarhati-528007",Deoghar,659205,2024-06-28,Premium,7,1170.84,2024-08-30 00:55:24,2.0,7259.15,66.0,129
31681710,Udant Prabhakar,nachiket85@example.net,914377591231,"H.No. 30, Gole Chowk, Faridabad-856742",Panchkula,728463,2024-01-06,Regular,15,223.11,2024-05-28 19:41:00,4.0,8499.26,160.0,303
47955004,Mohini Sidhu,wmitter@example.net,915245895284,"249, Krishnan Path, Bhubaneswar 211635",Kollam,204587,2023-08-21,Inactive,6,1681.52,2024-01-28 03:46:56,3.0,6545.39,281.0,441
23126657,Ekiya Sekhon,ochakraborty@example.org,910822554720,"00
Talwar Path
Silchar 399086",Bahraich,52603,2023-04-23,Premium,1,1034.23,2023-08-19 08:10:07,2.0,6323.93,443.0,561
91973128,Advik Hayre,guneetwable@example.com,912754727801,"78, Deshmukh Road, Gulbarga 580534",Karnal,645358,2024-07-01,Premium,15,989.8,2023-09-28 19:55:57,1.0,3536.94,403.0,126
22915611,Rishi Minhas,watikamemon@example.com,915847912085,"H.No. 66
Goyal, Noida 071135",Karaikudi,515734,2023-08-06,Regular,10,1239.42,2023-05-28 08:20:29,3.0,4216.95,526.0,456
76864442,Yashasvi Srinivas,omya58@example.com,911342482017,"399, Agate
Eluru-619957",Karnal,395170,2023-07-31,Regular,13,1565.67,2024-01-20 18:49:03,1.0,2866.57,289.0,462
96628029,Zansi Kara,qmitter@example.com,910416266059,"H.No. 297
Kamdar Nagar
Ghaziabad-068306",Tirupati,454533,2024-03-22,Premium,3,994.81,2024-09-13 18:08:03,2.0,2265.42,52.0,227
59216664,Netra Keer,yauvanikhare@example.net,910581126760,"54/792
Dugar Road, Secunderabad 353845",Deoghar,284974,2023-03-22,Regular,10,225.69,2024-09-26 09:57:18,2.0,5123.139999999999,39.0,593
70615775,Abdul Narang,tmannan@example.org,911142878185,"H.No. 590
Sidhu Ganj
Vijayawada-873377",Ludhiana,912652,2024-01-07,Inactive,15,233.12,2024-09-07 09:46:29,2.0,2701.65,58.0,302
34761418,Nitesh De,faraj44@example.net,916028349053,"14/45, Mander Path
Narasaraopet 297200",Bhilwara,401933,2024-08-19,New,6,1729.83,2023-10-04 10:20:55,1.0,2457.2,397.0,77
56248757,Ekansh Narayan,qraghavan@example.com,911905283202,"05/325, Kade Circle
Belgaum-791134",Chapra,14789,2024-08-05,Premium,16,1040.97,2024-08-29 00:57:24,1.0,464.47,67.0,91
31622158,Omya Modi,bailjonathan@example.com,919629355011,"H.No. 399
Yadav Marg, Mango 503337",Kolhapur,478462,2023-05-06,New,20,504.15,2024-07-22 05:53:11,1.0,1682.78,105.0,548
4200802,Chakrika Gaba,ekavir26@example.net,916706188692,"20
Gokhale Chowk, Fatehpur-880669",Ramgarh,860603,2023-11-15,Inactive,10,678.96,2023-10-22 04:07:32,1.0,858.57,379.0,355
58631874,Yauvani Bhat,emagar@example.org,910836759648,"25/246
Dutt Chowk, Bhatpara 304248",Avadi,281610,2024-10-01,New,11,862.23,2024-05-02 10:05:45,1.0,782.49,186.0,34
22036818,Yatan Yogi,sandhurishi@example.org,910180661597,"30/023
Bail
Jabalpur 182539",Hindupur,19178,2023-11-14,New,5,1732.02,2023-10-16 18:07:51,2.0,3873.6099999999997,385.0,356
7333934,Om Chand,gavin45@example.net,910085369768,"81/00
Suresh Marg
Faridabad 923920",Deoghar,383021,2023-12-23,New,11,739.47,2024-04-24 23:57:49,3.0,4327.63,193.0,317
5712468,Zinal Shan,farisbadal@example.net,918793620316,"62
Karan Zila, Patna 168894",Thanjavur,858342,2024-03-25,Inactive,3,872.57,2024-09-27 17:09:25,2.0,3280.3999999999996,38.0,224
17929886,Oscar Parekh,rattatanveer@example.net,917928483913,"H.No. 261
Sachar Marg, Visakhapatnam 234841",Salem,356407,2023-03-28,New,7,744.0,2024-08-15 07:53:53,2.0,3657.18,81.0,587
408590,Januja Zachariah,nakshsahni@example.net,916303259192,"25/639
Chandran Zila
Kozhikode 329055",Jorhat,356268,2024-03-11,Regular,17,436.74,2023-12-19 16:33:47,1.0,1217.39,321.0,238
42797397,Banjeet Shanker,upkaar20@example.com,918446664143,"83/59, Kanda Ganj
Guna-842560",Jaunpur,518798,2023-05-08,Premium,8,640.54,,0.0,0.0,,546
58929595,Aarush Ratti,emaharaj@example.net,913382161253,"H.No. 69, Patil Chowk, Chandigarh 109848",Hubli–Dharwad,349867,2024-08-08,Regular,2,588.65,2024-08-04 20:52:03,2.0,3564.0,91.0,88
41971906,Yashica Sankaran,rachita94@example.org,914111236113,"H.No. 961
Mukherjee Path, Hazaribagh-823281",Phagwara,595797,2024-02-13,Premium,17,245.86,,0.0,0.0,,265
80269328,Daksha Saxena,xchandran@example.net,919481355985,"23
Tripathi Zila, Faridabad 904585",Ambattur,153808,2023-05-03,Premium,15,976.36,2024-10-03 14:22:48,1.0,1382.07,32.0,551
76533277,Bakhshi Kuruvilla,muniharshil@example.net,911084917852,"40/20
Varty Marg
Ahmedabad 579383",Gangtok,912071,2023-10-11,New,16,1857.65,2024-01-10 07:54:01,2.0,5322.21,299.0,390
50760752,Yug Varughese,kapooravi@example.org,916862473368,"H.No. 12
Randhawa
Proddatur 807263",Maheshtala,100658,2023-03-17,New,14,1670.47,2024-06-16 19:05:12,2.0,3769.99,141.0,598
83588803,Indira Sabharwal,faris26@example.com,914756154232,"H.No. 292, D’Alia Ganj
Dewas 344699",Tinsukia,666065,2024-07-11,New,4,1509.41,2024-01-10 21:00:18,1.0,3207.16,298.0,116
30755306,Divya Kakar,samakshravel@example.org,918218551992,"47/88
Dubey Zila
Ambattur-437317",Bhilwara,523338,2024-06-14,Inactive,9,555.67,2024-05-16 06:40:24,1.0,2256.38,172.0,143
26592009,Michael Dhingra,mdasgupta@example.org,918994317959,"H.No. 28, Vasa Road
Nagpur 397247",Adoni,16283,2023-11-02,Premium,14,317.83,2024-06-23 10:53:47,1.0,2475.69,134.0,368
32830199,Abhimanyu Suri,kalaarya@example.com,916646218510,"11/864
Ganesan Nagar
Thoothukudi 654016",Aizawl,531804,2024-08-27,Premium,2,680.11,2024-10-29 00:23:22,4.0,7668.9,6.0,69
99824171,Vasatika Ram,tkhare@example.com,912587842615,"34/661
Divan Zila
Chandrapur-092281",Thoothukudi,298856,2024-04-15,Inactive,1,1663.58,2024-06-13 04:42:25,2.0,4515.68,144.0,203
61618079,Isaac Sunder,maxedwin@example.net,915151568175,"97, Sandal Path
Tezpur-513861",Ambala,941949,2023-07-14,Inactive,9,1191.93,2024-09-29 09:30:51,6.0,9178.45,36.0,479
71694275,Samarth Wagle,ronith46@example.org,916141888676,"61/61, Mukherjee Chowk, Amritsar-381162",Aurangabad,914570,2023-06-02,Regular,8,476.34,2024-01-17 10:55:53,3.0,10365.77,292.0,521
81200164,Zehaan Chaudhry,qoza@example.com,913605357175,"H.No. 44
Gera Zila, Kottayam-835901",Anantapur,891346,2024-08-30,Regular,10,337.07,2024-03-24 07:14:59,2.0,5153.05,225.0,66
66233704,Adya Wason,ibiswas@example.org,911520711439,"72/459
Ranganathan
Baranagar 535808",Jorhat,836682,2024-05-18,Inactive,7,1341.67,2024-03-22 18:58:48,1.0,223.27,227.0,170
66866026,Vyanjana Nagi,tellajasmit@example.org,913915253647,"02/534
Kale Ganj, Jamnagar-316257",Ahmedabad,410022,2023-07-05,Regular,13,802.79,2024-05-30 09:44:35,1.0,2189.02,158.0,488
86483673,Ranveer Ranganathan,yatinthaker@example.org,918882836595,"58/697
Zacharia
Tinsukia 392234",Satara,979887,2023-08-18,Regular,17,682.78,2024-05-13 17:00:31,1.0,1659.75,175.0,444
22483684,Gautami Dar,vanya27@example.net,910394383371,"12/217
Doshi Marg, Nashik 384774",Kirari Suleman Nagar,70737,2024-03-05,Regular,20,719.77,2024-10-22 15:15:22,3.0,4313.96,13.0,244
65368179,Ati Iyer,urmisahni@example.org,916668101665,"883, Rout Marg
Tezpur-233753",Bokaro,212082,2023-10-23,Premium,4,1826.72,2024-09-10 16:13:12,1.0,976.55,55.0,378
94430842,Pallavi Kothari,nishakhatri@example.net,915406530289,"H.No. 11
Bal Nagar, Sri Ganganagar 444163",Jammu,634446,2024-03-19,New,5,399.54,2024-01-10 12:35:54,1.0,2163.71,299.0,230
18940384,Anita Sehgal,leela14@example.net,918731423350,"34
More Nagar, Cuttack-272219",Sonipat,744492,2023-10-08,New,7,1068.47,2024-05-27 19:41:13,1.0,2549.18,161.0,393
25585013,Ishita Amble,baradjanani@example.com,912658217488,"24/60, Morar Nagar, Mirzapur 616969",Vasai-Virar,699030,2024-05-05,Inactive,18,840.15,2024-01-25 08:02:43,3.0,7078.88,284.0,183
9314637,Aarav Sandal,chakrikasood@example.net,918595330748,"42/24, Sagar Ganj
Nandyal-490265",Bhubaneswar,207302,2024-07-28,Inactive,15,1208.09,2023-12-22 07:57:54,2.0,4974.4400000000005,318.0,99
92409489,Deepa Devi,dhingrachaitaly@example.net,918086554994,"H.No. 984, Shere Nagar
Kolkata 345413",Shivpuri,850210,2024-04-09,Regular,4,1614.57,2024-02-02 03:53:25,3.0,1722.12,276.0,209
21425168,Gavin Panchal,banjeetchoudhary@example.org,910575864244,"14, Salvi Nagar, Giridih 525156",Aligarh,189621,2023-08-11,New,5,1861.73,2023-09-02 19:12:26,3.0,6870.5599999999995,429.0,451
11228463,Theodore Cherian,oliver85@example.com,918075077633,"H.No. 173, Pant Street, Jaipur 419135",Kanpur,834868,2023-07-30,Inactive,8,1275.97,2024-05-18 03:11:30,1.0,3598.91,170.0,463
57642258,Gunbir Dutt,pbaria@example.com,914772390454,"25, Agarwal, Mumbai-047534",Etawah,558798,2024-09-27,Premium,10,1174.55,2024-08-25 01:09:57,3.0,3185.52,71.0,38
26250082,Om Bora,hegdenitara@example.net,918833747830,"H.No. 24
Sani Ganj
Burhanpur-998507",Arrah,557458,2024-10-24,New,1,796.49,2024-05-06 17:37:10,1.0,1905.92,182.0,11
34580200,Unni Dara,janyamisra@example.org,916863976622,"26/93
Hans Ganj
Madurai-579587",Bally,46262,2024-06-04,Premium,2,1418.51,2023-05-12 16:58:08,1.0,2174.92,542.0,153
89531595,Balvan Bera,sankaranindali@example.net,914682859844,"457, Yohannan Nagar
Bardhaman-370968",Jammu,894540,2023-08-13,Regular,6,1385.2,2024-06-03 19:10:02,4.0,8439.48,154.0,449
72760434,Andrew Sibal,abajaj@example.net,915579856116,"022, Rana Ganj, Barasat 146414",Kozhikode,330665,2024-10-07,Premium,10,1843.51,,0.0,0.0,,28
86499778,Chakrika Sachar,tejas83@example.net,919998768162,"25, Golla Zila
Adoni-109681",Bhilai,967382,2023-09-21,Regular,18,654.76,2024-01-17 21:50:48,1.0,1047.98,291.0,410
41395224,Thomas Sarkar,ywali@example.com,910830045833,"58/93
Dey Path, Korba 451295",Jalna,171941,2024-10-26,Regular,13,358.51,2024-01-22 19:05:23,1.0,2419.46,287.0,9
21270783,Aarna Vig,asrivastava@example.com,916453132564,"692
Vala Road
Morena 501812",Bhavnagar,551325,2023-05-01,New,3,1508.8,2024-07-21 22:37:39,1.0,3496.28,105.0,553
68939350,Rachita Dhar,nicholas19@example.net,919681602897,"H.No. 89, Sunder Zila
Tadipatri 192695",Machilipatnam,156078,2023-04-28,Premium,17,304.51,2023-04-06 15:05:02,1.0,1793.45,578.0,556
14839726,Lohit Lanka,faris19@example.org,918537203327,"72/674
Bhatnagar Marg, Kochi 818898",Mira-Bhayandar,615732,2024-01-24,Regular,10,516.19,2024-01-30 00:32:25,2.0,4949.27,279.0,285
38808614,Xavier Shetty,zbandi@example.net,910270068786,"H.No. 13
Agrawal Nagar, Alappuzha-390199",Vijayanagaram,825269,2023-06-15,Premium,10,340.46,2024-02-06 08:44:48,2.0,7207.4,272.0,508
44828791,Zansi Panchal,usami@example.com,914772735523,"68/389
Desai Zila, Purnia-820691",Khora ,694027,2023-06-02,New,18,1696.98,2024-08-08 08:14:01,4.0,4878.8099999999995,88.0,521
1603358,Samaksh Randhawa,ubumb@example.com,915833938125,"H.No. 78, Palla
Sultan Pur Majra-672854",Gandhinagar,600850,2024-06-09,Inactive,5,1155.87,2023-09-05 23:05:17,3.0,7542.58,425.0,148
31826,Ekiya Pau,fbedi@example.com,919364120886,"H.No. 336
Lad Zila, Hajipur-409871",Chinsurah,201602,2023-11-29,New,18,752.78,,0.0,0.0,,341
191616,Brijesh Tata,yadavipatla@example.org,918144382068,"19/151, Bera Nagar, Surendranagar Dudhrej-068367",Pallavaram,587079,2023-04-27,Regular,4,1053.7,2024-05-24 07:26:24,2.0,4089.96,164.0,557
45546750,Mugdha Pandey,panchalharish@example.net,916103840428,"26
Verma Zila
Tenali 461865",Madhyamgram,787740,2024-10-28,Premium,13,1808.6,2024-02-10 07:52:23,1.0,2229.88,268.0,7
33675108,Yagnesh Patel,fraja@example.org,911694173612,"H.No. 105
Thaker Road, Kurnool-283377",Jalgaon,128202,2023-12-03,Inactive,20,1281.15,2024-10-13 13:58:43,4.0,5719.780000000001,22.0,337
98896871,Laksh Narula,iverma@example.net,912037294459,"H.No. 523, Sani Path, Rampur 258686",Asansol,479606,2023-06-06,Regular,5,1064.61,2024-10-22 01:59:03,2.0,2741.93,13.0,517
644189,Tanay Sahni,janya99@example.org,913485618787,"H.No. 95
Bhasin Path, Raiganj 351412",Bhopal,899027,2023-12-15,Premium,2,793.86,2024-06-23 18:54:35,1.0,3376.0,134.0,325
21461764,Nandini Bassi,yahvi51@example.org,914910458334,"H.No. 05, Mohanty Street
Jamalpur 866732",Singrauli,431789,2023-04-18,Premium,15,1689.46,2024-06-29 08:47:32,4.0,15459.04,128.0,566
70170606,Edhitha Chhabra,omisha41@example.net,910821956742,"25/21, Parmer Ganj
Madurai-341556",Purnia,264083,2024-07-11,Premium,19,921.51,2023-12-04 01:16:30,1.0,2054.08,336.0,116
65782437,Geetika Kara,warda03@example.com,919629696556,"H.No. 81, Nayar Chowk
Adoni-598184",Haldia,643529,2023-04-12,New,4,1215.48,2024-04-19 14:16:19,1.0,1042.86,199.0,572
37245065,Ishani Dhillon,abhiramagate@example.net,919828958601,"83, Grover
Raichur 632370",Dibrugarh,796944,2024-07-21,Inactive,16,1556.07,2024-09-10 05:20:18,2.0,2856.0499999999997,55.0,106
42012717,Edhitha Sahota,georgesami@example.org,913021236686,"04/496
Kala Street, Ghaziabad-646233",Jabalpur,831378,2023-08-18,Regular,10,1030.12,2024-07-10 18:08:38,4.0,10936.029999999999,117.0,444
60399360,Gavin Solanki,kuruvillachaman@example.net,910146011592,"336, Nath, Loni-751166",Jamnagar,624598,2024-04-27,Premium,3,1757.64,2024-09-17 00:09:49,2.0,3447.12,48.0,191
5140660,Tripti Loke,anika70@example.com,916100622779,"25, Oommen Road, Gandhidham 607310",Akola,164050,2023-08-18,Inactive,17,908.68,2023-11-08 17:24:58,1.0,2066.77,362.0,444
40858753,Samaksh Sharma,neel23@example.net,916411803422,"59
Kumar Path, Ajmer 208298",Bharatpur,674980,2024-05-06,Regular,5,1149.5,2024-08-04 14:20:41,2.0,3018.44,92.0,182
69219122,Varsha Varughese,inayaswaminathan@example.com,917327181780,"H.No. 39, Bora Street
Bellary-036992",Pimpri-Chinchwad,579100,2024-10-09,Premium,17,1177.34,2023-12-09 15:07:56,2.0,4952.41,331.0,26
8967266,Theodore Bhakta,bhaktayochana@example.com,917689918192,"H.No. 90
Naidu Road, Munger 723012",Imphal,58300,2024-09-01,Regular,5,1164.14,,0.0,0.0,,64
27304727,Farhan Patel,daveekavir@example.com,912172076008,"51/41
Arora Path, Gopalpur 325615",Tiruvottiyur,372198,2024-03-26,Regular,8,1675.04,2023-11-07 10:46:13,1.0,3090.23,363.0,223
62600289,Tanmayi Zachariah,aishanikata@example.net,914705136766,"88, Chaudhary Zila, Kalyan-Dombivli 682393",Udaipur,72489,2024-02-20,Inactive,10,1326.02,2024-09-26 01:56:49,4.0,10054.71,39.0,258
50286371,Jonathan Zachariah,luke39@example.org,913065429937,"H.No. 770
Narasimhan Circle
Ozhukarai 931863",Bangalore,798154,2024-01-10,New,3,280.77,,0.0,0.0,,299
43799224,Vasatika Agate,chandrahemangini@example.net,919118000872,"97
Radhakrishnan Chowk, Delhi-697602",Karaikudi,8953,2024-06-23,Regular,9,1566.49,2024-10-23 10:37:05,2.0,765.27,12.0,134
29431960,Jagdish Manda,hredhaan09@example.org,914683221848,"954
Misra Marg
Dhule 966285",Etawah,741828,2024-02-09,Premium,5,1602.35,2023-08-17 13:52:16,1.0,169.88,445.0,269
7076456,Upkaar Munshi,onveer31@example.org,914035210960,"H.No. 90
Prabhu Nagar
Bhiwandi-896778",Ichalkaranji,726872,2024-02-06,Regular,10,469.41,2023-08-08 06:37:33,2.0,7500.719999999999,454.0,272
43860025,Nidhi Baria,wwalia@example.org,918335535451,"H.No. 155, Bhargava Chowk, Serampore 694711",Nagpur,394614,2023-11-20,Regular,18,292.92,2023-10-08 15:49:10,2.0,6861.129999999999,393.0,350
74833221,Agastya Saran,nde@example.net,917320060961,"43, Mane Circle
Kishanganj-282155",Nashik,247247,2024-04-28,Regular,1,1764.07,2023-12-28 16:36:25,1.0,2926.98,312.0,190
13465850,Anmol Koshy,nitesh46@example.org,913400835234,"H.No. 563, Din Ganj, Aligarh-043634",Danapur,441097,2023-09-26,Premium,6,1956.03,2024-02-13 01:25:09,3.0,6814.68,265.0,405
46541905,Arunima Rout,jacobthakur@example.org,918100204926,"H.No. 10, Swamy Ganj
Unnao 053101",Udaipur,903499,2024-02-06,New,16,922.29,,0.0,0.0,,272
21809858,Ekansh Seshadri,faqid76@example.org,915264993781,"86/52
Kade Street
Pimpri-Chinchwad 444382",Bihar Sharif,146074,2023-04-06,Inactive,9,1343.53,2024-10-29 08:25:53,2.0,1282.15,6.0,578
75928073,Harsh Aggarwal,dayamai16@example.com,919146290492,"H.No. 73, Ahuja Marg
Motihari-981926",Udupi,442492,2023-08-01,Inactive,20,1684.84,2024-08-27 19:51:30,4.0,10030.96,69.0,461
67538982,Upma Salvi,farhanmishra@example.net,915817511922,"734
Shetty Circle
Amravati-970918",Shivpuri,230324,2023-08-21,Premium,6,1257.71,2024-07-09 23:14:20,5.0,10026.4,117.0,441
57505804,Zinal Padmanabhan,yashodharabhat@example.com,919680388675,"71, Yohannan
Shimla 687225",Orai,20322,2024-08-25,New,9,225.87,2024-09-25 20:16:31,3.0,6342.46,40.0,71
88775948,Yug Pal,dsankaran@example.com,917873972066,"57/17
Chaudry Path
Karawal Nagar 060987",Nagaon,558701,2024-06-27,New,19,227.1,,0.0,0.0,,130
89704218,Harini Ramakrishnan,dateeiravati@example.org,917541455837,"H.No. 92
Sura Road, Medininagar 243233",Khora ,706845,2023-10-07,Premium,11,1029.69,2024-10-26 21:31:39,2.0,5326.709999999999,8.0,394
9796585,Damini Jha,bhaktaekanta@example.org,919205507273,"38/33, Wadhwa Marg, Sambhal-817010",Danapur,253065,2023-11-30,Inactive,20,1565.31,2024-10-29 11:29:36,2.0,1321.1,6.0,340
1497747,Nachiket Kalla,solankibarkha@example.org,917538099191,"83/053
Deshmukh Road
Amravati-859834",Sangli-Miraj & Kupwad,323849,2024-04-11,Inactive,7,1241.73,2023-06-02 16:45:09,1.0,1072.62,521.0,207
29038113,Wridesh Vyas,hamsini20@example.net,910173547629,"H.No. 190, Gandhi Path
Phusro 927759",Kalyan-Dombivli,119441,2024-06-10,New,18,875.32,,0.0,0.0,,147
61182897,Yug Dutt,vamakshi57@example.org,917073740149,"H.No. 03, Shukla Nagar, Kirari Suleman Nagar 188098",Satara,685609,2023-03-28,Regular,15,1261.08,2024-09-21 21:50:52,1.0,3752.62,43.0,587
15391556,Ria Pau,oviya43@example.net,918895879525,"51/45
Lanka Path
Panchkula-119503",Nellore,687731,2023-10-12,Inactive,16,762.73,2023-05-31 10:11:04,1.0,1199.03,523.0,389
1529180,Darsh Gokhale,randhawaaashi@example.com,912845073428,"406
Chanda Chowk
Jalandhar 950864",Bareilly,516534,2024-06-07,Inactive,5,596.54,2023-06-16 13:05:30,2.0,4575.31,507.0,150
32797235,Shravya Chandran,bhargavanicholas@example.com,912314097600,"H.No. 746, Chaudry Marg
Vadodara-727395",Guntakal,417102,2023-11-29,Regular,1,1709.96,2024-10-25 02:05:26,4.0,8139.77,10.0,341
78158536,Yatan Gola,tailoraryan@example.org,913838696631,"499
Iyengar Road
Ichalkaranji-651065",Imphal,390560,2024-04-07,Premium,16,705.47,2024-03-08 17:19:17,1.0,3096.42,241.0,211
88779806,Ethan Taneja,mohammed37@example.com,914425141669,"828, Sahni Nagar, Tenali-855185",Srinagar,651071,2023-07-29,Regular,11,679.0,2023-04-06 14:25:38,1.0,2239.85,578.0,464
93018527,Lekha Rout,ibhargava@example.net,917786364533,"48, Dugal Chowk, Varanasi-890255",Narasaraopet,722749,2024-05-16,New,1,913.11,2024-08-20 23:28:40,7.0,9521.09,75.0,172
52393801,Aarush Roy,hemalkapadia@example.org,913857518200,"411
Nori Zila, Giridih 250229",Ranchi,96858,2023-03-20,New,2,1910.55,,0.0,0.0,,595
70529459,Zayyan Parsa,alexanderbajaj@example.org,919342363612,"84/461, Ahuja Circle, Nadiad-378990",Pondicherry,829855,2023-05-04,Regular,5,203.05,2024-03-31 21:51:15,3.0,5952.62,217.0,550
48481702,Dayita Kothari,upadhyaylohit@example.org,910285913474,"14/904, Bal Path
Jehanabad 025610",Shivpuri,351248,2024-06-15,Regular,4,1209.16,2024-08-17 10:02:54,1.0,3323.75,79.0,142
15417130,Henry Arora,sanya65@example.com,911452737487,"91/48, Sangha Zila
Srikakulam 495855",Indore,866515,2024-03-03,New,5,1289.29,2024-02-10 08:25:16,1.0,3391.72,268.0,246
14705462,Nakul Pal,ydevan@example.net,919025613803,"64
Goyal Nagar
Sonipat-553665",Bahraich,575946,2023-09-24,Premium,2,765.18,2024-10-31 07:36:44,2.0,7509.24,4.0,407
14944819,Triya Patla,fradonarayan@example.net,914477864460,"H.No. 214
Barman Road
Mira-Bhayandar-611798",Anand,469217,2023-11-24,Premium,14,1127.8,2023-12-23 17:06:45,2.0,4427.8099999999995,317.0,346
89028323,Avni Padmanabhan,ekavirbaral@example.net,918793765954,"708
Basak Road, Aurangabad-112247",Lucknow,407239,2023-09-03,Regular,13,1329.47,,0.0,0.0,,428
11775073,Keya Ganesan,shethgagan@example.com,912214080783,"H.No. 074, Suresh Nagar
Sambalpur 952829",Morbi,836825,2023-06-02,Regular,16,212.35,2024-08-01 15:43:56,1.0,2388.23,95.0,521
54799731,Rushil Palan,agatemanya@example.org,916807056894,"99/811, Khatri Zila
Bhilwara 448234",Jaipur,387529,2023-05-10,Premium,14,1150.73,2023-10-07 06:21:20,1.0,5349.56,394.0,544
93617659,Nikita Ramanathan,arya76@example.net,910665861592,"346
Roy
Hyderabad 233989",Nangloi Jat,190336,2024-09-21,Regular,11,1800.81,2024-05-19 02:21:08,3.0,8520.34,169.0,44
45708879,Girindra Majumdar,faraj30@example.net,917578551021,"716, Kalita Path, Srinagar 803059",Ulhasnagar,25486,2024-03-11,Regular,20,988.63,2024-10-15 19:30:03,3.0,5857.36,20.0,238
62807542,Chatura Apte,andrajyoti@example.com,914546734417,"H.No. 48
Manda Zila
Mahbubnagar 841942",Patiala,340166,2023-03-17,Premium,11,524.5,2023-04-24 13:55:37,2.0,2916.54,560.0,598
7551173,Chandran Sur,wakeetajohal@example.org,918332946262,"27
Choudhary Ganj, Bhimavaram 214075",Ghaziabad,306374,2023-10-27,New,11,1197.58,2024-01-22 03:06:25,1.0,3919.44,287.0,374
65815155,Amara Palan,diya73@example.org,912982802627,"31, Baral Zila
Katni 084466",Bangalore,760332,2024-09-10,New,10,1963.99,2024-10-11 17:45:30,5.0,12078.0,24.0,55
86704661,Kamala Chokshi,turvidas@example.net,911010266095,"09/68, Brahmbhatt Nagar
Davanagere-527950",Kamarhati,812273,2024-03-16,Premium,12,1726.51,2024-10-08 08:44:29,2.0,5659.66,27.0,233
57896058,Samuel Gara,kibechandresh@example.com,912129261611,"64/37
Khurana Nagar
Bhiwandi-628111",Begusarai,487693,2024-06-23,Regular,8,982.05,2023-08-01 08:04:38,1.0,1583.71,461.0,134
85519349,Harshil Kari,dayalguneet@example.org,919329800177,"69/70
Buch Marg
Bareilly 336418",Anand,99406,2023-12-07,New,8,336.36,2024-10-10 06:40:31,4.0,13501.18,25.0,333
66308810,Utkarsh Ramaswamy,chadharajata@example.org,918783396194,"H.No. 20
Dugar Circle
Bardhaman 787914",Sangli-Miraj & Kupwad,851715,2024-05-27,Premium,18,1746.8,,0.0,0.0,,161
13130974,Divya Garde,varkeyridhi@example.org,913839509399,"48/269
Wagle Path
Vellore-094099",Eluru,572919,2024-07-31,Inactive,6,898.76,2024-01-21 17:57:30,1.0,4179.5,288.0,96
8632679,Ayaan Bal,baladhruv@example.net,918606048831,"25
Baria Marg
Nizamabad 219786",North Dumdum,972354,2023-07-20,Regular,16,1201.21,2023-10-04 20:08:09,1.0,1442.99,397.0,473
91072336,Tristan Parmer,abhakhare@example.net,915925237933,"85/835, Muni Ganj, Jehanabad-068341",Jaunpur,377289,2023-06-07,Premium,3,205.59,2024-05-23 16:52:07,1.0,1435.7,165.0,516
24633671,Manan Buch,vsekhon@example.net,911339516612,"52
Puri Nagar
Lucknow-744371",Karnal,99625,2024-09-21,New,12,1112.03,2024-03-02 04:01:30,2.0,5118.96,247.0,44
78254569,Theodore Sathe,nathanielgaba@example.net,917994588426,"59
Oommen
Faridabad 412726",Kalyan-Dombivli,427888,2023-11-30,Regular,8,1559.18,2024-07-25 09:51:06,2.0,4565.67,102.0,340
60698094,Matthew Bhatti,wazir62@example.org,916129508561,"H.No. 77, Bahl Nagar, Purnia 411171",Malegaon,108567,2024-05-16,New,2,1894.4,2024-06-08 11:59:34,3.0,7814.4400000000005,149.0,172
84257716,Yauvani Rajan,kgoda@example.net,915712225977,"H.No. 029
Malhotra Ganj, Proddatur 181376",Hazaribagh,653569,2023-03-22,New,6,1144.61,2024-02-17 04:52:33,1.0,758.75,261.0,593
84929351,Charvi Kala,geetika61@example.com,917266341043,"H.No. 643
Hayer Road, Saharanpur 338478",Gandhinagar,169345,2023-12-07,Regular,14,1662.37,2024-02-28 14:12:32,1.0,5473.26,250.0,333
48160359,Zehaan Sundaram,vparsa@example.com,914950724503,"973
Bera Street, Morbi 708221",Karaikudi,324202,2024-03-28,Premium,8,1485.09,2023-12-20 23:53:02,2.0,6188.9400000000005,319.0,221
51031122,Netra Kashyap,balanwazir@example.net,916851561853,"H.No. 50
Venkataraman Ganj
Ongole-304771",Dehradun,437180,2023-09-12,Regular,20,363.61,,0.0,0.0,,419
3844290,Yashawini Thaman,kohliwyatt@example.com,915485602730,"H.No. 37, Patla Circle
Madurai 325088",Berhampore,88516,2023-10-29,Inactive,2,301.73,2024-10-02 01:53:01,2.0,4555.33,33.0,372
71643758,Lucky Kapoor,thakkarlavanya@example.org,917216338859,"869, Ganesh Marg
Kota-097284",Kottayam,445878,2024-09-16,Inactive,7,780.2,2024-05-13 02:47:12,2.0,8871.59,175.0,49
49258916,Zehaan Thakur,yash08@example.com,916814722577,"42, Mittal Marg
Raiganj-402582",Jaipur,153207,2024-04-02,Inactive,16,997.43,2023-04-13 08:26:05,1.0,1706.73,571.0,216
60379302,Raksha Chand,bchar@example.net,910354708884,"772, Master Nagar, Belgaum 984907",Patiala,998032,2023-07-14,New,7,536.98,2024-02-05 18:30:30,2.0,5492.92,273.0,479
88873916,Daniel Reddy,urmi43@example.net,911623298263,"H.No. 63, Sastry Path, Jalgaon 107058",Tirupati,230835,2023-09-21,New,16,1390.49,,0.0,0.0,,410
65559853,Yahvi Bali,tthakur@example.com,910816244708,"47
Ahluwalia Path
Bangalore 348145",Kamarhati,160165,2024-05-03,Regular,17,1734.36,2024-10-05 19:02:54,2.0,7569.92,30.0,185
88046313,Lila Dube,parth32@example.org,910875198328,"33/958
Keer Chowk, South Dumdum-867934",Thane,47308,2023-05-29,Premium,6,726.67,,0.0,0.0,,525
76987910,Oeshi Kannan,manderowen@example.com,910479282436,"35
Lad Road, Tenali 343537",Shahjahanpur,847001,2024-03-08,Inactive,5,728.54,2023-10-08 18:18:29,2.0,6884.35,393.0,241
20517871,Lavanya Natt,wbhakta@example.org,912431853664,"H.No. 74, Sagar Chowk, Ambala 375071",Imphal,796497,2023-07-06,Premium,4,418.15,2023-04-09 01:52:19,1.0,4361.99,575.0,487
26227445,Krishna Warrior,ishakara@example.com,913316251669,"H.No. 406
Batta Circle, Bikaner-296769",Ghaziabad,632750,2024-09-07,Regular,1,1030.06,2024-04-25 14:58:42,1.0,2108.47,193.0,58
42272393,Anya Parmer,dhillonwyatt@example.com,917093981801,"81
Srivastava Street, Vellore 246419",Moradabad,915410,2023-09-21,New,7,1090.31,2024-02-16 04:34:10,1.0,785.67,262.0,410
12574626,Nitesh Joshi,cborra@example.net,918382547134,"393
Narasimhan Chowk
Satara 333915",Amritsar,409487,2024-05-02,Inactive,18,852.27,2024-10-26 05:45:05,3.0,5356.67,9.0,186
63349378,William Sangha,aradhanahalder@example.com,918598411350,"13/269
Mohanty Marg, Amaravati 212523",Mango,965143,2024-08-01,Regular,14,1487.94,2023-11-03 09:38:26,1.0,616.62,367.0,95
88045094,Yuvraj Memon,tanveerben@example.com,919809794924,"H.No. 188, Khanna Road
Bhilai-902882",Panvel,447280,2023-12-16,Premium,4,690.13,2024-05-12 03:21:52,4.0,7567.34,176.0,324
61226835,Owen Soni,varsha95@example.net,913867653257,"56
Peri Chowk, Dharmavaram 677538",Kishanganj,458894,2023-07-24,Premium,18,1491.21,2024-01-30 19:28:34,1.0,806.56,279.0,469
82585664,Turvi Parmar,ekanshdevan@example.org,916795181737,"02/13
Kalla Zila, Rajahmundry 478484",Ludhiana,678835,2023-10-30,Regular,14,1511.43,2024-03-08 04:12:08,3.0,8033.860000000001,241.0,371
69762479,Joshua Banerjee,rohan04@example.org,919789920390,"H.No. 52
Ramaswamy Chowk
Madhyamgram 745891",Jamalpur,666332,2024-03-25,New,19,1766.61,2023-10-16 05:31:05,1.0,3373.0,385.0,224
93675757,Geetika Mander,cgole@example.com,918688210815,"78/349, Som Path
Eluru 767399",Noida,264344,2023-11-28,Regular,10,665.46,2024-09-17 07:51:52,4.0,9347.77,48.0,342
5009458,Yasti Choudhary,diyabal@example.com,912821245830,"H.No. 14
Yogi Marg, Noida-862686",Thiruvananthapuram,525644,2023-08-17,Inactive,7,1712.14,,0.0,0.0,,445
59545278,Yagnesh Randhawa,chahalaarav@example.org,919373575587,"H.No. 56, Nigam Ganj
Panipat 241216",Yamunanagar,270678,2024-10-28,New,16,430.08,2024-05-15 21:34:39,3.0,3392.63,172.0,7
59619739,Charan Ramanathan,aryadayal@example.org,917145769343,"28/03, Tiwari Chowk
Arrah 002279",Delhi,105428,2023-11-12,New,12,871.39,2023-10-20 21:30:45,1.0,1657.57,380.0,358
9097480,Hamsini Verma,vartyekiya@example.org,914481077678,"H.No. 67, Salvi Nagar
Ulhasnagar 922156",Bihar Sharif,207496,2023-12-21,Premium,18,307.65,2024-11-01 14:24:12,2.0,5655.6,3.0,319
56195475,Falguni Date,sharmaaradhana@example.com,913326874282,"94
Venkataraman Ganj, Patiala-174200",Ahmedabad,31357,2024-06-25,Regular,18,1149.91,2024-08-31 16:03:49,3.0,4916.95,65.0,132
45052594,Harish Venkatesh,hiteshlanka@example.com,913326351580,"46/45
Banik Marg, Madurai-527305",Aligarh,740540,2024-06-03,New,19,859.59,2024-05-23 22:19:58,3.0,8936.66,164.0,154
24517523,Mohini Pillai,edyal@example.com,910303345372,"669
Vala, Tiruppur-864320",Tirunelveli,786498,2023-11-12,Premium,14,361.29,2024-06-29 02:58:57,1.0,4190.02,128.0,358
97111069,Megha Hora,inaya49@example.com,918549511420,"839, Bhatti Ganj, Saharanpur 068437",North Dumdum,143574,2024-02-16,Inactive,10,1898.27,2024-03-21 03:58:41,4.0,7476.77,228.0,262
88299992,Laban Bandi,ikrish@example.org,916044493843,"56/317, Sanghvi
Unnao 580760",Firozabad,943812,2024-05-17,Premium,6,1524.68,,0.0,0.0,,171
60757351,Naksh Sule,frederickkunda@example.org,915063987921,"994, Ramanathan Chowk, Davanagere 176352",Salem,411662,2024-05-15,Premium,3,1099.62,2024-03-16 18:58:00,3.0,6288.889999999999,233.0,173
14161586,Aachal Nazareth,aadhya71@example.org,919346916511,"903
Bajaj Chowk, Jaunpur-242237",Bettiah,585408,2023-06-14,Premium,11,353.97,2024-09-14 20:27:40,2.0,8391.54,51.0,509
35133191,Ojasvi Sha,vrittinanda@example.org,913575822397,"09/440, Chandra Ganj
Bhalswa Jahangir Pur 958886",Loni,791176,2024-10-22,Regular,14,406.21,2024-03-15 13:35:58,1.0,1725.22,234.0,13
56480776,Matthew Parsa,sagate@example.com,914677889908,"41/331
Manne Zila
Jamalpur-589262",Udaipur,573808,2024-03-17,Regular,8,1401.79,2024-06-03 21:33:06,1.0,1614.08,153.0,232
31000129,Lohit Kaur,siddharth81@example.net,913242653438,"448, Rajagopal Ganj
Bhubaneswar-587599",Raichur,396599,2024-03-29,Premium,18,1120.64,2024-07-23 13:43:34,2.0,4424.85,104.0,220
18113428,Dominic Goda,tagarwal@example.net,918429538882,"H.No. 104
Morar Zila
Rajpur Sonarpur 068813",Rajkot,803574,2023-09-15,Regular,7,255.73,2023-12-12 04:48:42,4.0,8327.119999999999,328.0,416
56250563,Anthony Tara,tnagarajan@example.com,911199558345,"H.No. 220, Brahmbhatt Marg, Gulbarga-331993",Jabalpur,202458,2023-09-02,Premium,20,733.3,2023-07-28 08:25:29,1.0,2440.73,465.0,429
96253172,Zarna Mammen,patilnachiket@example.com,919987789256,"357, Chaudhry Chowk
Danapur-617891",Berhampur,238657,2023-08-08,Inactive,1,475.19,2024-07-04 12:26:55,4.0,8816.25,123.0,454
83023956,Lopa Kalita,qbehl@example.org,912642335228,"33, Narasimhan Marg
Bhiwandi 462997",Nanded,313936,2023-09-01,Regular,12,1551.29,2024-03-11 12:32:17,2.0,5721.23,238.0,430
19080489,Reva Sha,zchad@example.com,916132888081,"70/24
Dhaliwal Zila, Faridabad 141190",Jalandhar,236035,2023-03-30,Regular,9,578.21,2024-04-10 14:07:17,2.0,6787.47,208.0,585
899941,Lopa Venkataraman,gavinchoudhary@example.org,919236408026,"H.No. 780, Oommen Chowk
Satna 564861",Sambhal,12225,2024-06-25,Premium,18,1202.35,2023-12-01 20:28:51,2.0,7121.92,339.0,132
51014003,Matthew Swaminathan,sanayathakur@example.net,917181387848,"40
Misra Chowk
Khora -190990",Giridih,37529,2023-12-16,Regular,14,393.06,2023-10-17 11:44:35,2.0,9232.39,384.0,324
55971849,Orinder Joshi,anamikasuri@example.org,910114010006,"962, Ganesh Nagar, Kota-336060",Rewa,920798,2024-04-05,Regular,3,490.69,2023-12-20 18:25:40,2.0,4826.1,320.0,213
45314389,Amaira Subramanian,mandatanveer@example.org,919944567893,"44/036, Peri Marg
Shivpuri 138223",Ajmer,266618,2023-03-26,New,17,939.35,2024-10-02 10:25:13,2.0,5199.04,33.0,589
65426878,Frado Warrior,lekhagoyal@example.com,910320008416,"H.No. 703, Tiwari Chowk
Pune-712696",Nagpur,585704,2023-04-04,Regular,11,1879.31,2024-05-19 01:30:02,2.0,8699.3,169.0,580
8651281,Jonathan Seshadri,chaudharyonveer@example.com,912420030760,"50/38
Parekh Nagar, Secunderabad 882117",Ranchi,173317,2024-10-20,Premium,14,1516.13,2024-06-12 17:02:41,4.0,4335.65,145.0,15
69353754,Brijesh Choudhary,aishanishanker@example.com,917678552679,"47/829, Sura Zila
Shimla 071733",Medininagar,818142,2024-01-24,Premium,8,1154.09,2023-12-31 15:58:50,1.0,841.61,309.0,285
84119685,Harish Aurora,csem@example.com,912004888288,"75/48, Sachdeva Ganj, Maheshtala-830521",Sambhal,487548,2023-06-09,Inactive,4,1623.47,2024-10-30 23:39:54,3.0,5930.65,4.0,514
60656482,Rajata Purohit,jack16@example.net,915477009670,"23/797, Mammen Zila, Hazaribagh 152040",Haldia,745064,2023-10-31,Inactive,12,627.69,2023-12-18 01:55:01,3.0,4095.76,322.0,370
54952806,Manya Kohli,vchatterjee@example.net,913672212180,"89/53, Vyas Zila
Madhyamgram 137643",Coimbatore,592310,2023-05-04,Regular,1,1142.91,2024-08-22 01:54:12,3.0,6396.4800000000005,74.0,550
58644651,Gaurangi Vala,mohantyidika@example.net,910246397265,"69, Nayak Path
Thanjavur-153372",Secunderabad,274378,2024-05-10,New,13,646.92,2024-04-02 17:11:26,3.0,6381.86,216.0,178
35690581,Sachi Jani,janyabadami@example.com,910790598170,"H.No. 08, Setty, Raipur 629247",Gorakhpur,538003,2023-04-12,Inactive,15,1603.16,2024-04-06 06:07:59,2.0,5990.57,212.0,572
80850753,Gautami Rai,anirudh54@example.com,910381254916,"83/135
Balan Path, Hyderabad 383012",Thane,717111,2023-12-15,Premium,6,1695.68,2023-08-12 07:02:02,2.0,5894.4400000000005,450.0,325
29653387,Aradhana Rout,fitannadig@example.net,919575514954,"H.No. 02
Dutt Road
Davanagere-916145",Malda,599799,2024-04-26,New,12,519.73,2024-10-13 14:14:35,3.0,8533.939999999999,22.0,192
47295676,Neel Sandhu,kadelopa@example.net,912373239174,"91, Gulati Street
Ghaziabad-764436",Bhopal,468224,2024-06-02,New,2,1758.3,2023-12-07 02:25:53,2.0,4273.62,333.0,155
30900441,Omaja Misra,badamiaarnav@example.org,912015902923,"H.No. 451, Bahri Marg
Bijapur-550836",Khora ,130415,2024-07-25,New,18,1509.24,,0.0,0.0,,102
43980719,Unni Pillai,advayamble@example.org,917194708415,"22/693, Chopra Marg
Ludhiana 100252",Kalyan-Dombivli,919813,2024-03-04,New,13,785.19,2024-08-08 23:52:43,1.0,785.67,87.0,245
96001315,Jhalak Naidu,charles11@example.net,915040462753,"47/342, Bahl, Pune-221043",Bihar Sharif,429696,2024-02-15,Inactive,19,1628.45,2024-09-08 20:23:37,2.0,4854.24,57.0,263
5716817,Xalak Master,pandeyadvik@example.com,910206300476,"H.No. 47
Saran Ganj
Shimoga-583550",Aurangabad,378247,2024-03-11,Inactive,3,1607.05,2024-03-21 02:27:40,3.0,7122.33,228.0,238
33658749,Anjali Varty,bedidalbir@example.org,918590440985,"H.No. 37
Wagle Marg
Bongaigaon 438069",Ahmednagar,877365,2024-03-11,Inactive,6,547.78,2024-02-17 01:04:36,2.0,1056.98,261.0,238
63661771,Peter Mitra,ilad@example.net,917572657974,"99/47
Bandi Road, Baranagar 694613",Karnal,497779,2023-12-29,Inactive,13,1536.01,,0.0,0.0,,311
71767248,Shivani Khurana,nazarethraagini@example.net,918036828655,"15/73
Bail Path, Hapur 816836",Jalandhar,966465,2024-11-01,New,4,719.47,2023-06-15 20:49:56,1.0,1324.37,507.0,3
72675976,Kavya Pingle,sodhiadvaith@example.org,915715756353,"48
Oak Nagar, Ambattur 725012",Bhusawal,99296,2024-07-15,Premium,14,710.18,2024-08-27 22:36:25,1.0,831.43,68.0,112
81994445,Imaran Jha,maanav88@example.net,918690124658,"H.No. 088, Lad Circle
Rohtak-890599",Kalyan-Dombivli,976412,2024-08-01,Premium,2,1391.12,2024-09-20 02:11:27,2.0,3151.04,45.0,95
54145987,Rushil Yadav,ethakkar@example.com,919425054117,"86/834
Kant Circle
Ludhiana 777242",Agartala,697253,2023-10-03,Premium,6,899.69,2024-10-13 15:25:55,3.0,3310.69,22.0,398
16485871,Chaman Kota,pillaijanaki@example.org,911150504497,"90/64
Sibal Chowk, Saharsa-081703",Salem,105468,2024-06-25,Premium,6,1805.76,2023-12-09 22:09:35,1.0,1135.56,330.0,132
43243913,Rushil Iyer,zkrishnan@example.net,916784121315,"68
Deep Road, Bhilai 520000",Jehanabad,602923,2024-05-11,Regular,4,1897.16,2023-10-04 04:56:45,1.0,993.86,397.0,177
19741509,Michael Vohra,choudhuryalka@example.org,911109947941,"88/20, Manne Path
Arrah 855340",Vellore,19974,2024-03-11,Regular,3,949.01,2024-08-07 20:09:41,4.0,10700.07,89.0,238
98540377,Brinda Datta,nidra84@example.net,918292080542,"43, Palan Marg
Vasai-Virar 928946",Unnao,713632,2023-09-15,Regular,16,525.07,2024-07-27 16:24:39,4.0,6201.77,100.0,416
88843865,Mitesh Chaudry,jkalla@example.com,913963407487,"49, Sehgal Road, North Dumdum 478645",Srinagar,281457,2023-10-01,Regular,19,1230.62,2023-08-28 10:50:50,1.0,2033.74,434.0,400
50045027,Yashvi Bajaj,yoshitanarang@example.org,918338846104,"69/68, Dube Path
Agartala-951262",Sagar,679096,2023-07-06,Regular,7,1570.95,2023-10-05 08:20:29,1.0,530.85,396.0,487
59840071,Vihaan Chokshi,fiyaz21@example.net,912497383121,"49/74
Vora Circle
Pondicherry-613521",Deoghar,628916,2023-06-06,Inactive,19,1796.24,2024-02-20 19:51:10,2.0,5789.88,258.0,517
51547198,Kashvi Date,saksham00@example.org,915490690662,"046
Minhas, Gurgaon 806600",Agartala,730715,2024-08-04,Premium,19,750.81,2024-04-17 14:33:32,1.0,4476.55,201.0,92
53624677,Varenya Ganesh,beraaarav@example.org,914260566556,"H.No. 629
Shroff Nagar
Lucknow 170677",Udaipur,488900,2023-12-21,New,10,332.4,2024-09-18 09:27:09,3.0,4187.16,47.0,319
93122847,Nachiket Sangha,ssabharwal@example.org,918977946119,"748
Kadakia Road
Thiruvananthapuram-244661",Ludhiana,537237,2024-09-15,Regular,12,1886.44,2024-09-30 22:30:00,3.0,5962.14,34.0,50
62971413,Baljiwan Agrawal,zayanmenon@example.org,916320225850,"145
Roy Ganj
Madhyamgram 070455",Amritsar,853732,2023-10-02,Inactive,18,835.09,2024-06-10 15:00:16,2.0,3390.27,147.0,399
73933840,Amara Gill,radhachand@example.net,919395213755,"39/48
Bhatt Marg
Maheshtala-742358",Raiganj,664697,2024-03-12,Regular,10,1339.52,2023-07-27 23:59:16,1.0,3936.23,465.0,237
80759416,Pavani Prabhakar,borratarak@example.com,919907305888,"22/739
Vohra Road
Durg-638372",Junagadh,680825,2024-02-11,Premium,5,1637.85,2024-11-03 01:29:11,1.0,3299.24,1.0,267
96042320,Jagdish Ray,jgoda@example.com,916235443268,"33, Pant Circle, Hospet-853723",Nagaon,698003,2023-12-02,New,20,1164.38,2023-06-12 22:58:47,1.0,2846.85,510.0,338
76970363,Hardik Andra,raagini33@example.org,915556845623,"62/58, Vora Road, Narasaraopet 721712",Firozabad,826966,2023-12-28,Regular,14,1237.8,2023-07-28 17:31:14,3.0,3330.82,465.0,312
84993732,Henry Modi,sampathyashodhara@example.com,919708270797,"026, Palla Ganj
Ramgarh 353867",Aligarh,170772,2024-09-17,Regular,1,1585.03,2024-09-14 15:59:03,2.0,1874.66,51.0,48
30823988,Owen Sangha,ladlimisra@example.org,918027678242,"58
Bhardwaj Circle
Raipur 307531",Deoghar,787767,2024-03-25,Premium,9,1525.85,2024-10-09 07:00:06,6.0,11943.92,26.0,224
86226771,Theodore Rao,balvansha@example.net,915537458993,"49/361, Sur Chowk
Bathinda 711928",Shivpuri,411235,2024-08-17,Premium,4,1062.39,,0.0,0.0,,79
10048910,Pratyush Sawhney,bhavyabuch@example.com,918577787386,"24
Raja Circle, Sonipat-603340",Kozhikode,826123,2023-09-25,New,15,875.32,2024-09-24 15:36:04,5.0,11162.4,41.0,406
18935489,Krishna Dugal,seshadriekaja@example.net,911511845392,"30/94, Bora Road, Pune 320103",Tezpur,781987,2024-06-15,New,8,1957.21,2023-12-14 20:23:20,3.0,5707.28,326.0,142
61763552,Gopal Parikh,quincykanda@example.net,912838620994,"H.No. 63, Pau Nagar
Erode-421681",Panihati,82019,2023-05-22,Inactive,5,241.81,2024-02-23 02:42:53,4.0,10949.41,255.0,532
88346104,Lakshit Hari,troy@example.net,915042749936,"H.No. 377, Agrawal Marg
Jhansi-922863",Udaipur,758,2024-03-19,Regular,17,1205.49,,0.0,0.0,,230
33651554,Madhav Sridhar,ishababu@example.org,918485234953,"25/998, Date Marg
Amroha 740213",Saharsa,202775,2024-09-06,New,18,697.13,2024-09-28 16:37:38,2.0,9397.900000000001,37.0,59
39140039,Upasna Naidu,nathaniel57@example.org,917392142715,"84
Varughese Chowk, Kolkata 159107",Madhyamgram,316077,2023-11-19,New,18,1504.96,2024-08-15 12:59:18,2.0,4574.13,81.0,351
50080663,Adweta Bumb,tandonbina@example.net,919210267702,"H.No. 66, Apte Circle
Thanjavur 408860",Morbi,585542,2024-10-06,Inactive,10,543.84,2024-08-27 19:41:12,3.0,10163.05,69.0,29
40643232,Falguni Chand,rajeshri70@example.com,912894203558,"43, Dora Road
Dhanbad 332848",Salem,249528,2023-04-12,Regular,4,1374.71,2024-05-28 21:19:44,2.0,1925.01,159.0,572
82134278,Jeremiah Jha,ekanimorar@example.net,911559303814,"13, Bahl Marg, South Dumdum 584867",Coimbatore,897757,2023-10-07,Premium,4,294.2,,0.0,0.0,,394
35705377,Wahab Bobal,ybajaj@example.net,916852008649,"H.No. 592, Gour Marg
Bettiah-550001",Tumkur,31549,2023-04-26,Regular,8,1250.37,2024-02-10 23:18:46,3.0,5952.07,267.0,558
11503405,Damyanti Dua,dipta25@example.net,918136743942,"H.No. 18, Kuruvilla Chowk
Kamarhati 188062",Amritsar,430592,2024-01-14,Regular,11,1658.1,2023-07-14 21:20:01,1.0,2661.8,478.0,295
4988545,Prisha Jha,urvibuch@example.net,915879557112,"82/952, Behl Street
Sikar 557241",Anantapuram,576389,2023-04-06,Regular,10,1251.78,2024-03-06 15:35:29,2.0,5463.49,243.0,578
4545935,Aayush Ahluwalia,jagdish37@example.org,910925597899,"42, Bajwa Road, Nadiad-839395",Warangal,731038,2024-08-06,Regular,7,1931.1,,0.0,0.0,,90
46148283,Kamya Mander,taurora@example.com,915658673538,"688, Joshi Nagar
Korba-886183",Kalyan-Dombivli,167549,2023-10-07,New,11,506.68,,0.0,0.0,,394
29324437,Radhika Bains,nram@example.org,918868584547,"830
Nagar Zila, Buxar 534238",Nanded,869550,2024-08-19,Premium,11,1915.27,2024-02-23 06:29:28,4.0,13058.41,255.0,77
48730063,Jatin Dua,sethiojas@example.org,916363756151,"H.No. 50, Contractor
Ambattur 379240",Farrukhabad,949389,2024-04-03,New,19,1497.71,2023-12-10 10:34:10,2.0,3473.02,330.0,215
70608515,Aashi Behl,jaingarima@example.org,915323777280,"H.No. 43
Mani Street
Katni-561753",Belgaum,962036,2024-07-13,Inactive,4,1601.81,2024-02-13 12:03:52,2.0,6801.099999999999,265.0,114
32003512,Advaith Sarkar,bordemadhav@example.org,919872979268,"29/70
Kashyap Circle
Sagar 543324",Sasaram,476326,2024-10-18,Premium,4,1863.05,2024-08-04 02:44:11,2.0,4934.72,92.0,17
96989204,Nimrat Kalita,yparsa@example.net,913492728081,"46/171, Mangat Road
Maheshtala 453232",Deoghar,952634,2024-06-24,Regular,5,1844.33,2024-09-07 06:42:34,4.0,9167.7,58.0,133
4789829,Balvan Shah,fbala@example.net,911177117983,"H.No. 65, Gill Circle, Sambhal-800756",Rourkela,313467,2024-11-02,Regular,6,229.76,2024-02-29 21:09:32,2.0,6885.25,248.0,2
15733078,Ekanta Shukla,ychoudhry@example.net,914020160261,"H.No. 731
Nazareth Zila, Navi Mumbai-187154",Phagwara,214451,2023-08-10,Regular,1,1152.95,2024-09-20 01:43:32,1.0,2406.32,45.0,452
48158494,Hamsini Choudhury,wmagar@example.net,910183848602,"23/254, Ram Street
Avadi 502744",Kishanganj,179510,2024-04-30,Inactive,13,1787.2,2023-05-13 21:35:00,2.0,6011.42,540.0,188
12272282,Dev Bal,vbansal@example.com,916009338123,"H.No. 79, Mody Ganj, Noida-764569",Sikar,555117,2023-04-09,Regular,20,1750.74,2024-10-07 14:03:49,5.0,11611.289999999999,28.0,575
13265605,Yatin Krishnamurthy,chadaliam@example.net,914295848160,"47/114
Borra Chowk, Ujjain 957580",Kollam,737341,2024-11-04,Premium,3,1086.89,2023-05-25 23:45:35,1.0,3337.4,528.0,0
80696046,Avni Trivedi,idayal@example.net,917304164202,"20/397, Karpe Nagar, Bangalore 371675",Agartala,977594,2023-11-08,Inactive,11,623.23,2024-08-19 18:55:40,3.0,6615.46,77.0,362
87266831,Indira Palan,vanshachaudhari@example.net,913719131231,"193
Sekhon Circle
Kurnool-966962",Mirzapur,336427,2024-09-29,New,17,276.09,2023-09-10 13:51:38,2.0,2344.95,421.0,36
90346920,Idika Acharya,chaitanyatiwari@example.net,914352548819,"H.No. 237, Srinivas Street, Danapur 180940",Satara,677618,2024-09-14,New,1,738.13,2024-09-11 19:24:19,4.0,13396.39,54.0,51
93938425,Darpan Goyal,nitaratara@example.net,918102872624,"64, Borra Chowk
Gandhidham-484636",Nagercoil,553703,2024-04-19,Regular,10,1735.57,2024-08-17 04:42:54,4.0,11653.58,79.0,199
89699655,Om Chadha,bhavanisarna@example.net,910066378113,"49, Shroff Chowk
Haldia-909999",Darbhanga,340363,2024-02-04,Inactive,4,1134.64,2024-10-17 19:48:51,3.0,8178.42,18.0,274
87654461,Maya Amble,kalpit11@example.com,910136137051,"656
Wable Circle
Silchar 815805",Sambhal,394842,2023-09-01,Inactive,2,1720.18,,0.0,0.0,,430
79944855,Anay Natarajan,falanissac@example.org,918271938976,"59/952
Mody Road
Pali 876975",Indore,203524,2024-10-31,Regular,6,1440.06,,0.0,0.0,,4
49617892,Dayamai Parmer,finn87@example.com,916904689862,"H.No. 022
Sankar Circle
Pudukkottai 520782",Orai,113196,2024-02-21,New,19,1894.61,2024-10-18 04:31:16,3.0,9000.82,17.0,257
74230420,Ati Choudhry,ronith00@example.com,919191873192,"399, Chahal Path, Bettiah-108157",Mathura,421244,2024-03-26,Regular,17,1315.38,2024-08-23 22:34:52,3.0,7015.4800000000005,72.0,223
66629497,Widisha Kaur,vihaanchanda@example.org,913282859116,"H.No. 67, Basu Chowk, Deoghar-929341",Vellore,229594,2023-04-26,Regular,7,1994.7,2024-03-23 04:13:06,1.0,1015.2,226.0,558
43256928,Gaurav Bhardwaj,okamdar@example.com,913712708951,"36/809
Sastry Circle
Kumbakonam-107839",Baranagar,131278,2023-08-14,Inactive,19,1984.5,2024-05-27 14:45:47,3.0,9976.9,161.0,448
59345983,Liam Sagar,ladsimon@example.net,911600649545,"61/71
Balan Nagar
Guwahati 334509",Saharanpur,992566,2023-06-25,Regular,8,1375.29,2024-02-06 22:03:16,1.0,674.39,271.0,498
88252625,Kritika Jha,tripathibhavya@example.net,919044491356,"51
Rajagopal Nagar
Pali 404029",Shivpuri,22342,2024-02-27,New,15,422.31,2024-10-17 06:18:51,2.0,4772.860000000001,18.0,251
14275043,Tanvi Lala,oscar88@example.net,914983571185,"924
Raval Street, Aligarh-564503",Bhilwara,576267,2024-01-25,New,19,1415.88,2024-04-23 12:52:28,1.0,4553.36,195.0,284
64489709,Ekavir Kade,qasimganguly@example.net,915849794499,"413
Ahluwalia Zila
Ludhiana 958493",North Dumdum,300054,2024-04-22,Premium,2,1435.66,2023-08-22 18:10:23,1.0,786.02,440.0,196
59815512,Teerth Seshadri,jeet97@example.com,911858634888,"H.No. 57, Bains Street
Dewas-995261",Jalna,92916,2023-11-11,Regular,16,1022.99,2024-05-03 00:28:32,2.0,6177.29,185.0,359
73377004,Dayamai Borah,gdhar@example.com,912623719552,"H.No. 55
Rau Chowk, Bhind 883639",Delhi,989634,2023-09-11,Regular,4,438.31,2024-10-30 04:15:24,4.0,8046.47,5.0,420
74761384,Banjeet Gara,zpau@example.net,910532541646,"202, Setty Nagar
Mangalore-791101",Nadiad,751611,2024-10-27,Premium,12,1550.37,2024-04-09 14:08:50,2.0,2905.6000000000004,209.0,8
79257353,Tanvi Wagle,duttijaya@example.net,912256866440,"82, Shroff Street, Pondicherry-654693",Jaunpur,524267,2023-09-24,New,6,291.96,2024-05-03 01:11:36,2.0,3382.14,185.0,407
17159117,Tripti Bassi,vinayaganguly@example.net,917142993879,"28
Venkataraman, Silchar 532742",Karawal Nagar,778786,2024-05-21,Premium,1,336.26,2023-11-15 21:59:17,2.0,4653.8,354.0,167
95912198,Bhavna Gara,zwagle@example.com,910358713596,"28/51, Balan Path
Agra-216895",Anantapuram,543627,2024-04-05,Inactive,12,1065.72,2024-09-21 20:01:23,3.0,6537.72,44.0,213
88215615,Falan Dar,pushtitank@example.org,917047453272,"011, Kala Street, Bhind 443656",Bongaigaon,542991,2023-05-16,New,14,1520.12,2024-09-16 17:11:09,1.0,163.03,49.0,538
49756591,Madhav Murthy,jai91@example.org,915119861073,"853, Date Nagar, Bongaigaon 192745",Miryalaguda,796425,2024-04-17,Inactive,20,745.4,2024-02-24 05:35:57,3.0,3610.2799999999997,254.0,201
50650215,Isaac Samra,aashi06@example.net,914073322680,"H.No. 68, Bajaj Road
Dehri 969139",Pimpri-Chinchwad,550671,2023-11-16,New,12,1474.41,2023-08-31 04:13:51,1.0,827.77,431.0,354
32500305,Ridhi Khatri,anthonydey@example.net,914334213807,"825
Arya Street
Deoghar 673152",Orai,277971,2024-06-09,New,5,362.53,2024-02-08 01:04:11,2.0,2052.7799999999997,270.0,148
42723554,Pranit Wagle,bordeorinder@example.net,912996764921,"29/952, Kanda Circle, Nagaon 965580",Gandhinagar,41927,2023-05-21,Regular,10,731.97,2024-05-30 17:53:58,5.0,11873.06,158.0,533
1491857,Naveen Balakrishnan,xuppal@example.net,913875475048,"21/938, Ravel Street, Gurgaon 597187",Morena,260718,2024-06-05,Premium,9,855.24,,0.0,0.0,,152
81229704,Vamakshi Hari,jason27@example.org,919979249916,"82/551
Mann Chowk
Burhanpur 650361",Noida,89095,2024-03-22,Premium,10,429.04,2024-08-14 06:21:10,1.0,445.48,82.0,227
70966268,Odika Mahal,vasanaram@example.com,919037595985,"H.No. 60
Brahmbhatt Nagar, Bharatpur 479957",Arrah,757376,2023-10-03,New,15,541.94,2023-10-21 06:12:27,1.0,1854.55,380.0,398
97182359,Rayaan Viswanathan,psarkar@example.org,911956397094,"252, Goyal Nagar
Bangalore 368073",Morbi,867805,2024-01-22,New,15,550.41,,0.0,0.0,,287
46675763,Tanmayi Ramaswamy,bakshigavin@example.net,917236463232,"929
Chaudhry
Ballia 919826",Katihar,745005,2023-08-15,New,19,737.08,2023-11-26 03:57:27,2.0,4202.82,344.0,447
51034600,Ubika Borah,gandhijanaki@example.org,916760293156,"29/54
Sampath Path, Sasaram 799764",Bhilai,647372,2023-04-25,Inactive,2,1574.01,2024-09-02 20:09:02,2.0,2828.56,63.0,559
76512976,Yashica Pathak,baradlajita@example.com,910178223956,"26/72, Sama Chowk
Aligarh 358311",Belgaum,874947,2024-07-27,New,5,279.89,2024-03-31 07:48:47,2.0,2790.73,218.0,100
119099,Zansi Parsa,neha08@example.com,912032907631,"H.No. 40, Gopal Ganj, Bidar 854350",Kavali,692517,2023-08-01,Inactive,20,637.35,2024-05-24 16:36:21,4.0,14768.77,164.0,461
84850688,Atharv Nagar,gunbir72@example.org,915544336775,"97/84
Dhillon Road
Rohtak-144867",Barasat,244403,2024-09-20,Inactive,3,1862.3,2023-10-24 23:09:56,2.0,5190.18,376.0,45
95971469,Rachit Parikh,ryansinghal@example.net,917862505672,"82/278
Gokhale Circle, Ghaziabad 086484",Chapra,609861,2024-09-09,New,7,1060.59,2024-08-26 01:43:47,5.0,13230.68,70.0,56
28413467,Leena Mane,kandachakradhar@example.org,910987770255,"45
Saini, Kumbakonam-396116",Kolhapur,541139,2024-07-24,New,16,1451.81,2024-05-28 15:17:09,1.0,4414.19,160.0,103
45071436,Gaurang Ratta,shethbhavini@example.org,911932819615,"092, Narain Street, Kolhapur-916800",Tadepalligudem,311644,2024-10-11,Inactive,9,807.66,2024-02-04 17:00:23,2.0,2971.48,274.0,24
99734256,Ishwar Nair,ambleira@example.com,916815943299,"20/227, Sant Nagar
Danapur-130747",Ratlam,477588,2024-06-04,Premium,1,301.12,2024-09-11 00:18:18,3.0,8571.89,54.0,153
14472401,Ayaan Rege,dubeyekanta@example.com,913958916797,"625, Atwal Street
Pudukkottai-889365",Thiruvananthapuram,481131,2024-04-30,Regular,1,208.09,2024-06-24 19:15:35,4.0,5696.88,133.0,188
4606533,Anusha Bhagat,triya55@example.org,917200860742,"14
Bhagat Path
Shivpuri 856011",Rajpur Sonarpur,696982,2024-07-30,Premium,11,704.14,2023-07-22 08:48:30,1.0,938.72,471.0,97
32426778,Falguni Kapadia,jdivan@example.net,917300449566,"H.No. 55
Khatri Circle, Jalna 323326",Naihati,484917,2024-05-27,Inactive,14,304.06,2024-09-10 06:07:31,1.0,4827.19,55.0,161
63802820,Netra Yohannan,liamagarwal@example.com,913941027748,"34
Konda Nagar
Bhiwani 471037",Orai,743207,2023-11-23,Regular,6,1887.52,2024-10-06 02:34:05,4.0,9875.470000000001,29.0,347
24988999,Yashawini Goyal,suhani03@example.com,915023212676,"79
Bobal, Jaunpur 969256",Raiganj,72237,2024-05-12,Regular,6,1748.52,2023-03-21 20:07:38,1.0,665.98,594.0,176
77497950,Omkaar Varughese,ayushmanpandya@example.com,913539859254,"28, Sundaram Chowk
Malda-158069",Kolkata,579158,2023-05-14,New,7,1852.77,,0.0,0.0,,540
16424635,Fitan Kade,schoudhary@example.net,917981661226,"027, Kala Path, Kollam-055443",Mirzapur,607949,2024-10-01,Premium,13,1135.26,2024-04-08 07:50:28,3.0,7201.16,210.0,34
93127511,Warinder Chandran,reyansh94@example.com,912002044353,"H.No. 11, Mahajan Zila, Madhyamgram-787487",Bijapur,850740,2023-08-27,Inactive,7,453.17,2023-10-20 10:54:27,2.0,1449.97,381.0,435
88434834,Chandresh Pingle,dayita84@example.net,914549013650,"12, Manda Path, Rajkot-918686",Ambarnath,852789,2023-10-25,Premium,19,1484.9,,0.0,0.0,,376
88067569,Aayush Sengupta,lekha10@example.com,913367647372,"20/47
Ratta Chowk, Sonipat-022522",Gaya,288459,2023-12-25,Premium,5,273.38,2024-01-12 21:44:51,3.0,7415.13,296.0,315
86294036,Chatresh Rajagopalan,harshilbansal@example.org,917097259617,"11
Sarraf
Bahraich 857642",Arrah,824264,2023-07-13,Inactive,13,1311.81,2023-05-05 09:21:14,1.0,1534.27,549.0,480
57331847,Jack Kamdar,yatan68@example.net,918287234098,"96/303, Ghose Marg, Bhimavaram-097271",Amravati,67085,2023-09-19,Regular,5,752.87,2024-05-11 04:29:41,2.0,5284.84,177.0,412
45586151,Pallavi Ram,ishroff@example.org,910115424009,"H.No. 522, Ray Street, Mahbubnagar-522739",Saharsa,488450,2023-11-25,Regular,11,266.65,2024-06-09 18:01:59,3.0,7338.889999999999,148.0,345
11389698,Chameli Grover,wmohan@example.org,912844711197,"190
Palla Zila, Orai 695509",Jammu,153911,2023-06-08,Premium,14,1907.68,2023-07-18 10:53:19,3.0,8357.68,475.0,515
95018817,Ucchal Bajaj,vpathak@example.net,917965454166,"H.No. 69
Sankaran Marg
Adoni 056161",North Dumdum,112162,2024-06-04,Inactive,19,466.48,2023-08-28 06:50:04,2.0,3567.98,434.0,153
29415527,Abha Behl,yastidin@example.net,915501942609,"13/08
Toor Circle
Dindigul-600955",Pudukkottai,675974,2024-04-22,Regular,11,498.21,2024-06-14 14:07:30,3.0,4939.93,143.0,196
64932019,Ekiya Babu,chanchalmaharaj@example.org,918389993827,"336
Sandhu, Thanjavur 759771",Hindupur,936998,2023-10-09,Premium,6,1022.98,2024-07-08 14:00:52,2.0,5715.63,119.0,392
48418662,Matthew Joshi,rattanhamsini@example.net,919709891239,"H.No. 465, Vala Zila, Indore-145041",Machilipatnam,124809,2024-06-21,Premium,12,1479.93,2024-10-16 15:56:16,4.0,5656.85,19.0,136
66485571,Anthony Pall,sastryyug@example.com,913392530795,"H.No. 478
Pau Chowk
Rampur 353285",Ratlam,618561,2023-09-15,Inactive,2,1055.17,2024-09-02 03:14:47,3.0,7626.970000000001,63.0,416
85658166,Faraj Krish,parikhcharvi@example.org,911072687845,"H.No. 13, Bumb Road, Bharatpur-659171",Thrissur,74399,2024-05-04,New,11,1326.65,2024-08-19 11:25:51,2.0,4760.08,77.0,184
20625627,Hredhaan Prasad,ishanvi25@example.com,910233893926,"274, Chopra Circle
Jammu 166527",Amritsar,598993,2024-08-10,Premium,11,718.1,2023-06-09 05:17:06,2.0,4101.88,514.0,86
72942753,Alka Pal,fvig@example.com,911883350065,"008
Bhattacharyya Road, Dewas 414364",Gurgaon,484481,2024-09-09,Regular,5,664.01,2024-05-28 16:58:25,1.0,3679.63,160.0,56
1624115,Saksham Atwal,meghaatwal@example.org,912435381855,"445, Pai
Haldia 442073",Kochi,487872,2023-10-26,New,2,331.1,,0.0,0.0,,375
82918668,Harita Nagy,shahadvaith@example.com,915965284189,"78
Chanda Nagar, Gaya-166936",Gudivada,244426,2024-08-08,Regular,18,1941.44,2024-06-19 02:55:22,2.0,3677.25,138.0,88
85006599,Siddharth Krishna,farya@example.net,913616527604,"86, Amble Marg, Raiganj 373001",Shimoga,664694,2024-01-17,Inactive,13,1630.44,2024-05-16 04:45:13,3.0,4166.34,172.0,292
73727901,Chanakya Khatri,azad52@example.net,911570178887,"68/982
Desai Road
Anantapuram 384618",Solapur,164307,2024-05-27,Premium,15,1299.49,,0.0,0.0,,161
53636086,Max Nadkarni,kumersiya@example.org,915300023531,"25/86
Kata Zila
Howrah 811775",Bally,342729,2023-11-07,Premium,20,1238.26,2024-10-05 17:21:33,4.0,7190.31,30.0,363
79076101,Maanav Gaba,vasatikachoudhry@example.org,919414325566,"52/93
Deep Circle
Uluberia-405552",Ujjain,998849,2024-01-15,Premium,2,870.19,2024-01-18 17:59:19,1.0,4331.6,291.0,294
65660660,Arya Sodhi,devika25@example.net,914142797783,"H.No. 995
Srivastava Street
Vijayanagaram-618080",Gangtok,994735,2023-08-04,Regular,12,749.66,2024-05-30 06:58:58,2.0,3677.6000000000004,158.0,458
64162093,Nakul Mall,sbarman@example.net,914593573538,"42/193
Subramaniam Circle
Sultan Pur Majra-294414",Korba,818200,2024-04-22,Premium,6,413.3,2024-07-09 02:43:22,3.0,6292.4400000000005,118.0,196
91243571,Ojas Deep,yashoda19@example.net,917253789225,"52/967
Pandey, Amravati-615769",Navi Mumbai,937863,2023-12-15,Inactive,12,1569.19,2024-10-19 19:09:22,4.0,13322.880000000001,16.0,325
22133362,Samesh Dixit,raaginiramanathan@example.org,918553449011,"62/795
Bhalla Chowk, Bulandshahr 310111",Anantapuram,633882,2024-08-31,Inactive,18,482.2,2024-08-11 00:35:08,2.0,6421.84,85.0,65
49915498,Harini Mangal,aahana49@example.com,910459948075,"H.No. 932
Baral Road
Katni 070915",Jalandhar,107053,2023-05-19,Premium,2,950.88,2024-01-19 19:08:25,1.0,3928.0,290.0,535
38018949,Jeet Pandey,irya08@example.net,915665475060,"584
Loke Path
Thiruvananthapuram-323286",Farrukhabad,305457,2024-09-04,Premium,17,1873.34,,0.0,0.0,,61
93321933,Xalak Sangha,wallawahab@example.net,915009857342,"800
Sura Marg
Darbhanga 901631",Ozhukarai,381931,2024-03-17,Inactive,10,566.42,2024-06-03 01:50:59,3.0,11045.2,154.0,232
10508763,Anamika Issac,lbahri@example.org,912691240598,"H.No. 79
Mann Marg, Nadiad-252402",Ratlam,489551,2023-12-14,Premium,6,992.26,2024-04-09 16:23:16,2.0,2396.75,209.0,326
37362180,Praneel Mangat,pben@example.com,912893628900,"28/28, Sandal Marg, Purnia-889918",Visakhapatnam,826795,2023-08-17,Regular,11,1638.66,2024-03-30 18:24:14,2.0,4985.01,219.0,445
8881320,Tanmayi Sem,jsahota@example.com,917612486904,"H.No. 516
Basu Path, Bahraich-594933",Uluberia,108657,2024-10-24,Regular,7,1268.54,2024-10-28 22:19:08,2.0,3006.3599999999997,6.0,11
25447967,Udyati Sani,fsaha@example.com,919245174613,"H.No. 20, Handa Road, Avadi-342441",Rajkot,32438,2023-09-04,Regular,18,876.56,2024-01-06 20:16:18,1.0,1772.45,303.0,427
64197854,Krishna Ramanathan,bina08@example.com,910150876296,"391, Kunda Chowk, Pune 550785",Bellary,265134,2023-10-28,Regular,17,1231.67,2024-03-18 08:19:53,3.0,8870.73,231.0,373
34074184,Nakul Din,rajagopalisha@example.com,916344120128,"22/51
Nagy Nagar, Kolkata-282673",Bangalore,401130,2024-03-30,New,18,1988.77,2023-12-17 02:00:05,1.0,1492.14,323.0,219
95873651,Shivani Divan,matthewbal@example.org,919844424826,"836, Seshadri Road, Khammam-540650",Ballia,584545,2024-06-02,Inactive,14,536.02,2023-11-30 03:55:34,3.0,7395.04,340.0,155
90150193,Advik Rajan,siya35@example.com,911865056144,"H.No. 129, Baral Zila, Amritsar-828766",Buxar,665407,2023-07-14,Inactive,18,783.69,2024-09-28 22:00:44,4.0,8519.08,36.0,479
39717448,Om Korpal,ssaraf@example.com,912595402637,"50/800, Dara Road, Kolkata-183546",Jorhat,549114,2023-06-10,New,1,210.18,2024-06-01 09:53:45,2.0,4002.12,156.0,513
63948546,Samesh Dass,prabhuforum@example.com,918287414920,"H.No. 129, Banik Nagar, Kolkata-261584",Bhubaneswar,524266,2024-01-18,Regular,20,1745.12,2024-06-07 04:38:39,3.0,6847.8,150.0,291
9900288,Jasmit Pall,waidarau@example.org,911752527726,"84/431, Sidhu Chowk, Bardhaman 485811",Gulbarga,536115,2024-01-09,Regular,10,1315.84,,0.0,0.0,,300
38496400,Dhruv Bakshi,mohinibhargava@example.com,919353152162,"H.No. 60
Yogi Path
Salem 323686",Bathinda,939391,2024-03-25,Premium,11,1402.36,2024-10-25 23:31:21,2.0,3703.6899999999996,9.0,224
27692428,Warjas Tara,akshaydeshmukh@example.com,912462598771,"859, Kumar Nagar, Chittoor-489508",Chennai,691326,2024-05-29,Regular,11,1889.95,2024-10-11 02:10:11,2.0,2021.8000000000002,24.0,159
65903057,Krishna Shroff,anthonyparsa@example.org,913179239267,"64/68, Sridhar Circle, Bhubaneswar 362647",Uluberia,847572,2023-04-13,Regular,14,1181.71,2024-07-06 06:23:10,3.0,7172.59,121.0,571
43990799,Indrajit Singh,raghav41@example.org,917481211085,"H.No. 916
Hans Marg
Hubli–Dharwad-389409",Dindigul,282157,2024-02-04,Regular,6,495.41,2024-10-14 00:24:10,3.0,8492.64,21.0,274
42208242,Farhan Tata,dlal@example.org,910990228487,"73/63, Lalla Path
Firozabad 862928",Danapur,518443,2023-11-19,Regular,19,1222.25,2024-10-27 13:36:06,4.0,9151.630000000001,8.0,351
44776601,Krisha Sood,dugalgayathri@example.net,919159008785,"25, Nayak Street, Sonipat 822794",Durg,94769,2024-05-13,Regular,15,1278.59,2024-06-22 10:00:22,2.0,3678.3100000000004,135.0,175
6724509,Guneet Brahmbhatt,hkale@example.org,911602590009,"H.No. 83
Narain Circle
Sikar 862742",Munger,118585,2023-04-07,New,13,1966.44,2024-10-17 11:15:32,3.0,2734.55,18.0,577
59222551,Urmi Parekh,duttabrijesh@example.org,915698155488,"H.No. 867, Kannan Circle, Mehsana 430537",Jamshedpur,351341,2023-08-05,Inactive,10,1569.86,2023-09-11 02:29:45,1.0,3655.01,420.0,457
44888581,Rehaan Samra,rajata67@example.com,915131749495,"25/08
Rege Street
Thiruvananthapuram 858803",Ballia,359510,2023-03-28,Inactive,3,392.37,2024-09-28 15:27:48,2.0,2291.55,37.0,587
96729650,Yochana Ravel,rnagi@example.org,913457285896,"98/20
Tiwari Road
Tiruppur-972702",Ahmednagar,543068,2024-05-04,Inactive,2,847.93,,0.0,0.0,,184
39957741,Siddharth Sibal,ksinha@example.org,914455548748,"18
Peri Nagar, Ambattur 659851",Bellary,883836,2023-11-05,Inactive,11,1769.15,2024-09-04 22:09:51,2.0,4925.2699999999995,60.0,365
24104630,Jonathan Deo,tanvi11@example.org,915071245367,"84/257
Zachariah Road
Pune-664139",Jaipur,670567,2024-01-14,Premium,13,448.52,2024-08-18 05:31:01,2.0,3457.11,78.0,295
96434674,Yashawini Kota,jeet35@example.org,915034543902,"192
Pillay Ganj, Kozhikode 553266",Anantapur,744458,2023-11-30,Inactive,11,1663.53,,0.0,0.0,,340
14255231,Advika Taneja,kapoornikita@example.com,919586231995,"H.No. 63
Bir
Asansol-254295",Surendranagar Dudhrej,516962,2023-06-18,Inactive,17,1055.6,2024-06-16 13:41:39,2.0,8697.67,141.0,505
83412446,Libni Kunda,deovritti@example.net,911344969697,"807
Natarajan Nagar, Karimnagar 936960",Avadi,389792,2023-05-25,Inactive,13,1935.31,2024-09-25 13:18:53,3.0,5811.28,40.0,529
11493380,Jhalak Peri,tbhatia@example.org,919780052209,"56/011
Chanda
Jammu-972081",Madurai,767391,2023-04-20,Regular,16,422.74,2024-10-22 11:12:07,4.0,12693.39,13.0,564
48821170,Hredhaan Bajaj,samaksh27@example.org,917321852352,"320, Garde Circle
Siliguri 164122",Jalgaon,187348,2023-10-09,Inactive,12,1321.76,,0.0,0.0,,392
19145354,Shivani Deo,bathyashodhara@example.net,915555551874,"21/09, Sawhney Zila
Guwahati-293546",Rohtak,763240,2023-05-31,Inactive,11,963.35,2024-06-26 12:36:19,1.0,1525.58,131.0,523
76830090,Harshil Dey,kannantanvi@example.net,910201858547,"H.No. 99, Pau Path
Dewas-413529",Panipat,292989,2024-04-04,New,4,821.83,2023-08-19 14:41:57,1.0,242.57,443.0,214
81808190,Qasim Sharma,rbarad@example.org,916722446082,"408
Bains Chowk
Morbi-747709",Bhusawal,611142,2023-07-06,Inactive,1,796.97,2024-07-19 00:58:05,4.0,12293.66,108.0,487
40986000,Charles Gara,ichada@example.net,915985932973,"H.No. 321, Palan Chowk
Purnia 304075",Karnal,59218,2023-10-17,Premium,20,223.79,2023-11-07 01:00:32,1.0,4191.3,363.0,384
60495351,Henry Rana,ebhakta@example.org,911361289330,"813
Krish Street
Nagpur-312112",Srikakulam,246691,2023-04-24,New,11,407.03,2024-07-16 21:24:19,3.0,4785.81,110.0,560
39261715,Reva Bhatnagar,ucchal41@example.com,917697218697,"99/80
Konda, Indore 364393",Patna,859748,2023-12-27,Premium,19,1974.33,,0.0,0.0,,313
63793401,Frado Ramakrishnan,saniijaya@example.org,914633683779,"21/657, Bala Nagar, Kulti-317039",Kavali,308708,2024-03-24,Regular,2,1901.32,2024-11-03 11:37:13,3.0,5836.5599999999995,1.0,225
27746432,Eesha Rajagopal,solankiekaraj@example.net,919524741272,"H.No. 79, Dave Path
Sultan Pur Majra-296590",Bangalore,836547,2023-07-29,Inactive,10,1261.35,2023-08-13 01:31:00,1.0,3642.25,449.0,464
51670882,Krishna Hans,takbarkha@example.net,917438121864,"95/65
Nadig Circle
Belgaum-468612",Dehradun,352126,2024-09-27,Inactive,11,1351.67,2024-05-26 07:53:37,5.0,7824.92,162.0,38
61020,Onkar Suresh,rudradeshpande@example.com,918421031341,"88/40, Bora Zila, Phusro-161515",Kurnool,345635,2024-07-27,New,19,1703.16,2024-08-31 14:07:08,3.0,7844.9,65.0,100
46802633,Champak Subramaniam,raagini83@example.com,914561761144,"H.No. 18, Kumer Road
Mango-881448",Bettiah,770230,2024-02-18,Premium,6,617.22,2024-10-20 08:34:38,2.0,3277.21,15.0,260
63083547,Aarav Mander,giriknarula@example.net,911041451528,"H.No. 30
Padmanabhan Street
Nagaon-432208",Jhansi,42216,2023-12-07,Regular,10,900.07,2024-10-10 13:33:00,2.0,1624.6,25.0,333
17106161,Gagan Prabhakar,chaitanyaraman@example.net,911958568514,"40/59, Rai Street
Vijayawada 675290",Shimoga,758004,2024-05-01,Inactive,9,331.15,2023-03-28 08:47:18,1.0,2184.02,587.0,187
54797119,Anusha Patel,xkoshy@example.com,910345213816,"H.No. 316, Kaur Zila
Malegaon 975468",Bilaspur,793140,2023-12-19,Premium,14,1673.74,2024-06-27 18:33:11,3.0,4498.860000000001,130.0,321
62721353,Jagdish Bora,warhi76@example.org,917826110440,"H.No. 575, Sahni Chowk
Mau-744949",Danapur,694263,2024-10-12,Regular,13,992.9,,0.0,0.0,,23
40587811,Jeevika Rajagopalan,manneoeshi@example.org,913315896548,"H.No. 094
Banerjee Ganj, Mau 309197",Adoni,524929,2023-12-15,Inactive,5,724.63,2024-11-01 02:59:02,3.0,8842.439999999999,3.0,325
25520143,Rajata Ahuja,ozaayushman@example.com,917172676453,"280, Mannan
Kozhikode-407225",Berhampur,688637,2024-01-23,New,10,1133.1,,0.0,0.0,,286
81377917,Nachiket Panchal,chaitaly28@example.org,910458847889,"25/190, Chawla Marg
Madurai-829332",Maheshtala,538657,2023-04-23,Inactive,16,739.14,2024-03-03 03:19:55,1.0,2699.14,246.0,561
49433260,Abhiram Wason,fdevan@example.com,919416031730,"15
Sabharwal Marg, Aurangabad 966257",Hospet,246851,2024-05-20,Premium,17,307.03,2024-07-17 19:35:11,5.0,11243.23,110.0,168
40117357,Jai Murty,subramaniansanya@example.net,914444871840,"58/465
Madan Ganj, Jhansi-323091",Imphal,177718,2023-03-20,New,16,753.81,2024-07-08 14:27:33,1.0,2915.52,119.0,595
81102955,Pushti Naidu,darairya@example.org,911671525132,"H.No. 61
Khare Circle
Ratlam 115891",Bhiwani,804911,2024-07-12,Premium,16,1403.68,2023-07-09 12:02:20,1.0,374.68,484.0,115
40192266,Vasana Dhar,janimanbir@example.org,917379568602,"56/554
Kashyap, Shivpuri 193283",Bhopal,305319,2024-03-04,New,19,1893.6,2024-02-23 06:58:38,3.0,6577.049999999999,255.0,245
51669263,Odika Manda,esekhon@example.com,910495274267,"H.No. 97
Prasad Circle
Shimla-145433",Avadi,625562,2023-09-23,Inactive,2,1698.87,2024-03-06 11:57:35,3.0,8612.51,243.0,408
85831746,Girindra Basak,madantripti@example.com,914280164918,"50, Basak Ganj, Munger 764468",Bahraich,536170,2023-09-11,Regular,18,952.61,,0.0,0.0,,420
97466783,Harita Mangat,jagat26@example.org,916726192081,"78/936
Aurora Road
Vadodara 226991",Kota,977804,2023-04-07,Premium,8,952.96,2024-04-04 20:08:39,3.0,8107.49,214.0,577
23982977,Charita Rama,nadkarniyauvani@example.net,919952544686,"H.No. 01
Krishnan Zila
Jehanabad-220376",Salem,569461,2023-07-04,New,2,1863.55,2024-06-19 19:08:21,2.0,2481.61,138.0,489
79695653,Yash Hans,indrajit03@example.net,919459732369,"31/66, Badami Ganj, Rohtak 192027",Sonipat,361030,2023-08-07,Regular,11,728.65,2024-06-02 08:12:47,2.0,3950.49,155.0,455
83577942,Oviya Rau,suhanipandit@example.net,919202449944,"H.No. 673
Batta Road, Yamunanagar-314202",Shivpuri,33088,2024-08-11,New,16,866.2,2024-03-22 11:55:52,4.0,6661.48,227.0,85
44149982,Tara Uppal,gbuch@example.net,918265809377,"84/33, Menon Ganj, Sambalpur-870513",Yamunanagar,603400,2023-08-16,New,7,1224.69,2024-07-12 07:44:16,4.0,7984.5,115.0,446
46686696,Wazir Seth,william12@example.com,914539379728,"69/92
Mitter Marg
Mahbubnagar-162861",Thoothukudi,992012,2024-03-02,Premium,7,968.93,2024-10-17 13:55:44,3.0,5359.65,18.0,247
12184293,Dayita Mand,rudra41@example.net,918062427582,"H.No. 51
Cherian Road, Panchkula-653529",Phagwara,249442,2023-06-16,Inactive,7,1811.32,2023-08-22 07:49:07,1.0,4160.4,440.0,507
19084027,Mitesh Sehgal,ychakraborty@example.net,917489074615,"H.No. 215, Kulkarni Nagar
Panihati-950577",Unnao,977602,2023-07-30,New,20,908.28,,0.0,0.0,,463
77559557,Akshay Varty,balendra63@example.com,917909370826,"44
Dube Path
Jammu-898608",Madurai,639717,2023-08-28,New,9,601.15,2023-06-08 14:26:52,2.0,5400.48,515.0,434
34713143,Ganga Sabharwal,mugdhamannan@example.org,919384952181,"91/992
Sanghvi Path
Raipur-230614",Jehanabad,759217,2024-08-03,Premium,16,1380.2,2023-09-03 16:21:20,1.0,2577.7,428.0,93
75073623,Yashvi Bansal,dasskabir@example.net,912974427872,"604, Brar Chowk, Meerut-986766",Kumbakonam,470494,2024-05-19,New,19,1042.05,,0.0,0.0,,169
12415659,Damini Wagle,omamol@example.net,911297232886,"168
Balay Street, Allahabad-779838",Ambala,813277,2024-05-30,New,10,1786.5,2024-07-12 04:35:15,1.0,2431.37,115.0,158
5277675,Vansha Deol,hariaarna@example.net,919054309336,"H.No. 03, Natt Circle, Karnal 408909",Ghaziabad,373380,2024-10-22,Premium,9,1312.8,2023-10-07 04:05:52,2.0,2650.36,394.0,13
81420960,Warda Chanda,korpalomya@example.net,912178760305,"H.No. 428
Kade Street, Vijayanagaram 476346",Hazaribagh,367446,2023-05-21,Inactive,2,269.4,2024-09-26 05:13:41,3.0,7825.91,39.0,533
97144544,Indali Toor,pdeep@example.org,911700892264,"H.No. 15, Soni
Udaipur 007809",Guna,494838,2024-08-13,Regular,12,1754.04,2024-05-01 09:07:52,1.0,2679.81,187.0,83
6856445,Meghana Mangal,abhimanyubala@example.com,919449932185,"63/79, Padmanabhan Zila
Fatehpur-881615",Darbhanga,833987,2024-01-23,New,5,1932.51,2023-07-31 08:28:13,2.0,5998.27,462.0,286
70363568,Ekavir Sunder,siyengar@example.com,918983652368,"H.No. 47
Goda Zila
Chittoor-109669",Shahjahanpur,354549,2023-08-03,New,13,1632.23,2024-10-17 17:08:04,4.0,6582.62,18.0,459
10019218,Elijah Brar,ikbalshukla@example.net,914359135388,"35
Chhabra Nagar, Singrauli 962731",Parbhani,700999,2023-08-28,New,7,560.14,2024-05-23 05:12:37,4.0,9414.810000000001,165.0,434
12799092,William Sarkar,vsridhar@example.net,916570933625,"H.No. 578, Dugal Zila, Chinsurah 373691",Unnao,817262,2024-05-19,Inactive,5,557.19,2024-09-26 23:24:36,3.0,4648.88,38.0,169
12507907,Maanas Dugal,warda81@example.net,910113438632,"82/55, Sundaram Zila, Gopalpur 792114",Nangloi Jat,978091,2023-11-22,Regular,19,1278.01,2023-08-04 18:34:57,2.0,2085.12,458.0,348
29584848,Lucky Chada,devganesan@example.org,911154995125,"H.No. 95
Iyengar Circle
Dhule-728048",Dehri,469757,2024-10-03,Premium,11,1212.04,2024-07-19 14:29:26,4.0,10291.470000000001,108.0,32
27955158,Abeer Kamdar,aaggarwal@example.net,917947344705,"H.No. 535, Nair Path
Kurnool 247765",Shivpuri,950386,2024-03-16,New,13,1659.73,2023-04-23 23:54:06,1.0,3434.25,560.0,233
13651980,Abhiram Basak,khalsaadweta@example.org,915545103882,"531, Madan Chowk, Alwar-182796",Ranchi,707169,2023-05-28,Inactive,12,308.29,2024-04-23 22:23:51,2.0,4283.5,194.0,526
90246977,Yuvraj Chacko,zinal84@example.org,913475347576,"H.No. 88, Chandra Marg
Tirupati 850392",Tiruchirappalli,720144,2023-05-05,Premium,1,1375.17,2024-07-24 01:20:16,4.0,9465.56,103.0,549
91614690,Chaman Yohannan,mugdhakakar@example.net,913350708864,"854
Aggarwal Chowk
Bokaro 633335",Nandyal,343492,2023-06-09,Premium,18,289.7,2023-05-18 23:59:38,1.0,3551.54,535.0,514
92027021,Chatura Natt,jack25@example.com,912941296233,"96/145
Natarajan Ganj
Khandwa-209328",Ballia,61391,2024-10-17,Inactive,5,1279.72,2024-08-09 07:08:04,3.0,5981.78,87.0,18
11493300,Yatan Bedi,pranitratta@example.org,915995815758,"H.No. 22
Pandit Street
Coimbatore 123398",Durg,144438,2024-07-26,Regular,18,1025.67,2023-09-12 18:28:43,1.0,4066.1,419.0,101
77862447,Tejas Doshi,yashawini78@example.org,915361300488,"H.No. 487
Bera Ganj
Coimbatore 258160",Bally,410832,2023-07-14,New,3,721.04,2023-12-27 06:52:23,3.0,3637.69,313.0,479
47503133,Mitesh Rajan,nilima95@example.com,918274162331,"H.No. 900
Bora Street, Tiruppur 590706",Chapra,321850,2024-10-26,Inactive,12,1614.04,2024-03-15 05:55:57,3.0,5516.1,234.0,9
65745775,Aryan Mangal,fshan@example.org,915242033069,"H.No. 28
Nagi Path
Bhimavaram-958776",Buxar,293389,2023-12-08,Inactive,4,1021.23,,0.0,0.0,,332
89867195,Akshay Comar,qbarman@example.com,918310611085,"H.No. 482
Aggarwal Zila
Kolhapur-540436",Tumkur,216353,2023-10-11,Premium,10,409.49,2024-01-26 14:46:09,1.0,3494.42,283.0,390
6247821,Mekhala Vora,gardequincy@example.org,917852965877,"08/563, Sane Circle, Khora -425505",Panvel,691869,2023-07-15,Regular,15,1832.58,2024-10-09 21:50:33,3.0,6206.78,25.0,478
73393269,William Varughese,xsachar@example.org,919916420455,"91/001
Naik Circle
Bhopal 342050",Ajmer,857535,2024-06-11,Regular,8,1615.2,2024-09-27 19:15:45,4.0,6583.01,38.0,146
48716374,Chaman Merchant,fchaudhari@example.org,910509009422,"97/515, Prasad Path
Allahabad 009477",Hapur,590658,2023-05-01,Premium,20,1475.82,2023-12-19 13:40:46,2.0,4296.87,321.0,553
78614729,Finn Goswami,sethidaniel@example.org,919553489707,"469
Kadakia Ganj, Avadi-835600",Tiruvottiyur,591291,2024-09-05,New,10,1786.91,2023-11-20 12:36:18,2.0,3429.65,350.0,60
20238921,Shivani Kumer,ubhargava@example.com,911937082654,"H.No. 43
Tailor Nagar
Tadipatri 360847",Thiruvananthapuram,602258,2023-09-29,Premium,8,1298.79,2023-12-30 06:17:00,4.0,5704.54,310.0,402
84066402,Lucky Dar,amrutadixit@example.com,919291311555,"43/56
Shah Nagar, Jalna-842838",Amritsar,684269,2023-10-11,Regular,7,794.76,2024-10-24 16:14:26,5.0,11088.15,11.0,390
60271325,Michael Chopra,harshdalal@example.org,915509074408,"H.No. 38
Sankar Circle, Kota-391161",Malegaon,838512,2024-05-08,New,8,356.62,,0.0,0.0,,180
40692378,Chatresh Rastogi,xiti56@example.org,911082407656,"H.No. 83, Behl Zila
Karaikudi-818020",Jabalpur,75343,2024-09-13,New,9,1782.4,2023-06-09 10:08:18,1.0,2330.28,514.0,52
469006,Shivansh Loyal,darikaperi@example.net,910131483498,"49, Garg Ganj
Bhubaneswar-563425",Begusarai,814266,2023-08-21,Inactive,2,1393.2,2024-05-27 03:23:40,3.0,5932.18,161.0,441
41811800,Sneha Bahl,advaygolla@example.org,918789200734,"63/20
Thakur Ganj, Bhiwandi-326191",Jaunpur,755202,2023-10-10,Regular,6,1410.59,2024-05-21 21:53:23,2.0,2183.48,166.0,391
87107263,Lakshmi Arora,parmarvansha@example.org,918888108591,"38/541
Hari Street, Faridabad 486542",Vijayawada,784029,2024-10-02,Inactive,9,1659.56,2024-06-01 12:17:08,2.0,869.25,156.0,33
89619421,Urvi Maharaj,imaran14@example.com,912761574568,"30/168, Raman Street, Kharagpur 263382",Rajpur Sonarpur,161282,2023-11-02,Premium,5,1466.13,2024-10-25 23:30:56,3.0,6016.01,9.0,368
62828341,Darika Deol,xbakshi@example.net,916647216602,"716
Borra Chowk, Bokaro 793011",Howrah,460118,2024-06-27,Inactive,20,283.63,2024-09-14 16:12:21,1.0,1826.22,51.0,130
55738118,Jagrati Badami,ovenkataraman@example.com,918689181146,"959, Apte Street, Gurgaon-641674",Hapur,163439,2023-12-29,Regular,11,1520.09,,0.0,0.0,,311
2684440,Hamsini De,yashodharaanne@example.org,910537727849,"28/37, Radhakrishnan
Kakinada 773718",Ranchi,574868,2023-09-05,Premium,5,650.6,2024-05-24 20:01:10,5.0,10019.32,164.0,426
77811864,Urvashi Iyengar,yadaviwali@example.com,910491682196,"59/018, Gara Ganj
Bhavnagar-018318",Miryalaguda,829480,2023-09-10,Premium,12,1712.29,2024-04-24 09:19:28,4.0,7042.49,194.0,421
43052303,Girik Mutti,rajanathan@example.com,910462708022,"H.No. 065, Sehgal Zila
Salem 592037",Eluru,907571,2023-06-21,Premium,19,1790.43,2024-10-15 06:25:15,4.0,11138.18,20.0,502
24478397,Jairaj Gill,vivaanagarwal@example.org,910801349761,"69, Goda Circle, Nagercoil 556537",Bidar,612763,2024-03-28,New,14,829.36,,0.0,0.0,,221
22846435,Jackson Shenoy,gopalkrishnamurthy@example.net,913964391284,"H.No. 61, Contractor Chowk, Meerut-839492",Tezpur,358841,2023-07-15,Inactive,12,1844.21,2024-09-20 13:30:47,1.0,1543.13,45.0,478
32868927,Anjali Lala,maanasgarg@example.org,912496754123,"59/920, Chhabra Chowk, Udaipur-321781",Karimnagar,28876,2023-04-13,New,19,926.68,2024-07-25 07:34:25,1.0,634.28,102.0,571
88312515,Kiaan Chhabra,peter83@example.com,918683950412,"72/340, Apte Marg
Sambhal-436677",Gandhinagar,186946,2024-02-05,Inactive,10,544.71,2024-05-31 19:02:48,2.0,6424.94,157.0,273
33741801,Girindra Nadig,quincy72@example.com,914542185729,"106
Bhatt Street, Jamshedpur 915471",Ratlam,626892,2024-01-27,New,16,1249.15,2024-10-16 15:42:15,3.0,9840.46,19.0,282
29502852,Andrew Vasa,aarush91@example.org,918622182317,"061
Tank
Asansol 810831",Dibrugarh,870715,2024-08-28,New,18,1995.37,,0.0,0.0,,68
75464725,Chavvi Sibal,ishanibahl@example.com,913499634966,"H.No. 004, Anand Chowk, Udupi-217874",Sambhal,629342,2023-12-02,Inactive,20,1805.77,2023-12-07 06:28:36,2.0,5185.299999999999,333.0,338
88745052,Leena Zacharia,krishnaprabhu@example.org,911551385769,"H.No. 01
Sengupta Street, Bahraich 125364",Kumbakonam,583025,2024-04-12,Regular,5,516.9,2023-06-01 17:29:29,1.0,1740.54,522.0,206
50632192,Omkaar Mander,tanvi84@example.org,912486393527,"74/669
Sundaram
Sambhal 774698",Nadiad,846443,2023-03-17,Premium,16,1096.83,2024-03-20 21:38:09,3.0,2440.08,228.0,598
81655250,Kashvi Rege,gnanda@example.org,910542508627,"H.No. 31
Buch Circle, Ajmer-282400",Madurai,851454,2023-07-04,Regular,17,1399.67,2023-08-21 09:02:19,1.0,2392.8,441.0,489
29858395,Patrick Rout,aayushpal@example.net,915523705895,"354, Bali Street
Pondicherry-996500",Hospet,511481,2024-09-03,Inactive,16,442.16,2023-11-22 23:38:13,1.0,2455.82,347.0,62
56572297,Rachita Wali,shivanimody@example.org,919497552961,"572, Deshmukh
Pimpri-Chinchwad 016173",Ulhasnagar,25613,2024-10-02,Inactive,10,1601.86,2024-05-29 22:09:17,3.0,11719.01,158.0,33
18140588,Orinder Malhotra,samarth50@example.org,917539612924,"80/775
Varkey Path
Saharanpur-494356",Jalna,895444,2024-07-04,Regular,17,856.95,2024-01-05 02:05:57,2.0,7136.73,304.0,123
74352908,Ishaan Chad,wishinagarajan@example.com,914607411992,"H.No. 660
Saha Nagar, Bhiwani-793040",Guntakal,653024,2024-03-31,Inactive,13,1879.61,,0.0,0.0,,218
37633848,Samuel Banerjee,shettyfaris@example.com,917563731259,"119
Seth Nagar
Mumbai 912897",Kharagpur,622019,2023-08-27,Premium,20,1237.57,2023-12-28 00:03:12,1.0,3820.42,312.0,435
19180962,Osha Varghese,pjohal@example.org,917683300885,"60/201
Shere
Bilaspur 758086",Kalyan-Dombivli,237601,2024-07-05,Inactive,19,622.08,2024-09-09 13:42:16,5.0,12130.09,56.0,122
75739462,Vasana Ganesh,xsarma@example.org,918839671733,"548
Wali Chowk, Gwalior 656688",Satna,756186,2024-06-23,Premium,2,1474.27,2024-09-23 14:07:55,5.0,8262.1,42.0,134
47926198,Bhavini Kulkarni,elijah77@example.net,910674805507,"H.No. 082, Raghavan Nagar, Bhilwara-021542",Nandyal,321001,2024-02-04,Regular,11,1408.42,,0.0,0.0,,274
57809174,Girindra Dara,hemalad@example.org,917115057276,"46/681
Bobal Path
Navi Mumbai-347951",Lucknow,284807,2024-04-12,Premium,11,1898.72,,0.0,0.0,,206
21786873,Balhaar Ramesh,andraidika@example.com,916298063344,"48/273
Chacko Marg
Tirupati-417143",Lucknow,297685,2024-03-07,Regular,3,1600.68,2024-07-03 07:25:02,2.0,4093.68,124.0,242
32564478,Ekbal Dubey,wsrinivasan@example.com,910924609236,"H.No. 620
Dube Chowk
Katni-733668",Kishanganj,330178,2024-06-24,Premium,5,211.3,2024-07-21 11:07:08,1.0,3025.16,106.0,133
41168392,Sneha Rajagopalan,kamalacontractor@example.com,916382893434,"71, Banerjee Circle, Imphal-801151",Silchar,133041,2024-01-10,Premium,13,506.28,2024-10-10 03:43:05,2.0,2810.94,25.0,299
40305293,Tejas Parmer,waglevedhika@example.com,918906027615,"783, Handa Marg
Medininagar-040912",Bhatpara,597677,2024-09-01,Regular,10,614.48,2024-06-10 14:24:22,3.0,5259.43,147.0,64
91562028,Ayaan Kashyap,sachdevishwar@example.org,917539048305,"H.No. 88, Varghese Ganj, Bhilai-068738",Noida,248694,2024-10-09,Regular,9,1141.68,2024-09-02 01:14:14,4.0,7315.53,63.0,26
5754255,Radha Rana,kritika79@example.org,914135557233,"34/71, Wable Nagar, Bally 321844",Mango,547754,2023-11-12,Inactive,1,1050.74,2024-06-24 07:55:26,3.0,2938.94,133.0,358
73891999,Vinaya Khatri,zarnakala@example.org,917708136730,"04/032, Doctor Street
Silchar 214713",Sambalpur,966637,2024-07-22,New,11,1681.91,2024-09-29 20:05:27,1.0,626.67,36.0,105
91500615,Varenya Vala,nakul89@example.org,919445728543,"91/20
Bawa Ganj
Serampore 477704",Parbhani,557915,2024-07-27,Premium,4,840.89,2024-10-15 09:11:28,3.0,10465.85,20.0,100
79742293,Faris Mohanty,udarsh64@example.com,919172230427,"H.No. 477, Khalsa Zila
Kurnool-102764",Hajipur,123910,2024-02-11,Regular,17,1608.81,2024-04-15 13:33:03,2.0,3011.95,203.0,267
71902700,Qarin Nazareth,garimaraju@example.com,916213718621,"44
Bhasin Marg
Panipat 159190",Bhind,91752,2024-02-05,Regular,10,824.31,2024-09-14 03:54:21,4.0,5110.16,51.0,273
78267238,Luke Bala,wdubey@example.org,915875547645,"241
Bora Path
Secunderabad-741114",Warangal,86601,2024-07-07,Inactive,1,301.21,2024-03-01 21:32:36,2.0,4536.860000000001,247.0,120
16780752,Avi Soman,routdiya@example.com,915430602738,"H.No. 97
Chauhan
Nellore-895405",Begusarai,320804,2023-12-07,Premium,20,1429.12,2023-09-13 16:06:06,1.0,2814.99,418.0,333
91312072,Joshua Rana,mkakar@example.net,918534310594,"40, Dutta Zila, Katihar 605477",Jalna,409142,2024-04-20,Inactive,4,1518.25,2024-06-02 00:20:24,2.0,2802.0,155.0,198
28458746,Dalaja Borde,murtybhavani@example.net,913737459258,"H.No. 069, Sachar Chowk
Munger 082064",Bulandshahr,97442,2023-09-14,New,12,1998.49,2023-12-23 01:02:42,2.0,3305.4300000000003,317.0,417
57770044,Zarna Master,xalak26@example.net,919539272506,"H.No. 15
Venkatesh Circle, Sirsa-878884",Ajmer,900627,2023-11-19,Regular,10,934.08,2024-09-10 19:14:18,2.0,1712.82,55.0,351
2234490,Amara Gala,gangasanghvi@example.com,914512666716,"43, Gole Zila
Hajipur 933661",Singrauli,529202,2024-08-07,Premium,8,1540.25,,0.0,0.0,,89
76202036,Ishita Patla,omajawali@example.com,913376214034,"97/622
Bhatnagar Marg
Varanasi 242752",Gwalior,620579,2024-03-11,Inactive,13,1118.75,2024-08-30 19:21:40,1.0,284.69,66.0,238
45112520,Anamika Hayre,eeshaganesan@example.net,918560853049,"058
Wagle Street, Eluru 310344",Rajahmundry,753100,2024-06-30,Premium,1,499.85,,0.0,0.0,,127
30116949,Harshil Pathak,janakisaraf@example.com,915552299405,"09
Sha, Chinsurah 561052",Nadiad,981634,2023-08-23,Inactive,5,1535.47,,0.0,0.0,,439
16640907,Anjali Choudhary,indira18@example.com,910384127497,"353, Sahota Zila
Katni 822108",Bhagalpur,632688,2024-10-05,Regular,16,527.03,2023-04-10 20:32:03,1.0,1078.17,573.0,30
44174426,Girindra Nair,wazirsanghvi@example.org,915848023986,"12/240, Barad Ganj
Hajipur 503025",Salem,133683,2024-07-02,New,20,1655.49,2023-06-09 12:10:20,1.0,3064.36,514.0,125
13939675,Edhitha Lal,mukherjeejai@example.net,916474959493,"53/947, Jayaraman Street, Bangalore-157373",Amroha,960333,2024-04-05,New,18,783.47,,0.0,0.0,,213
33394166,Dakshesh Lad,panditkritika@example.com,911665869983,"04/08, Comar Street
Hindupur 886323",Surendranagar Dudhrej,78491,2024-10-03,New,10,282.63,,0.0,0.0,,32
45323391,Viraj Kota,sampathosha@example.org,916025289262,"H.No. 86, Bhalla Path
Mango-318186",North Dumdum,957395,2024-03-24,New,2,1008.14,2024-07-07 09:17:06,3.0,7664.27,120.0,225
71411879,Aarav Mukherjee,handaeshana@example.org,912772635029,"H.No. 100, Babu Chowk, Bidar 645114",Etawah,363775,2024-10-23,Regular,4,1743.87,2023-04-17 09:37:03,1.0,426.72,567.0,12
13585482,Meera Dara,sodhibachittar@example.org,913664424400,"23
Murty Zila, Ajmer-307715",Buxar,800996,2023-07-06,Inactive,20,1475.52,2024-09-28 20:06:11,3.0,4898.23,37.0,487
40434527,Liam Nigam,advay02@example.net,915577318686,"699
Chaudhuri Road, Bhagalpur-271359",Vellore,693390,2024-06-27,Inactive,5,815.01,2024-05-01 21:28:23,2.0,3992.71,186.0,130
59830126,Raghav Iyengar,fborde@example.org,919104614456,"93
Ganesh Road
Gandhinagar-097993",Howrah,50816,2024-10-28,New,14,1799.47,2024-10-23 02:49:05,1.0,2656.43,12.0,7
12622901,Januja Kaul,dhaliwaljagdish@example.com,916791709159,"H.No. 398, Iyer Chowk
Vijayanagaram-137056",Bareilly,724988,2024-08-07,Inactive,3,870.68,2024-03-12 02:25:14,2.0,7918.97,237.0,89
3897936,Maanav Singh,unnikarpe@example.com,911787157542,"H.No. 954, Subramaniam Circle
Mangalore-854236",Pudukkottai,100457,2023-09-26,Premium,14,215.16,2024-10-01 20:56:57,5.0,9089.44,33.0,405
48281892,Teerth Mukherjee,toordakshesh@example.org,911236990834,"H.No. 706
Lal Path
Visakhapatnam-582362",Vellore,691199,2023-04-11,New,6,1653.39,2024-06-28 08:57:17,4.0,11845.080000000002,129.0,573
33370343,Yachana Bava,ohans@example.com,917326851045,"44/197
Dash Street, Tinsukia 305622",Ratlam,893977,2024-07-07,Premium,20,999.04,2023-07-30 00:48:32,1.0,3570.08,463.0,120
40877127,Falak Sarraf,ydas@example.com,911015288020,"91, Minhas Ganj
Deoghar 503558",Ludhiana,206065,2023-07-31,Premium,14,757.15,,0.0,0.0,,462
75081265,Gaurav Luthra,mohantygautam@example.net,911060734425,"H.No. 108
Kapur Nagar, Gandhinagar-700004",Nizamabad,292847,2023-05-04,Premium,2,958.17,2023-12-06 18:31:13,2.0,3990.34,334.0,550
92118758,Yadavi Bhatt,ranbirchaudhry@example.com,914634250884,"330
Mani Path
Secunderabad-252919",Gorakhpur,856412,2024-01-03,Regular,2,300.79,2024-03-04 12:09:15,1.0,5067.85,245.0,306
66766629,Harita Mander,ayushwalla@example.org,910616010847,"H.No. 09
Ganguly Ganj, Motihari-968384",Gulbarga,408735,2024-02-22,New,16,504.76,2024-02-15 20:07:56,3.0,7452.889999999999,263.0,256
89686431,Eta Dani,pushti67@example.org,911199510443,"H.No. 271, Loyal Chowk
Thrissur-060782",Dharmavaram,850478,2024-08-14,Regular,11,1637.7,,0.0,0.0,,82
88517890,Anvi Swaminathan,duttirya@example.net,910119087925,"H.No. 456, Pai Path, Amroha 878650",Nizamabad,524369,2024-08-14,Premium,10,1964.72,2024-08-15 00:01:13,2.0,4299.14,81.0,82
69761993,Udant Kade,lila77@example.net,918842894766,"87/304, Nadig Nagar, Bally 955962",Gangtok,661415,2024-08-06,New,6,551.0,2024-01-08 03:21:32,3.0,8021.99,301.0,90
11562458,Parth Raghavan,bhargavaeshana@example.org,913656822380,"H.No. 09
Choudhury Nagar, Motihari-939952",Firozabad,227726,2023-11-16,Regular,7,1409.32,2023-12-10 05:08:46,2.0,7959.610000000001,330.0,354
57892837,Thomas Bail,zarnasandhu@example.net,913786502849,"95/973, Pau Chowk, Thoothukudi-912925",Bally,584566,2024-03-22,Premium,14,581.57,2024-03-22 11:38:50,3.0,5299.0,227.0,227
85474732,Waida Lanka,banikgirik@example.net,913775284880,"85/29
Krish Path, Bettiah-285272",Allahabad,79025,2024-01-01,Premium,1,941.76,2023-05-07 10:21:06,1.0,2389.83,547.0,308
62541176,Yutika Andra,boaseonkar@example.com,914913618986,"472
Pai Zila
Karnal-312720",Tirupati,929796,2024-08-26,New,7,1691.37,2024-04-22 03:51:02,1.0,1343.84,196.0,70
31940833,Urmi Amble,anita28@example.net,918224618920,"H.No. 083, Bajwa, Rewa-343147",Karawal Nagar,452880,2023-07-31,New,4,1515.8,2024-02-27 16:10:19,6.0,16365.66,251.0,462
76212152,Mitali Kapoor,ektabava@example.com,912444876992,"20/514
Raju Zila
Mangalore 950685",Agra,685797,2024-10-11,Premium,13,1767.81,2023-09-05 11:59:41,3.0,6529.35,426.0,24
42366724,Quincy Kari,gopaldugar@example.org,910861921705,"39/64
Vig Zila
Jaipur-137064",Saharanpur,260071,2023-07-27,Inactive,20,1896.27,2024-10-08 03:01:32,4.0,7475.61,27.0,466
54619715,David Cherian,imaran51@example.com,916825053964,"358
Bhakta
Sangli-Miraj & Kupwad 296144",Panchkula,660842,2024-10-27,Inactive,4,739.04,2023-12-28 09:54:53,2.0,1149.58,312.0,8
24896263,Nachiket Prasad,dorafalan@example.net,912360838508,"79/84
Randhawa Path
Mehsana 618412",Amroha,948603,2024-06-21,Regular,13,532.9,2023-12-03 23:53:09,1.0,3112.29,336.0,136
5700842,Waida Trivedi,garimashere@example.net,918580013945,"H.No. 68, Tara Road, Surendranagar Dudhrej 454893",Amravati,864006,2024-09-11,Regular,3,514.06,2023-04-24 17:02:19,1.0,419.13,560.0,54
73799927,Tamanna Kashyap,ldin@example.net,917098591619,"98/56
Singhal Road, Hubli–Dharwad-489531",Ambala,580131,2023-04-28,New,4,1121.27,2024-10-30 16:12:20,4.0,9901.48,5.0,556
12867472,Ishanvi Tripathi,yohannanubika@example.net,912853334083,"95/572
Mohan Ganj
Tirupati-987144",Mehsana,307601,2024-10-14,Premium,3,1053.52,2024-04-27 17:40:20,2.0,4250.6,191.0,21
97315135,Bhavini Parikh,parth29@example.com,918386079695,"H.No. 268
Jhaveri Marg, Gangtok-425126",Shivpuri,276056,2024-01-03,New,19,1393.14,2024-06-22 20:14:13,2.0,3623.08,135.0,306
48150243,Ekaja Dube,ahluwaliasaumya@example.net,917662737701,"42
Bawa
Madanapalle-334038",Delhi,175880,2023-11-27,Regular,13,262.6,2024-05-31 16:08:45,2.0,4652.2699999999995,157.0,343
19556566,Yashica Doctor,yachanachokshi@example.com,916466928840,"H.No. 861, Sami Street, Akola 863487",Tiruvottiyur,937178,2023-11-01,Premium,20,664.17,2024-05-31 20:17:20,2.0,8079.95,157.0,369
59240916,Ronith Murthy,jgulati@example.com,915435574216,"H.No. 567, Mutti Road, Hajipur 158460",Faridabad,730723,2023-08-19,Inactive,6,1202.51,2024-03-24 14:45:54,2.0,6671.09,225.0,443
61002154,Ridhi Datta,basakyashodhara@example.net,915841511260,"59, Ranganathan Circle
Nagpur-818568",Imphal,276311,2023-06-16,Regular,19,1526.04,2023-05-05 00:35:33,1.0,3081.38,549.0,507
81584486,Orinder Kurian,cnazareth@example.net,913760603085,"53/359
Chadha Zila, Panchkula 168207",Hazaribagh,87603,2024-01-24,Inactive,2,369.75,2023-10-31 08:04:08,2.0,3857.61,370.0,285
41494867,Kalpit Gulati,uppaldipta@example.net,914445809422,"20/47
Vohra Ganj, Nadiad 804287",Bongaigaon,118940,2023-12-04,New,15,240.17,2024-01-31 20:57:35,2.0,3124.71,277.0,336
75908967,Hemang Sama,qcontractor@example.com,913441050566,"35
Chatterjee Nagar, Bidar 543213",Yamunanagar,915923,2023-06-03,Regular,14,1095.58,,0.0,0.0,,520
38902882,Ria Dugar,craval@example.org,912994051106,"80/48, Mangal Nagar, Ratlam-375288",Firozabad,226571,2024-03-10,Inactive,17,1583.52,2024-09-01 17:25:55,3.0,12254.12,64.0,239
52048413,Keya Balakrishnan,parikhsamesh@example.org,915166837522,"09
Borra, Jehanabad-368313",Jalna,517187,2023-10-04,Inactive,20,1449.1,2024-03-23 03:57:00,1.0,1705.95,226.0,397
99412119,Samarth Sachar,cmurty@example.net,914064181065,"H.No. 900
Konda Zila
Sikar-445716",Agartala,868483,2024-05-24,New,17,653.57,2024-06-09 05:12:42,1.0,2721.96,148.0,164
47625855,Caleb Brar,eeshanigam@example.com,919001196249,"H.No. 81
Kari Road
Nagercoil-798440",Mango,918327,2023-05-21,New,6,515.69,2024-10-16 06:51:41,6.0,13056.68,19.0,533
19393135,Nathaniel Gokhale,ekanta98@example.net,916112619053,"97/421, Kibe Path, Kozhikode 660167",Bidhannagar,317769,2023-06-11,Regular,19,327.58,2024-06-11 00:39:02,1.0,938.37,146.0,512
87669943,Ikshita Rajagopalan,rsethi@example.org,914097847587,"259, Guha Zila, Katni 233200",Nandyal,961518,2023-04-02,Inactive,1,1272.95,2024-01-12 08:55:18,2.0,5411.0599999999995,297.0,582
90586443,Baljiwan Pandey,vmitra@example.org,910869942878,"72/14
Palla Path
Haldia 455745",Ambala,46985,2023-08-30,New,2,1637.32,2024-09-08 20:39:29,2.0,3199.2799999999997,56.0,432
15066187,Vedant Keer,jalsadube@example.com,917167121713,"H.No. 25, Garde Street
Kharagpur 866567",Jammu,882141,2023-03-19,Regular,13,791.67,2024-08-30 16:40:12,3.0,10626.06,66.0,596
78806824,Yashawini Vasa,ekaraj06@example.org,918878699766,"623
Thaman Chowk
Vellore-331680",Guntakal,408800,2024-01-08,Premium,20,1027.41,2023-09-24 11:44:47,3.0,7953.18,407.0,301
59110513,Chaaya Mody,choudharyjagrati@example.org,913293933121,"132
Walla, Secunderabad 502542",Raebareli,594217,2023-06-16,Inactive,12,1377.27,2024-10-16 16:03:22,4.0,10685.57,19.0,507
64823226,Vasudha Sheth,ramanathanridhi@example.org,914329260046,"73/53, Bahri Road, Vijayanagaram 763383",Tirupati,611999,2023-04-08,Premium,5,614.1,2023-07-24 08:49:59,1.0,2704.64,469.0,576
49529811,Zayyan Swaminathan,liam57@example.net,913193823215,"H.No. 528, Uppal, Arrah 830864",Pimpri-Chinchwad,945135,2024-05-16,Regular,13,1595.6,2024-03-15 15:16:26,4.0,8486.37,234.0,172
18199057,Xalak Sahni,biswasfalak@example.net,915105032095,"64/26, Walla Ganj
Raebareli-909282",Ratlam,908599,2023-05-30,Inactive,9,1353.93,2024-10-24 13:19:46,2.0,3264.0299999999997,11.0,524
17805991,Jhalak Rai,panditdev@example.net,919260385732,"73/063, Dutt Road
Kishanganj-424784",Dhule,819317,2024-05-09,New,10,924.9,2024-09-18 21:17:58,8.0,18409.9,46.0,179
56441247,Aashi Narula,girindrachar@example.com,918816994235,"H.No. 291
Bassi, Nashik 127808",Meerut,27074,2024-06-02,Premium,18,1667.94,2024-01-06 14:50:22,4.0,7330.14,303.0,155
91228580,Ojasvi Yadav,hiteshsekhon@example.net,915958920329,"21/429, Hegde Chowk, Erode 713443",Mangalore,627586,2024-05-29,Regular,3,330.22,2023-04-04 19:47:37,1.0,3211.74,580.0,159
35435896,Abhiram Tiwari,rachana11@example.net,913751673950,"22, Anne Chowk
Uluberia 647085",Dehradun,920849,2023-09-08,Premium,9,338.62,2024-04-23 16:11:59,1.0,1714.38,195.0,423
6867315,Yash Lata,xchhabra@example.net,913774943522,"61/601, Sarma Marg
Haridwar-085930",Imphal,194966,2024-08-31,Premium,1,1766.24,2023-12-21 01:28:43,2.0,6151.219999999999,319.0,65
54837637,Nathaniel Som,bvora@example.org,911050437964,"314
Cheema Circle
Jalgaon-152298",Ichalkaranji,478461,2023-09-01,Regular,9,1525.43,2023-10-09 16:21:21,1.0,385.71,392.0,430
76257013,Lavanya Loyal,gkothari@example.net,913611295854,"H.No. 158
Gopal Circle, Cuttack 973082",Mango,643300,2023-08-02,New,16,1812.15,,0.0,0.0,,460
11478478,Vedika Dugal,sroy@example.org,912256745079,"H.No. 44, Tata Nagar, Guwahati 451820",Ahmednagar,955878,2023-10-31,Inactive,17,762.82,2024-10-08 04:17:08,6.0,17719.29,27.0,370
91347159,Turvi Parikh,wdua@example.org,914098940914,"215, Loyal Road
Patna-061006",Pallavaram,1281,2024-06-23,Premium,6,887.04,,0.0,0.0,,134
6982488,Vanya Sachdev,shivani04@example.com,912780123232,"01
Chaudhry Circle, Saharanpur 438058",Jalna,584733,2024-01-11,New,4,1819.01,2024-11-04 00:15:51,3.0,5723.68,0.0,298
38327793,Yug Brar,wallachandran@example.net,918327565210,"17
Kurian Ganj
Durgapur 843749",Nandyal,506488,2024-05-04,Inactive,12,1924.53,2024-05-22 12:37:47,2.0,6476.04,166.0,184
64722323,Harish Kant,tamannamody@example.com,914781095330,"43/894, Aggarwal Zila, Jammu-664304",Dibrugarh,61375,2023-05-14,New,7,1785.47,2023-07-09 14:00:48,1.0,3606.37,484.0,540
19523856,Aryan Sood,shettykashish@example.net,919307904764,"89/64
Mall Road, Kochi-401679",Thoothukudi,468885,2023-11-02,Premium,6,1084.14,2024-08-14 00:52:06,1.0,2961.15,82.0,368
8628482,Krishna Mani,joshioviya@example.com,919838240780,"26
Kadakia Nagar
Buxar-462583",Bhiwandi,419317,2023-12-30,New,9,1726.44,2024-09-30 06:06:12,2.0,6500.450000000001,35.0,310
58979427,Kiaan Wason,chaudhrysuhani@example.com,913744116463,"83/13
Chawla Ganj
Ramgarh-215667",Jalna,771132,2024-01-22,Premium,3,1743.81,2024-10-04 03:41:44,2.0,6215.77,31.0,287
26716400,Yamini Dey,neelima32@example.com,916969850891,"95/118, Datta Circle
Farrukhabad-619262",Morena,89227,2023-07-12,Premium,19,1179.28,2024-09-02 07:38:33,2.0,3399.0600000000004,63.0,481
89998489,Logan Bhasin,chadaforum@example.org,916850875734,"771, Balakrishnan Street, Madhyamgram-423100",Rajkot,332156,2024-10-26,Premium,19,1297.04,2023-04-12 22:46:00,1.0,329.79,571.0,9
15808945,Vrinda Khurana,wsekhon@example.com,918358677006,"H.No. 515, Balay Path
Amravati 503358",Gangtok,890545,2024-04-10,New,6,1255.9,2024-10-24 01:21:49,4.0,6858.35,11.0,208
60728956,Andrew Nigam,nitara58@example.net,912558012921,"29/168, Srinivas
Bijapur 827761",Khandwa,785737,2023-06-26,Premium,15,1764.25,2023-12-09 08:08:08,1.0,1525.5,331.0,497
25430839,Ria Nair,azad16@example.org,914150013113,"H.No. 004, Shankar Chowk, Panvel 311892",Vellore,853871,2023-09-15,New,15,885.48,,0.0,0.0,,416
80935110,Oscar Bir,kpant@example.net,917576464302,"47, Chanda Nagar
Bhagalpur 285289",Tumkur,983869,2023-07-14,Regular,16,1855.7,2024-03-23 20:30:02,3.0,5365.01,225.0,479
70965437,Ayush Lanka,tpradhan@example.com,914680378432,"H.No. 032
Khalsa
Darbhanga-726459",Alwar,361355,2024-03-22,Inactive,17,1220.76,2024-01-25 23:09:31,1.0,5253.79,283.0,227
53557741,Robert Shroff,ojas02@example.net,913041694691,"740, Banerjee Ganj
Mira-Bhayandar 913260",Hospet,407375,2024-10-30,Inactive,10,1753.39,2024-02-21 21:53:21,1.0,3092.96,256.0,5
12832151,Ekavir Bhalla,ksehgal@example.net,919566525157,"73/91, Loyal, Kochi 294184",Baranagar,509489,2023-07-12,Inactive,16,356.96,2024-09-24 05:38:46,7.0,17178.65,41.0,481
188838,Idika Basu,deepakhanna@example.com,914955579642,"67, Karan Chowk
Katihar 496332",Madanapalle,566155,2024-07-16,Inactive,12,799.11,2024-02-19 14:40:22,2.0,5182.04,259.0,111
56780331,Vinaya Atwal,niharikasuresh@example.net,919007432418,"770
Yohannan Path
Sultan Pur Majra-654003",Gaya,980372,2024-04-18,Premium,8,903.37,2023-12-28 17:28:42,3.0,9976.630000000001,312.0,200
43574734,Falak Magar,daliajack@example.net,914625397265,"H.No. 28
Narayanan Street
Begusarai-921005",Rourkela,537609,2024-05-11,New,5,551.29,,0.0,0.0,,177
53392567,Darika Banerjee,chadhapallavi@example.net,910921533258,"88/17, Guha Zila, Avadi 258872",Aligarh,227395,2024-04-16,Regular,18,398.91,2023-10-04 08:14:42,2.0,4074.54,397.0,202
20310720,Samaksh Chaudhuri,cheriankrishna@example.net,918527790158,"80/68
Rai Chowk
Dehri-253784",Bhubaneswar,37268,2023-04-03,Regular,9,1677.91,2024-06-09 14:49:20,2.0,4264.79,148.0,581
59427862,Hemani Lall,libnikaur@example.net,915150956950,"H.No. 819, Chhabra Street
Tiruchirappalli-727090",Erode,149001,2024-10-10,Premium,1,1713.94,2023-08-24 19:32:01,1.0,1036.64,438.0,25
99695529,Charvi Tripathi,srivastavalipika@example.net,912429878823,"H.No. 603
Venkataraman Nagar, South Dumdum 271814",North Dumdum,159869,2023-04-11,New,12,1751.77,2024-05-20 13:29:16,3.0,12764.73,168.0,573
1134585,Bhavani Rau,uppalvrishti@example.com,913705629591,"61, Mitra Zila, Bhatpara-234618",Ghaziabad,553914,2024-02-06,Regular,8,1975.21,,0.0,0.0,,272
65488134,Faqid Kar,naveen31@example.net,918977060954,"64, Dave Path, Dehri 202368",Agra,187467,2023-04-28,New,12,853.49,2024-10-27 10:52:42,5.0,14019.67,8.0,556
96461062,Udarsh Lal,jhalak01@example.com,918622135896,"H.No. 475, Bail Ganj, Dehradun-784526",Hosur,683470,2023-05-29,Regular,14,1612.31,2023-03-30 08:43:35,1.0,4125.04,585.0,525
57637943,Kiaan Kala,krish70@example.org,917383767754,"H.No. 760, Deshmukh Path, Mau 347656",Amroha,693916,2024-03-13,Premium,13,1865.94,,0.0,0.0,,236
49371494,Zansi Banik,lohit10@example.net,916624700517,"H.No. 44
Khurana Nagar
Arrah 563930",Kanpur,542949,2023-12-14,Regular,18,701.13,2023-12-21 00:30:48,2.0,2126.19,319.0,326
75038062,Udarsh Bail,maharajhredhaan@example.com,916496528332,"86/06
Nigam Zila, Kumbakonam-777283",Avadi,554021,2024-05-18,New,19,1882.45,2024-09-07 07:06:30,2.0,5740.73,58.0,170
17299810,Hamsini Krish,balendrasanghvi@example.com,914004052335,"42/822
Mitra Nagar
Gorakhpur 509558",Kadapa,344807,2024-03-04,New,13,1874.42,,0.0,0.0,,245
82032191,Benjamin Bhatnagar,qarin38@example.org,911506388428,"499, Radhakrishnan Circle, Tiruvottiyur 199364",Satara,326010,2024-02-20,New,17,387.14,2023-11-24 14:55:43,1.0,1865.04,346.0,258
52417972,Nisha Chadha,rmishra@example.net,911744503607,"568
Keer Road
Raiganj-432407",Madhyamgram,51637,2024-03-06,New,1,581.78,2024-06-21 22:46:59,3.0,3286.6,135.0,243
9049965,Ishani Kalla,wakeetachaudhary@example.org,915656310106,"55
Wable Path, Sikar-177388",Raichur,224637,2024-04-03,New,3,1390.06,,0.0,0.0,,215
70420271,Ryan Ratta,amolkadakia@example.com,914382133317,"61/477
Ganesan Ganj
Bhilai 118543",Bhusawal,913157,2023-12-09,New,19,680.28,2023-09-11 12:39:37,1.0,22.14,420.0,331
19536688,Parth Ramaswamy,thakurvasatika@example.org,917048423327,"H.No. 867, Kara Nagar, Ujjain-697076",Tiruppur,881065,2023-09-19,New,4,1346.03,,0.0,0.0,,412
72359843,Leena Kala,rrai@example.com,913748437216,"H.No. 610, Setty Ganj
Katni 609504",Kalyan-Dombivli,739018,2024-09-24,Premium,18,888.43,2023-08-11 18:13:54,1.0,367.08,451.0,41
9981089,Ikbal Hari,madhav05@example.net,918035687261,"38, Sood Marg
Panchkula-584011",Proddatur,188765,2023-10-05,Premium,1,402.74,2024-01-01 22:52:54,2.0,3035.8500000000004,307.0,396
62510499,Pratyush Trivedi,nswaminathan@example.org,916941197181,"19/62
Raghavan Road, Khora  096529",Kozhikode,711088,2024-08-14,Premium,16,510.62,2024-01-11 01:46:07,2.0,5077.45,298.0,82
34835738,Vrinda Mutti,wableyashoda@example.net,910828498011,"H.No. 369, Dubey Path
Udupi-085926",Jalna,891610,2023-08-13,Premium,9,1210.36,2024-08-08 15:42:46,3.0,9399.95,88.0,449
9641623,Samarth Chander,bailfalguni@example.net,911420710310,"65/17, Balay Marg
Junagadh 746350",Kota,322889,2023-09-23,Premium,3,1515.02,2024-06-05 04:40:12,1.0,835.53,152.0,408
60275891,Anmol Chandra,aaravgala@example.com,918902750394,"H.No. 35
Khalsa Zila
Nagaon 998677",Amaravati,419201,2024-10-01,Regular,16,1361.94,2023-12-20 00:00:10,1.0,3494.17,320.0,34
78750264,Krishna Choudhry,raksha27@example.com,919897135901,"H.No. 84
Nair Circle, Pali-386871",Ratlam,192232,2024-09-19,Inactive,7,1664.82,2023-08-31 06:53:03,1.0,461.74,431.0,46
18986315,Adweta Wason,shaamol@example.net,911179612027,"999
Banerjee Chowk
Katni 720932",Bidhannagar,277814,2023-04-05,Premium,19,854.26,2024-06-28 16:56:00,1.0,1996.55,129.0,579
10945990,Frado Keer,chandrananita@example.net,918469252255,"H.No. 91
Chahal Street
Dibrugarh-080347",Burhanpur,193503,2024-03-25,New,5,1337.11,2024-10-22 06:38:37,2.0,3702.66,13.0,224
1601161,Chanchal Thakur,faras36@example.com,911872985129,"09/92
Oak Circle, Nandyal 041635",Amaravati,562508,2024-05-24,Inactive,1,589.31,2024-08-26 23:07:11,5.0,8718.310000000001,69.0,164
6390687,Shivansh Dasgupta,watika26@example.net,911505305250,"08/37, Singh Zila
Aizawl-112143",Alwar,733851,2024-08-23,Regular,5,1340.79,2024-04-14 05:13:07,2.0,3644.79,204.0,73
63092485,Jeet Magar,hemanikalla@example.net,915317571208,"910, Kunda Chowk
Bathinda 253701",Alappuzha,231756,2024-06-23,Premium,11,1295.42,2023-04-21 02:33:11,1.0,2457.47,563.0,134
38244021,Samaksh Oza,sankaransara@example.net,916953836060,"72/71, Randhawa, Bhubaneswar 329836",Chapra,223908,2024-04-22,Inactive,13,1326.66,2024-03-25 01:29:32,1.0,1666.68,224.0,196
44859592,Dhriti Koshy,urmi61@example.net,914815004833,"361, Mittal
Gandhinagar-958628",Proddatur,826520,2023-10-05,New,19,1283.05,2024-07-25 06:19:25,1.0,755.91,102.0,396
87984862,Qasim Kant,qbandi@example.net,912573254660,"28/090
Chahal Marg, Nanded 239589",Yamunanagar,447524,2023-11-21,Premium,14,1034.45,2024-02-21 16:57:14,1.0,3214.61,257.0,349
86067293,Udarsh Gour,neelima84@example.net,919571885813,"73/42
Roy Chowk, Kalyan-Dombivli-725854",Sambalpur,230889,2023-06-07,Inactive,4,873.53,2024-09-10 12:34:01,5.0,5624.4800000000005,55.0,516
41164215,Lucky Savant,lakshminaidu@example.org,919045420974,"H.No. 252
Patil Road, Malda 892708",Secunderabad,907316,2023-03-23,Premium,15,1304.24,2024-06-17 05:46:01,4.0,10050.22,140.0,592
46025543,Rachit Chatterjee,zayan61@example.org,918285527362,"83/709, Boase Ganj
Bhubaneswar 278803",Kottayam,928642,2023-11-25,Premium,16,1273.07,,0.0,0.0,,345
33481252,Ishaan Naidu,vedika57@example.net,917490197530,"86
Prabhakar Marg
Medininagar 968738",Noida,51896,2024-08-18,Premium,8,1438.75,2023-07-30 22:42:14,4.0,9717.52,462.0,78
68692574,Bachittar Wagle,lajita90@example.net,913040173063,"40, Brar Chowk
Kanpur 341441",Bharatpur,841899,2024-08-07,Inactive,13,1503.93,2024-07-03 04:57:31,2.0,5627.030000000001,124.0,89
34839913,Gaurika Dayal,vyanjana32@example.net,918422408574,"10
Mander Nagar
Bhiwandi-083761",Belgaum,552859,2024-08-12,Regular,4,1706.89,2024-07-11 07:02:45,3.0,7986.43,116.0,84
88923048,Nandini Narula,michaelyogi@example.com,915890508204,"H.No. 600, Raghavan Marg
Phusro-731120",Agra,64983,2024-07-23,Premium,4,1202.89,2024-10-29 03:28:37,3.0,5937.36,6.0,104
21201299,Ladli Hegde,girikprashad@example.org,910398055880,"07/818
Bhat Ganj, Bhusawal 661115",Unnao,383439,2024-05-27,New,19,1488.68,2024-05-15 13:00:17,4.0,9273.79,173.0,161
34281470,Yash Johal,deygautam@example.com,910048240066,"H.No. 14, Sunder Road, Silchar-024619",Kharagpur,963652,2024-01-10,Premium,11,1787.82,2024-06-16 13:11:54,3.0,7879.1900000000005,141.0,299
72576730,Girik Kala,sarthak86@example.net,914602788316,"61/029, Dara Street
Jaunpur-721683",Chennai,734650,2024-02-17,Regular,5,1971.67,2023-11-27 01:02:59,2.0,2865.75,343.0,261
90856813,Neha Ramaswamy,pkeer@example.org,914910223597,"05/72
Karnik, Bharatpur-728872",Dhanbad,498623,2024-10-05,Regular,13,1624.06,2023-12-06 04:17:47,2.0,4150.25,334.0,30
81500385,Upma Gokhale,sara91@example.net,919571968682,"95/44
Parmer Road
Naihati-539992",Ludhiana,51633,2023-11-05,New,12,772.64,2023-12-08 14:00:36,2.0,3182.15,332.0,365
22974816,Ekantika Muni,naikyatin@example.org,913194321638,"H.No. 61, Banerjee Road, Kishanganj 372960",Bhusawal,182024,2024-01-08,Premium,1,865.72,2023-09-22 18:45:02,1.0,3194.98,409.0,301
20496835,Chandresh Panchal,qpanchal@example.com,910937177330,"727, Nanda Street
Karnal-038968",Alwar,476814,2023-12-01,New,17,1240.91,2023-12-23 00:58:59,2.0,4128.69,317.0,339
38549299,Ati De,thakkarpushti@example.net,916426933907,"19/65
Balakrishnan Nagar
Phagwara 309259",Asansol,880031,2023-08-14,Regular,4,234.63,,0.0,0.0,,448
78014505,Kashish Chakraborty,pkala@example.com,913353263489,"570, Dar Zila, Davanagere 616549",Kottayam,798846,2023-04-09,New,1,696.29,2023-08-26 03:06:53,1.0,2926.42,436.0,575
64940409,Yoshita Divan,deshmukhaahana@example.com,919823349396,"H.No. 25
Mammen Street
Jammu 514994",Gurgaon,546100,2024-09-06,Inactive,9,882.89,2024-05-27 13:54:56,3.0,6658.51,161.0,59
30042971,Garima Morar,ubikaoak@example.com,914912601454,"H.No. 786
Sarin Marg, Sasaram 292673",Rewa,416519,2024-10-12,Regular,8,863.9,2024-10-01 03:21:09,2.0,4621.13,34.0,23
74682740,Aarush Badami,vradhakrishnan@example.org,910649115832,"296, Mann Path, Howrah-899866",Rewa,875966,2024-06-17,Regular,10,1507.28,2024-07-12 18:52:29,4.0,9062.53,115.0,140
84824280,Kamya Narayan,bhavyabakshi@example.com,910116395700,"92/87, Golla Road, Bihar Sharif 337412",Ongole,989821,2024-05-09,Inactive,17,1752.91,2024-07-30 05:38:00,6.0,12278.92,97.0,179
85907588,Avni Rai,ybarad@example.org,914447534743,"H.No. 415
Dalal Circle
Sikar-264681",Rampur,639737,2024-03-13,Inactive,5,505.34,2024-06-17 23:50:28,3.0,3903.09,139.0,236
6637282,Damini Lad,chandanikhatri@example.org,919069486876,"407
Bose Nagar
Bhavnagar-274966",North Dumdum,140071,2023-10-31,Inactive,15,1495.87,2024-05-23 15:38:38,4.0,6176.62,165.0,370
21432404,Darika Sharaf,mpalla@example.net,919484308279,"981
Char, Morena 849491",Kalyan-Dombivli,144309,2024-02-15,Inactive,17,1482.59,2023-09-14 17:01:41,1.0,424.61,417.0,263
87954926,Yachana Mahal,raghavansanaya@example.com,918569329227,"06/807
Roy Marg
Srikakulam-259605",Ambala,181111,2024-02-07,Premium,12,1245.07,2024-01-31 20:29:40,2.0,5054.46,277.0,271
29941225,Oviya Bhandari,luke76@example.net,912280961075,"25, Bava Circle, Rajahmundry-530281",Chapra,556077,2024-06-25,Premium,3,689.11,2023-03-26 16:31:03,1.0,559.88,589.0,132
68906393,Zilmil Ranganathan,mahalabha@example.net,917094846363,"76/579
Doctor, Maheshtala 065837",Jalgaon,278297,2024-06-13,Regular,13,1094.35,2024-07-23 21:53:14,1.0,2200.67,103.0,144
94486311,Ladli Mani,chatterjeeimaran@example.com,917658449064,"814
Char Marg
Firozabad 508210",Chittoor,320760,2023-08-17,New,16,1812.66,2024-08-13 16:37:43,2.0,4730.42,83.0,445
28221067,Ekansh Tandon,isen@example.org,911488381475,"534, Dugar Zila, Muzaffarpur 425279",Agra,119724,2024-10-21,Regular,6,998.95,2024-04-11 11:04:11,1.0,338.14,207.0,14
3872421,Ladli Saran,virkfalak@example.com,919969818495,"H.No. 56
Date Circle
Uluberia-147880",Panvel,973220,2023-07-06,Premium,3,1468.98,2024-06-12 02:35:04,1.0,163.03,145.0,487
77921718,Raghav Bassi,wsood@example.org,910452376698,"H.No. 23, Borde Chowk, Bareilly 164276",Thrissur,368568,2023-11-21,Premium,3,1952.17,2023-08-24 23:36:46,2.0,5060.58,437.0,349
6187807,Jairaj Tata,paivritti@example.net,913518436146,"H.No. 361, Sunder Chowk
Jalgaon 205509",Dindigul,921070,2023-08-24,New,10,1962.92,,0.0,0.0,,438
96795047,Osha Desai,rachitabehl@example.org,915335035895,"H.No. 940, Goda Chowk, Morena 883030",Chittoor,679019,2024-05-03,New,15,1834.19,2024-09-19 17:19:49,3.0,9432.24,46.0,185
44198187,Charvi Lanka,vrishti63@example.com,917026087711,"H.No. 62
Ahluwalia, Salem 308338",North Dumdum,234734,2024-03-16,Regular,13,464.33,2023-08-19 14:17:49,1.0,2313.22,443.0,233
94730288,Idika Bath,yuglall@example.net,914983861661,"886, Suresh Nagar
Vadodara 913194",Rampur,721290,2023-07-04,Regular,17,1560.64,2024-01-17 01:23:06,3.0,4481.320000000001,292.0,489
49769532,Yashawini Barman,gbath@example.net,912466091977,"62, Lal Circle, Berhampore-806602",Ramagundam,677659,2023-05-25,Premium,20,1923.39,2023-12-10 02:54:11,1.0,3321.85,330.0,529
93730857,Pratyush Goyal,gabrielghosh@example.net,915243282745,"93/581
Jayaraman Marg, Kalyan-Dombivli 367935",Singrauli,840019,2024-03-11,Premium,6,1446.09,2024-08-10 17:00:09,2.0,3657.72,86.0,238
51556553,Hitesh Bakshi,sunderkrish@example.org,911365981359,"11/88, Iyengar Nagar, Fatehpur-638408",Noida,187126,2024-02-05,Premium,6,1765.93,2024-05-14 00:59:20,1.0,1817.16,174.0,273
22253483,Chandresh Hora,geetikadave@example.net,910887315678,"H.No. 25, Soman Ganj
Faridabad-519455",Haridwar,115807,2023-09-27,Inactive,15,1561.12,,0.0,0.0,,404
4438410,Siya Mittal,kdara@example.net,918260180919,"09/37
Gulati Chowk, Kanpur 441894",Panipat,368597,2024-10-17,Inactive,11,1868.71,,0.0,0.0,,18
44410149,Dhruv Patel,brarmitesh@example.net,911126095427,"H.No. 20
Raval Nagar, Saharsa-744305",Pondicherry,600152,2023-05-18,New,14,1440.46,2024-05-18 02:42:09,6.0,17552.69,170.0,536
3282647,Warda Pal,csinha@example.net,911556032698,"39/439, Natt
Lucknow 617952",Unnao,736234,2024-01-15,Premium,18,608.27,2024-01-20 02:48:17,2.0,4671.450000000001,289.0,294
69340015,Aryan Ravel,garasara@example.com,919295659484,"H.No. 554
Dass Road
Phagwara 104165",Tenali,314322,2023-10-31,Premium,16,1168.22,2024-09-29 05:23:08,2.0,1174.8600000000001,36.0,370
29600229,Tamanna Borde,hyadav@example.net,911807223129,"24/53, Sachdev Road
Visakhapatnam-358363",Gulbarga,402619,2024-01-14,Inactive,18,1491.65,2024-01-20 01:05:02,1.0,3493.45,289.0,295
89886179,Ladli Shah,tarakbahri@example.net,918232463802,"402
Dhar Marg
Howrah-469239",Kharagpur,816353,2024-02-10,Inactive,4,1298.64,2024-03-31 02:27:00,2.0,4658.05,218.0,268
12077371,Gautami Maharaj,david51@example.org,914641723332,"H.No. 309, Randhawa Ganj
Gopalpur 409152",Sambalpur,368657,2023-10-09,Premium,20,353.22,2023-11-04 00:26:33,4.0,7842.0599999999995,366.0,392
84216691,Ayaan Sanghvi,amrita48@example.net,918504710169,"H.No. 83, Kohli Path
Shahjahanpur-148417",Saharanpur,630561,2023-03-26,Inactive,13,1220.9,,0.0,0.0,,589
90666073,Pratyush Dhar,qadimtak@example.org,910551255481,"H.No. 98
Gera Street
Hajipur 667487",Farrukhabad,286455,2023-12-10,Inactive,20,1969.45,2024-08-11 15:59:31,1.0,773.17,85.0,330
21577948,Madhav Johal,venkateshchatura@example.org,911137561627,"23/934, Tata Chowk
Tiruvottiyur-121149",Ahmednagar,767957,2023-11-02,New,17,225.6,2023-06-12 11:03:12,3.0,11214.05,511.0,368
32635818,Panini Natt,amara35@example.org,918853428038,"59/87
Soni Nagar, Thrissur 291065",Loni,270937,2024-03-16,Regular,12,603.0,2024-09-23 21:07:03,2.0,4563.68,41.0,233
98444183,Radha D’Alia,gbansal@example.net,911471413895,"399, Anne Ganj
Bidar-098867",Tenali,503518,2024-02-04,Regular,11,389.36,2024-10-21 20:15:16,6.0,13120.92,14.0,274
43047341,Unnati Wali,tmand@example.net,912711780484,"20
Pau Road, Giridih 499930",Jaunpur,277120,2023-09-19,Regular,18,1086.42,,0.0,0.0,,412
52617081,Max Mander,nitesh99@example.net,918584243357,"098, Chana Nagar, Solapur-107630",Raurkela Industrial Township,785466,2024-07-31,Inactive,10,996.94,,0.0,0.0,,96
60371334,Shaurya Kuruvilla,anvisharma@example.net,918886855218,"35/590
Balan Marg
Sikar 101616",Purnia,250315,2023-05-05,Inactive,15,355.81,2024-02-11 10:18:16,2.0,5164.37,267.0,549
34425723,Vasatika Saini,prisha41@example.net,918485690247,"678
Chakrabarti Nagar, Singrauli 814024",Saharanpur,247144,2023-09-10,Regular,14,873.22,2024-07-27 12:46:39,1.0,890.42,100.0,421
64298209,Girindra Sangha,balayvasana@example.org,918297477289,"81/76, Dutt Ganj
Kulti-598135",Jodhpur,426661,2023-06-15,Regular,10,311.25,2024-07-12 05:36:09,1.0,4074.16,115.0,508
85518832,Alexander Sem,michaelsami@example.net,917233340529,"H.No. 340
Shere Path, Sagar 956141",Tezpur,740506,2023-07-26,Premium,19,205.79,2024-05-03 03:46:06,5.0,11353.08,185.0,467
42432226,Gaurang Mitra,smuni@example.net,918240332384,"20
Mitra Street
Tumkur 174250",Gandhinagar,337198,2023-08-03,Premium,5,608.34,2024-08-15 02:54:26,2.0,885.89,81.0,459
50953418,Samaksh Kannan,ssrinivasan@example.net,911703746359,"49, Sagar Ganj, Korba 860322",Rajpur Sonarpur,309093,2023-03-27,Regular,11,404.6,2023-09-09 13:11:42,2.0,4712.32,422.0,588
52428250,Thomas Rai,ansh09@example.com,916553457682,"H.No. 86
Sule Nagar, Rajahmundry-935422",Bulandshahr,841456,2023-09-11,New,4,1925.08,2024-10-03 00:22:31,3.0,8223.27,32.0,420
60210778,Upasna Bhasin,chandran47@example.org,917719482280,"03/393, Devan Marg
Bhiwani 325747",Motihari,841574,2024-04-14,Regular,4,938.8,2024-03-18 21:22:29,1.0,1439.58,230.0,204
92209869,Bishakha Shah,rhora@example.net,913695072926,"32/119, Goyal, Dharmavaram-413935",Jhansi,680194,2023-10-03,Regular,19,483.76,2023-11-04 00:06:14,2.0,5852.25,366.0,398
46828932,Balveer De,nachiketdewan@example.net,918440410773,"H.No. 71
Loyal Marg
Nandyal-033113",Eluru,878564,2023-04-30,Premium,4,391.22,2023-05-17 06:52:38,1.0,1517.0,537.0,554
83304462,Diya Loyal,cheriannaksh@example.com,917808226804,"89/04
Upadhyay Ganj
Ghaziabad 810468",Jamnagar,121929,2024-01-26,Premium,8,723.86,2024-10-21 14:47:16,2.0,2525.7,14.0,283
46875863,Charita Anne,rajeshri43@example.net,911413303587,"H.No. 595
Prasad Zila, Purnia 798149",Bidar,158018,2023-10-14,Regular,8,1118.55,2024-10-04 03:16:47,4.0,7450.38,31.0,387
36774480,Ria Jha,alkaseth@example.com,918558102414,"H.No. 278, Ghosh Chowk, Berhampur 028827",Gandhidham,492281,2024-09-15,Regular,6,1470.93,2024-06-16 15:46:53,2.0,3180.26,141.0,50
18896771,Tejas Wable,edhitha15@example.org,910297241448,"37/659
Brahmbhatt, Darbhanga-901609",Ramagundam,350815,2023-05-17,Inactive,12,1906.46,,0.0,0.0,,537
89669139,Bishakha Natarajan,egoyal@example.com,914201259823,"62/08, Balay Circle, Moradabad-185194",Tiruppur,775702,2023-03-19,Premium,6,1999.64,2024-03-03 12:48:39,4.0,10417.59,246.0,596
81337068,Ira Kapur,benjamintara@example.org,914074818769,"H.No. 470
Gopal Path, Tadipatri-853677",Thiruvananthapuram,958921,2024-01-28,Regular,10,1509.04,2024-10-04 07:45:22,3.0,8849.37,31.0,281
75082508,Omaja Bajwa,chanchaltara@example.org,914755200709,"75/418, Sekhon Street
Bhavnagar 719002",Navi Mumbai,757007,2024-01-10,Premium,10,961.81,2024-04-28 08:04:04,3.0,7484.4400000000005,190.0,299
84847500,Teerth Mohanty,wbrar@example.org,917613381879,"09
Mitter Nagar, Mysore-578477",Bally,856982,2024-08-01,Inactive,9,1832.51,,0.0,0.0,,95
79942821,Tristan Pillay,vvora@example.org,919247215196,"H.No. 986, Gill Zila, Allahabad-481099",Madhyamgram,776819,2023-09-05,Premium,19,1652.35,2024-09-06 23:10:12,1.0,1746.31,58.0,426
62679120,Ekansh Padmanabhan,jalsa70@example.org,912344321780,"47/469
Mahal Road, Panchkula-969391",Siwan,229431,2024-09-03,Regular,14,1964.18,2024-03-02 22:50:09,3.0,10117.15,246.0,62
54850870,Jatin Magar,ganesanshaurya@example.com,918870417670,"383, Parikh Road
Belgaum-311274",Panipat,645655,2024-04-14,New,6,894.79,,0.0,0.0,,204
50105174,Tanveer Baria,nvora@example.com,910388026899,"23/41
Kala Circle, Gorakhpur-396088",Malda,426543,2023-09-08,Premium,11,1889.81,2023-06-01 16:31:24,2.0,5779.78,522.0,423
45700739,Luke Dar,madhavi20@example.net,913928246326,"54
Korpal Road
Jorhat 779102",Visakhapatnam,717476,2024-08-07,Inactive,17,509.95,2024-04-05 10:26:34,2.0,7376.91,213.0,89
25081012,Mohammed Oak,bhavanikara@example.net,911577199377,"18/45
Parikh Zila, Davanagere 786763",Baranagar,218441,2023-12-24,New,1,963.43,2023-08-26 23:42:03,2.0,6926.33,435.0,316
57566548,Oliver Tella,vasudhasawhney@example.com,910798558522,"50/831
Mall Zila, Rohtak-640640",Arrah,898935,2023-05-04,Regular,14,1058.02,2024-10-17 13:13:23,3.0,2819.8599999999997,18.0,550
49449238,Omaja Mukhopadhyay,onarayan@example.com,915912049917,"96/115
Kadakia Path
Gorakhpur 379524",Dindigul,120070,2024-06-28,Inactive,4,1878.39,2024-06-15 18:53:44,2.0,7182.92,142.0,129
31156674,Aarav Jaggi,golalila@example.net,916561972279,"04/919
Vaidya Zila, Bettiah-369312",Jamnagar,457035,2024-04-07,Inactive,3,1552.42,2024-07-09 02:51:49,4.0,8615.19,118.0,211
50088518,Osha Lata,divyasangha@example.com,910224299838,"76/517, Bahri Ganj
Gorakhpur-258199",Dewas,225890,2023-05-16,Regular,14,509.41,,0.0,0.0,,538
75836905,Ganga Gill,dixitgabriel@example.org,916702630190,"32/531
Chahal, Muzaffarnagar-938055",Ongole,444579,2023-12-07,Inactive,4,817.25,2024-01-25 01:04:27,3.0,4070.87,284.0,333
86487478,Ojas Gour,qarin92@example.net,914421929794,"H.No. 626, Gopal Ganj
Jaipur-952980",Machilipatnam,955200,2024-01-09,Premium,20,1241.57,2024-04-15 06:19:27,2.0,6482.33,203.0,300
93370787,Oni Sahota,mallmichael@example.org,911129508937,"18, Chokshi Zila
Panvel-924958",Jehanabad,701319,2024-10-16,New,10,1810.06,2024-06-13 10:24:40,3.0,4115.7,144.0,19
16400639,Anvi Dutta,btailor@example.com,912852046532,"666
Sengupta Road
Arrah 509524",Pallavaram,759756,2023-09-03,Premium,5,680.48,2024-10-21 18:07:22,2.0,5962.969999999999,14.0,428
87943214,Samar Basak,kalabaljiwan@example.net,918193358234,"969, Ratta Street
Gandhinagar 706186",Tiruvottiyur,167479,2024-09-02,Inactive,10,476.03,2024-05-14 03:01:34,1.0,3056.86,174.0,63
21409946,Ayushman Agrawal,vohraurishilla@example.com,919602618984,"03/23
Loyal Circle, Guna-092311",Bhilwara,472226,2024-03-22,Inactive,2,1428.68,2024-10-04 21:08:49,3.0,8394.49,30.0,227
56604077,Yutika Pandit,shivanshdesai@example.com,912766142361,"426, Vora Ganj
Bettiah 007488",Ghaziabad,596688,2024-01-11,Regular,14,474.26,2024-08-28 18:31:18,2.0,3869.38,68.0,298
88571088,Keya Krishnan,raghavannisha@example.net,917262956668,"H.No. 765
Saini Path, Bongaigaon 744231",Bulandshahr,578313,2024-10-16,Inactive,10,1000.27,,0.0,0.0,,19
54099929,Devika Hans,randhawadamini@example.net,912015889452,"61/42
Chad Road, Shimoga-427336",Karnal,132415,2023-10-22,New,7,1712.59,,0.0,0.0,,379
68714053,Max Boase,tbutala@example.net,918713599689,"73/037
Babu Nagar
Kolkata 428987",Nanded,861394,2024-07-19,New,18,1474.77,2023-08-19 05:59:43,2.0,2309.02,443.0,108
5751638,Xiti Wagle,darshmunshi@example.net,916525678909,"H.No. 571
Borah Marg
Sri Ganganagar-467229",Aligarh,589333,2024-09-11,New,14,1230.38,2023-12-07 04:30:24,2.0,3763.8999999999996,333.0,54
43431724,Jack Kalita,calebdewan@example.com,912843679556,"41/500, Sachdev Marg, Jhansi-452338",Rohtak,217110,2023-11-26,New,2,813.0,2023-10-29 13:27:38,2.0,4608.03,372.0,344
81136091,Yuvraj Chander,ichadha@example.net,919473448780,"H.No. 54
Vaidya Road, Bijapur-157933",Nanded,578739,2024-03-27,Regular,15,1205.96,2024-04-11 10:38:01,1.0,4759.44,207.0,222
38671747,Falan Acharya,varenya53@example.com,919757061756,"H.No. 49, Chahal Road
Medininagar 760903",Rajahmundry,758751,2023-11-05,New,16,1681.18,2023-11-13 17:50:55,2.0,5092.18,357.0,365
23095784,Alka Mitra,mallshivani@example.net,912142115211,"H.No. 701
Mand Zila, Kottayam 983857",Bathinda,360468,2023-05-30,Premium,3,1470.2,,0.0,0.0,,524
91291123,Qarin Sama,fzacharia@example.org,910535999206,"H.No. 89
Mukhopadhyay
Latur-280918",Etawah,598689,2024-02-10,New,15,1952.01,,0.0,0.0,,268
10729474,Gautami Pingle,oliverraman@example.org,914775722633,"40/162
Lall Chowk, Rourkela 080616",Howrah,14994,2023-10-19,New,16,417.3,2023-06-02 15:59:43,2.0,5097.5,521.0,382
96373206,Garima Magar,geramitesh@example.com,918254257775,"49, Bhattacharyya Chowk
Deoghar-719753",Indore,996221,2023-06-24,Regular,9,1235.13,2024-08-17 16:36:22,2.0,6945.68,79.0,499
93198324,Bhavya Dutta,kdugar@example.org,918645121437,"25/800, Chanda Road, Jamshedpur-861401",Thane,196294,2023-11-19,Inactive,11,1742.23,2024-03-29 18:27:14,3.0,6852.52,220.0,351
95590889,Janani Purohit,atharvgaba@example.net,910102737756,"091, Ahuja Circle
Mysore-186449",Kharagpur,916972,2023-06-23,Inactive,7,582.01,2023-05-09 02:49:46,1.0,3658.91,545.0,500
85177880,Aryan Sridhar,munipeter@example.com,915113978421,"44/148, Natt Chowk
Ahmedabad-669972",Bardhaman,285240,2024-01-27,Regular,9,1823.25,2024-10-09 11:57:06,1.0,3340.2,26.0,282
10524732,Bhavna Ramesh,esingh@example.org,915866776432,"39/475
Sathe Road
Bhopal-622648",Rajahmundry,134704,2023-11-16,Regular,18,1830.92,2023-07-26 19:47:28,3.0,3492.09,467.0,354
22931642,Lajita Ghosh,fmukhopadhyay@example.net,919799952755,"H.No. 739
Dash Zila
Anantapur-112542",Ambala,346553,2024-10-03,New,18,649.19,2023-08-08 22:18:41,1.0,5453.47,453.0,32
5901440,Faris Chopra,waida01@example.org,917602917789,"H.No. 50
Rastogi Path
Mehsana-686891",Sambhal,719965,2024-05-16,Premium,8,761.17,2023-03-16 18:55:27,1.0,39.65,599.0,172
6617417,Pavani Talwar,elijah70@example.net,914108077841,"H.No. 940
Seshadri Nagar
Rajahmundry 066841",New Delhi,279112,2024-10-08,Inactive,20,1785.99,2024-06-15 09:30:19,1.0,1441.9,142.0,27
92306841,Dakshesh Kalita,balhaarbath@example.com,913526124313,"141
Rajan Zila, Satara 705516",Rampur,778285,2024-02-09,New,10,1915.85,2024-06-28 10:40:06,4.0,6295.6,129.0,269
89361574,Nakul Goyal,matwal@example.net,913812242841,"51, Oommen Chowk
Jhansi 409585",Deoghar,925948,2023-10-20,Regular,14,315.31,2024-03-08 06:12:12,2.0,4243.92,241.0,381
93723634,Aditya Swamy,gaurangarya@example.org,915047185705,"H.No. 83
Pall Zila
Madurai 850619",Berhampur,952930,2023-03-16,Premium,4,1992.05,2024-09-09 22:11:16,3.0,6653.1900000000005,55.0,599
75490147,Parth Chad,georgebala@example.org,910938866102,"34/86
Sen Nagar, Farrukhabad 009970",Vadodara,404379,2023-03-17,Inactive,2,497.56,2024-08-27 07:17:45,2.0,2460.89,69.0,598
45650429,Zehaan Soni,kantchasmum@example.net,911558505493,"19/75, Singh Path, Vasai-Virar-464997",Ramgarh,306054,2023-03-30,Premium,12,421.21,,0.0,0.0,,585
59323931,Ridhi Yadav,speri@example.net,918957463222,"29/674
Chada Chowk, Allahabad-561456",Bijapur,703311,2024-08-24,Inactive,14,1239.32,2023-12-15 04:01:23,1.0,698.04,325.0,72
77397957,Sachi Dubey,vbarman@example.com,914081501469,"H.No. 74, Devan
Danapur 072213",Coimbatore,754911,2024-02-14,New,14,1913.71,2024-05-21 17:41:24,3.0,8490.17,167.0,264
23976957,Ryan Sawhney,advikram@example.com,918044799160,"225
Dara Marg
Gudivada-433963",Visakhapatnam,928742,2023-08-31,New,6,755.84,2024-05-04 16:33:12,1.0,1252.01,184.0,431
70543108,Baljiwan Sampath,edwinkamala@example.com,918916514633,"H.No. 26
Om Circle, Bhatpara-176703",Rajahmundry,573783,2024-09-20,Regular,6,1354.97,2024-04-13 02:33:42,2.0,4648.37,205.0,45
20689141,Maya Yohannan,yatandhawan@example.net,915419437979,"60, Chaudry Circle, Surat 576801",Korba,687107,2024-05-25,Premium,19,995.55,2023-08-13 22:07:47,2.0,4751.24,448.0,163
72797139,Ucchal Kapoor,kantcaleb@example.net,913880060422,"366, Lall Path
Ambarnath-422467",Dhule,722930,2023-07-17,Regular,5,492.0,,0.0,0.0,,476
75467328,Warhi Ravel,priyakar@example.com,910295745726,"12/239
Keer Chowk
Nagercoil-980113",Siliguri,966869,2023-04-07,Inactive,14,691.64,2023-12-22 12:59:55,1.0,3963.84,318.0,577
69276352,Jason Goel,rachit92@example.net,915259759472,"471
Datta Marg
Delhi-184705",Mysore,458924,2023-05-20,Inactive,2,1425.64,2024-01-15 07:25:07,2.0,1097.76,294.0,534
39876773,Hardik Sethi,atwaldominic@example.org,913422323651,"214
Chaudhry
Vasai-Virar 260049",Mirzapur,336281,2024-10-21,Premium,17,879.54,,0.0,0.0,,14
36998375,Yatin Mammen,william17@example.net,912614802536,"54/801, Iyengar Path
Proddatur-802798",Tirupati,153951,2024-05-29,Inactive,11,1231.91,2024-06-11 20:01:49,2.0,5234.9,146.0,159
97185284,Jeevika Nayar,pallavidhi@example.com,910869135855,"03/06, Jha Chowk, Siliguri-754493",Haldia,888357,2023-11-07,Regular,2,1599.26,2024-09-04 11:38:12,2.0,4672.5,61.0,363
23126356,Oliver Kaur,fmurty@example.org,910108188846,"34/473, Gaba Circle
Raiganj 302856",Bhopal,28548,2024-05-29,Inactive,7,1580.04,2024-05-14 03:55:16,3.0,8117.4,174.0,159
93803038,Adweta Tara,chowdhuryyashasvi@example.org,917429197379,"H.No. 047, Salvi Circle, Katihar-502152",Dhule,929834,2024-10-14,Premium,11,1018.05,,0.0,0.0,,21
1697604,Arjun Deep,vedant34@example.net,915494808717,"H.No. 285
Gokhale Ganj, Chennai 327475",Bongaigaon,743452,2023-07-24,Regular,6,1970.15,2024-01-29 19:49:32,3.0,8458.68,280.0,469
53332493,Anirudh Bose,kamya09@example.org,912245627338,"13
Rege Zila
Gulbarga-345640",Surendranagar Dudhrej,54821,2023-06-30,New,19,1678.4,2024-09-07 06:11:07,3.0,4858.98,58.0,493
35812567,Xalak Sood,khuranaurmi@example.com,912216882380,"H.No. 444
Varma Marg
Hazaribagh-735198",Bikaner,668122,2024-06-25,Regular,6,1313.89,2024-02-26 18:16:54,1.0,3043.32,252.0,132
74172010,Urvi Rajagopalan,singhallohit@example.net,914420515207,"31/99
Banerjee Nagar
Ballia 120751",Tadipatri,216145,2023-05-08,Inactive,3,1963.77,2024-04-08 00:45:25,3.0,8787.67,210.0,546
89157395,Tanmayi Saraf,doctorpraneel@example.com,913266461471,"H.No. 63
Badami, Deoghar-639198",Fatehpur,783489,2024-09-28,Premium,6,1782.61,,0.0,0.0,,37
79991320,Ojas Bawa,tnagi@example.net,911147765397,"498, Dhar
Buxar 995095",Kumbakonam,316134,2024-03-25,New,5,537.94,2024-10-30 11:23:04,3.0,6538.6900000000005,5.0,224
15568831,David Swamy,shroffpranav@example.com,913990505302,"H.No. 00
Parmar Circle
Madanapalle 797272",Jammu,598277,2023-10-06,Premium,7,813.3,2023-08-26 07:00:27,2.0,4170.360000000001,436.0,395
46563355,Zehaan Srinivasan,sathvikmane@example.net,910375807037,"H.No. 494, Thakkar Chowk, Kalyan-Dombivli-939080",Ajmer,295136,2024-02-15,Premium,19,463.08,2024-09-29 11:06:50,2.0,5300.42,36.0,263
9278983,Madhav Guha,wahab65@example.org,915976231299,"945
Basak Chowk, Guwahati 644383",Bathinda,566507,2024-02-23,Inactive,17,1418.32,2024-09-27 17:01:56,5.0,9068.35,38.0,255
70168151,Akshay Dubey,toorharinakshi@example.net,912820742997,"62/907
Jaggi Nagar, Ahmedabad 688756",Jamalpur,336495,2024-09-17,Regular,8,493.64,2024-05-29 14:49:19,2.0,7994.02,159.0,48
96149069,Omisha Pall,jhabhavya@example.com,910154125921,"H.No. 89, Date Ganj, Ambala 994646",Ozhukarai,900241,2024-05-13,Regular,19,346.93,2023-10-03 18:03:27,1.0,3628.23,398.0,175
22822088,Baghyawati Wadhwa,atwalabhiram@example.com,910218037411,"54/01, Tandon Ganj, Kottayam-106529",Amravati,748122,2023-08-05,New,11,293.88,2024-10-28 00:27:04,1.0,2962.71,7.0,457
1449273,Forum Deol,pgarg@example.org,918190110689,"79
Chowdhury
Mathura-017308",Pondicherry,562307,2023-12-06,New,12,1758.24,2023-09-01 00:03:51,2.0,4983.25,430.0,334
97388817,Yahvi Bala,vkant@example.org,910641265980,"075, Pau Path, Kolkata-515895",Bathinda,522694,2024-06-16,Regular,1,1161.94,2024-04-14 00:42:08,1.0,39.65,204.0,141
18567760,Ethan Natarajan,semnakul@example.net,917721352796,"H.No. 63
Viswanathan Circle, Medininagar 960193",Fatehpur,321200,2024-05-28,Regular,13,1933.7,2024-08-23 04:13:36,3.0,5805.48,73.0,160
12695670,Anya Borde,qahuja@example.net,914953830813,"H.No. 392, Karpe Marg, Ahmedabad-346669",Jaipur,7202,2023-09-25,Premium,10,910.12,2023-07-04 02:15:55,2.0,1619.96,489.0,406
33871107,Aarav Rout,vermachaaya@example.com,918142114903,"75
Bhandari Chowk
North Dumdum 088637",Thiruvananthapuram,837790,2024-11-02,Inactive,8,513.07,2024-06-01 21:54:06,3.0,10453.99,155.0,2
49869358,Varenya Nigam,ekiya67@example.com,913216336417,"H.No. 15
Lad Nagar
Vadodara 873657",Dharmavaram,13634,2024-05-03,Regular,16,1002.95,2024-06-07 17:13:55,1.0,367.08,150.0,185
96806748,Qabil Nath,kritikaganesh@example.net,911458758834,"45/791, Palan Path
Rajkot 384578",Bareilly,752668,2024-10-19,New,14,1482.08,2024-07-17 12:29:12,2.0,4263.64,110.0,16
82948843,Nathan Seth,hamsinipanchal@example.com,912380648068,"08/008, Konda, Jalna-179579",Phusro,672485,2023-05-17,Regular,13,1629.2,2024-01-06 07:56:17,2.0,8818.02,303.0,537
79866758,Chavvi Dhar,fbakshi@example.net,912169606358,"H.No. 35, Rout Chowk, Bhiwani-310539",Malda,912239,2023-04-13,Inactive,14,598.03,,0.0,0.0,,571
9335625,Falguni Sangha,sudiksha34@example.org,912514405805,"354
Raval Circle
Purnia 372237",Coimbatore,194689,2024-07-27,Premium,14,1605.95,,0.0,0.0,,100
28876580,Udant Doshi,pradhanzayyan@example.org,915300616858,"H.No. 62, Singh Nagar, Srikakulam 903827",North Dumdum,638995,2023-12-18,Inactive,15,476.34,2024-08-06 01:00:19,1.0,2465.17,90.0,322
91768226,Vansha Walia,bhavikagour@example.net,917679894933,"792, Murty Chowk, Danapur-524967",Bardhaman,706055,2023-11-09,Regular,11,203.02,2024-03-13 02:23:30,1.0,2783.14,236.0,361
56457995,Turvi Venkataraman,anya55@example.com,911701858284,"16/55, Anne Path, Kurnool-471739",Amroha,306136,2024-01-01,Inactive,6,1002.88,2024-09-16 01:11:00,2.0,5213.209999999999,49.0,308
23844919,Jagvi Bhatt,hmannan@example.org,916973617283,"87, Kohli Road, Ichalkaranji-462134",Bhagalpur,632415,2024-07-25,Regular,9,1890.71,2024-08-01 02:27:31,2.0,3767.22,95.0,102
81088747,Peter Wagle,bhattshravya@example.net,915367055174,"623, Dave Chowk
Bettiah 729338",Ujjain,941766,2024-06-14,Regular,3,1238.99,2024-07-24 22:54:26,2.0,2228.58,102.0,143
85854265,Vasatika Naidu,amerchant@example.net,911559646472,"94/55
Pradhan Path, Nashik 460184",Vijayanagaram,772253,2024-06-07,Premium,9,1492.09,2024-02-01 04:19:46,2.0,2754.26,277.0,150
73363613,Aradhana Bala,bumbanjali@example.net,917239340838,"613
Kumar Street
Mau 644080",Gopalpur,173439,2023-04-14,Premium,3,400.0,2024-08-05 02:30:30,4.0,4434.17,91.0,570
64141971,Madhavi Jaggi,eswamy@example.org,911276591339,"H.No. 70
Sura Path
Machilipatnam-082428",Anantapur,554679,2023-06-20,Premium,11,361.98,2024-04-04 18:16:56,5.0,12516.49,214.0,503
70867736,Madhavi Nagarajan,harijeremiah@example.com,913772639409,"43/105
Mitter Ganj, Jamnagar-690461",Ambattur,596147,2024-05-29,Premium,17,574.18,2024-05-31 23:59:29,3.0,4243.030000000001,156.0,159
52678787,Zashil Salvi,amruta16@example.org,916941129000,"464
Arora Street
Kolhapur-442137",Ghaziabad,187842,2024-01-29,New,9,1444.39,2024-10-21 02:14:42,1.0,3045.23,14.0,280
27586115,Maanas Batra,aarinisoni@example.com,919162948835,"24/98
Mukherjee Marg
Karnal-610976",Jamnagar,145067,2023-11-25,Inactive,1,1908.19,,0.0,0.0,,345
92404798,Gautami Dayal,bosearyan@example.net,916794691151,"H.No. 098, Dayal Zila, Salem-908014",Jorhat,222676,2023-03-29,New,15,1130.02,2024-02-10 00:13:32,6.0,14636.48,268.0,586
55170753,Praneel Nagy,gchauhan@example.net,910044121348,"H.No. 660
Krishna Path, Mango-105239",Miryalaguda,951611,2024-05-27,Inactive,19,1414.63,2024-10-26 13:36:56,2.0,1902.71,9.0,161
19182548,Laban Kulkarni,balhaarsastry@example.net,915385999190,"19/71, Narang Zila, Bhiwani 422655",Bijapur,783411,2023-03-22,Regular,16,636.15,2024-04-28 20:22:25,3.0,5679.34,190.0,593
67701771,Gaurav Sodhi,nsibal@example.net,910987976726,"63/74, Sarkar Road, Jhansi-992671",Mathura,928001,2023-11-14,Premium,9,550.5,2024-05-02 14:40:25,1.0,1488.19,186.0,356
75828735,Yahvi Hegde,ctripathi@example.net,913460979391,"57/89
Mohanty Chowk
Sri Ganganagar-144843",Ramagundam,717189,2023-05-05,New,18,1400.05,2024-10-10 12:35:06,1.0,5094.56,25.0,549
2219590,Upadhriti Sandhu,comarmugdha@example.org,911603666274,"H.No. 054
Kala Chowk, Jamalpur-734290",Solapur,116736,2024-09-24,Regular,20,756.84,2024-09-08 06:11:07,4.0,8078.45,57.0,41
64497538,Libni Chadha,vyaswaida@example.net,914625245708,"755, Gulati, Mysore 740771",Bongaigaon,753834,2024-01-05,Premium,13,1338.69,2024-05-08 17:34:39,4.0,10276.97,180.0,304
48033969,Kavya Kunda,ramalaksh@example.net,914307489056,"31/10
Vohra
Panipat 844869",Baranagar,320524,2023-08-16,Premium,1,717.51,2024-07-10 01:32:46,2.0,2105.79,117.0,446
67708491,Dalbir Kata,triyaswamy@example.com,916516137557,"092, Chowdhury Path, Srinagar-492392",Patiala,872616,2024-10-12,Inactive,10,586.96,2024-10-31 10:29:04,6.0,10524.45,4.0,23
80858127,Rachana Chaudhry,ybal@example.com,912282845292,"H.No. 272
Tella Circle
Alappuzha-788083",Raichur,114778,2024-08-01,Premium,10,1703.39,2024-02-06 00:04:30,1.0,3393.32,272.0,95
28280172,Gaurang Dutta,johalekbal@example.org,917414677366,"H.No. 92
Chhabra Nagar
Bhopal 631149",Amravati,711598,2023-06-19,Premium,14,968.95,2024-09-21 00:07:16,1.0,2583.14,44.0,504
6398761,Kabir Kala,pallafaris@example.com,918169750825,"H.No. 80
Konda Nagar
Eluru 082402",Naihati,350456,2024-08-10,Inactive,2,1701.15,2024-08-20 20:34:20,4.0,7685.5,75.0,86
69749541,Ayush Amble,vedika87@example.net,915599030467,"81/682, Soman Chowk
Adoni 115028",Satara,316215,2023-06-06,Premium,1,1412.58,2023-12-11 09:08:04,1.0,930.92,329.0,517
57474553,Damini Sule,ukrishnan@example.net,915057970429,"H.No. 36, Sani, Tadepalligudem 412609",Moradabad,441368,2023-09-06,Regular,1,300.82,2024-10-25 04:02:42,2.0,5240.55,10.0,425
37551429,Diya Chand,tbaria@example.net,915961358441,"15, Sethi Zila, Noida-862506",Khandwa,773280,2023-03-22,Regular,6,1136.03,2024-06-02 08:56:27,2.0,2874.26,155.0,593
949062,Jackson Karpe,sembhavika@example.net,910274625288,"H.No. 81, Mital Ganj
Mangalore 130050",Mau,106228,2023-10-13,Inactive,19,1947.14,2023-04-05 11:28:45,1.0,3558.14,579.0,388
74174956,Hemani D’Alia,kashvisharaf@example.org,918714621353,"H.No. 146, Reddy Road
Eluru-595756",Latur,254231,2024-09-26,Regular,20,1583.4,2024-05-03 23:36:13,3.0,5076.7699999999995,184.0,39
55007963,Darika Borah,dominic54@example.com,915919980237,"87/449
Kothari, Haridwar 669084",Chennai,52382,2023-08-30,New,10,1809.98,2024-09-06 01:07:42,1.0,209.59,59.0,432
64017365,Vasatika Banerjee,warjaschanda@example.net,916933171516,"71, Issac Marg, Malda-139706",Delhi,130657,2024-05-22,Premium,2,1767.76,2023-03-31 08:31:30,1.0,4138.27,584.0,166
26199489,Aarna Gola,hemang36@example.org,915848826456,"28/92
Banerjee Zila
Singrauli-249881",Serampore,555849,2024-07-15,Inactive,11,479.65,2023-06-16 08:24:00,2.0,1723.6,507.0,112
7288562,Triya Singhal,arjun79@example.org,913901055884,"505, Mangal Ganj, Faridabad 766686",Dewas,868197,2023-06-14,New,19,1982.78,2024-09-16 09:57:14,3.0,4667.1,49.0,509
78394303,Alexander Kata,krishnaupkaar@example.com,914050562633,"H.No. 237
Prabhakar Marg
Belgaum-107073",Bilaspur,740219,2023-07-31,Inactive,1,1590.54,2024-03-29 21:44:03,3.0,8364.64,219.0,462
43518622,Pooja Gole,yutika87@example.com,915452374082,"93/53, Batra Marg, Pudukkottai 797906",Jaunpur,694453,2024-05-20,Regular,5,512.48,2024-06-01 12:51:43,2.0,4672.7,156.0,168
60967677,Chatura Sandhu,alexander15@example.org,918240257018,"65/92, Chand Chowk, Ambarnath 994843",Agartala,938373,2023-05-03,Premium,11,398.48,2024-10-06 02:25:15,3.0,10785.9,29.0,551
35144658,Tristan Gulati,bakshielijah@example.com,915537161731,"45/00, Sabharwal Zila, Dhule-908832",Bilaspur,256023,2024-01-27,Premium,8,433.11,2023-07-11 17:41:34,1.0,3834.36,482.0,282
37054866,Avi Sodhi,guhawarjas@example.net,919236914054,"89
Tak Marg, Mangalore 446678",Guntur,224009,2024-04-30,Regular,2,1503.54,2024-06-04 21:07:32,1.0,4269.53,152.0,188
3100301,Wazir Saini,ishani86@example.com,915270787774,"770, Oommen
Orai-371934",Bathinda,892652,2023-06-19,New,1,1530.27,2023-07-17 06:57:09,1.0,2618.61,476.0,504
62194279,Lavanya Rastogi,krishnannetra@example.com,913134953487,"28/38
Raja Road, Bhilwara-071347",Mysore,676770,2023-09-29,Premium,3,1561.41,,0.0,0.0,,402
43599910,Oviya Swaminathan,nazarethnaksh@example.com,913137315904,"H.No. 638, Sastry Circle, Jodhpur-063579",Sambhal,529673,2024-10-03,Premium,8,939.36,2024-10-31 08:33:46,3.0,5339.900000000001,4.0,32
36222767,Alka Behl,revakrishna@example.net,917824182684,"H.No. 34
Rau Circle, Indore-735262",Mango,124336,2023-05-12,Inactive,7,478.18,,0.0,0.0,,542
91320466,Laban Raju,ryandyal@example.net,912182736551,"820
Palla
Yamunanagar-519750",Yamunanagar,776068,2023-10-15,Premium,8,478.45,2024-06-11 12:26:47,1.0,826.21,146.0,386
30468930,Nirja Manda,chavvisavant@example.com,912288937357,"H.No. 723
Shankar Marg, Bhiwani-677157",Gandhinagar,478625,2024-05-24,Regular,6,1449.81,2023-07-23 11:54:05,1.0,3217.54,470.0,164
45503888,Brinda Natarajan,udeol@example.org,913380348019,"87/41
Bajwa Ganj
Anand 459332",Raurkela Industrial Township,813444,2023-05-18,Premium,5,669.46,,0.0,0.0,,536
85340038,Faris Oza,goswamialexander@example.com,911658673204,"82, Garg Zila, Noida-112388",Noida,355666,2023-08-17,Premium,10,1430.56,2023-12-19 00:47:40,2.0,6975.139999999999,321.0,445
13796199,Pallavi Mutti,gangulylogan@example.com,917818968624,"H.No. 89
Manne Ganj, Unnao-048441",Deoghar,8504,2023-05-04,Regular,20,1016.92,2024-02-03 11:37:39,3.0,9520.53,275.0,550
10769994,Tripti Tandon,aradhana79@example.org,917981586241,"352
Agrawal Road, Siwan 961199",Begusarai,766033,2023-05-07,Regular,10,1122.23,2023-12-09 04:14:59,2.0,1105.69,331.0,547
65406127,Anita Ganguly,yutika10@example.org,911383635758,"H.No. 749
Pillai Chowk, Nanded-873039",Nangloi Jat,460669,2024-06-15,Premium,20,1391.48,2024-05-17 23:30:05,3.0,5464.79,170.0,142
8383197,Nikita Ravi,wriddhishgoda@example.net,912425970612,"34, Deol Nagar, Mirzapur-271064",Tiruppur,621192,2023-10-17,New,16,1440.12,2024-10-16 11:19:47,2.0,4844.43,19.0,384
8384106,Urishilla Upadhyay,enagi@example.net,910188520020,"H.No. 051, Mann
Tadipatri-912584",Hubli–Dharwad,42350,2023-08-03,Premium,8,1853.96,2023-11-19 17:33:59,1.0,796.88,351.0,459
27698051,Mitesh Savant,indalimane@example.net,914958966273,"H.No. 391
Batra Street
Nangloi Jat 215269",Gandhinagar,229507,2023-07-30,Premium,19,978.81,2024-10-20 09:52:38,4.0,6764.75,15.0,463
56352626,Liam Palan,shravya32@example.org,913874045143,"28/021
Goyal Street, Haridwar 710996",Nagercoil,219851,2023-06-29,Regular,10,1574.59,2023-09-12 03:03:03,1.0,1367.96,419.0,494
41194825,Mekhala Shah,patlaanjali@example.com,918756063035,"H.No. 641
Sarma Road, Raipur 677944",Singrauli,711877,2023-10-26,Regular,19,1678.77,2023-09-10 20:59:23,3.0,6905.38,420.0,375
62526567,Chaman Karan,azaankunda@example.net,916862252516,"H.No. 958, Sethi Circle
Hosur 449981",Chittoor,521820,2023-07-01,Premium,15,1976.82,2024-09-27 03:45:48,3.0,6032.47,38.0,492
67277562,Arunima Borde,nkurian@example.org,910289553046,"37, Sant Circle
Bhiwandi-247759",Ghaziabad,721656,2023-11-20,Inactive,10,1951.59,2024-02-18 13:40:29,3.0,5089.88,260.0,350
48228547,Anika Baria,triyasinha@example.org,919310090582,"H.No. 509, Rajan Road
Bijapur 011279",Katihar,248566,2024-07-13,Inactive,9,753.89,2024-05-10 13:53:48,4.0,7583.370000000001,178.0,114
36578947,Ekansh Madan,gdeep@example.org,914202237352,"70/297
Krishnan Path
Dindigul 513144",Ranchi,68770,2023-04-08,New,18,1698.54,2024-11-01 13:48:41,2.0,2857.45,3.0,576
21701991,Wazir Hari,ydevan@example.net,914788531132,"H.No. 09, Gill Circle, Kota-464715",Allahabad,296322,2023-10-05,New,5,1114.5,2024-09-04 08:02:43,7.0,11648.6,61.0,396
20469626,Tanish Ghose,barkhasawhney@example.net,914972485764,"01
Palla, Ahmedabad 612378",Guntakal,304902,2023-12-26,Regular,9,1250.28,2024-04-13 18:07:18,1.0,2161.37,205.0,314
20314691,Raksha Bhattacharyya,indrajitvarkey@example.net,913507616977,"H.No. 12
Contractor Nagar
Tenali 901526",Salem,349141,2024-07-17,Inactive,2,282.92,2024-08-15 21:12:38,1.0,3291.28,80.0,110
91778474,Sai Raman,jeremiah38@example.org,918148699845,"H.No. 375, Nagi Marg
Jammu-016214",Kalyan-Dombivli,968102,2024-02-25,Regular,20,280.67,,0.0,0.0,,253
83964902,Jeremiah Keer,mohini14@example.org,912244661727,"64/07
Padmanabhan Road
Latur 717782",Bhimavaram,569130,2023-11-10,Regular,2,536.01,2024-04-14 22:04:03,1.0,2010.29,203.0,360
92455970,Bhavna Chada,rbakshi@example.org,911600463006,"06/035
Rama Zila, Tenali 341605",Navi Mumbai,772301,2024-06-13,Inactive,10,1413.21,2023-10-02 11:21:59,2.0,7090.28,399.0,144
52001314,Libni Manda,zarnagrewal@example.com,917562688230,"249
Rama, Raiganj-319572",Kota,492160,2024-04-14,Premium,7,1081.06,2023-12-23 03:20:12,2.0,5857.89,317.0,204
72917958,Guneet Sampath,qswamy@example.net,918813777364,"46/05
Chandra Nagar
Satara 458142",Sirsa,261102,2023-12-19,New,6,1772.67,,0.0,0.0,,321
88739922,Harrison Yogi,borraqadim@example.com,913430689274,"H.No. 758
Khatri Zila, Pune 227704",Madurai,138588,2024-03-27,Regular,4,1563.61,2024-04-29 17:49:09,4.0,11293.92,189.0,222
59297955,Charita Mistry,anirudh92@example.com,912509263486,"33/33
Kamdar Marg, Rajahmundry 580070",Orai,182135,2024-02-26,Premium,6,1292.83,,0.0,0.0,,252
99490786,Ayush Biswas,frederickkale@example.org,914042785224,"16/282
Dar Street, Suryapet 965764",Kishanganj,47845,2023-09-23,New,15,1097.78,2023-09-18 03:57:40,2.0,5019.02,413.0,408
54877984,Ubika Basak,ayaan26@example.org,917511501464,"H.No. 68
Tank Circle
Kolhapur 888923",Visakhapatnam,784114,2023-05-09,Inactive,14,736.62,2024-04-15 01:47:11,2.0,5168.5,203.0,545
62243869,Vrishti Thakkar,gaurangiparmer@example.org,916498170665,"372, Sagar Marg
Tiruchirappalli-790434",Raebareli,430535,2024-09-24,Premium,7,257.78,2024-04-21 14:28:03,4.0,7159.55,197.0,41
19067680,Rajata Mall,qarin71@example.org,912259959740,"640, Pant, Sultan Pur Majra-315200",North Dumdum,608152,2023-12-29,New,18,410.34,2024-01-27 12:28:20,3.0,6801.7,282.0,311
61753272,Ojasvi Dash,widisha91@example.net,915019403001,"H.No. 85
Thakur
Bhubaneswar 074120",Anantapur,81264,2024-08-20,New,3,832.17,2024-10-30 05:05:11,6.0,14538.67,5.0,76
34567918,Meghana Ranganathan,laban62@example.net,919615987741,"33, Gupta Marg
Jalna-802641",Latur,550475,2024-10-09,Inactive,13,271.49,2024-11-03 03:45:46,3.0,6555.66,1.0,26
20163931,Gautami Doshi,vedhika55@example.net,919016657272,"H.No. 01, Karnik Path
Sultan Pur Majra-506511",Kumbakonam,918590,2024-08-05,Regular,5,404.55,2024-09-08 23:49:45,6.0,8475.61,56.0,91
69088723,Triveni Nori,yvaidya@example.com,912846355544,"14, Andra Chowk
Kolhapur 212015",Hapur,547704,2024-10-12,New,8,1050.74,2023-07-04 15:54:33,1.0,1914.81,489.0,23
27620326,Chasmum Sahni,grovercharan@example.com,913953311360,"H.No. 789
Dave Street
Dhule-392337",Tezpur,129682,2024-07-17,Regular,1,1126.02,2024-01-29 08:59:28,2.0,4366.78,280.0,110
71321741,Adya Virk,chakrikakrishna@example.com,918009910522,"892
Dave Chowk
Bhatpara-152046",Saharsa,205275,2024-02-27,Regular,18,1734.32,2023-09-08 06:23:40,2.0,2959.75,423.0,251
10855630,Anya Rajagopal,sbajwa@example.org,916836842543,"39
Lata Chowk
Nellore 099220",Rajahmundry,39724,2024-06-03,Premium,15,1447.55,2024-06-16 21:24:53,2.0,5001.01,140.0,154
24137201,Jyoti Grewal,dattaeesha@example.net,911921359971,"H.No. 75, Mody Street
Dehri-430112",Haridwar,228579,2024-09-22,New,2,1399.08,2024-07-11 09:32:17,3.0,8212.08,116.0,43
31776996,Bhavya Shankar,bavakai@example.com,918135472883,"09/679, Wali Chowk
Ongole 073167",Madanapalle,643542,2024-04-13,New,12,872.26,2024-04-15 03:39:28,4.0,14008.75,203.0,205
48167795,Charita Kapoor,anaybalan@example.net,911562179243,"79/36
Rege Ganj, Thanjavur-542580",Visakhapatnam,567196,2023-11-28,New,13,1355.09,2024-09-03 22:45:37,2.0,913.17,61.0,342
62419778,Frederick Subramaniam,girish83@example.com,918047592542,"940, Nair Street
Medininagar 829782",Jamnagar,657089,2024-08-23,Premium,12,1083.95,2024-01-05 06:57:10,1.0,1777.65,304.0,73
75510747,Shaurya Luthra,yachana38@example.com,911338256914,"30/18, Bhandari Marg, Adoni 846635",Fatehpur,186578,2024-03-18,New,7,555.18,2024-06-17 02:44:31,4.0,8225.65,140.0,231
99406165,Yadavi Tiwari,karanmemon@example.com,918460685733,"43/378, Lalla, Sri Ganganagar 591499",Purnia,361264,2024-01-12,Premium,10,1465.58,2023-05-19 13:40:04,2.0,2152.71,535.0,297
84572019,Jagrati Baral,vasudhagara@example.net,912677343120,"34
Thaker Chowk
Bally-512370",Burhanpur,643739,2023-11-15,Inactive,14,1067.89,2024-10-30 19:05:44,2.0,2904.6600000000003,5.0,355
70391758,Meghana Palan,eiravatiraval@example.net,917038619483,"H.No. 33, Barad Circle, Morbi 535194",Tezpur,246888,2023-06-09,Premium,4,1961.01,2023-05-17 05:17:19,1.0,1917.36,537.0,514
5135207,Xalak Mittal,libnikonda@example.com,911767908819,"H.No. 46, Thakur Street
Gurgaon 146541",Moradabad,383404,2023-08-24,Premium,3,1438.23,2023-08-21 00:30:07,1.0,4045.22,441.0,438
60834500,Rishi Jain,bathanirudh@example.org,919789512998,"80/57, Dara Marg, Bokaro 568451",Khammam,487840,2024-10-28,Inactive,1,1111.47,2024-01-16 21:25:18,2.0,4441.56,292.0,7
96629034,Raghav Nayak,bchahal@example.org,911204887543,"112
Buch Marg, Nanded 682578",Hyderabad,769553,2024-04-27,Premium,10,839.31,2024-09-11 14:29:55,2.0,4508.26,54.0,191
5418547,Qushi Devi,swaminathanshaurya@example.org,917170962386,"132
Amble Ganj, Pimpri-Chinchwad-532902",Pune,122989,2023-08-27,Regular,20,1693.63,2024-08-31 00:34:00,2.0,2633.56,65.0,435
32540616,Jairaj Sehgal,bumblaban@example.net,919482516095,"765, Sani Nagar
Fatehpur-530586",Nellore,40785,2024-03-21,New,5,1614.27,2024-01-07 01:31:47,1.0,4248.74,302.0,228
70798876,Amaira Sane,jeetkale@example.net,910457538267,"67, Iyer Nagar, Nagercoil 314320",Dhanbad,639571,2024-10-04,New,16,1154.75,2024-09-09 14:02:49,2.0,4380.4400000000005,56.0,31
79895967,Hema Luthra,omfalan@example.net,917672848454,"785, Karpe Path
Ramgarh 103332",Chennai,715090,2024-05-05,Regular,8,1829.16,2024-08-15 20:42:56,4.0,10120.36,80.0,183
44477365,Nihal Buch,sandhuwarjas@example.net,919287302103,"H.No. 22, Mahajan Path, Thanjavur-754379",Katihar,517368,2024-07-08,Regular,18,292.43,2024-05-03 14:50:27,2.0,4676.85,185.0,119
72889295,Samuel Pal,banikyadavi@example.org,918050776110,"90/605
Naidu Zila, Raichur 666950",Sasaram,545125,2024-05-07,New,18,1965.81,2024-08-10 03:53:39,3.0,6012.14,86.0,181
66886852,Ubika Chand,advay03@example.org,913740585667,"03/249, Pant Zila
Ratlam-647336",Korba,953555,2024-03-24,Inactive,19,1546.79,2024-09-22 19:35:16,2.0,3804.67,43.0,225
9195970,Riya Uppal,sunderabhimanyu@example.com,917453089439,"85/83, Jaggi Road, Jalandhar 841040",Karawal Nagar,785030,2024-06-21,New,14,517.58,2023-03-16 08:10:44,1.0,1809.72,599.0,136
60049160,Abdul Nayak,saanvi74@example.org,917297145422,"913
Patel Chowk, Panvel 109637",Bardhaman,815342,2023-09-10,New,5,911.68,2024-09-04 05:40:29,2.0,767.08,61.0,421
61522288,Gunbir Kala,balendratak@example.com,913225727510,"H.No. 43, Sidhu Marg, Ballia-663728",Tiruppur,828461,2023-07-02,New,8,283.36,2024-07-26 07:24:16,2.0,2502.84,101.0,491
90448312,Chandani Tata,raiishanvi@example.net,919722121560,"H.No. 24
Biswas Path
Sambalpur-658004",Panihati,753285,2024-05-21,Inactive,10,1678.01,2024-11-03 13:30:45,6.0,9076.470000000001,1.0,167
86748343,Faris Pillay,anusharatti@example.net,915340678365,"H.No. 300, Barad Nagar, Morbi-324626",Sultan Pur Majra,916917,2024-03-10,Premium,16,1799.33,,0.0,0.0,,239
91791128,Warda Mand,aptejagdish@example.com,911059202759,"44, Gaba Nagar
Patna-177700",Allahabad,48642,2024-03-18,Regular,6,211.88,2024-02-26 09:32:38,2.0,4039.5600000000004,252.0,231
57548210,Alka Varughese,subramaniankrishna@example.org,915853107379,"52/68
Kibe Circle, Korba 159640",Erode,401443,2024-09-29,Inactive,10,709.43,2023-10-29 01:13:16,1.0,3915.04,372.0,36
5369136,Yasti Wagle,pantmaanas@example.com,916386080438,"46
Jayaraman Road, Eluru-026437",Ambala,927996,2024-09-11,Regular,8,311.45,,0.0,0.0,,54
54038173,William Palan,mekhalapant@example.net,918498432808,"457, Bhagat Path
Bally-425829",Jehanabad,987434,2023-11-24,Premium,17,1914.26,2024-02-21 02:16:52,1.0,2490.79,257.0,346
67528368,Anay Rana,sundersaksham@example.org,918947017851,"616, Ramakrishnan Chowk
Rajpur Sonarpur-831812",Suryapet,173070,2023-04-16,Premium,13,1897.75,2024-07-01 19:49:37,1.0,1031.19,126.0,568
25981385,Chasmum Deol,kala09@example.com,912395846999,"77/335, Vig Chowk
Karaikudi-226233",Kakinada,361736,2023-10-07,New,15,1484.06,,0.0,0.0,,394
10088428,Tara Raghavan,vwalia@example.net,914501012348,"968, Dani Ganj, Bhiwandi-868663",Khammam,155215,2024-01-16,Premium,15,806.54,2024-10-02 18:07:29,1.0,1253.07,33.0,293
57833505,Pooja Nadkarni,parmarvasatika@example.org,916008140997,"871
Parsa Chowk
Nagercoil 859863",Thrissur,805070,2024-01-10,New,5,1832.55,2024-01-03 20:29:01,5.0,9241.06,306.0,299
69416782,Gagan Goel,abhalla@example.com,913998703274,"60/09
Doshi Ganj
Farrukhabad 134691",Bijapur,48895,2024-06-21,Regular,8,646.2,2024-10-01 13:06:45,2.0,3755.49,34.0,136
2114782,Brinda Jha,bhardwajwyatt@example.com,917944628948,"H.No. 49
Pant
Gulbarga-778142",Solapur,803955,2023-05-29,Premium,3,1354.66,,0.0,0.0,,525
40323385,Kai Sami,leela55@example.net,912526813521,"631, Dubey Zila
Bhiwandi 092053",Bikaner,451907,2023-11-17,Regular,9,1631.87,,0.0,0.0,,353
2414265,Ayushman Bala,tkonda@example.net,910873876162,"H.No. 86
Dyal, Solapur-311874",Sultan Pur Majra,6805,2023-10-19,New,6,571.92,2024-08-11 20:09:30,2.0,5182.139999999999,85.0,382
21626705,Ekani Dubey,mittergunbir@example.org,916514248913,"636, Sur Path, Kolhapur-853265",Bongaigaon,420577,2023-11-27,Premium,16,655.46,,0.0,0.0,,343
8351747,Darika Kaul,tankjeremiah@example.com,912178067117,"H.No. 078
Karpe Circle, Phusro-139076",Khammam,186763,2024-09-13,Regular,7,651.7,2023-09-25 23:30:12,3.0,5516.66,405.0,52
67046342,Sanya Chacko,warriorqasim@example.com,915417257874,"250
Agate Chowk, Gulbarga-828985",Vadodara,38403,2023-09-11,New,6,207.69,2023-03-21 04:50:10,1.0,932.79,594.0,420
6344788,Max Mandal,sanya24@example.com,919223902556,"61
Kata Nagar
Nagpur 188136",Bareilly,879635,2024-02-15,Premium,9,1058.66,,0.0,0.0,,263
625395,Leena Loyal,devanshwalia@example.org,910364415832,"H.No. 758
Bhardwaj Street, Jamalpur-645017",Siliguri,645207,2024-03-27,Premium,4,1794.26,2024-10-02 17:17:52,4.0,7185.5599999999995,33.0,222
33533919,Anamika Ghosh,lakshit76@example.org,914421448140,"H.No. 56, Brahmbhatt Zila
Jhansi-815364",Gulbarga,777861,2024-10-22,New,3,678.24,,0.0,0.0,,13
58974323,Reva Bhavsar,chaudharychaitaly@example.com,911647244863,"598, Sankar Path, Vijayanagaram 596256",Burhanpur,526621,2024-06-12,New,20,1716.92,2024-05-27 08:15:29,2.0,5648.97,161.0,145
10686446,Onkar Ratti,tshanker@example.net,914588259906,"21/061, Muni Marg
Coimbatore 615093",Tadipatri,182979,2023-07-05,New,18,1566.26,2024-03-27 11:56:09,1.0,2505.6,222.0,488
5228136,Oeshi Mallick,hardikkrishna@example.org,919869824720,"H.No. 16, Krishnan Marg
Naihati-647090",Ambarnath,314449,2024-09-30,Premium,19,500.17,2024-06-24 17:12:34,3.0,6360.14,133.0,35
81046421,Jacob Narayan,choudharyayushman@example.com,915368713884,"99, Sekhon Nagar
Phagwara 174118",Kalyan-Dombivli,657178,2024-05-03,Inactive,6,484.37,2023-08-17 18:46:18,1.0,1114.77,445.0,185
13494314,Eesha Nadig,hansgirindra@example.com,913263760935,"68
Batra Circle
Coimbatore 509627",Mahbubnagar,741973,2023-06-16,Premium,5,1108.16,2024-07-09 03:05:36,2.0,5073.49,118.0,507
19091057,Kalpit Kohli,chaudharyupma@example.com,912932336278,"96/84
Pai Path
Bulandshahr 159547",Kozhikode,471587,2024-03-15,Regular,9,1569.0,2024-04-15 19:33:23,3.0,5251.9800000000005,203.0,234
65963876,Vamakshi Talwar,pahalhora@example.net,915571829208,"02/85
Nanda Marg
Nizamabad-518067",Loni,830494,2024-05-20,New,13,1714.99,2024-04-18 11:47:40,2.0,7538.68,200.0,168
48765625,Aradhana Ganguly,gaganbanik@example.net,917594183312,"01/115, Mander Nagar, Morbi-897722",Bathinda,352264,2024-03-13,Inactive,17,218.0,2024-07-02 22:31:53,1.0,1172.69,124.0,236
12500465,Barkha Chakrabarti,kagarwal@example.com,919587872756,"H.No. 13
Nagarajan Ganj
Shimoga 577461",Phusro,368657,2023-10-05,Premium,14,1758.5,2023-11-01 18:12:28,2.0,3926.33,369.0,396
68703613,Praneel Bir,hanskashish@example.com,917584484956,"08/613
Grewal
Phagwara-118939",Imphal,939188,2023-11-26,Inactive,6,919.34,2024-07-24 09:07:08,5.0,13135.67,103.0,344
48284116,Bhanumati Pingle,nandasaanvi@example.com,918482862471,"H.No. 115, Dhar, Jabalpur 327515",Narasaraopet,278326,2024-02-02,Inactive,17,1885.64,2023-11-21 04:48:59,2.0,3489.5,349.0,276
773410,Ladli Saha,gautami44@example.net,913650109706,"72/38
Krish Street, Bijapur-804266",Kota,906115,2023-06-25,New,13,1694.79,2024-08-14 20:51:31,1.0,1838.15,81.0,498
32929817,Vedika Devi,jbehl@example.com,910623696646,"63/70, Upadhyay Marg
Aligarh-889085",Muzaffarpur,339447,2024-08-26,Regular,4,468.78,2024-08-26 05:41:35,2.0,3955.4,70.0,70
83298567,Vansha Kuruvilla,xalak62@example.com,912910638833,"H.No. 68, Gaba Road
Khandwa 040880",Asansol,149383,2024-10-02,Premium,14,763.1,2024-04-17 04:26:13,3.0,4266.13,201.0,33
97509888,Rushil Patil,utkarsh96@example.net,915906341014,"518, Swamy Zila
Kadapa-043623",Thanjavur,987744,2024-06-09,Inactive,6,1011.59,2024-09-03 09:15:50,1.0,735.43,62.0,148
31324823,Utkarsh Biswas,hbarad@example.com,912367516284,"04/775, Dhingra Chowk, Varanasi 384485",Fatehpur,277910,2023-09-16,New,14,414.15,2024-07-04 16:45:53,2.0,3951.86,123.0,415
60319216,Lohit Narasimhan,bhavya01@example.com,915900025736,"22, Borah Circle, Buxar 569594",Ahmedabad,780127,2023-08-25,Premium,12,503.83,2023-08-15 20:43:06,2.0,6140.18,446.0,437
94552818,Pooja Lalla,kritikabarad@example.org,912565783910,"03/85, Morar Marg
Gwalior 529763",Srinagar,862794,2024-01-14,Inactive,2,1308.38,2024-01-19 09:40:56,1.0,361.98,290.0,295
16410708,Zinal Bahri,karan05@example.com,919242226157,"31/42, Master Path
Barasat 615868",Gudivada,629553,2024-10-14,Regular,10,1843.17,,0.0,0.0,,21
84848018,Jackson Roy,janijanaki@example.org,919467722828,"069, Prakash Marg, Mira-Bhayandar 031507",Alappuzha,275189,2023-06-26,Regular,19,557.81,2024-04-30 16:22:26,3.0,5396.36,188.0,497
31569754,Edhitha Kumer,psibal@example.org,913043537177,"721, Koshy Ganj
Gulbarga 881971",Bilaspur,556983,2024-02-02,Regular,6,845.41,,0.0,0.0,,276
31384626,Tanay Desai,hayremeera@example.net,910280652187,"610
Parikh Nagar
Thiruvananthapuram-208098",Nangloi Jat,65311,2024-06-13,Regular,13,600.95,2023-08-01 19:46:04,1.0,1001.25,461.0,144
98307019,Omya Magar,dev03@example.org,917477143157,"H.No. 326, Parikh Ganj
Sambhal 166207",Bangalore,351499,2024-10-16,New,17,913.21,2024-06-25 10:54:04,3.0,10541.33,132.0,19
55733729,Aarini Singhal,siya60@example.net,914679777871,"55/71, Murty Circle, Kamarhati-997909",Anantapuram,200968,2024-07-13,Premium,12,704.66,2024-07-06 04:10:53,1.0,959.01,121.0,114
80269862,Bimala Chad,chameli76@example.net,917781143289,"07/848
Sabharwal Marg
Bokaro 247507",Silchar,725705,2024-10-17,Premium,3,1265.19,,0.0,0.0,,18
90586029,Aarini Ray,vamakshi98@example.net,917655138584,"H.No. 65, Kapoor Path, New Delhi 823047",Faridabad,792664,2024-07-30,Regular,19,1460.86,2024-05-26 07:16:36,2.0,6598.66,162.0,97
4594944,Hardik Mane,abduldara@example.org,914830114630,"10/82
Sur Zila
Dibrugarh 044825",Cuttack,599557,2024-03-26,Inactive,12,857.13,2023-08-08 00:06:45,1.0,4205.78,454.0,223
78209683,Edhitha Barad,jatin05@example.net,916755244419,"700
Raman Road
Bidar 263500",Jhansi,441254,2024-02-13,Premium,1,1077.22,2023-05-02 16:44:25,1.0,3051.04,552.0,265
34588087,Tanmayi Vyas,mishravinaya@example.com,916010257566,"H.No. 24
Uppal Road
Chandigarh 908113",Shimla,385345,2023-05-16,New,11,1341.14,2023-10-26 04:59:56,2.0,6688.84,375.0,538
77614510,Girik Gopal,gaurav77@example.net,919861136472,"97/01
Ramachandran Ganj
Eluru 081356",Sirsa,615594,2023-03-28,Inactive,8,1877.93,2024-09-27 10:46:46,4.0,7752.23,38.0,587
35455991,Aryan Balakrishnan,sibalamruta@example.net,913887801412,"H.No. 610
Karan Zila
Cuttack-600633",Tezpur,504712,2023-04-02,New,14,1984.56,2023-09-30 08:18:09,2.0,4867.96,401.0,582
99714944,Bhanumati Chauhan,kashish47@example.org,915297308367,"H.No. 95
Pingle Circle
Guntur 923865",Adoni,920070,2023-10-01,New,18,708.5,2024-08-10 12:35:37,3.0,3576.8599999999997,86.0,400
63870636,Darpan Bhatia,chakradhardutt@example.com,919557867623,"41, Gulati Street
Mango 906100",Aurangabad,349728,2023-04-29,Premium,1,497.93,2023-07-05 05:55:10,1.0,3988.77,488.0,555
55936462,Upkaar Mahajan,saanviseth@example.org,914729548361,"83
Sridhar Path, Siwan-890863",Berhampur,622771,2023-04-24,New,5,338.13,2024-03-31 08:18:11,1.0,1179.35,218.0,560
211163,Hiral Baral,bhavsaryagnesh@example.com,911312775966,"H.No. 11
Sharma Chowk, Jhansi-302598",Satna,50152,2024-06-10,Regular,9,1169.11,2024-06-09 10:45:42,3.0,11984.36,148.0,147
77618011,Bhavna Bath,klad@example.com,915791838680,"91
Gade Path, Tenali-329534",Silchar,207673,2024-05-16,Inactive,11,454.04,2024-01-10 08:50:54,1.0,2593.91,299.0,172
82700270,Hemal Bhavsar,karanbhatnagar@example.org,919434385164,"H.No. 68, Kothari Marg
Gudivada-450590",Kishanganj,701245,2024-08-17,New,10,1146.39,2024-03-15 11:58:19,1.0,848.94,234.0,79
41181125,Bimala Samra,matthew06@example.org,918610311518,"70
Narula Nagar, Rewa-135600",Mysore,277988,2023-06-14,New,3,632.74,2024-10-31 15:03:54,2.0,6007.15,4.0,509
14458150,Kamya Ratta,svasa@example.net,918686743400,"H.No. 46
Lata Chowk, Buxar-942853",Sambhal,867424,2024-07-30,Premium,13,321.96,2023-09-17 22:30:28,2.0,7134.84,413.0,97
68965787,Ekavir Agate,yahvikumar@example.org,911690178919,"H.No. 626, Bhat Chowk
Bhimavaram 375258",Dhule,571328,2024-10-09,Premium,19,1431.95,2024-09-11 19:01:57,5.0,11425.64,54.0,26
10951674,Anmol Lad,charlesmander@example.com,912894314853,"H.No. 66
Rout Path
Kulti 733466",Guna,284622,2023-04-23,Inactive,4,1590.36,2024-04-04 14:47:40,2.0,2110.33,214.0,561
15345667,Lila Chanda,manneparth@example.net,917417315762,"H.No. 293
Singhal Street, Bijapur 471714",Durg,750467,2023-08-29,Premium,6,1574.77,2024-02-10 14:36:00,1.0,3322.54,268.0,433
8457972,Yauvani Gaba,lakshitpandey@example.net,915286677235,"62/91
Bedi Ganj
Medininagar 294693",Asansol,187523,2024-02-04,New,16,1250.35,,0.0,0.0,,274
57207678,Yashodhara Mishra,urvi08@example.net,919390929345,"01
Om Street
Rohtak 339233",Chandrapur,347833,2024-08-08,New,17,1603.27,2024-06-20 01:00:52,1.0,726.41,137.0,88
64151769,Teerth Mallick,dalbir88@example.com,916334916175,"H.No. 81, Pathak Marg, Purnia-445538",Mysore,33453,2024-05-02,New,14,1311.86,2024-11-03 06:05:51,2.0,4440.4,1.0,186
16786161,Maya Ram,paiunnati@example.org,917848510142,"198, Narula Road, Patiala-297171",Chandigarh,658428,2023-11-21,Inactive,15,496.26,,0.0,0.0,,349
6992801,Yochana Nagy,xganesan@example.org,911624633416,"249
Magar, Bhiwandi-601280",Rajkot,318377,2023-06-03,Premium,4,1270.33,2024-05-18 15:03:26,1.0,942.37,170.0,520
92091019,Kai Subramanian,mitali48@example.com,910799892088,"306
Wable Nagar
Jamalpur-670472",Kalyan-Dombivli,943347,2023-09-13,Regular,10,1754.59,2023-05-05 20:23:41,1.0,3117.45,549.0,418
14519263,Edhitha Sawhney,mohantyhitesh@example.net,914649245023,"53/91
Keer Street, Parbhani-126657",Ajmer,270755,2024-06-21,Premium,16,762.06,,0.0,0.0,,136
79169760,Benjamin Kant,hkhalsa@example.com,914211232875,"95/134
Bajwa Zila
Bharatpur 542200",Nagaon,233710,2024-09-12,New,11,932.44,2024-09-28 09:51:29,2.0,3330.58,37.0,53
63238941,Vidhi Misra,ramaswamyqushi@example.com,914581768705,"43/736, Sant Ganj
Guntur-200508",Gwalior,778124,2024-03-11,Regular,2,1374.76,2024-08-23 03:48:43,4.0,10041.33,73.0,238
9551011,Idika Chand,gpall@example.net,919188642870,"95/44, Gandhi Path
Ahmednagar-651346",Navi Mumbai,648770,2023-04-10,Inactive,7,1786.78,2023-09-12 11:51:20,1.0,307.23,419.0,574
13581527,Jhalak Kalla,saanvimammen@example.org,915270846145,"166
Batra, Pudukkottai 869970",Hajipur,786331,2024-06-01,New,10,1614.59,2024-06-09 04:29:32,3.0,5533.08,148.0,156
57523973,Darpan Rama,wagleyadavi@example.com,918975008175,"99/07, Mall Nagar
Tiruvottiyur 784487",Suryapet,254066,2023-09-26,New,2,1647.35,2024-06-17 18:13:50,3.0,4256.13,140.0,405
68941950,Ayushman Raghavan,zansi49@example.org,915646024075,"26/011
Ganesh Street
Mirzapur-310664",Bhusawal,856620,2024-07-02,New,8,210.86,2024-10-15 13:14:58,5.0,11913.11,20.0,125
97141762,Banjeet Goda,grovermaanav@example.org,913132197970,"H.No. 94, Kar Street
Pune-521931",Agra,841879,2024-07-28,Regular,2,1513.8,2024-10-15 02:26:39,2.0,4010.74,20.0,99
2558646,Vyanjana Dara,falakkunda@example.net,916023311219,"58/325, Pingle Path, Kavali-936272",Bhusawal,516102,2024-11-01,Premium,10,920.89,2024-04-12 11:43:17,3.0,4034.93,206.0,3
61121421,Aditya Sami,nandini14@example.net,919041804855,"40/64, Bath, Tadepalligudem-096254",Tirunelveli,173820,2024-01-17,New,14,1760.03,2024-02-21 22:37:16,3.0,5801.36,256.0,292
23380116,Neelima Mody,cvenkataraman@example.com,918163961151,"931, Karnik Chowk
Loni 350235",Jehanabad,616737,2024-05-07,New,11,606.28,2024-10-28 20:02:45,3.0,5871.0199999999995,7.0,181
78961097,Irya Agarwal,hemanisinghal@example.org,910274841300,"H.No. 806
Vala
Aizawl-476044",Udupi,387337,2024-04-26,Inactive,16,1375.64,2024-04-07 00:35:53,1.0,4040.38,211.0,192
11202130,Zehaan Lad,vnarayan@example.org,914186545390,"16/77
Basak Marg, Lucknow 740421",Bhilwara,854285,2023-11-28,Premium,20,1202.1,2024-07-23 19:18:11,4.0,9747.33,104.0,342
8955057,Zashil Goyal,brarjatin@example.com,918029231735,"H.No. 72, Gandhi Zila, Tirupati 033181",Bhubaneswar,613585,2024-10-12,Regular,3,1549.99,2024-07-07 17:24:52,3.0,5598.1900000000005,120.0,23
22112867,Sanaya Chakrabarti,anay97@example.net,912480017449,"77, Gera Road
Anand 087192",Bangalore,609126,2024-08-02,Regular,6,204.58,2024-02-01 20:59:31,3.0,7604.15,276.0,94
5607734,Riya Batta,mandermitesh@example.net,913704344104,"H.No. 604, Kata Road
Khandwa 364539",Jamshedpur,260720,2024-09-01,Premium,8,603.44,2023-10-15 07:21:32,1.0,3767.45,386.0,64
98016334,Krishna Char,krishnabhavsar@example.net,919448360416,"841, Kibe Chowk, Thrissur-092044",Howrah,326443,2024-08-19,Regular,18,724.91,,0.0,0.0,,77
61024977,Krishna Manda,elijahagrawal@example.org,912468296953,"93, Borah Street, Farrukhabad-242782",Dindigul,509584,2024-03-05,New,18,699.89,2024-01-24 17:43:28,1.0,1705.98,285.0,244
40727086,Osha Brahmbhatt,harishnayak@example.org,916461216182,"H.No. 45
Pradhan Chowk, Akola 580457",Bijapur,113784,2024-01-05,New,11,1573.7,2024-08-10 17:23:00,4.0,10896.45,86.0,304
96109948,Riya Wason,kotharizaitra@example.com,915128298547,"90/533, Bakshi Zila, Kakinada-718472",Shivpuri,528740,2023-08-12,Inactive,20,1879.13,2024-09-03 04:46:02,3.0,7406.33,62.0,450
71176678,Garima Tata,charita65@example.com,913992286051,"56/972, Yadav Road, Gwalior 194187",Dhule,103327,2024-05-05,Regular,20,669.58,2023-05-05 17:44:23,1.0,397.68,549.0,183
16547602,Geetika Das,loyalchakradhar@example.net,912750351955,"H.No. 17, Babu Path
Gangtok-674523",Nadiad,216025,2023-04-19,Inactive,14,1240.96,,0.0,0.0,,565
37379797,Aashi Majumdar,omkaarmemon@example.org,918469785566,"18/571, Choudhury Path
Kishanganj-139131",Jalna,627760,2024-08-24,Inactive,6,1167.45,,0.0,0.0,,72
37926207,Pahal Chaudhary,upadhriti58@example.net,917768865001,"467, Keer Street, Bettiah-109486",Eluru,877706,2023-09-02,New,12,491.26,2023-11-27 06:20:52,1.0,2762.95,343.0,429
63451391,Amrita Kibe,viswanathanekansh@example.org,918624413982,"95, Oommen Path
Bhatpara 540842",Surendranagar Dudhrej,477087,2024-03-26,Premium,7,731.46,2023-03-25 07:26:24,1.0,3934.29,590.0,223
62629494,Anamika Bali,ssridhar@example.net,912401544660,"571, Nair Path, Nizamabad-216385",Jorhat,597801,2024-09-13,Premium,14,1504.45,2024-05-30 17:24:44,3.0,4776.84,158.0,52
13871547,Anthony Dhawan,nimrat66@example.org,916397162979,"H.No. 30
Patla Nagar
Barasat 711179",Bhilwara,626053,2023-06-17,Premium,8,200.43,2024-03-23 02:19:57,2.0,3396.38,226.0,506
1507408,Kai Gara,dbera@example.net,916643268606,"97/84, Dhaliwal Chowk
Firozabad-233621",Bangalore,478862,2024-03-21,Inactive,8,972.22,2023-09-30 08:52:45,3.0,3901.96,401.0,228
3638834,Falan Nayak,garaveer@example.com,915780823790,"38/514, Deo Zila, Morbi 793612",Warangal,563073,2023-07-08,Premium,16,1142.06,2023-10-12 05:02:47,2.0,2207.96,389.0,485
32054313,Jai Char,rajayutika@example.com,913213214979,"72
Keer Road, Gandhidham-879715",Raurkela Industrial Township,537597,2024-10-03,Regular,2,340.15,2024-10-16 06:10:47,4.0,8517.32,19.0,32
97678578,Jagat Hayre,ymalhotra@example.net,917081667351,"95/43, Chahal Path
Mathura 774115",Loni,214414,2024-06-15,Regular,7,1531.63,2024-01-08 07:33:48,4.0,13668.16,301.0,142
75028268,Pahal Malhotra,wazir75@example.com,911145482764,"845, Prakash Marg, Tadepalligudem 032115",Kirari Suleman Nagar,412117,2023-11-13,Inactive,10,620.03,2023-09-07 06:40:32,1.0,340.36,424.0,357
59930550,Anamika Wali,madhavi76@example.org,914386068992,"H.No. 45
Dhar Marg, Kulti 279105",Agra,661359,2024-04-22,Inactive,20,1680.48,2024-06-08 10:14:10,1.0,645.44,149.0,196
23567263,Yatan Sem,hitesh51@example.net,914338654718,"12/949
Loyal Ganj
Ambattur 535978",Chinsurah,96950,2024-08-11,New,14,231.38,2024-08-05 23:53:45,1.0,2854.52,90.0,85
65570302,Onveer Parsa,widisha66@example.net,919055365379,"89, Bal Path
Kirari Suleman Nagar-340832",Deoghar,918933,2024-10-11,Inactive,19,1322.32,2024-09-12 21:42:22,3.0,5484.88,52.0,24
94529626,Gavin Kaur,ldubey@example.net,910040657734,"61/527, Sampath Street
Purnia-039153",Pudukkottai,762221,2023-12-06,New,17,1907.16,2024-03-04 04:03:00,3.0,11740.27,245.0,334
54338574,Yashodhara Gokhale,nandagavin@example.org,916150079211,"829, Yogi Zila, Indore 022222",Guntur,515677,2023-08-09,Premium,3,1875.03,2024-07-27 20:15:20,2.0,3370.0499999999997,100.0,453
14006996,Saumya Rau,anitakorpal@example.org,910501044005,"893, Sengupta Path, Akola-055236",Buxar,998569,2023-07-31,Inactive,15,738.1,2024-03-29 18:12:05,2.0,6238.3099999999995,220.0,462
88324928,Geetika Nanda,jpalla@example.org,911669329675,"843, Yogi Zila
Panvel-489127",Alappuzha,137999,2023-03-19,Regular,13,340.65,2024-11-01 09:45:47,5.0,12463.84,3.0,596
77128325,Yug Mangat,vohrameghana@example.com,911410522986,"54, Aggarwal Circle, Amravati 188290",Satna,833563,2023-08-05,Regular,2,1483.92,2024-03-07 12:50:53,2.0,7604.83,242.0,457
44562310,Harsh Om,vincent86@example.com,917519462039,"86/38
Ganesan Zila, Srikakulam 027873",Warangal,439591,2024-06-29,Inactive,3,483.87,2023-10-08 04:09:20,3.0,7461.76,393.0,128
32809328,Oeshi Raghavan,kiaan42@example.net,912065888517,"905
Patla
Alappuzha-788495",Chittoor,117692,2024-02-09,Premium,19,1525.5,2024-08-04 13:03:07,2.0,709.82,92.0,269
37288781,Kritika Narayan,fyadav@example.org,911211577415,"H.No. 217, Bhattacharyya Zila, Kalyan-Dombivli-066025",Tadepalligudem,355069,2023-08-04,New,1,1609.24,2024-02-02 14:35:12,1.0,2685.25,276.0,458
35049420,Udarsh Mangal,zpatil@example.org,916564243819,"42/738
Dhawan Road
Nagpur 697513",Madanapalle,720562,2023-03-25,Regular,7,1660.54,2024-07-08 12:40:30,1.0,3483.31,119.0,590
10789681,Anvi Rajan,aarna25@example.net,919496490604,"H.No. 010, Sandhu Street, Salem 189439",Dehradun,22922,2023-06-28,Regular,17,1178.41,2024-05-20 18:34:01,1.0,825.46,168.0,495
67918495,Aarav Gour,patelwazir@example.org,915070063263,"578, Dash Chowk
Kadapa 410777",Ratlam,878680,2023-10-28,Inactive,16,496.65,2024-08-07 04:29:32,4.0,5239.79,89.0,373
2667357,Nathan Kaul,godavarenya@example.com,910778074188,"81/284
Gopal Chowk, Rajkot-722713",Guntakal,819570,2024-06-13,Premium,6,1516.67,2023-11-06 07:46:44,1.0,1666.89,364.0,144
7728406,Leela Bansal,tgulati@example.net,911892493085,"87/91
Mandal Nagar, Ujjain 018314",Ranchi,684048,2024-01-10,Inactive,2,1970.33,2024-06-26 14:28:44,5.0,9590.720000000001,131.0,299
77961205,Yashica Handa,jsankar@example.net,914240043584,"H.No. 75
Arora Marg
Jabalpur 673036",Burhanpur,921503,2023-06-27,Premium,7,1445.85,2024-10-09 11:47:45,3.0,4216.38,26.0,496
28995786,Vanya Swamy,chamansami@example.org,912326402054,"26
Pandey Road, Gandhidham 757066",Bardhaman,985614,2024-10-02,Inactive,20,1706.11,2024-06-18 09:33:24,3.0,4780.65,139.0,33
74762653,Varenya Sama,wsodhi@example.org,916604985140,"H.No. 79
Narang Ganj, Raurkela Industrial Township-542887",Kakinada,58056,2024-01-22,Premium,9,1996.53,2024-06-10 17:56:21,1.0,3473.22,147.0,287
93563435,Siya Sandhu,hemalwagle@example.com,918289184451,"H.No. 606, Parekh Chowk, Erode-615948",Nagpur,854006,2024-08-28,New,9,313.25,2024-09-09 01:52:04,6.0,16368.94,56.0,68
66768157,Om Khosla,obahri@example.org,910828966079,"37
Mody Circle
Jorhat 391653",Singrauli,131116,2023-09-04,Inactive,3,502.9,2024-09-15 05:37:55,3.0,7396.04,50.0,427
98625898,Raagini Taneja,umang95@example.org,913128638366,"263
Kamdar Chowk
Bhatpara-557575",Raiganj,355567,2023-10-17,Premium,14,1879.91,2024-05-18 09:23:08,2.0,3207.97,170.0,384
24107959,David Chowdhury,bdar@example.com,911590598180,"437
Borra Ganj
Pune 036001",Howrah,978633,2024-07-08,Regular,7,354.25,,0.0,0.0,,119
27824078,Caleb Ramakrishnan,duaeshana@example.com,913638102635,"H.No. 454
Wali Path
Rourkela-757587",Jalna,664273,2024-09-15,Inactive,12,972.71,2024-06-27 18:06:56,1.0,1305.23,130.0,50
97174235,Ekapad Atwal,oupadhyay@example.com,917158153321,"45, Karnik Zila
Cuttack 151701",Hubli–Dharwad,157060,2024-08-05,Regular,13,413.94,2024-06-09 18:25:49,1.0,255.35,148.0,91
28394354,Yatin Mohanty,nathaniel49@example.net,916198848793,"06/380, Mitra Circle
Jorhat 587416",Kumbakonam,269616,2024-03-31,Regular,19,1546.13,2024-05-17 10:43:36,3.0,5612.74,171.0,218
29689766,Pallavi Kala,madhav18@example.org,910804509973,"H.No. 983
Setty Path, Mira-Bhayandar 331770",Tenali,243885,2023-03-20,New,14,967.01,2024-04-18 08:03:01,4.0,4924.719999999999,200.0,595
44589829,Udyati Garde,minhasharrison@example.org,916603937378,"92, Chaudhari, Tirunelveli 950904",Sagar,110593,2023-09-25,Regular,4,1570.62,2024-07-14 12:58:37,4.0,8865.85,113.0,406
6959437,Rushil Prakash,anika85@example.net,917279839419,"09/765, Sachdev Path
Gaya-127934",Jammu,293835,2024-07-25,Premium,14,1105.84,2024-10-05 07:48:45,3.0,3112.0699999999997,30.0,102
28173165,Gayathri Padmanabhan,william12@example.net,911080434470,"H.No. 578, Sharma Path, Jhansi 265422",Srikakulam,743644,2023-08-09,Inactive,15,545.71,2023-04-19 19:07:09,1.0,2037.05,565.0,453
46564935,Ranbir Hegde,rishirana@example.com,917292370995,"91/552, Karan Street, Chennai-415629",Muzaffarpur,645064,2024-02-27,Inactive,5,536.94,2023-12-12 21:18:05,1.0,3751.55,327.0,251
77007315,Amara Lad,hitesh06@example.org,917083569433,"H.No. 086, Soman, Panchkula-966165",Satara,867852,2023-11-05,Premium,10,1750.59,2024-08-31 13:06:53,4.0,6689.49,65.0,365
64403005,Ojas Sahota,garima59@example.com,912312186027,"H.No. 54, Bajaj Path
Chandrapur-896543",Darbhanga,847487,2024-07-03,New,12,524.48,2024-07-25 20:24:13,1.0,3112.28,102.0,124
28277304,Chaitanya Mann,hemalall@example.com,915423222756,"18/80, Lad, Bhalswa Jahangir Pur 775594",Haridwar,159776,2024-02-14,Inactive,14,1681.58,2024-08-22 19:41:10,1.0,1350.28,74.0,264
38568692,Guneet Ahluwalia,ocherian@example.net,915130822852,"34
Chaudhuri Circle, Bally 532014",Silchar,658648,2023-12-06,New,6,1082.93,2023-11-13 21:52:45,1.0,1723.54,356.0,334
90299101,Kamala Kakar,dattalibni@example.com,916458880705,"H.No. 20, Tandon Road
Secunderabad 431984",Akola,567715,2024-06-24,Regular,7,291.45,2024-11-03 03:47:18,1.0,2238.94,1.0,133
77086539,Gayathri Kumer,pranav05@example.net,914011700032,"23, Butala Marg, Sagar 674981",Sangli-Miraj & Kupwad,813233,2024-05-14,New,3,1591.27,2024-09-21 20:45:43,3.0,8916.130000000001,43.0,174
16341776,Oviya Gera,dalbir04@example.com,914652690385,"31/786
Mall Marg
Aurangabad 284354",Sikar,60359,2023-07-16,New,6,964.4,2023-05-20 20:52:25,1.0,1036.38,533.0,477
62868582,Chaitaly Anand,rishi88@example.net,912009385743,"39
Dalal Circle
Karawal Nagar-027066",Asansol,253211,2024-04-04,New,11,1082.3,2023-10-23 18:20:24,1.0,2537.11,378.0,214
16435594,Aryan Ranganathan,darsh48@example.com,918430130194,"89/553
Vig Zila
Kharagpur-011223",Jorhat,848945,2024-10-11,Premium,4,1273.0,,0.0,0.0,,24
24337950,Ishwar Chakraborty,xbatta@example.com,910611459950,"H.No. 118
Sathe Marg
Rajkot 400500",Haridwar,17750,2023-04-26,Inactive,20,1845.42,2024-06-16 14:09:42,3.0,5382.5599999999995,141.0,558
38728779,Reva Sem,jrajagopal@example.net,910993742741,"H.No. 76, Bhalla Ganj
Surat 589030",Bulandshahr,648636,2024-02-24,Regular,19,1294.04,2024-02-28 07:15:01,2.0,4163.94,250.0,254
3483295,Maya Nath,nmadan@example.org,910519561559,"573
Devi Ganj
Rajahmundry 145523",Imphal,632918,2024-03-08,Inactive,5,1334.49,2024-03-11 01:43:36,1.0,1596.72,238.0,241
67908555,Brinda Bahl,triptiatwal@example.org,910850246351,"H.No. 808
Chakraborty Marg
Bhopal 248842",Chittoor,757455,2023-04-21,New,16,1746.83,2024-05-15 03:44:23,4.0,11387.84,173.0,563
45028365,Qarin Dass,ekanshdhillon@example.org,919603484558,"88, Karan Path
Dehradun 508763",Danapur,418635,2023-11-06,Regular,5,518.33,2023-12-28 16:43:38,2.0,6351.75,312.0,364
19216141,Teerth Manda,ksinghal@example.org,912044168429,"069
Patil Road, Tinsukia-750405",Giridih,829446,2023-05-14,Premium,9,1428.54,2024-08-08 00:29:16,4.0,5012.85,88.0,540
47590944,Ayushman Chawla,urajagopalan@example.net,919347957285,"H.No. 08, Atwal Chowk
Nagercoil 786153",Bhubaneswar,185673,2023-07-12,New,19,1163.84,2024-07-02 12:55:31,3.0,6441.05,125.0,481
72415263,Dakshesh Varughese,karansathvik@example.org,915872732352,"H.No. 661, Kapadia Circle, Giridih-658125",Pallavaram,624264,2023-05-29,Regular,20,1914.18,2023-10-04 17:52:34,2.0,6571.18,397.0,525
97873848,Ladli Johal,csant@example.com,910734780490,"H.No. 68
Bakshi Marg, Sasaram 557143",Kavali,764984,2023-10-23,Regular,18,1381.21,2024-10-07 05:34:23,3.0,5926.42,28.0,378
81541985,Panini Padmanabhan,valagunbir@example.org,915690402175,"06/571
Deshmukh Nagar, Latur-947001",Asansol,221829,2023-04-30,Regular,17,894.34,2023-11-11 22:24:06,4.0,10323.7,358.0,554
57213543,Hema Natarajan,chadhanimrat@example.org,918582439111,"515
Buch Road
Bilaspur 694542",Gandhinagar,595160,2024-10-30,Regular,14,1323.95,2023-08-17 07:32:10,1.0,1277.83,445.0,5
60620291,Upkaar Suresh,tarak64@example.net,912340606614,"H.No. 863
Pant Street
Bhusawal-846427",Karaikudi,201870,2023-05-01,Regular,15,1791.39,2024-07-23 14:04:34,2.0,4101.55,104.0,553
34655710,Abeer Ravel,orindernatarajan@example.net,910109844401,"54, Agrawal, Katni-364063",Katihar,161040,2024-09-16,Inactive,1,1620.16,2024-08-03 13:51:39,3.0,3258.98,93.0,49
58415368,Frederick Virk,jroy@example.com,917639083758,"430
Savant Road
Ramagundam-958730",Shahjahanpur,603119,2024-05-29,New,10,297.38,2023-05-07 18:03:53,1.0,2564.44,547.0,159
67402645,Bimala Barad,lakshmi42@example.com,916079541334,"94/65, Tak
Alappuzha-897750",Phagwara,737896,2023-03-25,Inactive,15,1084.93,,0.0,0.0,,590
2903620,Bahadurjit Rama,faraj37@example.com,910991674238,"418, Desai Chowk, Tiruvottiyur 558463",Proddatur,495945,2024-05-11,New,11,1815.06,2024-03-26 19:44:46,2.0,3876.62,223.0,177
58115779,Bhavna Ramaswamy,gabaurishilla@example.net,918133733304,"H.No. 83, Anne Circle, Alwar-895946",Katni,779863,2024-07-27,Regular,12,1569.04,2024-01-23 12:27:16,2.0,966.15,286.0,100
40055711,Yug Mander,fchauhan@example.net,919964104531,"H.No. 111, Suri
Dhanbad-966241",Rampur,415727,2024-09-23,Inactive,11,278.97,2024-06-12 10:25:56,3.0,8654.36,145.0,42
9419030,Thomas Doctor,lhans@example.net,913725120509,"H.No. 82
Nazareth Ganj, Ambala-089016",Avadi,657231,2024-03-11,Inactive,1,340.77,2024-04-19 19:38:25,1.0,1973.65,199.0,238
75244116,Jai Suri,sanaya74@example.com,911899928562,"11/76
Sura Road, Malda 325015",Gorakhpur,112503,2023-10-09,Inactive,10,426.97,2024-04-02 12:45:33,5.0,16182.09,216.0,392
2566268,Arjun Ratta,santutkarsh@example.net,917102183787,"99/643
Muni
Karimnagar 116487",Mysore,644861,2023-12-04,Premium,16,1796.96,2024-10-28 18:46:06,5.0,13417.32,7.0,336
24496983,Vasana Sen,hseshadri@example.org,913695033990,"H.No. 687, Seshadri Street
Ajmer-267864",Kamarhati,185526,2023-12-04,Regular,17,1262.44,2023-07-22 08:32:43,2.0,2816.71,471.0,336
7378768,Shravya Dada,mason45@example.net,918806125809,"660, Chokshi
Madurai 598172",Bellary,671584,2023-05-20,New,8,698.59,2023-10-07 19:29:11,2.0,1587.2399999999998,394.0,534
33544355,Aarnav Nayak,oscar01@example.com,915000656642,"015, Pandey Ganj
Karawal Nagar-700071",Sri Ganganagar,737494,2023-08-30,Premium,2,1083.95,2023-12-30 05:03:21,2.0,5835.950000000001,310.0,432
98012339,Kai Kari,ikala@example.org,914270136197,"20/920, Kaul Road, Muzaffarnagar-154530",Anantapuram,766651,2023-03-22,Regular,16,839.46,,0.0,0.0,,593
71771782,Jalsa Bansal,jasmitgola@example.org,917866814065,"44/554, Sampath Street, Jalandhar-983074",Farrukhabad,382294,2023-05-23,Inactive,8,1091.61,,0.0,0.0,,531
39301587,Kritika Chaudhuri,kdas@example.net,919534787245,"H.No. 229
Shetty Zila
Saharsa 334604",Bongaigaon,137712,2023-12-29,Regular,15,1775.12,2024-05-31 23:11:12,1.0,236.51,156.0,311
12560669,Mugdha Acharya,pranitkuruvilla@example.org,910259143141,"22, Chowdhury Path, Chittoor-049437",Sangli-Miraj & Kupwad,776029,2024-08-29,Inactive,13,450.79,,0.0,0.0,,67
73061709,Zinal Sundaram,snayak@example.com,913021418745,"H.No. 10
Datta Marg
Siwan-391261",Uluberia,214812,2024-08-22,Premium,1,1557.57,2024-09-21 10:04:21,2.0,3768.99,44.0,74
73807097,Manbir Manda,zroy@example.org,913944560779,"08/885
Bakshi Path, Haldia 541849",Firozabad,795626,2023-12-12,Inactive,7,557.11,2024-10-12 13:22:22,1.0,724.84,23.0,328
57579640,Sneha Amble,vedantdoctor@example.org,918788141295,"21/31
Bahri Road, New Delhi-268180",Siwan,847223,2023-07-11,Premium,10,697.08,2024-11-01 15:00:29,1.0,2687.31,3.0,482
71276926,Urishilla Sawhney,upadhritisachdeva@example.net,913136661622,"H.No. 12
Kade Road
Khandwa 808579",Nangloi Jat,116387,2023-11-21,Inactive,10,1226.1,2023-05-23 10:49:53,1.0,2163.69,531.0,349
54139038,Wahab Balan,anjali90@example.com,915687634653,"016
Lata Circle
Hubli–Dharwad 127880",Dibrugarh,888729,2024-09-30,Inactive,10,1689.41,2024-09-16 12:33:23,3.0,7368.82,49.0,35
6853981,Radhika Bahri,kamyawarrior@example.com,911176494659,"245
Garg Road, Ahmedabad 964676",Machilipatnam,209167,2023-12-13,Inactive,14,1301.27,2023-12-24 19:17:51,1.0,141.28,316.0,327
82898985,Reva Pradhan,nimrat81@example.com,910643409352,"457
Mishra Chowk, Visakhapatnam 946851",Pondicherry,679447,2023-04-03,Regular,2,841.91,2023-12-28 05:43:03,1.0,4768.12,312.0,581
92416428,Falak Balan,isandhu@example.org,914522681933,"67/29, Badal Chowk, Uluberia-967008",Avadi,944699,2024-01-24,Regular,5,1255.2,2024-07-23 00:49:03,3.0,9626.2,104.0,285
80371626,Yashasvi Divan,oprabhu@example.org,919973236153,"56
Tara Road, Amravati 888344",Karimnagar,865438,2024-10-02,New,20,1033.07,2023-06-18 19:23:45,2.0,4113.349999999999,505.0,33
39042103,Maanav Gupta,mohammed78@example.org,919538916663,"H.No. 26, Chaudhary
Kolkata 469720",Bareilly,148727,2024-05-31,Regular,20,1519.5,2024-07-28 07:37:08,3.0,7619.79,99.0,157
14693393,Chavvi Iyer,kannanvedant@example.com,910080313064,"11, Balakrishnan Marg
Motihari-662977",Proddatur,496205,2024-05-24,New,14,928.3,2024-08-12 21:32:30,2.0,7205.32,83.0,164
41878908,Barkha Kanda,khuranamason@example.net,911847381123,"08/81
Chandra Path, Mehsana-925891",Raiganj,376225,2024-05-31,Premium,6,390.11,2023-11-12 20:03:13,4.0,8718.880000000001,358.0,157
49117070,Pavani Lala,tankvedhika@example.org,914138054136,"29, Morar Zila, Amritsar-838331",Bhubaneswar,238713,2024-09-27,Inactive,9,1495.17,2024-08-27 00:02:31,1.0,2925.56,69.0,38
43761120,Tarak Kumer,hbava@example.com,917830075756,"H.No. 534
Taneja Ganj
Bangalore 238371",Bhagalpur,33353,2024-06-01,Inactive,19,1954.78,,0.0,0.0,,156
52672659,Isha Mand,tanmayibhagat@example.net,916637450859,"H.No. 898, Gara, Ghaziabad-552132",Vadodara,279779,2023-03-17,Regular,17,1721.72,2024-04-10 17:18:57,1.0,1416.18,208.0,598
91448742,Henry Badal,chaudhryomya@example.org,914940362251,"61, Tripathi Ganj
Nanded-543392",Bongaigaon,13029,2023-04-13,Regular,1,1536.39,2024-06-18 12:05:53,3.0,4051.72,139.0,571
55278329,Nathaniel Mand,hmerchant@example.net,911205783276,"09, Dixit Road, Bulandshahr-868361",Bhubaneswar,906383,2024-10-08,Inactive,19,1814.67,2023-09-28 11:21:00,1.0,552.2,403.0,27
13492411,Ekaraj Mahal,tamanna39@example.net,917878478714,"745, Mall Street, Tirunelveli-948037",Patna,673157,2023-07-13,Regular,8,453.33,2024-04-23 09:33:05,2.0,2964.59,195.0,480
39093069,Mahika Issac,dakshminhas@example.org,913213620433,"H.No. 98
Padmanabhan Street, Kottayam-241642",Rajkot,250605,2024-03-02,Regular,6,1176.58,2024-08-01 20:30:53,3.0,7418.35,94.0,247
16436211,Daniel Hans,jacob31@example.net,913282466791,"H.No. 00
Narayanan Marg, Shahjahanpur-715267",Tadepalligudem,892690,2023-11-09,Regular,8,780.94,,0.0,0.0,,361
25747787,Zaid Bobal,dubeyekapad@example.org,913577720112,"086, Mahajan Nagar
Jodhpur-262620",Bikaner,591446,2023-05-31,Inactive,13,835.06,,0.0,0.0,,523
24000329,Aarush Dey,zdewan@example.net,911260195350,"20/70, Rau
Durg-039531",Gulbarga,375546,2023-11-01,Premium,17,1787.69,2023-11-23 12:34:22,1.0,1864.68,347.0,369
54923640,Azad Nath,kmadan@example.net,918021641897,"20/90, Mohanty Ganj
Raurkela Industrial Township 943348",Gandhidham,664697,2024-04-10,Inactive,15,234.66,2024-11-02 08:51:51,6.0,12495.95,2.0,208
57217288,Dalaja Bassi,ppandey@example.net,915745364286,"339
Radhakrishnan Circle, Bhubaneswar 566268",Karimnagar,202075,2023-03-24,Regular,3,736.05,2024-07-31 20:55:35,1.0,3297.69,95.0,591
70554546,Jonathan Doctor,rushil75@example.net,913502449874,"855, Rana Circle, Dibrugarh 752009",Bulandshahr,169284,2024-04-19,Inactive,14,1601.91,,0.0,0.0,,199
39959491,Damini Gandhi,xjayaraman@example.net,918662120851,"31
Sagar Nagar
New Delhi 077157",Purnia,734014,2023-08-25,Premium,2,622.87,2024-09-23 10:09:54,1.0,1685.01,42.0,437
55042740,Samuel Lanka,bhanumati39@example.net,910376361501,"36/962
Nazareth Circle, Tirupati-434921",Kadapa,97917,2024-03-12,Regular,7,404.02,2024-03-31 08:06:56,3.0,7051.07,218.0,237
64846124,Anusha Sagar,jeremiah29@example.com,913882260223,"60/157
Modi Chowk
Lucknow 233763",Bidar,46181,2024-06-19,Inactive,1,997.65,2024-04-03 01:48:33,1.0,918.45,215.0,138
23434261,Jhalak Chopra,ramachandranunnati@example.org,913249899445,"462
Bhakta Street, Bhind-470064",Ambala,224620,2023-07-10,Inactive,7,1651.18,,0.0,0.0,,483
33685414,Nidhi Swaminathan,lajitasawhney@example.net,910746524213,"336, Nigam Nagar
Giridih-512900",Miryalaguda,269887,2024-03-09,Regular,8,1679.23,2023-09-30 08:07:45,2.0,2138.62,401.0,240
43649266,Ayushman Menon,anayrajagopalan@example.org,912709014809,"H.No. 554
Lata Marg, Nagaon 736446",Khandwa,984786,2024-03-14,Inactive,19,1803.11,,0.0,0.0,,235
53299455,Rushil Gupta,wcherian@example.org,913502795801,"80/32, Acharya Nagar, Bathinda-734196",Bijapur,963064,2023-05-25,Premium,7,838.66,2024-08-15 12:33:04,3.0,6836.58,81.0,529
9388085,Faris Swaminathan,jbath@example.com,915414498824,"97/15, Gandhi Ganj
Varanasi 857882",Jamnagar,821263,2024-03-17,New,11,627.21,,0.0,0.0,,232
46629917,Vasudha Dey,saksham89@example.net,914935172283,"03/989, Kari Ganj
Sagar 040726",Jamshedpur,139007,2024-02-09,Premium,1,788.35,2024-03-29 20:09:02,3.0,8056.88,220.0,269
82359623,Pushti Sangha,gopalijaya@example.net,912302460025,"75/89
Issac Road, Jamalpur-285509",Bellary,504776,2023-08-17,Premium,17,1339.75,2024-06-26 02:36:03,5.0,12038.57,131.0,445
58238092,Xiti Pradhan,triyakale@example.org,911387096302,"20/971, Bath Path, Thiruvananthapuram 983558",Malegaon,971189,2023-07-01,Inactive,9,519.73,,0.0,0.0,,492
74572121,Triveni Baral,advaith31@example.net,916254742593,"10/107
Bhandari
Kishanganj 048249",Mau,562013,2024-08-20,Inactive,15,890.77,2024-04-21 13:15:43,1.0,2840.82,197.0,76
3468355,Chameli Subramanian,lekhanarula@example.org,918771303133,"73/891
Tailor Nagar
Raiganj-161841",Pune,427282,2024-06-02,New,12,1734.51,2024-05-30 05:59:29,1.0,367.08,158.0,155
34095555,Charan Misra,leena91@example.org,910127468497,"72/930, Amble Road, Kalyan-Dombivli 395063",Raiganj,561007,2023-09-07,Premium,9,1536.28,2024-01-29 17:42:04,4.0,6863.509999999999,280.0,424
76020843,Banjeet Behl,nairnihal@example.net,915558404725,"H.No. 222, Natt Ganj
Motihari 339268",New Delhi,619007,2024-06-25,Regular,6,784.7,2024-07-29 02:53:06,2.0,6230.75,98.0,132
80571942,Mohammed Magar,bailavi@example.org,918023559312,"595, Ranganathan Chowk, Kadapa 969488",Kishanganj,140451,2023-09-01,Regular,10,980.64,2024-10-22 11:07:22,6.0,13128.33,13.0,430
19375332,Udarsh Rao,chaitanya86@example.org,919352033779,"643, Kohli Circle
Jorhat 826776",Jodhpur,278850,2024-07-01,Regular,20,1556.48,2024-09-28 21:59:52,2.0,5604.14,36.0,126
8739903,Yamini Bir,giriklata@example.com,918498829243,"66
Reddy Zila, Guwahati 103557",Thane,985691,2023-07-07,Regular,9,1689.59,,0.0,0.0,,486
55472026,Urishilla Bhatnagar,pwalia@example.org,911246382291,"518
Hegde Circle
Kishanganj-108379",Allahabad,925280,2023-08-28,New,2,730.33,2024-09-16 23:33:42,2.0,2277.77,48.0,434
19581959,Eesha Sahota,kannanlibni@example.org,912909234221,"728, Sarna, Katihar-382238",Ghaziabad,187788,2023-04-23,Premium,5,1517.34,2023-11-27 04:56:51,2.0,4418.9,343.0,561
32585389,Abhimanyu Sachdeva,daksheshdave@example.net,917845894228,"36/52
Mane Street
Rohtak 670007",Howrah,717606,2023-11-13,Premium,3,1378.77,2024-07-14 08:23:35,2.0,6848.08,113.0,357
24308515,Thomas Walia,laksh53@example.com,918989427140,"401
Baral Chowk
Thrissur 779900",Panchkula,546301,2023-10-26,Regular,20,1801.96,2024-07-21 05:29:04,3.0,5402.87,106.0,375
63025744,Eta Mander,vrishtinarasimhan@example.com,912186515183,"644
Minhas Ganj
Shahjahanpur 651838",Panipat,478112,2023-10-02,Regular,6,1112.65,2023-04-14 21:43:40,1.0,477.12,569.0,399
89036169,Kashvi Chaudhuri,inayabal@example.org,914537045887,"H.No. 75
Balay Path
Solapur-409336",Deoghar,856727,2024-03-05,Inactive,12,1133.25,2024-01-22 20:01:10,3.0,6247.16,287.0,244
1816969,Tejas Pillai,xsarin@example.org,918471946574,"74/97, Warrior Ganj
Tadepalligudem 137156",Vadodara,441464,2024-03-05,Premium,2,1902.69,2024-08-05 07:01:50,2.0,7750.5599999999995,91.0,244
18256339,Dalbir Dora,lsandal@example.net,915558640391,"90/329, Bhatt Circle, Thane 548250",Mumbai,963704,2023-11-04,New,5,1719.33,2024-08-26 00:46:08,3.0,7505.38,70.0,366
87059497,Abeer Merchant,peterkuruvilla@example.net,910387963526,"H.No. 69, Mangal Zila
Sikar-669273",Jamshedpur,771247,2024-02-09,Regular,5,1137.61,2024-06-21 19:09:09,2.0,3985.79,136.0,269
47577193,Chaaya Wable,zvenkatesh@example.net,916830988927,"41/37, Raja Marg
Tumkur-353412",Dehri,410068,2024-02-05,Premium,16,1578.87,2024-08-28 16:56:29,3.0,6003.39,68.0,273
95595403,Rushil Walia,duttadamini@example.org,917066344525,"46, Tiwari
Nandyal-807876",Durgapur,533130,2024-03-06,Regular,10,1368.49,,0.0,0.0,,243
57658033,Rajeshri Ramaswamy,lvarghese@example.org,918483610765,"25/38, Banerjee Marg, Raurkela Industrial Township 526429",Yamunanagar,357745,2023-11-10,New,8,1281.84,2023-06-19 08:05:51,2.0,3981.4700000000003,504.0,360
4597433,Lipika Kumer,faras46@example.org,917227252187,"H.No. 038, Devan Path, Bally-571011",Tadepalligudem,580130,2024-04-02,Inactive,3,821.84,2024-08-26 16:17:59,6.0,15497.68,70.0,216
7923550,Amruta Grewal,sarakibe@example.com,912307649205,"H.No. 854, Bora Chowk
Kishanganj-726465",Panihati,833973,2023-09-02,New,17,1813.79,,0.0,0.0,,429
21553672,Udyati Puri,rsarin@example.org,917996660006,"H.No. 647, Kade Nagar, Bhiwani-273365",Morbi,278827,2024-04-19,New,1,429.36,,0.0,0.0,,199
80499378,Ekta Chowdhury,warindertripathi@example.net,916375557719,"H.No. 521
Buch, Shimla-883080",South Dumdum,642495,2024-09-17,Inactive,3,759.03,2024-02-27 15:17:56,1.0,825.46,251.0,48
16410155,Darika Barman,bathrohan@example.com,913150683554,"93/97
Nazareth, Chennai 927497",Bidhannagar,306843,2023-04-29,Premium,8,601.32,2024-08-22 15:55:25,3.0,7414.59,74.0,555
52423524,Nihal Ravi,maanav40@example.net,911483884080,"27/97, Sodhi Nagar, Ichalkaranji 970201",Ludhiana,386268,2023-06-05,Inactive,19,473.06,,0.0,0.0,,518
20834589,Parth Madan,udantcomar@example.net,917645807273,"28/25, Pal Road, Erode-179824",Giridih,330314,2024-07-15,Inactive,8,740.07,2024-10-28 20:12:29,3.0,9303.29,7.0,112
70372270,Yadavi Garg,dalbir46@example.org,913908636963,"H.No. 738
Dar
Farrukhabad-031738",Ichalkaranji,993809,2023-08-05,New,15,1420.71,2024-06-24 02:37:36,3.0,6642.6,133.0,457
18082040,Jonathan Bir,fzachariah@example.net,913146843010,"H.No. 32, Khalsa Street, Ludhiana 691751",Kochi,824038,2024-04-03,Regular,17,1098.59,2024-05-29 02:36:15,3.0,5506.83,159.0,215
24745800,Isaac Mutti,kantganga@example.net,916331374508,"07/52
Peri Ganj
Adoni-368437",New Delhi,465288,2024-01-10,Premium,3,1657.15,2024-02-14 01:04:54,1.0,3086.21,264.0,299
12698783,Jyoti Lata,gaurangi28@example.org,914420644949,"H.No. 27
Barman Path, Suryapet-753989",Karnal,590916,2024-10-06,Inactive,8,1040.64,,0.0,0.0,,29
24821281,Onveer Kanda,shenoyekavir@example.net,913943891102,"462
Bal Road
Bhiwani-601105",Khora ,618702,2023-06-04,Regular,10,1004.08,2024-06-21 14:57:19,4.0,8894.45,136.0,519
17843667,Yauvani Purohit,noahdevi@example.org,918945163241,"37/337, Tank Road
Mau-206951",Bhubaneswar,599055,2024-03-20,New,4,618.64,2024-10-05 05:59:07,1.0,1153.83,30.0,229
75137446,Oliver Bahl,tamanna95@example.net,911106538362,"07/364
Mohan Road, Siwan-953038",Kochi,484847,2024-03-30,New,10,1290.79,,0.0,0.0,,219
43295656,Wyatt Bhasin,ppalla@example.org,917864449215,"06/508, Dalal Nagar
Jaunpur 214842",Sagar,356947,2024-02-21,Regular,4,1306.25,2024-11-03 16:41:57,4.0,8914.42,1.0,257
10663246,Madhav Chana,abhiram84@example.org,915954812756,"31/173, Kalita Nagar, Nashik-267071",Gandhidham,538790,2023-10-29,Regular,12,1976.29,2024-06-01 13:09:54,2.0,4821.82,156.0,372
74038361,Vasatika Lanka,yhayer@example.net,913658043878,"268
Chander Circle
Mehsana 867984",Khandwa,27671,2023-10-02,New,15,236.72,2024-04-16 04:39:11,2.0,7563.71,202.0,399
56548063,Advay Baria,qushikrish@example.net,910860756884,"H.No. 54
Bhandari Path
Siliguri-730057",Thanjavur,443618,2024-08-11,New,20,537.48,2024-08-27 19:59:28,3.0,7606.91,69.0,85
58893807,Faris Sekhon,chopradiya@example.net,913942225634,"H.No. 450, Kibe, Ghaziabad 278382",Tirunelveli,29632,2024-02-15,Inactive,14,1163.42,,0.0,0.0,,263
1301661,Yashvi Parekh,rmanne@example.net,913098824463,"75/740, Tara Road, Pali 035417",Saharanpur,524586,2023-12-26,Inactive,8,623.8,2024-07-03 12:00:31,1.0,1395.67,124.0,314
72263318,Reyansh Sankar,gautamisura@example.org,915641098056,"061
Agrawal Chowk, Bhatpara 564696",Fatehpur,398070,2023-06-23,Inactive,8,1372.05,2024-06-23 03:12:15,2.0,3494.55,134.0,500
16484167,Hemal Bala,fdhawan@example.net,911704972759,"29/31, Mukhopadhyay Marg
Jorhat 795736",Guwahati,104698,2023-04-07,New,19,1128.06,2023-04-07 06:36:05,1.0,3927.09,577.0,577
74694186,Nisha Jhaveri,nrout@example.net,915254948647,"07/68
Sibal Path, Haldia 724455",Hubli–Dharwad,956627,2024-09-14,Inactive,3,1566.5,2024-06-02 03:23:24,2.0,6031.59,155.0,51
89472859,Ekaraj Dash,harirajeshri@example.org,913836348112,"70/52
Gokhale Marg, Machilipatnam-472393",Saharsa,209011,2023-08-27,Inactive,2,1181.99,2023-06-12 14:45:29,1.0,2144.77,511.0,435
21697638,Hredhaan Bhagat,taraksrinivas@example.net,913740109384,"H.No. 774
Rastogi Road, Bhusawal 085217",Sirsa,422943,2024-06-13,New,1,381.19,2023-12-09 16:59:35,4.0,4197.09,331.0,144
74231111,Jhalak Varty,nandayuvraj@example.org,911288217732,"50/52
Bhatt Nagar
Pali-230302",Thane,190824,2023-10-05,Premium,15,514.31,2024-07-03 05:52:52,2.0,4488.46,124.0,396
89523804,Girik Sangha,smane@example.net,911909354917,"H.No. 42
Dhar Nagar, Akola-282403",Kottayam,262919,2024-04-25,Inactive,1,1054.0,2023-03-24 16:57:27,1.0,1731.34,591.0,193
22694456,Eesha Saha,esarin@example.net,918711724468,"H.No. 78, Tiwari Ganj
Ahmednagar 908031",Nashik,66654,2024-03-20,New,6,697.9,2024-10-10 09:25:22,5.0,12685.68,25.0,229
14940427,Sara Rajagopalan,devshanker@example.com,913322969364,"47
Datta Nagar
Jaipur-591851",Loni,793600,2023-06-01,Premium,3,1992.36,2024-09-09 08:59:24,3.0,7194.67,56.0,522
81940825,Kamala Thaman,ctank@example.org,910357308346,"35/75, Bhalla Road, Burhanpur 621162",Proddatur,938207,2023-10-14,New,4,1119.75,,0.0,0.0,,387
73392739,Chaitaly Kakar,vohrachameli@example.com,915510647238,"59/60, Bhatnagar Chowk
Mysore-383918",Bikaner,682021,2024-03-17,New,18,1378.5,2024-05-02 03:12:20,3.0,11129.71,186.0,232
52770036,Lopa Bobal,kashyapthomas@example.org,910663980035,"82, Bhargava Nagar
Kishanganj-297154",Bathinda,212770,2024-08-19,New,14,1207.51,2024-01-16 05:36:12,3.0,3295.67,293.0,77
38902193,Yutika Sandhu,radhaperi@example.com,919333362800,"H.No. 65
Dani, Bareilly-865864",Bellary,953914,2024-08-08,New,6,1275.29,2024-04-02 19:35:56,4.0,9443.15,216.0,88
72287157,Ekbal Kaur,mangaldalaja@example.com,918692700290,"81
Choudhary Street, New Delhi-303095",Machilipatnam,289225,2023-08-29,New,20,1706.71,,0.0,0.0,,433
94179692,Faras Bahri,wishi97@example.org,912987884359,"93, Bose Path, Ghaziabad 660236",Alwar,767956,2024-09-18,New,3,1494.14,2024-09-15 02:36:25,1.0,2638.02,50.0,47
61851054,Bhavya Tiwari,aarnav95@example.org,917984013881,"H.No. 19
Solanki Street
Kadapa-649070",Tadipatri,380443,2024-06-11,Regular,10,1154.65,2024-01-03 08:27:26,2.0,4015.51,306.0,146
1562083,Madhavi Mishra,inayabadal@example.net,915460239789,"49/31
Chahal Road, Jalna-373980",Bhopal,405442,2024-01-11,Premium,13,695.02,2024-09-12 04:16:57,2.0,4294.33,53.0,298
33671354,Veda Chhabra,sawhneyishanvi@example.net,912399510598,"45/125
Lala
Ratlam 745782",Bijapur,189078,2024-09-26,Inactive,12,1908.12,,0.0,0.0,,39
46023497,Baljiwan Nagi,wjayaraman@example.com,917679715905,"863
Sarkar Road, Bokaro-229992",Delhi,31910,2024-05-15,Premium,12,1856.92,2024-06-15 21:30:18,1.0,325.08,141.0,173
83597876,Tanmayi Oak,msaha@example.org,919039949572,"43/897
Thakkar Circle, Karimnagar-794484",Katni,357046,2023-12-21,Premium,10,1646.68,2024-06-24 19:43:14,2.0,2948.37,133.0,319
52913011,Chaitaly Parekh,chanakyakashyap@example.com,914849409792,"H.No. 84, Verma, Tirupati-193891",Dhule,505219,2023-11-01,Inactive,7,1952.94,2024-08-25 06:07:25,2.0,8561.24,71.0,369
81373608,Priya Rai,charannarain@example.net,913155698033,"H.No. 36, Ravel Ganj
North Dumdum 835823",Durg,701263,2023-06-14,Inactive,4,605.47,2023-08-18 13:36:21,1.0,3335.13,444.0,509
46885873,Wahab Luthra,labanpadmanabhan@example.net,911463211832,"98/05
Master Road
Karawal Nagar-963507",Aizawl,253575,2023-09-19,Premium,4,946.64,2024-05-13 07:04:41,2.0,5424.1,175.0,412
31831843,Aarini Bir,htailor@example.com,919194767607,"H.No. 39, Sura Street
Shahjahanpur-125310",Machilipatnam,762247,2023-03-28,Inactive,10,1284.27,2023-11-06 15:18:46,2.0,1379.08,364.0,587
85088479,Tanvi Magar,sanayanagar@example.org,915188074658,"H.No. 998
Halder Marg, Sultan Pur Majra-008125",Rajkot,779561,2024-11-04,Inactive,17,1636.63,2023-10-15 22:56:35,1.0,1819.74,385.0,0
97770901,Dhruv Krishna,lajitasekhon@example.com,912993705405,"H.No. 805, Bhatia Zila
Rajpur Sonarpur 721299",Bidhannagar,571261,2023-04-05,Inactive,11,1896.36,2024-10-10 19:27:15,3.0,5937.81,25.0,579
4055790,Noah Malhotra,dkannan@example.net,915394267346,"H.No. 71
Bhatia Ganj
Kavali 971275",Jamnagar,170135,2023-11-14,Regular,13,1178.81,2023-10-03 08:17:06,2.0,4109.889999999999,398.0,356
84986716,Eta Hegde,aishanisachar@example.org,913326580748,"H.No. 47, Bhavsar Path, Baranagar-818711",Begusarai,408698,2024-04-21,Regular,8,420.78,2024-03-15 00:16:18,1.0,3196.92,234.0,197
77085443,Prisha Nadkarni,yagneshdhar@example.net,917683218307,"H.No. 753
Bala Chowk, Bhalswa Jahangir Pur 704393",Naihati,455466,2024-03-15,Regular,9,1742.63,2023-11-17 08:58:17,2.0,4509.45,353.0,234
10642655,Omaja Warrior,ujaggi@example.net,913369567498,"55/090, Deshmukh Path
Siliguri 815361",Gorakhpur,115141,2023-11-26,Premium,1,726.89,,0.0,0.0,,344
35826539,Widisha Kapur,dharmohammed@example.org,911771548263,"97/832
Bhagat
Silchar-117534",Deoghar,81838,2024-08-28,New,6,1155.12,2023-09-23 03:12:41,3.0,11471.11,408.0,68
376144,Ira Chhabra,caleb02@example.com,914254514422,"H.No. 39
Sarkar Path
Karawal Nagar-657936",Anantapuram,627253,2023-12-19,Regular,13,1784.32,2024-07-14 09:14:56,5.0,9359.35,113.0,321
22054087,Peter Buch,agour@example.org,917058067815,"45/632, Ram, Mango 377332",Miryalaguda,536699,2024-01-05,Inactive,18,1197.98,2024-03-10 14:22:58,3.0,5695.27,239.0,304
21481338,Rajata Upadhyay,agatemaanav@example.org,914330661503,"H.No. 357
Subramanian Road, Mirzapur-401810",Tirunelveli,90749,2023-11-17,New,17,480.61,2024-10-13 13:46:50,2.0,5430.7,22.0,353
22851478,Vamakshi Bhardwaj,parthbarman@example.com,915320758729,"H.No. 24, Nayar Ganj, Gulbarga-261578",Varanasi,799601,2023-11-13,Regular,14,1722.19,2024-01-06 15:42:03,2.0,4111.64,303.0,357
3002538,Sanya Sule,watikasachar@example.net,911024214855,"H.No. 335
Pathak Ganj, Ramagundam-658342",Sonipat,755769,2024-07-10,Inactive,14,489.91,2024-08-24 15:46:55,2.0,3130.74,72.0,117
69339331,Zehaan Kapur,mitesh70@example.net,911036174682,"65/63
Bhasin Circle, Bally-812118",Raurkela Industrial Township,343490,2024-03-02,Regular,5,1567.18,2024-07-13 05:31:47,1.0,4099.53,114.0,247
14991661,Logan Nigam,ygole@example.org,919134562959,"55/903, Ben Zila, Erode 211292",Chandrapur,865476,2023-10-18,New,18,1719.35,2024-07-19 09:22:31,2.0,4277.14,108.0,383
38613295,Sai Panchal,falan03@example.com,915744398526,"32, Ramaswamy Zila, Hapur-147704",Vadodara,254021,2023-08-20,New,17,544.45,2024-02-24 22:05:43,1.0,580.18,253.0,442
51872499,Nakul Banerjee,sanghayashoda@example.org,910473581550,"H.No. 60, Narain Chowk
Sirsa 944864",Bareilly,264965,2024-04-11,Premium,1,1234.0,2024-07-29 20:56:08,2.0,4379.29,97.0,207
8241122,Tristan Zachariah,jmane@example.org,919062401078,"68/77
Bajaj Zila, Alappuzha-525010",Ambarnath,314766,2024-09-30,Inactive,12,833.32,2024-07-21 20:11:14,4.0,6669.82,106.0,35
97033691,Aarini Muni,golazaitra@example.com,913045351053,"66, Garde Road, Cuttack 933700",Mysore,394940,2024-08-14,Premium,2,1268.05,2024-05-19 11:15:16,3.0,5896.33,169.0,82
69242672,Ranveer Sheth,sidhuparth@example.com,914909996949,"38/907, Maharaj Ganj
Panihati 378139",Gandhidham,791492,2023-04-19,Regular,3,1490.73,2024-09-18 12:33:42,2.0,6311.469999999999,47.0,565
41512861,Veer Kant,qarinsundaram@example.org,910705645725,"37/812, Pal Zila
Bidar-969809",Purnia,831675,2024-04-24,Regular,11,696.12,,0.0,0.0,,194
3408982,Tripti Chakraborty,abhiramkunda@example.org,910686600788,"19, Dara Zila
Aligarh 920735",Bhatpara,119108,2023-07-01,Premium,5,656.97,2024-09-06 01:36:17,4.0,9310.22,59.0,492
42589311,Yadavi Uppal,sureshwahab@example.org,918756937201,"167, Oommen Marg, Katihar-142018",Dehradun,176202,2023-11-29,Regular,11,452.1,2024-04-21 23:13:31,2.0,5880.030000000001,196.0,341
75732571,Garima Behl,alata@example.com,914822074111,"H.No. 218, Lad Path
Kumbakonam 190927",Muzaffarnagar,882501,2024-04-20,New,20,1981.72,,0.0,0.0,,198
39681023,Pranit Randhawa,jhabachittar@example.net,919561479218,"90, Keer Chowk, Vijayanagaram 711008",Pimpri-Chinchwad,730587,2023-09-04,Premium,16,1084.73,,0.0,0.0,,427
94404245,Quincy Chauhan,kadetamanna@example.com,911392035916,"01
Hayer Chowk
Gopalpur 936167",Rampur,630779,2024-05-14,Inactive,5,564.03,2024-08-30 07:15:06,1.0,1498.34,66.0,174
97484394,Ayush Choudhry,deoikshita@example.org,919444247870,"57/065, Gala Path
Hindupur 640702",Jaipur,577563,2024-04-05,Inactive,4,669.01,2024-07-19 01:53:39,1.0,1662.15,108.0,213
66827191,Om Bhatia,manineelima@example.com,912414654009,"H.No. 33
Devi Ganj
Arrah 827426",Alwar,409528,2023-11-19,New,11,1808.42,,0.0,0.0,,351
50554007,Ekaja Pillai,abhakaul@example.com,914597059930,"H.No. 214, Divan Road
Hindupur 028048",Baranagar,534970,2023-04-04,Premium,5,1597.14,,0.0,0.0,,580
65895091,Chaitaly Shere,vedhikakeer@example.com,919296110004,"H.No. 021
Balan Road, Kadapa-276118",Orai,59036,2023-11-11,Inactive,8,1634.33,2024-03-13 21:43:46,3.0,6834.72,235.0,359
48002829,Daksh Mandal,varkeymohammed@example.com,919587731286,"28/42, Venkataraman Ganj, Kishanganj-360157",Mumbai,45238,2024-01-25,Inactive,17,754.33,2024-07-19 01:27:35,2.0,5469.88,108.0,284
57392064,Lavanya Jain,deshpandeom@example.com,916137420258,"391, Edwin Path, Korba 202726",Udupi,688100,2024-06-23,Regular,4,1540.81,2024-04-18 12:12:45,4.0,7425.65,200.0,134
71688530,Umang Dash,gokhalenicholas@example.org,917595275963,"151, Parmer Ganj
Loni 906431",Kavali,528749,2024-03-18,Regular,1,1541.22,,0.0,0.0,,231
89051578,Zinal Natarajan,vyasfrado@example.com,911994009448,"H.No. 172, Khanna Street, Pudukkottai 610564",Alwar,586734,2024-09-06,Premium,12,1185.5,2024-04-03 08:47:01,1.0,475.04,215.0,59
78738569,Eiravati Sundaram,onkar24@example.com,914320353753,"H.No. 791, Sur Path
Bally 982559",Dewas,342448,2023-05-10,Inactive,4,376.5,,0.0,0.0,,544
