campaign_id,campaign_name,date,target_audience,channel,impressions,clicks,conversions,spend,revenue_generated,roas,ctr_pct,conversion_rate_pct
548299,New User Discount,2024-11-05,Premium,App,3130,163,78,1431.85,4777.75,3.6,5.207667731629393,47.85276073619632
390914,Weekend Special,2024-11-05,Inactive,App,3925,494,45,4506.34,6238.11,2.98,12.585987261146498,9.109311740890687
834385,Festival Offer,2024-11-05,Inactive,Email,7012,370,78,4524.23,2621.0,2.95,5.276668568168853,21.08108108108108
241523,Flash Sale,2024-11-05,Inactive,SMS,1115,579,86,3622.79,2955.0,2.84,51.92825112107623,14.853195164075995
595111,Membership Drive,2024-11-05,New Users,Email,7172,795,54,2888.99,8951.81,2.22,11.084774121583937,6.7924528301886795
176344,Category Promotion,2024-11-05,Inactive,App,4333,421,40,2714.78,6697.88,3.89,9.716132010154627,9.501187648456057
875646,App Push Notification,2024-11-05,Premium,Email,4752,937,21,3584.76,9152.99,2.14,19.718013468013467,2.2411953041622197
5516,Email Campaign,2024-11-05,Premium,Social Media,1559,418,68,1457.88,2156.09,3.92,26.8120590121873,16.267942583732058
989534,Referral Program,2024-11-05,New Users,SMS,3838,911,45,4808.64,8074.17,1.7,23.736321000521105,4.939626783754116
243346,New User Discount,2024-11-04,Inactive,SMS,6289,834,14,3746.35,4474.02,2.56,13.261249801240261,1.6786570743405276
775791,Weekend Special,2024-11-04,Inactive,App,1068,496,87,1043.7,9535.85,3.15,46.441947565543074,17.540322580645164
178345,Festival Offer,2024-11-04,Inactive,Social Media,4229,914,84,1370.63,3521.16,1.65,21.61267439110901,9.190371991247265
60966,Flash Sale,2024-11-04,Inactive,App,2712,161,89,4870.23,2626.78,2.03,5.936578171091445,55.27950310559007
209071,Membership Drive,2024-11-04,New Users,Social Media,9365,753,53,3817.01,7072.56,1.55,8.04057661505606,7.03851261620186
712164,Category Promotion,2024-11-04,All,App,4813,321,88,2512.51,6494.09,2.55,6.669436941616455,27.41433021806853
301304,App Push Notification,2024-11-04,Inactive,Social Media,8840,466,24,1776.92,5356.59,3.17,5.271493212669683,5.150214592274678
755362,Email Campaign,2024-11-04,Inactive,App,7409,949,99,1599.21,7907.75,1.93,12.808746119584288,10.432033719704952
362255,Referral Program,2024-11-04,Premium,SMS,1997,599,92,3328.47,2278.39,3.09,29.994992488733104,15.358931552587645
538453,New User Discount,2024-11-03,New Users,Social Media,9594,692,58,3712.46,2591.79,3.01,7.212841359182823,8.38150289017341
146888,Weekend Special,2024-11-03,New Users,Email,8974,799,64,4907.38,9623.97,2.36,8.90349899710274,8.010012515644556
36202,Festival Offer,2024-11-03,New Users,Email,7102,858,53,1454.23,8523.27,2.87,12.081103914390312,6.177156177156177
232494,Flash Sale,2024-11-03,All,Social Media,9487,109,54,1364.19,5855.87,1.61,1.1489406556340256,49.54128440366973
757108,Membership Drive,2024-11-03,Inactive,Email,5922,258,41,1815.23,9798.33,2.73,4.356636271529888,15.891472868217054
294530,Category Promotion,2024-11-03,All,App,4630,860,76,4337.91,3326.76,1.86,18.57451403887689,8.837209302325581
627085,App Push Notification,2024-11-03,All,Email,6291,130,66,4644.01,2649.48,3.23,2.0664441265299636,50.76923076923077
954798,Email Campaign,2024-11-03,All,Email,6347,737,100,2352.91,5816.29,3.0,11.611785095320624,13.568521031207597
675313,Referral Program,2024-11-03,New Users,Email,2465,560,60,4857.36,2528.08,1.62,22.718052738336713,10.714285714285714
588949,New User Discount,2024-11-02,Premium,App,7171,211,22,3120.88,8989.36,3.51,2.9424069167480127,10.42654028436019
137874,Weekend Special,2024-11-02,All,App,6082,497,59,1897.04,3654.1,1.95,8.17165406116409,11.87122736418511
674904,Festival Offer,2024-11-02,New Users,Social Media,3297,613,19,3819.45,2007.51,3.75,18.59265999393388,3.0995106035889073
783220,Flash Sale,2024-11-02,Inactive,App,5550,633,12,1947.14,3460.9,2.75,11.405405405405405,1.8957345971563981
877083,Membership Drive,2024-11-02,Premium,SMS,3446,155,51,3415.84,8018.45,3.18,4.4979686593151476,32.903225806451616
228966,Category Promotion,2024-11-02,Premium,SMS,8998,632,55,4905.7,8801.61,3.79,7.023783062902868,8.702531645569621
531307,App Push Notification,2024-11-02,All,App,7562,975,73,2298.76,7097.94,1.8,12.893414440624174,7.487179487179488
51098,Email Campaign,2024-11-02,New Users,SMS,1423,802,40,1818.73,4672.26,3.83,56.35980323260716,4.987531172069826
501568,Referral Program,2024-11-02,Premium,Email,7215,508,25,2202.62,3845.1,1.84,7.040887040887041,4.921259842519685
703072,New User Discount,2024-11-01,All,App,4360,724,38,1905.02,4231.84,3.01,16.605504587155963,5.248618784530387
978279,Weekend Special,2024-11-01,All,Email,9713,686,94,2062.29,9160.3,3.06,7.062699474930506,13.702623906705538
350042,Festival Offer,2024-11-01,All,Email,5538,362,51,2486.88,9687.96,2.2,6.53665583243048,14.088397790055248
675128,Flash Sale,2024-11-01,New Users,App,8141,828,37,4123.86,3539.73,2.47,10.170740695246284,4.4685990338164245
439725,Membership Drive,2024-11-01,Inactive,SMS,4249,945,87,1330.62,3115.55,3.59,22.240527182866558,9.206349206349207
39545,Category Promotion,2024-11-01,All,SMS,1489,317,95,2527.82,9966.89,3.03,21.289456010745468,29.96845425867508
473315,App Push Notification,2024-11-01,New Users,Email,5817,987,53,4371.4,5119.87,2.07,16.967509025270758,5.369807497467072
789925,Email Campaign,2024-11-01,Inactive,Email,9893,751,88,3569.0,6649.77,2.23,7.59122611947842,11.717709720372836
249657,Referral Program,2024-11-01,All,Email,6898,977,15,4874.26,3343.94,2.82,14.163525659611482,1.5353121801432956
795261,New User Discount,2024-10-31,New Users,Email,7876,977,73,1813.53,6438.12,3.73,12.404773996952768,7.471852610030706
601445,Weekend Special,2024-10-31,Inactive,SMS,5624,386,70,3572.92,5202.67,1.96,6.863442389758179,18.134715025906736
830587,Festival Offer,2024-10-31,Inactive,App,1081,662,47,2001.9,3301.92,3.52,61.23959296947271,7.099697885196375
706750,Flash Sale,2024-10-31,Premium,App,4511,338,27,1645.66,2073.23,2.57,7.492795389048991,7.988165680473373
584256,Membership Drive,2024-10-31,Inactive,SMS,1810,750,44,1279.23,5722.42,2.73,41.43646408839779,5.866666666666666
886076,Category Promotion,2024-10-31,Premium,SMS,3930,591,25,4678.74,5102.75,1.78,15.038167938931299,4.230118443316413
855895,App Push Notification,2024-10-31,Premium,Email,8796,873,86,2339.85,3999.7,2.98,9.924965893587995,9.851088201603666
514715,Email Campaign,2024-10-31,New Users,App,2341,369,38,2721.86,2480.73,3.48,15.762494660401538,10.29810298102981
741376,Referral Program,2024-10-31,Premium,Email,9694,799,32,3162.72,8424.83,2.48,8.24221167732618,4.005006257822278
347837,New User Discount,2024-10-30,All,Email,8433,551,97,2510.51,7701.36,3.8,6.533855093086684,17.604355716878402
358482,Weekend Special,2024-10-30,New Users,App,4788,628,76,2603.2,2979.58,3.95,13.116123642439431,12.101910828025478
510301,Festival Offer,2024-10-30,All,App,5744,207,47,1966.98,3566.39,2.67,3.603760445682451,22.705314009661837
258760,Flash Sale,2024-10-30,New Users,App,4130,779,89,1741.85,5487.39,1.56,18.861985472154963,11.424903722721439
678723,Membership Drive,2024-10-30,Inactive,SMS,7316,950,54,1650.8,5407.95,2.13,12.985237834882449,5.684210526315789
490727,Category Promotion,2024-10-30,Premium,SMS,7583,501,30,4937.7,8031.55,1.93,6.606883819068971,5.9880239520958085
378426,App Push Notification,2024-10-30,Premium,App,2155,719,70,2233.21,6322.5,3.82,33.364269141531324,9.735744089012517
158279,Email Campaign,2024-10-30,New Users,Email,3245,443,30,1970.09,8773.38,3.74,13.651771956856704,6.772009029345373
57394,Referral Program,2024-10-30,All,App,3328,377,75,3212.25,3778.57,1.74,11.328125,19.893899204244033
633088,New User Discount,2024-10-29,Premium,Email,3832,930,26,2133.42,3655.75,2.51,24.269311064718163,2.795698924731183
827451,Weekend Special,2024-10-29,All,SMS,6494,422,30,2744.72,4665.13,3.49,6.498306128734216,7.109004739336493
221166,Festival Offer,2024-10-29,New Users,Email,2851,712,99,1415.72,7808.19,3.09,24.973693440897932,13.904494382022472
581436,Flash Sale,2024-10-29,Premium,App,2489,543,54,1101.24,8701.2,3.65,21.815990357573323,9.94475138121547
399972,Membership Drive,2024-10-29,All,Email,5187,741,58,1185.35,2169.17,3.73,14.285714285714285,7.827260458839406
467912,Category Promotion,2024-10-29,All,SMS,3949,486,87,4568.63,9613.16,1.87,12.306913142567739,17.901234567901234
928724,App Push Notification,2024-10-29,New Users,Email,8668,660,36,3904.68,2757.27,3.05,7.614213197969544,5.454545454545454
639165,Email Campaign,2024-10-29,Inactive,SMS,1771,226,98,2154.4,8055.52,1.74,12.761151891586675,43.36283185840708
270413,Referral Program,2024-10-29,All,Email,1377,278,43,2165.16,4371.9,3.85,20.18881626724764,15.467625899280577
652845,New User Discount,2024-10-28,All,SMS,4258,162,45,2098.74,8237.05,2.49,3.80460310004697,27.77777777777778
159675,Weekend Special,2024-10-28,Inactive,Email,2239,183,85,1183.89,9661.81,3.17,8.173291648057168,46.44808743169399
89176,Festival Offer,2024-10-28,All,SMS,1666,508,20,3586.46,3395.18,3.25,30.4921968787515,3.937007874015748
294030,Flash Sale,2024-10-28,Inactive,App,1679,965,57,1452.05,6109.1,3.05,57.474687313877304,5.9067357512953365
448860,Membership Drive,2024-10-28,New Users,Email,2775,396,33,4290.98,8723.84,2.1,14.270270270270272,8.333333333333332
618403,Category Promotion,2024-10-28,Inactive,App,1153,198,99,3455.94,4935.65,1.84,17.17259323503903,50.0
795975,App Push Notification,2024-10-28,Inactive,SMS,6100,642,66,3409.53,9276.19,2.56,10.524590163934427,10.2803738317757
453312,Email Campaign,2024-10-28,New Users,App,1618,301,32,3165.37,7731.79,2.61,18.603213844252164,10.631229235880399
468423,Referral Program,2024-10-28,New Users,Email,1927,298,96,2617.58,9553.44,3.03,15.464452516865595,32.21476510067114
359366,New User Discount,2024-10-27,All,Email,1685,999,46,1055.61,4223.44,1.55,59.28783382789318,4.604604604604605
69903,Weekend Special,2024-10-27,Inactive,App,1085,706,41,4118.41,3837.05,2.72,65.06912442396313,5.807365439093484
613932,Festival Offer,2024-10-27,Premium,App,4726,709,59,3577.71,3104.01,1.94,15.002115954295386,8.321579689703809
992886,Flash Sale,2024-10-27,Premium,Email,9194,537,42,2925.63,3760.51,1.66,5.8407657167718074,7.82122905027933
380809,Membership Drive,2024-10-27,Inactive,Email,3122,496,84,2365.57,2572.69,3.47,15.887251761691223,16.93548387096774
509178,Category Promotion,2024-10-27,Premium,Social Media,6487,644,48,3457.17,2472.34,1.62,9.927547402497302,7.453416149068323
794495,App Push Notification,2024-10-27,New Users,App,3049,634,58,2093.96,7406.66,2.9,20.793702853394556,9.14826498422713
880379,Email Campaign,2024-10-27,All,App,2399,335,41,4785.81,9369.74,2.39,13.964151729887453,12.238805970149254
561555,Referral Program,2024-10-27,All,Social Media,4881,102,89,4549.44,8205.53,1.93,2.089735709895513,87.25490196078431
530223,New User Discount,2024-10-26,Inactive,App,8865,176,27,1137.88,6799.15,2.54,1.985335589396503,15.340909090909092
495008,Weekend Special,2024-10-26,Premium,SMS,7698,120,100,4992.5,3353.4,2.3,1.558846453624318,83.33333333333334
565307,Festival Offer,2024-10-26,Premium,SMS,1600,241,72,4917.53,7945.34,1.82,15.0625,29.87551867219917
842270,Flash Sale,2024-10-26,Inactive,SMS,9800,758,53,3310.25,8683.82,2.47,7.73469387755102,6.992084432717678
737765,Membership Drive,2024-10-26,New Users,SMS,9214,909,48,3400.97,9608.9,3.65,9.865422183633601,5.2805280528052805
521471,Category Promotion,2024-10-26,All,SMS,2315,704,100,4403.4,9400.79,3.16,30.41036717062635,14.204545454545455
42263,App Push Notification,2024-10-26,Inactive,Email,1723,258,81,1558.93,8570.27,2.02,14.973882762623331,31.3953488372093
664981,Email Campaign,2024-10-26,New Users,Social Media,1002,705,63,3599.79,4311.79,4.0,70.35928143712576,8.936170212765958
887586,Referral Program,2024-10-26,Inactive,Social Media,3797,149,50,3393.94,6539.92,3.45,3.924150645246247,33.557046979865774
408371,New User Discount,2024-10-25,New Users,App,7239,579,61,4575.26,6288.51,3.88,7.998342312474099,10.535405872193436
993186,Weekend Special,2024-10-25,Premium,Email,2258,513,75,2383.71,5454.96,2.39,22.719220549158546,14.619883040935672
762331,Festival Offer,2024-10-25,Inactive,App,5882,577,19,4474.48,4596.52,2.79,9.80958857531452,3.2928942807625647
209173,Flash Sale,2024-10-25,Premium,Email,8130,137,18,1715.46,9959.51,2.33,1.6851168511685117,13.138686131386862
903905,Membership Drive,2024-10-25,Inactive,App,6268,973,15,3117.62,8722.31,2.13,15.523292916400766,1.5416238437821173
668975,Category Promotion,2024-10-25,New Users,App,5437,972,80,4583.85,7105.69,1.59,17.877505977561157,8.23045267489712
680570,App Push Notification,2024-10-25,Inactive,Email,7010,202,34,1599.34,7806.21,2.99,2.881597717546362,16.831683168316832
192501,Email Campaign,2024-10-25,Inactive,Email,4970,343,53,1947.23,9461.87,3.41,6.901408450704226,15.451895043731778
982430,Referral Program,2024-10-25,Premium,Email,5429,795,82,2842.37,4914.0,2.81,14.643580769939216,10.314465408805033
698056,New User Discount,2024-10-24,All,App,3144,877,18,3704.05,3732.06,2.59,27.89440203562341,2.0524515393386547
941069,Weekend Special,2024-10-24,New Users,Social Media,5133,389,70,2318.95,4311.21,2.18,7.578414182739139,17.994858611825194
602540,Festival Offer,2024-10-24,Inactive,App,6569,620,64,3218.48,2901.45,2.69,9.438270665245852,10.32258064516129
575585,Flash Sale,2024-10-24,Inactive,App,8501,258,57,2437.64,8650.4,2.45,3.034937066227503,22.093023255813954
552893,Membership Drive,2024-10-24,Inactive,Social Media,9012,259,38,1598.76,2093.56,2.33,2.873945849977807,14.671814671814673
882671,Category Promotion,2024-10-24,Inactive,Email,7685,540,47,2199.05,4937.69,1.83,7.026675341574496,8.703703703703704
729422,App Push Notification,2024-10-24,Inactive,Social Media,1753,984,16,4052.53,6151.03,1.59,56.13234455219624,1.6260162601626018
315890,Email Campaign,2024-10-24,New Users,SMS,7736,953,70,2749.84,5113.71,3.28,12.319027921406411,7.345225603357817
242619,Referral Program,2024-10-24,Inactive,Social Media,3112,391,48,4882.83,3755.92,3.74,12.564267352185091,12.27621483375959
457841,New User Discount,2024-10-23,New Users,SMS,8261,557,54,2599.3,3748.91,1.63,6.742525118024452,9.694793536804308
334424,Weekend Special,2024-10-23,Inactive,SMS,6370,604,70,3516.78,2866.2,3.1,9.481946624803768,11.589403973509933
489132,Festival Offer,2024-10-23,New Users,Social Media,4553,469,12,2363.94,6845.16,2.18,10.300900505161433,2.55863539445629
554438,Flash Sale,2024-10-23,All,Social Media,7358,367,41,2165.36,2312.68,3.34,4.987768415330253,11.1716621253406
204191,Membership Drive,2024-10-23,All,Social Media,9385,492,43,1921.19,9824.3,3.58,5.242408098028769,8.739837398373984
586930,Category Promotion,2024-10-23,Inactive,Social Media,7577,598,15,2804.3,9402.79,3.65,7.892305661871453,2.508361204013378
814199,App Push Notification,2024-10-23,New Users,SMS,8240,341,50,4191.03,6688.85,2.37,4.138349514563107,14.66275659824047
871629,Email Campaign,2024-10-23,All,App,2233,547,27,4199.36,5655.15,3.56,24.496193461710703,4.93601462522852
697944,Referral Program,2024-10-23,Inactive,App,4653,188,51,2303.42,4678.46,3.09,4.040404040404041,27.127659574468083
776669,New User Discount,2024-10-22,Inactive,App,6516,252,34,4332.69,7080.93,3.26,3.867403314917127,13.492063492063492
845527,Weekend Special,2024-10-22,Inactive,Social Media,9587,810,77,1323.74,3364.59,1.71,8.448941274642745,9.506172839506172
932133,Festival Offer,2024-10-22,All,Email,6955,317,78,3341.07,5741.39,3.73,4.5578720345075485,24.605678233438486
130164,Flash Sale,2024-10-22,Premium,Social Media,6347,665,75,3934.71,4725.54,1.63,10.477390893335434,11.278195488721805
547470,Membership Drive,2024-10-22,Premium,SMS,9964,465,33,2695.95,3392.76,3.53,4.666800481734244,7.096774193548387
530361,Category Promotion,2024-10-22,Inactive,Email,8285,530,29,3909.95,5650.29,2.03,6.397103198551599,5.471698113207547
181070,App Push Notification,2024-10-22,Inactive,SMS,7265,110,22,2495.46,8618.53,1.94,1.5141087405368203,20.0
27596,Email Campaign,2024-10-22,Premium,Social Media,2648,898,24,3747.0,7410.91,2.99,33.91238670694864,2.6726057906458798
518109,Referral Program,2024-10-22,Premium,SMS,3803,207,42,1671.16,5232.93,3.47,5.443071259531949,20.28985507246377
980545,New User Discount,2024-10-21,Premium,SMS,6378,149,31,4974.32,9771.12,1.73,2.3361555346503606,20.80536912751678
963463,Weekend Special,2024-10-21,New Users,Email,8974,479,39,1741.34,7019.71,2.03,5.337642077111656,8.1419624217119
362162,Festival Offer,2024-10-21,Premium,SMS,4976,562,79,1855.65,2736.38,3.13,11.294212218649518,14.05693950177936
837030,Flash Sale,2024-10-21,All,SMS,9348,397,30,4546.79,8518.37,3.77,4.246897732135216,7.5566750629722925
533144,Membership Drive,2024-10-21,Inactive,App,7432,627,23,1618.63,8290.49,3.9,8.43649085037675,3.6682615629984054
942737,Category Promotion,2024-10-21,Premium,SMS,9433,593,61,1670.95,5415.89,1.99,6.2864412170041355,10.286677908937605
8328,App Push Notification,2024-10-21,All,Email,3212,747,63,3964.61,7024.84,2.44,23.25653798256538,8.433734939759036
446559,Email Campaign,2024-10-21,All,Email,4395,786,53,1766.03,4554.83,1.68,17.8839590443686,6.743002544529262
929421,Referral Program,2024-10-21,All,Social Media,7680,829,81,1652.23,2181.47,3.94,10.794270833333334,9.7708082026538
415106,New User Discount,2024-10-20,All,SMS,5143,930,88,4882.61,2535.36,1.71,18.08283103247132,9.46236559139785
38153,Weekend Special,2024-10-20,All,App,7842,559,20,1927.22,8434.35,2.15,7.128283601122162,3.5778175313059033
523833,Festival Offer,2024-10-20,All,SMS,9486,347,43,1686.15,5813.55,3.61,3.658022348724436,12.39193083573487
170461,Flash Sale,2024-10-20,New Users,SMS,2952,393,38,4037.84,4531.27,3.74,13.3130081300813,9.669211195928753
109449,Membership Drive,2024-10-20,Premium,App,8414,748,63,2195.8,3019.02,2.4,8.889945329213216,8.422459893048128
687130,Category Promotion,2024-10-20,All,Email,4330,822,31,1104.8,6592.8,2.55,18.983833718244803,3.7712895377128954
479853,App Push Notification,2024-10-20,Premium,SMS,6870,227,92,4219.18,4713.09,2.5,3.304221251819505,40.52863436123348
683250,Email Campaign,2024-10-20,Inactive,Email,8382,926,37,1921.49,6651.93,2.88,11.047482701026007,3.995680345572354
794159,Referral Program,2024-10-20,Inactive,Social Media,3200,998,79,1614.98,4026.68,2.57,31.1875,7.915831663326653
593428,New User Discount,2024-10-19,New Users,SMS,1554,121,97,2667.73,6000.11,3.88,7.786357786357787,80.16528925619835
579105,Weekend Special,2024-10-19,New Users,Social Media,7754,920,41,2335.89,4374.42,3.55,11.864843951508899,4.456521739130435
494867,Festival Offer,2024-10-19,New Users,Social Media,4586,977,87,2372.56,3816.48,3.11,21.303968600087224,8.904810644831116
972242,Flash Sale,2024-10-19,New Users,App,2553,551,51,4591.88,6236.89,2.52,21.582452017234626,9.25589836660617
762572,Membership Drive,2024-10-19,All,Social Media,6285,971,52,3257.45,2757.61,1.98,15.449482895783612,5.355303810504634
736483,Category Promotion,2024-10-19,Premium,Email,8086,938,23,4006.13,8109.27,3.31,11.600296809300024,2.4520255863539444
822872,App Push Notification,2024-10-19,Inactive,SMS,3595,244,72,3807.41,4183.31,2.13,6.787204450625869,29.508196721311474
444700,Email Campaign,2024-10-19,New Users,App,3648,917,65,1167.11,9601.21,3.35,25.13706140350877,7.088331515812432
382659,Referral Program,2024-10-19,Premium,App,6139,355,77,4850.15,5703.32,3.53,5.782700765597003,21.69014084507042
911817,New User Discount,2024-10-18,New Users,App,2358,459,76,3039.4,3814.89,1.78,19.46564885496183,16.55773420479303
977198,Weekend Special,2024-10-18,Premium,Social Media,1311,828,21,3593.2,8054.46,1.84,63.1578947368421,2.536231884057971
338461,Festival Offer,2024-10-18,Inactive,App,8837,717,85,2017.25,6910.97,3.49,8.113613217155143,11.85495118549512
490083,Flash Sale,2024-10-18,New Users,App,8394,490,95,1419.59,2756.89,3.38,5.837502978317846,19.387755102040817
538898,Membership Drive,2024-10-18,New Users,App,1025,971,57,1872.13,3381.51,3.61,94.73170731707316,5.8702368692070035
570365,Category Promotion,2024-10-18,Inactive,Social Media,5313,591,76,1187.93,7750.31,2.17,11.123658949745906,12.859560067681894
71028,App Push Notification,2024-10-18,Inactive,App,9195,547,39,3435.03,9024.93,3.14,5.948885263730288,7.129798903107861
914119,Email Campaign,2024-10-18,New Users,Email,7683,319,37,4746.76,5034.95,3.8,4.152023948978264,11.598746081504702
277306,Referral Program,2024-10-18,Premium,Social Media,2064,390,12,1312.97,4952.09,1.65,18.8953488372093,3.076923076923077
992859,New User Discount,2024-10-17,Inactive,SMS,6077,157,29,4324.59,3798.75,3.78,2.583511601118973,18.471337579617835
38680,Weekend Special,2024-10-17,Premium,App,6986,769,13,2756.39,3006.93,2.15,11.007729745204694,1.6905071521456438
627466,Festival Offer,2024-10-17,Inactive,SMS,6475,330,17,3389.57,6934.82,1.94,5.096525096525097,5.151515151515151
721480,Flash Sale,2024-10-17,Premium,App,4621,846,89,2010.23,4857.76,2.62,18.30772560051937,10.520094562647754
463470,Membership Drive,2024-10-17,Premium,Email,4866,843,10,2036.43,9742.66,1.54,17.32429099876695,1.1862396204033214
611505,Category Promotion,2024-10-17,Inactive,Social Media,7936,927,82,4318.97,7069.93,3.56,11.68094758064516,8.845738942826321
978930,App Push Notification,2024-10-17,New Users,SMS,1465,194,75,1536.67,6191.95,3.76,13.242320819112626,38.659793814432994
408445,Email Campaign,2024-10-17,New Users,App,2312,487,68,2525.56,9208.83,2.82,21.06401384083045,13.963039014373715
848590,Referral Program,2024-10-17,Inactive,Email,9067,787,93,1057.25,9577.92,3.12,8.67982794750193,11.81702668360864
942963,New User Discount,2024-10-16,Inactive,Email,3217,359,12,1361.43,8734.81,1.51,11.159465340379235,3.3426183844011144
94992,Weekend Special,2024-10-16,All,App,7529,547,79,4082.14,2765.4,3.46,7.2652410678709,14.442413162705666
34191,Festival Offer,2024-10-16,Inactive,Social Media,3138,724,13,1622.33,7683.62,3.58,23.07202039515615,1.7955801104972375
358462,Flash Sale,2024-10-16,Inactive,App,4765,411,60,2277.77,6766.63,3.26,8.625393494228751,14.5985401459854
511991,Membership Drive,2024-10-16,All,SMS,9683,100,92,2353.78,4471.61,2.95,1.0327377878756583,92.0
234036,Category Promotion,2024-10-16,Inactive,SMS,2176,167,57,4239.19,8603.76,1.62,7.674632352941177,34.13173652694611
460964,App Push Notification,2024-10-16,All,SMS,5570,150,37,2175.55,2538.18,2.74,2.6929982046678633,24.666666666666668
562835,Email Campaign,2024-10-16,All,SMS,3914,241,25,3267.78,3558.02,1.95,6.157383750638733,10.37344398340249
569002,Referral Program,2024-10-16,Premium,Social Media,5481,759,55,4609.27,3819.5,3.26,13.84783798576902,7.246376811594203
686645,New User Discount,2024-10-15,All,Social Media,4109,649,86,2389.82,9766.72,3.23,15.794597225602336,13.251155624036981
914931,Weekend Special,2024-10-15,New Users,Social Media,5724,877,67,3027.31,3345.95,2.02,15.321453529000697,7.639680729760548
843274,Festival Offer,2024-10-15,Premium,Social Media,1034,968,58,4438.6,2588.21,3.86,93.61702127659575,5.991735537190083
308911,Flash Sale,2024-10-15,New Users,Social Media,4919,661,63,4818.43,5003.95,2.67,13.437690587517789,9.531013615733738
320610,Membership Drive,2024-10-15,All,SMS,5174,376,81,3036.37,4448.69,3.69,7.267104754541941,21.54255319148936
487151,Category Promotion,2024-10-15,All,Social Media,3416,685,98,4018.36,2170.94,2.3,20.052693208430913,14.306569343065693
390634,App Push Notification,2024-10-15,Premium,Email,8930,361,94,1510.67,4795.86,3.29,4.042553191489362,26.038781163434905
411434,Email Campaign,2024-10-15,Inactive,Email,3597,149,48,4273.24,5148.84,2.75,4.142340839588546,32.21476510067114
929630,Referral Program,2024-10-15,New Users,Email,3344,810,88,2786.73,7608.13,3.25,24.22248803827751,10.864197530864198
786085,New User Discount,2024-10-14,New Users,Social Media,9878,792,84,1995.07,5772.9,2.48,8.017817371937639,10.606060606060606
874058,Weekend Special,2024-10-14,Inactive,App,4890,929,100,3933.1,7013.19,3.75,18.99795501022495,10.76426264800861
336128,Festival Offer,2024-10-14,Premium,Email,5261,475,32,1902.86,8899.39,1.82,9.028701767724767,6.7368421052631575
957007,Flash Sale,2024-10-14,Premium,Email,7155,454,51,1727.08,5407.31,2.75,6.345213137665969,11.233480176211454
148522,Membership Drive,2024-10-14,All,Social Media,7279,693,93,4386.41,9441.08,2.27,9.52053853551312,13.41991341991342
479381,Category Promotion,2024-10-14,Premium,Email,5884,689,14,2415.08,3067.78,2.57,11.709721278042148,2.0319303338171264
197209,App Push Notification,2024-10-14,Premium,SMS,1558,415,49,2979.87,3609.89,2.93,26.63671373555841,11.80722891566265
391697,Email Campaign,2024-10-14,Inactive,Email,8221,910,13,1357.64,4046.13,2.87,11.0692129911203,1.4285714285714286
614584,Referral Program,2024-10-14,All,SMS,6749,792,24,4576.84,5500.51,3.45,11.735071862498147,3.0303030303030303
142389,New User Discount,2024-10-13,All,SMS,3365,963,12,3397.73,7077.5,2.86,28.618127786032687,1.2461059190031152
289397,Weekend Special,2024-10-13,All,App,8092,974,18,1253.01,4088.11,3.03,12.036579337617399,1.8480492813141685
171934,Festival Offer,2024-10-13,Premium,SMS,8092,327,52,2546.42,3189.71,2.96,4.041028175976273,15.902140672782874
690497,Flash Sale,2024-10-13,All,Email,9841,105,95,4278.17,7796.05,3.51,1.0669647393557566,90.47619047619048
432807,Membership Drive,2024-10-13,New Users,App,7336,160,53,2485.13,3512.87,1.97,2.1810250817884405,33.125
167425,Category Promotion,2024-10-13,New Users,App,7572,763,87,2233.11,6294.83,2.14,10.076597992604333,11.402359108781127
808905,App Push Notification,2024-10-13,New Users,App,6174,472,59,2242.83,6950.51,3.39,7.644962747003563,12.5
71699,Email Campaign,2024-10-13,Premium,SMS,3743,573,68,3512.16,7812.0,3.02,15.308576008549293,11.8673647469459
652119,Referral Program,2024-10-13,New Users,App,8629,951,23,4036.51,9053.65,2.71,11.020975779348706,2.4185068349106205
618967,New User Discount,2024-10-12,New Users,App,1582,975,96,1487.46,7566.78,3.96,61.63084702907712,9.846153846153847
284634,Weekend Special,2024-10-12,New Users,App,3803,465,55,1690.55,5220.23,2.0,12.22718906126742,11.827956989247312
139196,Festival Offer,2024-10-12,All,Email,8047,726,47,2066.11,7037.37,3.56,9.021995774822916,6.473829201101928
487782,Flash Sale,2024-10-12,New Users,Email,1732,919,93,3754.68,4181.59,2.94,53.06004618937644,10.119695321001087
33956,Membership Drive,2024-10-12,Inactive,Social Media,9818,161,75,3600.34,7589.85,2.57,1.639845182318191,46.58385093167702
907406,Category Promotion,2024-10-12,All,Social Media,6043,814,75,4668.71,4446.99,1.97,13.470130729769982,9.213759213759214
313154,App Push Notification,2024-10-12,New Users,Social Media,6666,106,85,4173.34,3090.57,1.84,1.5901590159015901,80.18867924528303
719685,Email Campaign,2024-10-12,All,SMS,1248,502,17,2981.17,5981.93,3.99,40.22435897435898,3.386454183266932
584304,Referral Program,2024-10-12,New Users,Email,7619,727,53,3264.04,7285.68,3.51,9.541934637091481,7.290233837689134
14008,New User Discount,2024-10-11,Premium,Social Media,7827,694,82,4438.83,7975.61,3.6,8.866743324389931,11.815561959654179
348891,Weekend Special,2024-10-11,New Users,Social Media,9723,160,100,3776.75,5915.34,2.59,1.6455826391031576,62.5
153487,Festival Offer,2024-10-11,All,Social Media,2923,886,19,4736.19,7987.64,2.61,30.31132398221006,2.144469525959368
40613,Flash Sale,2024-10-11,All,App,2551,550,64,4034.21,6741.3,2.4,21.56017248137985,11.636363636363637
98141,Membership Drive,2024-10-11,Inactive,Email,3858,293,65,2823.22,3763.71,2.45,7.5946086054950745,22.18430034129693
640280,Category Promotion,2024-10-11,New Users,Social Media,4483,987,78,4604.45,8741.95,2.39,22.016506803479814,7.90273556231003
672292,App Push Notification,2024-10-11,Premium,SMS,4928,397,18,4151.88,6046.24,1.59,8.056006493506493,4.534005037783375
570197,Email Campaign,2024-10-11,Premium,App,1141,741,30,4295.89,6285.19,2.35,64.943032427695,4.048582995951417
646308,Referral Program,2024-10-11,Inactive,SMS,6498,716,87,4191.4,3265.99,2.08,11.018775007694675,12.150837988826815
504773,New User Discount,2024-10-10,Premium,Social Media,1828,360,66,1481.29,9900.22,2.46,19.693654266958426,18.333333333333332
581434,Weekend Special,2024-10-10,All,Social Media,4318,859,77,2539.79,3356.92,3.04,19.893469198703105,8.963911525029102
208884,Festival Offer,2024-10-10,Premium,SMS,8503,257,85,2417.7,7564.77,3.65,3.0224626602375633,33.07392996108949
44861,Flash Sale,2024-10-10,All,SMS,1281,519,64,3766.62,6098.23,3.95,40.5152224824356,12.33140655105973
267822,Membership Drive,2024-10-10,New Users,Social Media,2427,594,67,4812.47,9136.15,3.65,24.474660074165637,11.27946127946128
880055,Category Promotion,2024-10-10,Premium,App,3864,422,77,4521.91,9190.04,2.27,10.921325051759833,18.246445497630333
117014,App Push Notification,2024-10-10,Inactive,SMS,7568,537,80,4097.25,6494.2,2.81,7.0956659619450315,14.8975791433892
560243,Email Campaign,2024-10-10,All,Social Media,3191,920,54,4674.18,7121.35,2.37,28.831087433406456,5.869565217391305
270705,Referral Program,2024-10-10,Premium,Social Media,3092,718,72,3281.4,7717.16,1.85,23.221216041397156,10.027855153203342
991219,New User Discount,2024-10-09,Inactive,App,4131,725,70,1980.81,5404.34,2.18,17.550229968530623,9.655172413793103
360358,Weekend Special,2024-10-09,Inactive,Social Media,4112,540,56,1487.4,6296.6,2.01,13.13229571984436,10.37037037037037
921285,Festival Offer,2024-10-09,Premium,SMS,3891,190,12,1427.62,2167.81,2.22,4.883063479825238,6.315789473684211
247209,Flash Sale,2024-10-09,Premium,App,3815,351,46,2246.88,5378.34,3.83,9.200524246395805,13.105413105413104
700286,Membership Drive,2024-10-09,Inactive,Social Media,8314,462,31,4745.57,8331.49,2.53,5.556891989415444,6.70995670995671
681783,Category Promotion,2024-10-09,All,App,6641,997,13,4227.26,4278.97,3.82,15.012799277217287,1.3039117352056169
99247,App Push Notification,2024-10-09,New Users,App,4091,270,72,1486.72,7910.02,2.01,6.5998533365925205,26.666666666666668
506051,Email Campaign,2024-10-09,All,App,5857,564,84,3662.32,5293.72,2.91,9.629503158613625,14.893617021276595
984675,Referral Program,2024-10-09,Premium,Email,6260,630,28,2575.54,9232.77,2.43,10.063897763578275,4.444444444444445
920182,New User Discount,2024-10-08,Premium,App,8521,263,97,4575.74,8327.76,1.53,3.0864921957516724,36.88212927756654
410349,Weekend Special,2024-10-08,New Users,SMS,4497,774,78,3269.78,7706.28,3.38,17.211474316210808,10.077519379844961
480767,Festival Offer,2024-10-08,Premium,SMS,8249,570,76,2213.81,5793.07,2.44,6.909928476178931,13.333333333333334
704550,Flash Sale,2024-10-08,Inactive,SMS,7088,438,58,2353.7,2416.62,3.01,6.179458239277652,13.24200913242009
678289,Membership Drive,2024-10-08,Premium,App,4046,211,27,1630.04,9065.16,1.93,5.215027187345527,12.796208530805686
227876,Category Promotion,2024-10-08,Premium,Social Media,9786,216,86,2972.28,2731.11,2.4,2.2072348252605765,39.81481481481482
981243,App Push Notification,2024-10-08,Premium,Email,2812,433,31,4413.07,8772.01,2.52,15.398293029871976,7.159353348729793
703756,Email Campaign,2024-10-08,Inactive,SMS,5291,476,10,4082.16,4658.52,3.54,8.996408996408995,2.100840336134454
196871,Referral Program,2024-10-08,New Users,Email,5613,857,56,1034.9,8995.1,3.66,15.268127561019062,6.534422403733956
645197,New User Discount,2024-10-07,All,Email,8029,981,47,4087.75,4305.53,3.19,12.218208992402541,4.791029561671763
757353,Weekend Special,2024-10-07,All,Social Media,7518,977,99,2771.88,4162.21,2.35,12.995477520617186,10.133060388945752
61497,Festival Offer,2024-10-07,All,SMS,4984,871,38,2497.43,8615.47,3.1,17.475922953451043,4.3628013777267505
79554,Flash Sale,2024-10-07,Premium,App,4202,102,17,2513.73,6299.72,2.53,2.4274155164207523,16.666666666666664
868464,Membership Drive,2024-10-07,New Users,Email,6939,424,55,3927.86,9281.61,2.76,6.110390546188212,12.971698113207546
476429,Category Promotion,2024-10-07,Premium,SMS,2581,723,33,3518.26,8412.23,2.72,28.0123982952344,4.564315352697095
878025,App Push Notification,2024-10-07,All,Email,1081,889,55,1227.18,6710.8,2.55,82.23866790009251,6.186726659167604
350110,Email Campaign,2024-10-07,Inactive,SMS,7933,711,24,3857.05,3523.62,2.12,8.962561452161856,3.375527426160337
660754,Referral Program,2024-10-07,Premium,Email,5780,741,85,2377.05,4349.01,2.79,12.820069204152249,11.470985155195681
719962,New User Discount,2024-10-06,Inactive,App,2358,397,41,1189.46,7674.93,2.91,16.83630195080577,10.327455919395465
880415,Weekend Special,2024-10-06,Inactive,App,9977,636,41,3025.67,7559.58,2.85,6.374661721960509,6.446540880503145
820323,Festival Offer,2024-10-06,All,SMS,2274,820,23,1102.91,7440.51,2.8,36.05980650835532,2.804878048780488
178021,Flash Sale,2024-10-06,Inactive,Email,4171,561,65,4676.32,2214.84,3.12,13.450011987532964,11.58645276292335
983547,Membership Drive,2024-10-06,All,SMS,7939,264,14,1753.8,2660.08,3.48,3.3253558382667845,5.303030303030303
971866,Category Promotion,2024-10-06,New Users,SMS,8760,191,78,4339.28,5537.59,2.24,2.180365296803653,40.83769633507853
452929,App Push Notification,2024-10-06,All,Email,3100,710,37,4313.18,7681.84,2.9,22.903225806451612,5.211267605633803
772590,Email Campaign,2024-10-06,All,App,7054,838,11,2847.69,4782.03,3.87,11.879784519421605,1.3126491646778042
175213,Referral Program,2024-10-06,New Users,Email,6788,454,19,4454.21,8202.7,3.54,6.688273423688863,4.185022026431718
121986,New User Discount,2024-10-05,New Users,App,5915,556,60,4173.92,6644.74,1.94,9.399830938292476,10.79136690647482
591904,Weekend Special,2024-10-05,New Users,Social Media,5590,976,70,1106.09,3476.56,2.83,17.459749552772806,7.172131147540983
75541,Festival Offer,2024-10-05,Inactive,Social Media,3427,380,34,1833.76,9020.25,1.91,11.088415523781734,8.947368421052632
185728,Flash Sale,2024-10-05,Inactive,SMS,2108,412,45,4877.23,2501.9,3.27,19.54459203036053,10.922330097087379
801086,Membership Drive,2024-10-05,All,Social Media,1475,859,84,2772.31,2590.49,3.23,58.237288135593225,9.778812572759023
608227,Category Promotion,2024-10-05,New Users,App,6540,801,95,1269.01,6385.74,3.17,12.24770642201835,11.860174781523096
615865,App Push Notification,2024-10-05,All,Social Media,6166,558,88,3932.73,7898.49,3.1,9.049626986701265,15.770609318996415
723498,Email Campaign,2024-10-05,Inactive,App,6801,104,32,2500.47,8843.86,2.5,1.5291868842817233,30.76923076923077
702150,Referral Program,2024-10-05,New Users,SMS,9703,566,61,4213.46,3232.52,1.63,5.833247449242503,10.777385159010601
454301,New User Discount,2024-10-04,New Users,Email,5611,206,73,4129.01,7558.84,2.59,3.671359828907503,35.43689320388349
609827,Weekend Special,2024-10-04,Premium,App,2256,396,85,4797.55,4184.93,2.45,17.5531914893617,21.464646464646464
183687,Festival Offer,2024-10-04,New Users,Email,6759,534,22,2307.54,8842.15,3.35,7.9005770084332,4.119850187265917
410483,Flash Sale,2024-10-04,New Users,SMS,4886,469,46,2746.41,5753.43,2.6,9.598853868194842,9.808102345415778
32579,Membership Drive,2024-10-04,Premium,Email,3616,848,27,1841.76,3599.71,2.61,23.451327433628318,3.1839622641509435
592974,Category Promotion,2024-10-04,New Users,App,4701,260,75,4980.88,3506.19,1.92,5.530738140821102,28.846153846153843
419190,App Push Notification,2024-10-04,New Users,App,9171,307,32,3036.79,8952.45,1.8,3.3475084505506487,10.423452768729643
366900,Email Campaign,2024-10-04,Premium,App,2462,122,88,2835.74,9933.1,2.44,4.955320877335499,72.1311475409836
831297,Referral Program,2024-10-04,New Users,Email,2449,354,33,1225.24,7402.01,1.75,14.45487954267048,9.322033898305085
629614,New User Discount,2024-10-03,Premium,Social Media,5380,763,43,3899.44,8589.47,2.19,14.182156133828997,5.6356487549148095
589617,Weekend Special,2024-10-03,All,SMS,8710,694,90,3191.69,2457.71,2.32,7.967853042479908,12.968299711815561
845251,Festival Offer,2024-10-03,Premium,SMS,3296,228,18,2676.04,4240.85,1.86,6.917475728155339,7.894736842105263
214319,Flash Sale,2024-10-03,Inactive,App,5160,547,55,4418.48,9870.04,1.6,10.60077519379845,10.054844606946983
980989,Membership Drive,2024-10-03,New Users,App,9200,521,19,3255.93,3768.57,2.68,5.663043478260869,3.6468330134357005
175779,Category Promotion,2024-10-03,Premium,Social Media,3255,612,10,2766.51,9581.99,3.26,18.80184331797235,1.6339869281045754
161133,App Push Notification,2024-10-03,New Users,Email,6874,869,16,1642.59,3025.99,2.88,12.641838812918243,1.8411967779056386
282457,Email Campaign,2024-10-03,Inactive,SMS,3373,371,17,2077.07,3507.33,3.57,10.999110584049808,4.5822102425876015
310121,Referral Program,2024-10-03,All,Email,4041,178,21,3636.84,9487.96,2.4,4.404850284583024,11.797752808988763
304134,New User Discount,2024-10-02,New Users,SMS,4440,339,26,1426.39,2072.15,3.61,7.635135135135135,7.669616519174041
884872,Weekend Special,2024-10-02,New Users,Email,5164,978,89,1058.86,4846.78,3.24,18.938807126258713,9.100204498977506
408124,Festival Offer,2024-10-02,All,Email,8702,580,58,3045.76,3814.41,1.88,6.665134451850149,10.0
447012,Flash Sale,2024-10-02,Inactive,SMS,1064,821,98,1401.41,8632.02,2.04,77.16165413533834,11.936662606577345
168686,Membership Drive,2024-10-02,Premium,Email,2133,969,98,3282.05,9841.84,3.24,45.42897327707454,10.113519091847266
661265,Category Promotion,2024-10-02,All,Social Media,2330,520,63,2342.55,5905.11,1.64,22.317596566523605,12.115384615384615
110650,App Push Notification,2024-10-02,Inactive,Social Media,3801,619,18,2145.8,7258.0,3.22,16.28518810839253,2.9079159935379644
438577,Email Campaign,2024-10-02,Premium,App,8940,135,68,4831.21,3563.69,1.6,1.5100671140939599,50.37037037037037
525904,Referral Program,2024-10-02,All,Social Media,9387,352,67,1874.97,7563.84,2.55,3.7498668371151593,19.03409090909091
651862,New User Discount,2024-10-01,Premium,Social Media,2586,958,85,4044.28,3524.77,2.05,37.045630317092034,8.872651356993737
590741,Weekend Special,2024-10-01,All,SMS,5644,504,19,3825.87,5259.59,3.24,8.929836995038979,3.7698412698412698
106256,Festival Offer,2024-10-01,All,Email,1091,717,26,2443.05,7152.13,1.59,65.71952337305224,3.626220362622036
981856,Flash Sale,2024-10-01,Premium,Social Media,4923,509,99,3284.33,6276.1,2.23,10.339224050375787,19.44990176817289
379072,Membership Drive,2024-10-01,All,Email,7032,876,21,2002.69,4907.77,2.9,12.457337883959044,2.3972602739726026
758578,Category Promotion,2024-10-01,Premium,Email,5986,993,71,1932.62,4548.25,3.6,16.58870698296024,7.150050352467272
96258,App Push Notification,2024-10-01,New Users,Social Media,5379,565,17,3056.0,3520.12,1.65,10.50381111730805,3.0088495575221237
237321,Email Campaign,2024-10-01,All,SMS,8296,989,72,2633.2,4670.64,3.17,11.921407907425264,7.280080889787664
120536,Referral Program,2024-10-01,Inactive,Email,8654,642,96,2129.02,5956.14,3.27,7.418534781603883,14.953271028037381
668849,New User Discount,2024-09-30,New Users,Email,8850,126,17,3664.15,5397.3,1.82,1.423728813559322,13.492063492063492
135541,Weekend Special,2024-09-30,Premium,App,8975,766,23,2462.09,3637.45,2.41,8.534818941504179,3.0026109660574414
735206,Festival Offer,2024-09-30,New Users,App,1798,191,91,4376.28,8283.13,3.26,10.622914349276973,47.64397905759162
625277,Flash Sale,2024-09-30,Inactive,SMS,2307,890,95,4844.96,2211.54,2.54,38.57824013870828,10.674157303370785
172893,Membership Drive,2024-09-30,Inactive,Social Media,7094,972,64,3221.91,4439.82,3.88,13.701719763180154,6.584362139917696
968429,Category Promotion,2024-09-30,Inactive,Social Media,6993,807,80,2023.52,5974.74,2.8,11.54011154011154,9.913258983890955
436788,App Push Notification,2024-09-30,All,Social Media,2759,383,91,3820.99,5565.8,2.38,13.88184124682856,23.759791122715406
97177,Email Campaign,2024-09-30,New Users,App,8317,797,72,2075.05,5413.21,3.49,9.582782253216305,9.03387703889586
912532,Referral Program,2024-09-30,New Users,SMS,3033,987,66,1050.47,8408.81,2.45,32.54203758654797,6.68693009118541
430241,New User Discount,2024-09-29,All,SMS,8057,919,64,4241.62,9942.14,1.94,11.406230606925655,6.9640914036996735
750631,Weekend Special,2024-09-29,New Users,App,9566,424,50,4495.05,2810.25,3.33,4.432364624712524,11.79245283018868
762682,Festival Offer,2024-09-29,All,App,3662,667,99,1126.11,4579.55,2.73,18.21409066084107,14.842578710644677
752622,Flash Sale,2024-09-29,Premium,App,7040,775,31,2463.87,2070.71,2.22,11.008522727272728,4.0
274506,Membership Drive,2024-09-29,New Users,Social Media,3515,912,32,3594.68,7744.51,1.59,25.945945945945947,3.508771929824561
525095,Category Promotion,2024-09-29,Premium,Social Media,5607,860,93,4829.25,6140.48,3.04,15.337970394150169,10.813953488372093
182644,App Push Notification,2024-09-29,Inactive,Email,1185,780,48,3687.23,9066.61,3.54,65.82278481012658,6.153846153846154
545911,Email Campaign,2024-09-29,Premium,Social Media,1981,534,95,4097.54,5047.88,3.58,26.95608278647148,17.790262172284642
828636,Referral Program,2024-09-29,Inactive,Email,7640,970,94,3022.77,8815.63,1.68,12.696335078534032,9.690721649484537
866163,New User Discount,2024-09-28,New Users,Email,7632,497,44,1025.98,9484.1,1.93,6.512054507337527,8.853118712273641
289833,Weekend Special,2024-09-28,Premium,Email,9251,645,29,4163.77,2735.37,2.61,6.972219219543834,4.496124031007752
749333,Festival Offer,2024-09-28,Inactive,App,4121,296,47,4028.86,4825.08,3.5,7.18272264013589,15.878378378378377
791619,Flash Sale,2024-09-28,All,SMS,5248,634,99,2125.76,9647.1,3.11,12.080792682926829,15.615141955835963
290649,Membership Drive,2024-09-28,Premium,Email,5127,864,93,2805.9,3852.16,1.76,16.8519602106495,10.76388888888889
729407,Category Promotion,2024-09-28,Inactive,SMS,4155,940,42,2488.64,8059.82,3.57,22.623345367027678,4.468085106382979
640855,App Push Notification,2024-09-28,New Users,Social Media,1108,936,93,4983.04,3228.67,2.71,84.47653429602889,9.935897435897436
879023,Email Campaign,2024-09-28,Premium,Social Media,2275,926,25,3792.48,5671.63,3.74,40.7032967032967,2.699784017278618
118971,Referral Program,2024-09-28,All,App,6092,533,95,2085.63,4473.29,1.73,8.749179251477347,17.823639774859288
336089,New User Discount,2024-09-27,Inactive,Social Media,2220,292,39,3807.42,6822.05,2.45,13.153153153153152,13.356164383561644
522446,Weekend Special,2024-09-27,Premium,Email,7869,174,69,2433.89,4314.68,2.55,2.2112085398398778,39.6551724137931
949547,Festival Offer,2024-09-27,Premium,Social Media,8779,315,100,3919.23,7389.26,2.16,3.5881079849641186,31.746031746031743
771122,Flash Sale,2024-09-27,Inactive,App,5602,685,48,2503.68,9057.48,2.94,12.227775794359157,7.007299270072993
575873,Membership Drive,2024-09-27,All,Email,8842,230,14,2229.83,4809.04,2.39,2.601221443112418,6.086956521739131
390180,Category Promotion,2024-09-27,New Users,App,2419,823,77,4988.39,4884.14,1.57,34.02232327408019,9.356014580801943
518789,App Push Notification,2024-09-27,All,SMS,8299,510,34,4629.47,2617.42,3.87,6.145318713097963,6.666666666666667
200862,Email Campaign,2024-09-27,Inactive,Email,8770,501,78,4515.94,7063.93,3.63,5.712656784492588,15.568862275449103
222562,Referral Program,2024-09-27,New Users,SMS,7188,240,77,2851.2,3571.86,2.89,3.33889816360601,32.083333333333336
896324,New User Discount,2024-09-26,Premium,SMS,6359,576,35,1066.47,6415.95,3.94,9.058027991822613,6.076388888888888
557067,Weekend Special,2024-09-26,Premium,Social Media,8414,180,100,1825.36,5457.83,1.8,2.1392916567625386,55.55555555555556
747205,Festival Offer,2024-09-26,All,App,2853,582,32,4012.49,6437.95,1.75,20.39957939011567,5.498281786941581
184157,Flash Sale,2024-09-26,All,SMS,5611,444,77,1389.35,7382.89,3.89,7.913027980752093,17.34234234234234
653847,Membership Drive,2024-09-26,All,Email,3422,345,92,3307.59,5044.14,2.57,10.081823495032145,26.666666666666668
689098,Category Promotion,2024-09-26,All,SMS,2079,897,37,1983.91,7661.04,2.21,43.14574314574315,4.124860646599777
389968,App Push Notification,2024-09-26,Premium,SMS,1592,987,57,4579.65,8806.03,1.9,61.997487437185924,5.775075987841945
67480,Email Campaign,2024-09-26,New Users,App,8019,604,76,2216.38,4921.83,3.77,7.53211123581494,12.582781456953644
588555,Referral Program,2024-09-26,Inactive,App,1452,679,94,4925.58,4476.21,2.24,46.76308539944903,13.843888070692195
278074,New User Discount,2024-09-25,Inactive,Social Media,9737,732,59,2565.95,8286.33,2.04,7.517715928930882,8.060109289617486
127182,Weekend Special,2024-09-25,New Users,SMS,1452,863,44,4240.4,5750.97,1.81,59.435261707988985,5.098493626882966
721622,Festival Offer,2024-09-25,All,Email,4844,230,26,3690.93,5523.68,1.55,4.748142031379025,11.304347826086957
100487,Flash Sale,2024-09-25,New Users,SMS,8209,151,70,3104.65,4187.59,2.9,1.8394445121208431,46.35761589403973
145584,Membership Drive,2024-09-25,Inactive,App,5725,903,80,1133.26,7075.73,3.39,15.77292576419214,8.859357696566999
860225,Category Promotion,2024-09-25,Premium,App,4389,309,81,4860.67,3960.92,3.76,7.040328092959672,26.21359223300971
616821,App Push Notification,2024-09-25,Premium,App,1537,483,85,2416.66,2232.96,3.74,31.42485361093038,17.598343685300208
713465,Email Campaign,2024-09-25,Inactive,Email,9053,989,42,2619.72,6716.68,2.09,10.924555396001326,4.246713852376137
615676,Referral Program,2024-09-25,All,Email,5649,924,100,4874.66,7073.93,2.79,16.356877323420075,10.822510822510822
305241,New User Discount,2024-09-24,New Users,Social Media,9598,803,67,2805.32,8678.82,1.97,8.366326317982912,8.34371108343711
530806,Weekend Special,2024-09-24,Premium,Email,3678,341,72,2373.92,5821.2,3.72,9.271343121261555,21.114369501466275
807153,Festival Offer,2024-09-24,Inactive,Email,8192,292,17,2976.54,5559.23,3.68,3.564453125,5.821917808219178
722916,Flash Sale,2024-09-24,New Users,App,2597,634,25,4343.88,2298.7,2.34,24.412783981517137,3.943217665615142
846608,Membership Drive,2024-09-24,New Users,Email,8485,181,67,3783.79,7419.36,2.96,2.133176193282263,37.01657458563536
460293,Category Promotion,2024-09-24,All,Email,4442,846,61,2295.69,5534.23,3.38,19.04547501125619,7.210401891252956
287769,App Push Notification,2024-09-24,Premium,Email,8770,206,17,2375.52,9175.23,1.81,2.3489167616875712,8.25242718446602
802705,Email Campaign,2024-09-24,Inactive,SMS,2672,115,26,2033.75,8010.63,2.7,4.303892215568863,22.608695652173914
789716,Referral Program,2024-09-24,New Users,Email,3941,553,63,4020.69,6541.6,1.52,14.031971580817052,11.39240506329114
130943,New User Discount,2024-09-23,Inactive,Email,1870,889,13,3625.54,7280.12,1.84,47.54010695187166,1.4623172103487065
705032,Weekend Special,2024-09-23,All,SMS,6279,465,28,3383.74,4971.84,2.77,7.405637840420449,6.021505376344086
565978,Festival Offer,2024-09-23,New Users,App,1917,708,61,1361.17,4133.5,2.2,36.93270735524257,8.615819209039548
363689,Flash Sale,2024-09-23,Premium,SMS,7180,215,24,3655.57,9184.06,3.0,2.9944289693593316,11.162790697674419
679443,Membership Drive,2024-09-23,Premium,App,8002,642,20,3438.57,4762.77,3.97,8.02299425143714,3.115264797507788
670881,Category Promotion,2024-09-23,Premium,SMS,3121,753,11,2406.7,9618.34,2.13,24.12688240948414,1.4608233731739706
959518,App Push Notification,2024-09-23,All,Social Media,4203,892,13,4541.76,8000.34,2.48,21.2229359980966,1.4573991031390134
499486,Email Campaign,2024-09-23,Inactive,SMS,4908,153,36,4547.06,4568.42,3.11,3.117359413202934,23.52941176470588
752813,Referral Program,2024-09-23,All,SMS,3882,103,83,1151.86,6691.75,1.67,2.6532715095311694,80.58252427184466
851433,New User Discount,2024-09-22,All,SMS,8425,797,49,3613.06,6005.53,3.86,9.459940652818991,6.148055207026349
313691,Weekend Special,2024-09-22,All,Email,4040,966,57,2744.24,3434.18,2.51,23.910891089108908,5.900621118012422
857924,Festival Offer,2024-09-22,Premium,Social Media,8964,423,44,3280.91,5890.37,2.39,4.718875502008032,10.401891252955082
539488,Flash Sale,2024-09-22,New Users,App,5322,715,21,1382.87,5066.64,3.92,13.434798947763998,2.937062937062937
33081,Membership Drive,2024-09-22,All,SMS,2897,706,56,3796.89,4450.19,2.42,24.37003797031412,7.932011331444759
408472,Category Promotion,2024-09-22,Inactive,Social Media,2701,433,74,1069.15,8105.76,2.48,16.031099592743427,17.090069284064665
891650,App Push Notification,2024-09-22,Premium,Email,6100,472,88,1659.16,4606.2,3.09,7.737704918032787,18.64406779661017
537473,Email Campaign,2024-09-22,Inactive,Social Media,7438,436,23,1325.64,3710.11,3.79,5.861790803979564,5.275229357798166
361334,Referral Program,2024-09-22,New Users,Social Media,7990,308,61,1533.45,8247.88,1.73,3.8548185231539427,19.805194805194805
68709,New User Discount,2024-09-21,New Users,SMS,2557,317,49,2291.66,2573.36,3.51,12.397340633554947,15.457413249211358
368548,Weekend Special,2024-09-21,Premium,Social Media,2556,694,73,1560.45,8116.53,2.64,27.151799687010953,10.518731988472622
227727,Festival Offer,2024-09-21,Premium,SMS,3124,712,83,4212.47,6433.1,3.19,22.791293213828425,11.657303370786517
184072,Flash Sale,2024-09-21,New Users,App,2439,448,21,1263.49,9843.34,3.88,18.36818368183682,4.6875
199205,Membership Drive,2024-09-21,New Users,Email,6475,665,13,2740.75,5311.0,2.54,10.27027027027027,1.954887218045113
70659,Category Promotion,2024-09-21,New Users,Social Media,1260,157,27,4991.0,7728.46,2.27,12.46031746031746,17.197452229299362
407558,App Push Notification,2024-09-21,Premium,Social Media,2503,464,44,2992.57,4813.36,2.59,18.53775469436676,9.482758620689655
2552,Email Campaign,2024-09-21,All,Social Media,5937,600,98,3542.77,5648.69,1.62,10.106114199090449,16.333333333333332
119508,Referral Program,2024-09-21,All,App,8121,715,71,1336.94,8793.59,3.32,8.804334441571235,9.93006993006993
651995,New User Discount,2024-09-20,All,Email,3762,378,97,1804.49,8799.76,3.01,10.047846889952153,25.66137566137566
325711,Weekend Special,2024-09-20,Premium,App,1075,304,21,3712.83,8724.96,2.37,28.27906976744186,6.907894736842106
916549,Festival Offer,2024-09-20,Inactive,Email,4880,989,73,1049.48,6270.24,2.78,20.266393442622952,7.381193124368049
801679,Flash Sale,2024-09-20,All,Social Media,2673,338,100,4653.31,6862.3,1.89,12.644968200523756,29.585798816568047
592091,Membership Drive,2024-09-20,Premium,SMS,3717,466,66,2581.56,5992.71,3.76,12.536992198009148,14.163090128755366
713584,Category Promotion,2024-09-20,All,App,2525,366,56,4471.69,3178.72,2.18,14.495049504950494,15.300546448087433
662773,App Push Notification,2024-09-20,Inactive,SMS,2232,775,37,1165.33,9178.63,1.9,34.72222222222222,4.774193548387097
166346,Email Campaign,2024-09-20,Premium,App,8471,945,28,3566.89,4468.31,2.27,11.15570770865305,2.9629629629629632
973220,Referral Program,2024-09-20,Premium,App,4249,238,83,2137.97,7672.91,2.32,5.601317957166392,34.87394957983193
120592,New User Discount,2024-09-19,New Users,Email,4768,353,45,4900.81,4433.55,1.99,7.403523489932885,12.747875354107649
632927,Weekend Special,2024-09-19,Inactive,Social Media,6332,575,51,2003.25,3491.13,1.56,9.080859128237524,8.869565217391303
603188,Festival Offer,2024-09-19,Premium,Social Media,5992,780,86,2239.56,2452.02,2.71,13.017356475300401,11.025641025641026
264150,Flash Sale,2024-09-19,New Users,App,9980,704,10,3854.33,2221.55,3.67,7.054108216432866,1.4204545454545454
210893,Membership Drive,2024-09-19,New Users,App,2380,701,43,3572.0,7319.34,2.18,29.453781512605044,6.134094151212553
23447,Category Promotion,2024-09-19,All,App,4528,552,53,1484.54,3380.76,3.42,12.190812720848058,9.601449275362318
889374,App Push Notification,2024-09-19,Inactive,Email,3543,877,48,3446.31,8160.26,2.55,24.753034151848716,5.473204104903079
905735,Email Campaign,2024-09-19,New Users,Social Media,3188,220,41,4526.22,5735.13,3.5,6.900878293601004,18.636363636363637
479724,Referral Program,2024-09-19,Premium,App,9627,720,31,3389.34,3333.86,3.57,7.47896540978498,4.305555555555555
767492,New User Discount,2024-09-18,New Users,Social Media,9268,289,50,4147.19,6358.18,3.69,3.118256365990505,17.301038062283737
817411,Weekend Special,2024-09-18,Inactive,Email,1925,933,20,3785.26,2208.27,3.5,48.467532467532465,2.1436227224008575
259682,Festival Offer,2024-09-18,New Users,Email,7353,660,26,1974.98,9558.45,3.46,8.97592819257446,3.939393939393939
225975,Flash Sale,2024-09-18,All,Social Media,6711,836,55,3546.51,5891.45,2.07,12.457159886753091,6.578947368421052
498935,Membership Drive,2024-09-18,Premium,Email,2454,525,34,2979.57,6755.31,2.58,21.39364303178484,6.476190476190475
802312,Category Promotion,2024-09-18,New Users,App,7869,531,58,4562.91,2735.78,1.64,6.747998475028593,10.922787193973635
535244,App Push Notification,2024-09-18,Premium,SMS,2229,225,56,1037.53,9489.14,2.52,10.094212651413189,24.88888888888889
813034,Email Campaign,2024-09-18,All,SMS,5410,186,24,2346.65,6244.48,2.59,3.4380776340110906,12.903225806451612
655512,Referral Program,2024-09-18,All,App,3646,402,82,1417.46,6289.99,1.62,11.025781678551837,20.398009950248756
659493,New User Discount,2024-09-17,All,Social Media,5499,366,88,3002.92,2363.1,3.94,6.655755591925805,24.043715846994534
62233,Weekend Special,2024-09-17,Premium,App,3415,872,19,4807.34,5882.0,2.62,25.534407027818446,2.1788990825688073
855765,Festival Offer,2024-09-17,New Users,SMS,2993,898,35,1668.78,2363.95,1.71,30.003341129301702,3.8975501113585747
995251,Flash Sale,2024-09-17,All,SMS,6986,873,91,3764.01,7547.08,3.69,12.496421414257085,10.423825887743414
918820,Membership Drive,2024-09-17,Inactive,SMS,6311,620,14,4722.04,8203.36,1.85,9.82411662177151,2.258064516129032
353164,Category Promotion,2024-09-17,All,App,6998,283,46,3344.54,7301.58,3.92,4.044012575021435,16.25441696113074
548074,App Push Notification,2024-09-17,Premium,Social Media,1896,372,81,3476.78,6836.88,2.59,19.62025316455696,21.774193548387096
230770,Email Campaign,2024-09-17,New Users,Social Media,9836,928,16,4083.69,9825.67,2.45,9.434729564863765,1.7241379310344827
887948,Referral Program,2024-09-17,All,Social Media,6893,638,51,3961.37,8436.86,2.47,9.255766719860729,7.993730407523511
953820,New User Discount,2024-09-16,Inactive,Social Media,2554,757,68,3398.43,7685.6,2.05,29.639780736100235,8.982826948480845
194328,Weekend Special,2024-09-16,Premium,SMS,3032,528,44,4537.04,6317.38,2.53,17.41424802110818,8.333333333333332
526932,Festival Offer,2024-09-16,New Users,App,2966,466,74,4368.28,2078.06,1.58,15.711395819285231,15.879828326180256
239332,Flash Sale,2024-09-16,New Users,Email,3104,439,82,3771.94,4110.53,3.89,14.143041237113401,18.678815489749432
536128,Membership Drive,2024-09-16,Premium,Social Media,4651,872,72,4511.18,9387.89,2.79,18.748656202967105,8.256880733944955
148488,Category Promotion,2024-09-16,Inactive,SMS,8567,124,65,4114.66,7749.69,3.51,1.44741449749037,52.41935483870967
758009,App Push Notification,2024-09-16,Inactive,SMS,2287,229,55,4649.78,2292.71,2.25,10.013117621337997,24.017467248908297
601602,Email Campaign,2024-09-16,New Users,App,5040,282,80,4494.56,5536.93,3.54,5.595238095238096,28.368794326241137
359877,Referral Program,2024-09-16,New Users,Email,3890,241,46,1096.3,6333.43,1.89,6.195372750642673,19.08713692946058
579732,New User Discount,2024-09-15,New Users,Social Media,9309,932,21,3901.76,3441.23,3.0,10.01181652164572,2.2532188841201717
770315,Weekend Special,2024-09-15,All,SMS,7745,569,80,2566.25,5070.32,1.62,7.346675274370562,14.059753954305801
338848,Festival Offer,2024-09-15,Premium,SMS,5986,585,81,2308.55,2644.99,2.18,9.77280320748413,13.846153846153847
304320,Flash Sale,2024-09-15,All,SMS,6016,507,95,1291.54,8483.77,3.19,8.42752659574468,18.73767258382643
327481,Membership Drive,2024-09-15,Premium,Social Media,7171,328,89,3620.22,6344.97,3.41,4.5739785246130245,27.134146341463417
954270,Category Promotion,2024-09-15,Premium,Email,6581,142,95,4185.84,7955.12,2.12,2.157726789241756,66.90140845070422
388343,App Push Notification,2024-09-15,All,Email,7205,762,63,1052.25,7690.23,3.44,10.575988896599583,8.267716535433072
957709,Email Campaign,2024-09-15,Inactive,Social Media,4954,344,21,2423.63,7850.83,2.58,6.943883730318934,6.104651162790697
456168,Referral Program,2024-09-15,New Users,SMS,7195,293,73,1933.06,8067.77,3.65,4.072272411396803,24.914675767918087
187270,New User Discount,2024-09-14,New Users,App,3515,632,34,3819.45,9715.99,2.24,17.9800853485064,5.379746835443038
308542,Weekend Special,2024-09-14,New Users,Email,7732,760,68,2173.02,5551.08,3.67,9.82928091050181,8.947368421052632
885829,Festival Offer,2024-09-14,New Users,SMS,9327,344,26,1184.78,6519.08,1.62,3.68821700439584,7.55813953488372
268619,Flash Sale,2024-09-14,Premium,Email,3996,821,22,4662.11,3163.63,3.04,20.545545545545547,2.679658952496955
602385,Membership Drive,2024-09-14,Inactive,SMS,5959,727,14,1930.88,5315.57,3.0,12.200033562678302,1.925722145804677
197468,Category Promotion,2024-09-14,New Users,SMS,7815,614,38,1452.62,8500.81,2.19,7.856685860524632,6.188925081433225
399124,App Push Notification,2024-09-14,Inactive,App,2364,893,30,4344.97,6357.39,2.14,37.77495769881556,3.3594624860022395
252668,Email Campaign,2024-09-14,Premium,App,1955,589,72,4987.68,2722.52,3.0,30.127877237851663,12.224108658743633
596992,Referral Program,2024-09-14,New Users,App,2446,698,56,2058.06,2017.82,3.47,28.536385936222402,8.022922636103152
335092,New User Discount,2024-09-13,Inactive,SMS,8492,339,53,2485.5,6002.71,2.04,3.991992463495054,15.634218289085547
928938,Weekend Special,2024-09-13,All,Email,4954,195,86,2291.92,5622.94,3.61,3.9362131610819544,44.1025641025641
809730,Festival Offer,2024-09-13,Premium,App,3597,238,39,2493.48,2234.52,3.88,6.6166249652488185,16.386554621848738
430687,Flash Sale,2024-09-13,Premium,Email,2954,495,33,2847.36,5177.1,2.61,16.756939742721734,6.666666666666667
812811,Membership Drive,2024-09-13,Inactive,Social Media,8446,209,70,3036.29,8859.44,3.86,2.4745441629173572,33.49282296650718
531923,Category Promotion,2024-09-13,All,Social Media,3858,876,69,3110.86,6860.01,3.24,22.70606531881804,7.876712328767123
854027,App Push Notification,2024-09-13,Premium,SMS,7095,967,13,2503.85,6353.24,1.97,13.629316420014096,1.344364012409514
571690,Email Campaign,2024-09-13,All,App,9965,864,39,1068.06,5163.44,2.08,8.670346211741094,4.513888888888888
737031,Referral Program,2024-09-13,Premium,Email,2101,511,78,1680.65,8173.7,2.87,24.321751546882435,15.264187866927593
280359,New User Discount,2024-09-12,All,Social Media,4909,557,44,4694.99,5262.26,2.66,11.346506416785495,7.899461400359066
306683,Weekend Special,2024-09-12,Inactive,SMS,6087,695,93,1398.83,4143.99,2.7,11.417775587317234,13.381294964028779
436990,Festival Offer,2024-09-12,New Users,App,9162,484,65,4483.26,5777.11,1.93,5.282689369133377,13.429752066115702
394785,Flash Sale,2024-09-12,All,App,8906,920,73,4847.74,2188.06,2.42,10.330114529530654,7.934782608695652
329029,Membership Drive,2024-09-12,New Users,Social Media,9296,410,97,4975.13,5145.89,3.32,4.410499139414802,23.65853658536585
450016,Category Promotion,2024-09-12,New Users,SMS,4649,616,40,1285.75,2689.6,1.76,13.250161325016133,6.493506493506493
142430,App Push Notification,2024-09-12,New Users,App,4671,904,71,2436.42,5253.8,2.69,19.353457503746522,7.853982300884955
987130,Email Campaign,2024-09-12,Premium,SMS,4020,759,16,3362.31,5961.25,3.14,18.880597014925375,2.1080368906455864
728157,Referral Program,2024-09-12,All,Email,7376,381,93,2530.85,2270.95,2.41,5.165401301518438,24.409448818897637
803870,New User Discount,2024-09-11,All,Email,5141,160,15,4286.56,7103.62,3.37,3.1122349737405175,9.375
505467,Weekend Special,2024-09-11,Inactive,App,4480,506,38,3670.66,5352.24,2.05,11.294642857142858,7.5098814229249005
20834,Festival Offer,2024-09-11,All,App,4599,595,77,3419.35,5493.47,3.3,12.93759512937595,12.941176470588237
443226,Flash Sale,2024-09-11,Inactive,SMS,5025,770,86,4178.33,5877.36,1.8,15.323383084577113,11.168831168831169
175411,Membership Drive,2024-09-11,Inactive,SMS,1032,709,23,2471.49,5235.05,2.49,68.7015503875969,3.244005641748942
678790,Category Promotion,2024-09-11,Inactive,SMS,4840,528,77,1833.61,8867.29,2.65,10.909090909090908,14.583333333333334
101853,App Push Notification,2024-09-11,All,App,9616,787,85,4932.48,7009.97,3.83,8.184276206322796,10.800508259212197
910314,Email Campaign,2024-09-11,All,Social Media,2475,817,37,3298.03,3580.59,2.66,33.01010101010101,4.528763769889841
601503,Referral Program,2024-09-11,Premium,App,6592,235,22,1113.34,4703.74,1.54,3.5649271844660193,9.361702127659575
904811,New User Discount,2024-09-10,Premium,Social Media,3402,517,15,4301.06,5115.25,2.63,15.196942974720754,2.9013539651837523
31771,Weekend Special,2024-09-10,New Users,SMS,9549,854,81,2562.95,4020.32,2.01,8.943344852864174,9.484777517564403
608338,Festival Offer,2024-09-10,Inactive,Social Media,8906,761,15,4494.13,7443.03,3.96,8.54480125757916,1.971090670170828
428511,Flash Sale,2024-09-10,Inactive,Social Media,9911,232,88,4084.51,4219.51,2.57,2.340833417414993,37.93103448275862
143053,Membership Drive,2024-09-10,New Users,SMS,5021,362,19,1323.48,9333.82,3.4,7.209719179446325,5.248618784530387
950893,Category Promotion,2024-09-10,Inactive,Social Media,8182,881,55,1806.74,7654.21,1.86,10.767538499144463,6.242905788876277
736511,App Push Notification,2024-09-10,New Users,App,8616,111,33,1237.11,4075.84,3.52,1.2883008356545962,29.72972972972973
588295,Email Campaign,2024-09-10,New Users,Social Media,4076,273,76,4004.88,9802.82,3.49,6.69774288518155,27.83882783882784
9624,Referral Program,2024-09-10,New Users,App,4172,144,57,1139.8,9098.98,2.5,3.451581975071908,39.58333333333333
35634,New User Discount,2024-09-09,New Users,App,7447,473,42,4306.67,4989.95,3.58,6.3515509601181686,8.879492600422834
523181,Weekend Special,2024-09-09,Premium,SMS,8883,279,15,2100.99,6727.19,3.85,3.1408308004052685,5.376344086021505
113406,Festival Offer,2024-09-09,All,Email,7081,122,60,4735.99,5654.34,2.04,1.7229204914560088,49.18032786885246
810456,Flash Sale,2024-09-09,All,SMS,6473,749,65,2685.99,5597.28,2.83,11.571141665379269,8.678237650200266
309090,Membership Drive,2024-09-09,All,Email,3148,389,11,1348.31,4970.71,1.82,12.35705209656925,2.827763496143959
977629,Category Promotion,2024-09-09,Premium,Social Media,9516,197,76,3822.96,6746.74,3.04,2.070197562000841,38.578680203045685
859199,App Push Notification,2024-09-09,Inactive,Social Media,3429,887,65,3390.47,3673.82,1.77,25.867599883347914,7.328072153325817
212822,Email Campaign,2024-09-09,New Users,App,3669,725,21,4864.35,4546.27,3.7,19.760152630144454,2.896551724137931
512433,Referral Program,2024-09-09,All,Social Media,1825,212,69,3070.4,3746.48,1.5,11.616438356164384,32.54716981132076
25450,New User Discount,2024-09-08,Premium,SMS,6787,370,16,2589.07,9052.38,2.48,5.451598644467364,4.324324324324325
652216,Weekend Special,2024-09-08,All,Email,8135,263,55,4992.36,7952.51,1.51,3.2329440688383526,20.912547528517113
819470,Festival Offer,2024-09-08,Premium,Social Media,2547,856,51,1559.86,8784.16,2.25,33.60816647035728,5.957943925233645
804628,Flash Sale,2024-09-08,Inactive,SMS,2852,286,36,4869.73,5326.89,3.52,10.02805049088359,12.587412587412588
525112,Membership Drive,2024-09-08,All,App,7136,603,93,1337.14,8534.88,3.88,8.450112107623319,15.422885572139302
71446,Category Promotion,2024-09-08,Premium,App,7445,611,36,3476.88,2079.66,2.06,8.206850235057086,5.8919803600654665
313134,App Push Notification,2024-09-08,All,SMS,4536,282,87,1998.68,5444.3,1.71,6.216931216931217,30.851063829787233
662582,Email Campaign,2024-09-08,Inactive,SMS,3673,480,72,3885.23,3226.5,1.78,13.068336509665123,15.0
8292,Referral Program,2024-09-08,All,SMS,6368,322,49,2067.0,4930.9,2.78,5.056532663316583,15.217391304347828
848267,New User Discount,2024-09-07,Inactive,Email,9978,666,88,2561.04,7416.03,2.71,6.674684305472038,13.213213213213212
26262,Weekend Special,2024-09-07,New Users,Email,7764,321,79,3709.35,2761.61,2.01,4.134466769706337,24.610591900311526
291840,Festival Offer,2024-09-07,Premium,Email,1403,655,35,3885.11,5937.11,3.45,46.68567355666429,5.343511450381679
843774,Flash Sale,2024-09-07,New Users,App,8884,327,44,4028.68,8290.14,2.51,3.6807744259342643,13.455657492354739
107979,Membership Drive,2024-09-07,All,Email,8648,761,83,2725.14,6312.76,3.54,8.79972247918594,10.90670170827858
36547,Category Promotion,2024-09-07,Inactive,App,2034,897,28,3570.22,2436.29,3.36,44.100294985250734,3.121516164994426
616667,App Push Notification,2024-09-07,New Users,Email,7132,368,100,4210.77,4948.8,2.32,5.159842961301178,27.173913043478258
954564,Email Campaign,2024-09-07,Premium,Email,8529,188,30,3281.36,2933.9,1.84,2.2042443428303438,15.957446808510639
226055,Referral Program,2024-09-07,Premium,SMS,4411,738,46,3518.03,7883.29,2.24,16.730900022670596,6.233062330623306
706963,New User Discount,2024-09-06,All,App,5308,706,56,2954.25,8117.02,3.34,13.300678221552372,7.932011331444759
652341,Weekend Special,2024-09-06,Premium,Social Media,4228,203,50,3566.79,8360.63,1.53,4.801324503311259,24.63054187192118
537646,Festival Offer,2024-09-06,All,App,7582,133,65,4429.24,9654.93,3.85,1.754154576628858,48.87218045112782
900256,Flash Sale,2024-09-06,Premium,SMS,6071,246,23,1217.42,7351.02,3.78,4.052050732992917,9.34959349593496
765222,Membership Drive,2024-09-06,All,App,2109,627,92,1056.46,8834.55,1.88,29.72972972972973,14.673046251993622
69566,Category Promotion,2024-09-06,Premium,Email,3019,413,59,3136.9,2078.48,2.34,13.680026498840675,14.285714285714285
809453,App Push Notification,2024-09-06,New Users,App,7909,301,54,2366.84,6042.05,2.5,3.805790871159439,17.940199335548172
551324,Email Campaign,2024-09-06,All,Social Media,5661,302,21,3992.05,2040.23,1.78,5.334746511217099,6.95364238410596
607932,Referral Program,2024-09-06,New Users,Social Media,5821,734,30,2942.04,9083.54,3.51,12.609517265074729,4.087193460490464
141626,New User Discount,2024-09-05,Premium,Social Media,3107,100,79,1300.18,6920.98,3.58,3.21853878339234,79.0
84838,Weekend Special,2024-09-05,Premium,Social Media,4043,608,32,2677.1,5040.88,3.55,15.038337867919862,5.263157894736842
595586,Festival Offer,2024-09-05,Inactive,SMS,5935,215,73,4424.8,5887.69,2.47,3.6225779275484413,33.95348837209302
257069,Flash Sale,2024-09-05,Premium,Email,3317,504,69,2821.14,5593.48,3.88,15.194452818812179,13.690476190476192
613576,Membership Drive,2024-09-05,All,App,1228,811,97,3107.35,5219.54,1.7,66.04234527687296,11.960542540073984
92767,Category Promotion,2024-09-05,All,Social Media,6007,655,24,2240.78,3075.23,3.9,10.903945397036791,3.6641221374045805
278662,App Push Notification,2024-09-05,All,SMS,7524,627,35,1359.09,6124.31,3.17,8.333333333333332,5.582137161084529
42409,Email Campaign,2024-09-05,Inactive,Email,7417,555,18,1233.05,5467.16,2.01,7.482809761359039,3.2432432432432434
376246,Referral Program,2024-09-05,Premium,App,1394,445,65,1608.06,4481.89,2.66,31.922525107604017,14.606741573033707
772273,New User Discount,2024-09-04,New Users,App,6459,284,64,3403.46,8555.12,1.61,4.396965474531661,22.535211267605636
474751,Weekend Special,2024-09-04,All,Email,4519,565,78,4355.17,6566.9,2.8,12.502766098694401,13.805309734513274
612901,Festival Offer,2024-09-04,New Users,Social Media,7553,668,95,2622.89,5302.23,3.24,8.844167880312458,14.221556886227546
559313,Flash Sale,2024-09-04,All,Social Media,1753,731,87,3222.65,3488.35,3.52,41.6999429549344,11.901504787961697
750185,Membership Drive,2024-09-04,New Users,Social Media,7693,850,26,4094.6,4941.12,2.7,11.049005589496945,3.058823529411765
84625,Category Promotion,2024-09-04,Premium,SMS,7618,145,62,1987.68,7711.53,3.42,1.9033867156734052,42.758620689655174
160588,App Push Notification,2024-09-04,New Users,Social Media,7457,344,21,3735.31,2098.23,3.54,4.613115193777658,6.104651162790697
375918,Email Campaign,2024-09-04,New Users,App,4655,144,10,3350.61,2679.66,3.75,3.093447905477981,6.944444444444445
393597,Referral Program,2024-09-04,Premium,Social Media,5909,924,36,4380.53,4416.73,2.76,15.637163648671518,3.896103896103896
106263,New User Discount,2024-09-03,Inactive,SMS,1800,121,43,3868.25,3490.15,3.86,6.722222222222222,35.53719008264463
91797,Weekend Special,2024-09-03,Inactive,Email,8856,303,73,2097.23,6508.66,2.55,3.4214092140921406,24.09240924092409
134467,Festival Offer,2024-09-03,Inactive,App,3167,343,97,3052.4,2219.36,2.81,10.830438901168298,28.279883381924197
300089,Flash Sale,2024-09-03,New Users,Email,4667,911,64,4767.46,9527.34,3.26,19.52003428326548,7.025246981339188
909742,Membership Drive,2024-09-03,Premium,Email,9368,543,45,3166.02,9341.21,1.94,5.796327924850555,8.287292817679557
34197,Category Promotion,2024-09-03,Inactive,Email,1801,237,39,1838.08,5871.67,1.95,13.159355913381454,16.455696202531644
942149,App Push Notification,2024-09-03,All,SMS,5199,470,79,2522.37,6793.74,3.59,9.040200038468935,16.80851063829787
235150,Email Campaign,2024-09-03,All,Social Media,8272,889,17,3752.3,5944.56,2.84,10.747098646034816,1.9122609673790776
265613,Referral Program,2024-09-03,All,Social Media,6446,821,67,2623.22,7004.42,3.49,12.736580825318027,8.160779537149818
699708,New User Discount,2024-09-02,New Users,App,8913,556,15,3563.71,8368.29,2.92,6.238079210142489,2.697841726618705
564414,Weekend Special,2024-09-02,All,Email,3442,378,65,4869.53,9711.64,2.91,10.981987216734456,17.195767195767196
275834,Festival Offer,2024-09-02,Premium,Social Media,6944,629,48,4600.23,2410.01,1.88,9.058179723502304,7.631160572337042
560270,Flash Sale,2024-09-02,All,Email,9286,706,39,4678.69,3740.59,1.92,7.602842989446479,5.524079320113314
698854,Membership Drive,2024-09-02,All,Social Media,4393,950,62,3692.83,8680.99,2.6,21.625312997951283,6.526315789473684
304933,Category Promotion,2024-09-02,All,Email,4702,294,82,2940.73,8030.8,1.8,6.252658443215653,27.89115646258503
707038,App Push Notification,2024-09-02,All,SMS,7209,151,89,4212.55,4179.55,3.55,2.094603967263143,58.94039735099338
520794,Email Campaign,2024-09-02,All,App,4094,885,12,4519.23,7795.42,2.69,21.617000488519786,1.3559322033898304
729973,Referral Program,2024-09-02,Inactive,Email,8164,873,96,1969.59,8899.66,2.63,10.69328760411563,10.996563573883162
736829,New User Discount,2024-09-01,New Users,Social Media,1422,302,88,4238.34,3731.53,3.05,21.237693389592124,29.13907284768212
398685,Weekend Special,2024-09-01,All,Email,2164,190,93,2353.05,6828.39,2.12,8.78003696857671,48.94736842105264
41538,Festival Offer,2024-09-01,All,Social Media,8700,975,48,2673.2,4536.76,2.66,11.206896551724139,4.923076923076923
212280,Flash Sale,2024-09-01,All,App,8909,592,96,3493.19,5324.42,2.29,6.644965764956785,16.216216216216218
303662,Membership Drive,2024-09-01,New Users,App,4875,593,55,2046.73,7664.79,1.83,12.164102564102564,9.27487352445194
562441,Category Promotion,2024-09-01,Premium,SMS,7368,292,31,4101.73,6904.06,2.18,3.9630836047774154,10.616438356164384
388717,App Push Notification,2024-09-01,Inactive,App,6810,938,95,1844.63,6778.49,2.81,13.773861967694568,10.127931769722814
418170,Email Campaign,2024-09-01,Inactive,App,5648,389,88,2432.33,2998.61,3.6,6.887393767705382,22.62210796915167
965389,Referral Program,2024-09-01,New Users,Email,7053,154,98,4843.93,8791.64,3.24,2.1834680277895933,63.63636363636363
604783,New User Discount,2024-08-31,All,SMS,6198,250,98,3305.56,4885.0,2.64,4.033559212649242,39.2
966480,Weekend Special,2024-08-31,New Users,Social Media,8359,439,65,1039.08,5569.58,1.81,5.251824380906807,14.80637813211845
668481,Festival Offer,2024-08-31,All,Email,9146,264,90,1124.49,4826.22,3.5,2.8865077629564837,34.090909090909086
27202,Flash Sale,2024-08-31,Premium,Email,6510,679,47,4842.73,9894.47,3.36,10.43010752688172,6.9219440353460975
964374,Membership Drive,2024-08-31,Premium,Email,9482,767,79,4083.54,6471.88,2.63,8.089010757224214,10.29986962190352
106315,Category Promotion,2024-08-31,All,App,2915,535,40,3758.0,8693.91,3.12,18.353344768439108,7.476635514018691
490387,App Push Notification,2024-08-31,Inactive,SMS,5523,692,70,1092.09,4661.36,2.0,12.529422415353974,10.115606936416185
398867,Email Campaign,2024-08-31,New Users,App,9583,168,96,4198.7,5564.01,1.54,1.7531044558071585,57.14285714285714
219517,Referral Program,2024-08-31,Inactive,SMS,2284,179,58,3494.49,9301.19,2.02,7.837127845884413,32.402234636871505
458235,New User Discount,2024-08-30,New Users,App,4669,246,11,4396.4,7134.6,1.97,5.268794174341401,4.471544715447155
632559,Weekend Special,2024-08-30,New Users,Email,7983,185,12,3247.33,6025.89,3.07,2.3174245271201306,6.486486486486487
764433,Festival Offer,2024-08-30,Inactive,SMS,8965,137,73,2144.45,7048.71,3.21,1.528165086447295,53.284671532846716
515231,Flash Sale,2024-08-30,Inactive,Social Media,6432,650,24,3232.09,2763.84,3.29,10.105721393034827,3.6923076923076925
938560,Membership Drive,2024-08-30,All,Social Media,5700,262,61,4132.36,2712.71,3.89,4.5964912280701755,23.282442748091604
134796,Category Promotion,2024-08-30,All,App,2565,110,26,4959.67,7866.39,3.98,4.28849902534113,23.636363636363637
165252,App Push Notification,2024-08-30,Premium,Social Media,5720,208,21,2380.07,2983.92,2.37,3.6363636363636362,10.096153846153847
926899,Email Campaign,2024-08-30,Premium,Social Media,9463,814,40,1709.36,6276.05,3.05,8.601923280143717,4.914004914004914
89611,Referral Program,2024-08-30,New Users,Social Media,3326,180,60,1621.38,2629.63,3.32,5.411906193625978,33.33333333333333
349974,New User Discount,2024-08-29,Inactive,App,5479,267,45,2111.78,2571.64,3.61,4.8731520350428905,16.853932584269664
840932,Weekend Special,2024-08-29,Inactive,Social Media,3101,981,29,2507.26,4441.74,2.04,31.634956465656238,2.9561671763506627
270200,Festival Offer,2024-08-29,All,App,3533,612,80,1250.71,3949.22,3.8,17.322388904613643,13.071895424836603
541518,Flash Sale,2024-08-29,Premium,Social Media,8702,482,16,2710.84,7386.55,1.91,5.538956561709952,3.319502074688797
665101,Membership Drive,2024-08-29,All,Email,3334,778,61,3179.73,6061.9,2.34,23.335332933413316,7.840616966580977
531087,Category Promotion,2024-08-29,All,App,2945,321,74,2394.67,9955.62,3.24,10.899830220713074,23.05295950155763
908997,App Push Notification,2024-08-29,Premium,Email,9581,853,40,2550.54,3123.29,2.28,8.903037261246215,4.6893317702227435
598433,Email Campaign,2024-08-29,Inactive,App,9065,223,11,3967.19,9624.43,3.36,2.4600110314396026,4.932735426008969
261172,Referral Program,2024-08-29,Premium,Email,8368,730,70,2215.08,6530.38,3.33,8.723709369024856,9.58904109589041
106560,New User Discount,2024-08-28,Premium,Social Media,6236,987,51,1731.08,6403.47,3.15,15.82745349583066,5.167173252279635
597318,Weekend Special,2024-08-28,Inactive,SMS,3845,681,63,3576.19,7355.25,1.84,17.711313394018205,9.251101321585903
154974,Festival Offer,2024-08-28,Premium,Email,6260,301,55,4906.43,6597.35,2.74,4.8083067092651754,18.272425249169437
235562,Flash Sale,2024-08-28,All,Email,9389,631,93,3591.5,8002.71,2.41,6.7206305250825435,14.73851030110935
746461,Membership Drive,2024-08-28,All,Email,9294,679,28,4134.06,6930.78,2.51,7.305788680869378,4.123711340206185
799372,Category Promotion,2024-08-28,Inactive,Social Media,5214,305,65,3484.05,4879.82,2.62,5.84963559647104,21.311475409836063
947076,App Push Notification,2024-08-28,Inactive,SMS,6307,711,29,1798.32,5753.52,3.96,11.273188520691296,4.0787623066104075
999377,Email Campaign,2024-08-28,All,App,2864,622,55,4677.7,9655.34,2.98,21.717877094972067,8.842443729903538
131812,Referral Program,2024-08-28,All,SMS,6496,848,33,2903.65,7677.6,3.63,13.054187192118228,3.891509433962264
530544,New User Discount,2024-08-27,All,Social Media,3093,617,72,3554.17,4852.48,2.24,19.948270287746524,11.66936790923825
523856,Weekend Special,2024-08-27,New Users,SMS,4391,161,85,1227.47,4816.83,1.96,3.6665907538146207,52.79503105590062
143504,Festival Offer,2024-08-27,New Users,SMS,1800,452,49,4981.39,3726.88,3.92,25.11111111111111,10.84070796460177
429784,Flash Sale,2024-08-27,Inactive,App,5652,853,84,4147.33,8378.42,3.86,15.092002830856336,9.847596717467761
113886,Membership Drive,2024-08-27,Inactive,Social Media,7705,260,66,2509.56,9138.94,2.93,3.3744321868916285,25.384615384615383
742481,Category Promotion,2024-08-27,Premium,App,1273,428,29,2093.15,4304.91,2.76,33.62136684996072,6.775700934579438
519542,App Push Notification,2024-08-27,Inactive,SMS,3973,156,42,2188.12,2486.77,2.1,3.9265039013340046,26.923076923076923
399975,Email Campaign,2024-08-27,New Users,Email,3972,780,27,4831.74,3627.61,1.85,19.637462235649547,3.4615384615384617
793282,Referral Program,2024-08-27,New Users,Social Media,5858,798,37,2687.45,2933.79,3.12,13.622396722430864,4.636591478696742
915778,New User Discount,2024-08-26,All,App,5146,654,23,2536.68,6382.49,3.81,12.708900116595414,3.5168195718654434
233466,Weekend Special,2024-08-26,New Users,App,4273,385,60,3909.24,8375.42,1.64,9.01006318745612,15.584415584415584
930068,Festival Offer,2024-08-26,All,App,4551,784,97,2272.7,8028.78,2.13,17.226983080641617,12.372448979591837
694681,Flash Sale,2024-08-26,All,Social Media,3665,203,78,1299.03,3399.25,3.97,5.538881309686221,38.42364532019704
157009,Membership Drive,2024-08-26,Premium,SMS,2895,674,92,4700.08,3078.73,2.33,23.281519861830745,13.649851632047477
196230,Category Promotion,2024-08-26,Inactive,Social Media,1081,341,64,2083.5,8567.09,2.59,31.54486586493987,18.7683284457478
654429,App Push Notification,2024-08-26,Premium,Social Media,9492,448,85,2228.51,2847.47,2.32,4.71976401179941,18.973214285714285
132669,Email Campaign,2024-08-26,Premium,SMS,1673,1000,60,2285.82,2338.4,3.72,59.77286312014346,6.0
145503,Referral Program,2024-08-26,Premium,Email,4754,206,55,2813.13,7425.56,3.36,4.333193100546908,26.699029126213592
22459,New User Discount,2024-08-25,All,App,7793,427,30,4221.53,6827.3,3.93,5.4792762735788525,7.02576112412178
261354,Weekend Special,2024-08-25,New Users,Social Media,4303,543,42,3544.24,6050.64,2.83,12.619102951429234,7.734806629834254
258273,Festival Offer,2024-08-25,Inactive,Email,6169,549,37,3100.54,2341.72,3.56,8.89933538661047,6.739526411657559
32575,Flash Sale,2024-08-25,Inactive,Social Media,2083,323,26,3018.5,5970.93,3.32,15.506481036965914,8.04953560371517
176026,Membership Drive,2024-08-25,Premium,Email,3563,833,82,2371.45,9832.7,2.44,23.37917485265226,9.843937575030012
192426,Category Promotion,2024-08-25,Inactive,App,1189,735,46,2554.76,2730.5,3.18,61.81665264928511,6.258503401360545
868612,App Push Notification,2024-08-25,New Users,Email,9760,825,80,1543.32,9270.58,2.5,8.452868852459016,9.696969696969697
91435,Email Campaign,2024-08-25,Premium,Email,8094,411,13,1047.19,6583.72,2.43,5.077835433654559,3.1630170316301705
243,Referral Program,2024-08-25,Premium,Email,2480,639,53,3641.18,5970.43,3.99,25.766129032258068,8.294209702660407
571654,New User Discount,2024-08-24,All,SMS,8814,389,79,4948.12,9950.16,1.86,4.413433174495121,20.308483290488432
481541,Weekend Special,2024-08-24,New Users,Email,6351,682,51,1795.71,6040.66,3.6,10.738466383246733,7.47800586510264
795336,Festival Offer,2024-08-24,All,Email,2624,178,38,2470.27,9543.06,3.71,6.783536585365854,21.34831460674157
964221,Flash Sale,2024-08-24,All,App,2780,224,43,2319.67,3148.2,1.98,8.057553956834532,19.196428571428573
540439,Membership Drive,2024-08-24,All,App,5242,223,99,1680.27,3440.57,2.65,4.2541014879816865,44.39461883408072
128968,Category Promotion,2024-08-24,Premium,App,7657,302,38,1678.27,6093.93,2.47,3.944103434765574,12.582781456953644
861794,App Push Notification,2024-08-24,Premium,Email,3989,167,46,1339.93,9062.97,2.43,4.186512910503885,27.54491017964072
334651,Email Campaign,2024-08-24,New Users,Social Media,9209,463,21,4637.81,4297.99,1.53,5.027690302964491,4.535637149028078
544173,Referral Program,2024-08-24,Premium,App,1403,661,93,3792.42,6555.98,3.21,47.11332858161084,14.069591527987896
995734,New User Discount,2024-08-23,Premium,Email,9044,924,55,2419.76,2716.64,2.36,10.21671826625387,5.952380952380952
685200,Weekend Special,2024-08-23,New Users,Social Media,6738,567,18,2683.84,2645.4,4.0,8.414959928762244,3.1746031746031744
18141,Festival Offer,2024-08-23,Premium,Social Media,7323,298,93,2738.0,4515.64,3.0,4.069370476580636,31.20805369127517
367221,Flash Sale,2024-08-23,New Users,Social Media,7196,315,53,3064.54,3459.03,1.78,4.3774319066147855,16.825396825396826
658145,Membership Drive,2024-08-23,New Users,Email,7801,320,62,4400.05,9731.72,2.25,4.10203820023074,19.375
917306,Category Promotion,2024-08-23,New Users,App,6000,247,89,1802.4,3175.08,3.26,4.116666666666666,36.032388663967616
609687,App Push Notification,2024-08-23,Inactive,Social Media,3042,220,35,4897.47,6835.03,1.92,7.232084155161078,15.909090909090908
552004,Email Campaign,2024-08-23,All,Email,2911,559,95,3573.55,4533.25,2.02,19.203023016145654,16.99463327370304
391939,Referral Program,2024-08-23,Premium,Email,6262,694,32,4026.13,7182.83,3.29,11.082721175343341,4.610951008645533
664533,New User Discount,2024-08-22,Inactive,Social Media,6188,610,73,2648.08,5985.68,2.19,9.857789269553976,11.967213114754099
926570,Weekend Special,2024-08-22,Premium,Social Media,5255,988,71,3283.04,3220.0,1.8,18.8011417697431,7.186234817813765
913744,Festival Offer,2024-08-22,All,Social Media,5031,698,92,3439.36,3706.15,3.5,13.87398131584178,13.18051575931232
681774,Flash Sale,2024-08-22,New Users,Email,8711,282,96,2239.55,3545.06,2.28,3.237286189874871,34.04255319148936
863138,Membership Drive,2024-08-22,New Users,Email,4617,718,38,1529.18,5291.55,3.72,15.55122373835824,5.2924791086350975
641708,Category Promotion,2024-08-22,Premium,Email,1587,657,50,3963.66,8755.82,2.38,41.39886578449906,7.610350076103501
10707,App Push Notification,2024-08-22,New Users,Social Media,3887,279,83,2882.64,3331.15,1.89,7.1777720607152045,29.749103942652326
167036,Email Campaign,2024-08-22,Inactive,Email,4812,637,95,1151.52,6441.58,3.6,13.23773898586866,14.91365777080063
414240,Referral Program,2024-08-22,New Users,App,9760,904,67,1993.79,9612.58,3.38,9.262295081967213,7.411504424778761
655591,New User Discount,2024-08-21,Premium,Social Media,3997,175,46,4506.06,9413.23,3.37,4.378283712784588,26.285714285714285
214126,Weekend Special,2024-08-21,New Users,Social Media,1911,322,20,3355.16,4343.0,1.88,16.84981684981685,6.211180124223603
849043,Festival Offer,2024-08-21,Premium,SMS,1017,555,75,1097.9,3816.51,3.58,54.572271386430685,13.513513513513514
758649,Flash Sale,2024-08-21,Premium,Social Media,6952,600,81,2882.36,3146.54,3.76,8.63060989643268,13.5
643133,Membership Drive,2024-08-21,Inactive,SMS,9138,616,30,4831.86,2630.68,1.63,6.741081199387175,4.870129870129871
364794,Category Promotion,2024-08-21,Premium,Email,3456,840,64,2940.5,6315.99,2.94,24.305555555555554,7.6190476190476195
763730,App Push Notification,2024-08-21,All,App,1254,536,83,1877.51,2421.68,1.97,42.74322169059011,15.485074626865671
479615,Email Campaign,2024-08-21,All,Social Media,3825,833,42,2206.95,8674.76,2.92,21.777777777777775,5.042016806722689
674595,Referral Program,2024-08-21,All,Email,6929,386,81,2279.44,3972.66,1.53,5.570789435705008,20.984455958549223
26843,New User Discount,2024-08-20,Inactive,Email,2314,983,72,3316.6,4068.95,2.09,42.48055315471046,7.3245167853509665
910163,Weekend Special,2024-08-20,All,SMS,4131,888,48,3114.93,8649.78,2.37,21.4960058097313,5.405405405405405
705483,Festival Offer,2024-08-20,Inactive,Social Media,3478,436,46,1245.46,2706.45,3.05,12.535940195514664,10.550458715596331
710085,Flash Sale,2024-08-20,Premium,App,5250,778,70,3036.32,7028.45,1.57,14.819047619047618,8.997429305912597
195392,Membership Drive,2024-08-20,Inactive,App,2018,621,31,1872.63,7240.22,3.34,30.773042616451935,4.99194847020934
10907,Category Promotion,2024-08-20,All,SMS,8100,606,19,1790.86,3124.92,3.68,7.481481481481482,3.1353135313531353
536852,App Push Notification,2024-08-20,New Users,SMS,6864,496,28,3701.18,7088.25,1.94,7.226107226107226,5.64516129032258
342908,Email Campaign,2024-08-20,All,Social Media,9847,686,92,2377.72,6406.71,2.4,6.9665888087742465,13.411078717201166
456999,Referral Program,2024-08-20,Inactive,Social Media,4991,167,76,2636.96,2751.97,2.73,3.3460228411140056,45.50898203592814
112950,New User Discount,2024-08-19,Premium,Email,1695,476,40,4890.05,9414.42,3.72,28.08259587020649,8.403361344537815
728495,Weekend Special,2024-08-19,New Users,SMS,4649,110,53,3637.97,7024.83,2.43,2.366100236610024,48.18181818181818
566356,Festival Offer,2024-08-19,Premium,Social Media,3235,909,65,2047.7,4206.84,2.07,28.09891808346213,7.15071507150715
252419,Flash Sale,2024-08-19,Inactive,Social Media,9745,879,39,1245.98,3051.63,2.52,9.020010261672653,4.436860068259386
563651,Membership Drive,2024-08-19,Inactive,Social Media,7031,316,10,1850.67,4712.77,3.03,4.49438202247191,3.1645569620253164
363017,Category Promotion,2024-08-19,Inactive,Email,5109,564,10,1921.9,4834.74,1.98,11.039342337052261,1.773049645390071
66048,App Push Notification,2024-08-19,New Users,SMS,2693,566,24,2435.35,9907.63,2.76,21.017452655031562,4.240282685512367
197525,Email Campaign,2024-08-19,All,SMS,8042,852,99,3420.16,2019.53,3.4,10.594379507585177,11.619718309859154
76048,Referral Program,2024-08-19,All,Email,6442,145,100,3211.44,4547.59,2.33,2.2508537721204593,68.96551724137932
52679,New User Discount,2024-08-18,Inactive,Email,8630,536,76,4773.79,2879.94,3.77,6.210892236384705,14.17910447761194
176733,Weekend Special,2024-08-18,Inactive,Email,2270,735,37,3626.83,9659.02,3.16,32.378854625550666,5.034013605442176
476080,Festival Offer,2024-08-18,Premium,Email,9612,745,92,2067.79,8478.72,2.33,7.7507282563462345,12.348993288590604
118821,Flash Sale,2024-08-18,All,SMS,6409,219,26,2019.68,3815.11,3.89,3.4170697456701515,11.87214611872146
731878,Membership Drive,2024-08-18,Inactive,SMS,7769,532,22,2417.86,2882.53,2.96,6.8477281503411,4.135338345864661
978000,Category Promotion,2024-08-18,All,Social Media,2526,517,16,2633.52,7624.27,1.99,20.46714172604909,3.0947775628626695
3883,App Push Notification,2024-08-18,All,Social Media,3225,571,60,2012.46,3227.28,3.41,17.705426356589147,10.507880910683012
500802,Email Campaign,2024-08-18,All,SMS,2333,319,17,4899.52,8858.98,2.86,13.673381911701671,5.329153605015674
557237,Referral Program,2024-08-18,New Users,SMS,7890,835,100,3761.84,2919.05,2.5,10.583016476552597,11.976047904191617
252304,New User Discount,2024-08-17,New Users,SMS,7746,731,89,4497.43,8535.3,3.85,9.43712884069197,12.175102599179207
594455,Weekend Special,2024-08-17,New Users,SMS,3752,188,36,2833.54,6982.23,1.91,5.0106609808102345,19.148936170212767
772069,Festival Offer,2024-08-17,Inactive,Email,1785,472,25,4548.31,7995.06,3.45,26.442577030812327,5.296610169491525
908122,Flash Sale,2024-08-17,Premium,SMS,8772,850,42,1110.2,6051.24,3.13,9.689922480620156,4.941176470588235
414315,Membership Drive,2024-08-17,Premium,Social Media,1484,995,86,3474.26,3391.55,2.85,67.04851752021564,8.64321608040201
192038,Category Promotion,2024-08-17,All,SMS,3954,561,21,2906.44,2124.2,3.85,14.188163884673749,3.7433155080213902
232926,App Push Notification,2024-08-17,Premium,SMS,8650,911,26,1391.03,8788.92,2.01,10.531791907514451,2.8540065861690453
335810,Email Campaign,2024-08-17,Inactive,Social Media,8492,815,31,3799.69,9221.25,3.76,9.597268016957136,3.8036809815950923
113620,Referral Program,2024-08-17,Inactive,App,8545,119,61,3006.08,7090.68,3.6,1.3926272674078408,51.26050420168067
497133,New User Discount,2024-08-16,Inactive,App,2300,864,68,3960.94,7090.09,2.52,37.565217391304344,7.87037037037037
180434,Weekend Special,2024-08-16,All,Email,8695,565,51,1619.3,7207.55,2.57,6.497987349051179,9.026548672566372
941443,Festival Offer,2024-08-16,Premium,App,4664,962,90,4788.16,7782.72,2.61,20.62607204116638,9.355509355509357
490074,Flash Sale,2024-08-16,Premium,Email,2510,849,67,2284.0,6449.76,2.13,33.82470119521913,7.891637220259129
395559,Membership Drive,2024-08-16,Inactive,SMS,1633,897,61,4643.51,9680.75,3.89,54.929577464788736,6.800445930880714
468357,Category Promotion,2024-08-16,Premium,SMS,3870,540,26,1014.91,3603.29,1.58,13.953488372093023,4.814814814814815
169017,App Push Notification,2024-08-16,Premium,Social Media,4044,852,48,4957.13,5282.71,3.64,21.068249258160236,5.633802816901409
810545,Email Campaign,2024-08-16,Premium,App,8605,163,71,1401.29,2220.55,3.93,1.89424753050552,43.558282208588956
69822,Referral Program,2024-08-16,Premium,Email,4976,380,59,1090.23,8581.79,3.24,7.636655948553055,15.526315789473685
880536,New User Discount,2024-08-15,Inactive,App,3083,405,97,1672.44,6980.73,2.21,13.13655530327603,23.950617283950617
870316,Weekend Special,2024-08-15,All,App,6731,431,65,4181.21,3822.0,2.56,6.40320903283316,15.081206496519723
821052,Festival Offer,2024-08-15,New Users,Social Media,4762,783,76,4042.22,5864.52,3.13,16.442671146577066,9.70625798212005
658634,Flash Sale,2024-08-15,New Users,Social Media,5152,532,54,1398.81,5169.91,2.74,10.326086956521738,10.150375939849624
514491,Membership Drive,2024-08-15,Premium,Email,5792,873,95,1508.71,2499.39,3.7,15.072513812154694,10.882016036655212
751261,Category Promotion,2024-08-15,Inactive,SMS,2604,504,85,3993.12,9754.05,1.92,19.35483870967742,16.865079365079367
130406,App Push Notification,2024-08-15,New Users,App,2357,728,76,2693.79,5133.79,2.54,30.886720407297414,10.43956043956044
100662,Email Campaign,2024-08-15,Premium,Email,6964,666,78,2175.87,3727.82,2.2,9.563469270534176,11.711711711711711
317552,Referral Program,2024-08-15,Premium,Social Media,6094,947,84,3780.03,4986.89,1.9,15.539875287167707,8.870116156282998
514027,New User Discount,2024-08-14,New Users,Email,3562,965,10,2188.31,5898.28,3.77,27.091521617069063,1.0362694300518136
30737,Weekend Special,2024-08-14,Inactive,Email,6818,180,62,3922.65,8681.94,1.54,2.6400704018773835,34.44444444444444
558207,Festival Offer,2024-08-14,Premium,App,8104,522,92,1024.47,4315.84,3.17,6.441263573543929,17.624521072796934
270439,Flash Sale,2024-08-14,Inactive,Social Media,5163,985,90,4990.83,9226.6,1.8,19.078055394150688,9.137055837563452
823839,Membership Drive,2024-08-14,Premium,SMS,1287,428,19,1630.81,7926.1,3.57,33.255633255633256,4.439252336448598
921253,Category Promotion,2024-08-14,All,Social Media,1556,768,89,2359.71,6934.27,3.76,49.3573264781491,11.588541666666668
580558,App Push Notification,2024-08-14,Inactive,Email,6278,150,38,1668.33,6084.29,3.85,2.389295954125518,25.333333333333336
131786,Email Campaign,2024-08-14,All,App,6510,979,75,3836.38,6042.58,1.56,15.038402457757297,7.6608784473953015
212925,Referral Program,2024-08-14,All,App,8953,646,28,3978.77,9632.0,2.2,7.215458505528873,4.3343653250774
740409,New User Discount,2024-08-13,New Users,SMS,5636,723,15,4337.02,6030.66,1.7,12.828246983676367,2.0746887966804977
601671,Weekend Special,2024-08-13,New Users,App,6912,692,44,2465.16,5176.52,3.72,10.011574074074074,6.358381502890173
142246,Festival Offer,2024-08-13,New Users,Social Media,4322,323,26,1001.85,9085.03,3.92,7.473391948172142,8.04953560371517
985363,Flash Sale,2024-08-13,New Users,SMS,9681,427,46,1231.93,7599.83,3.36,4.4107013738250185,10.772833723653395
993235,Membership Drive,2024-08-13,Inactive,Social Media,7419,570,45,1333.99,7418.99,2.88,7.682976142337242,7.894736842105263
790173,Category Promotion,2024-08-13,New Users,Social Media,6503,617,12,4344.13,9416.52,2.83,9.487928648316162,1.9448946515397085
822459,App Push Notification,2024-08-13,New Users,App,4705,934,47,3029.71,6220.46,3.58,19.85122210414453,5.032119914346895
441866,Email Campaign,2024-08-13,All,SMS,2088,923,77,4932.54,8966.39,3.8,44.20498084291188,8.342361863488625
681546,Referral Program,2024-08-13,New Users,SMS,7803,287,48,1408.86,9274.86,3.39,3.6780725362040236,16.72473867595819
702423,New User Discount,2024-08-12,Inactive,Social Media,6709,153,100,2831.24,9694.16,1.97,2.280518706215531,65.359477124183
784022,Weekend Special,2024-08-12,Inactive,Email,7626,863,47,4048.88,3729.9,2.12,11.316548649357461,5.44611819235226
194212,Festival Offer,2024-08-12,Inactive,Social Media,5986,968,70,2878.81,8007.86,1.9,16.171065820247243,7.231404958677685
432274,Flash Sale,2024-08-12,Premium,Social Media,7845,928,29,3726.48,7618.08,3.91,11.82919056724028,3.125
322036,Membership Drive,2024-08-12,All,SMS,6489,337,45,1853.35,7939.58,3.07,5.193404222530436,13.353115727002967
407656,Category Promotion,2024-08-12,All,Social Media,4831,230,86,3639.17,4216.04,2.21,4.760919064375906,37.391304347826086
992418,App Push Notification,2024-08-12,Inactive,App,2399,747,41,2068.79,8433.09,3.89,31.13797415589829,5.4886211512717535
749336,Email Campaign,2024-08-12,Premium,Social Media,2256,452,75,1360.78,7033.73,3.72,20.0354609929078,16.5929203539823
78129,Referral Program,2024-08-12,New Users,App,6191,486,51,2833.88,2014.46,2.8,7.850104991116136,10.493827160493826
795641,New User Discount,2024-08-11,All,Email,8953,306,21,3183.75,2988.69,2.37,3.4178487657768346,6.862745098039216
396373,Weekend Special,2024-08-11,New Users,Social Media,4742,102,79,3817.42,9179.8,3.34,2.1509911429776465,77.45098039215686
180390,Festival Offer,2024-08-11,All,App,7727,508,76,2957.52,4549.55,1.85,6.574349682929986,14.960629921259844
514528,Flash Sale,2024-08-11,New Users,App,2460,611,21,4485.09,5364.8,2.59,24.837398373983742,3.436988543371522
709720,Membership Drive,2024-08-11,Inactive,Social Media,4972,150,85,4745.79,9073.17,2.45,3.0168946098149636,56.666666666666664
953779,Category Promotion,2024-08-11,Inactive,Email,1149,577,80,3747.77,9049.95,3.76,50.217580504786774,13.864818024263432
711295,App Push Notification,2024-08-11,Premium,Social Media,5954,424,71,4162.18,4796.18,3.25,7.1212630164595225,16.745283018867923
136965,Email Campaign,2024-08-11,Inactive,App,2916,467,68,2963.32,6983.76,3.18,16.015089163237313,14.5610278372591
978129,Referral Program,2024-08-11,Inactive,Email,7715,849,30,1562.14,6412.07,2.59,11.004536616979909,3.53356890459364
203187,New User Discount,2024-08-10,Inactive,App,3978,941,67,4658.08,2872.11,2.19,23.65510306686777,7.1200850159404885
653448,Weekend Special,2024-08-10,Premium,Social Media,9035,399,58,3491.99,5785.67,2.04,4.416159380188158,14.536340852130325
523526,Festival Offer,2024-08-10,Premium,App,5593,813,74,1420.1,8602.45,2.26,14.536027176828178,9.10209102091021
388700,Flash Sale,2024-08-10,Inactive,Email,7399,319,53,3045.31,5622.31,3.65,4.311393431544803,16.614420062695924
796593,Membership Drive,2024-08-10,New Users,SMS,6359,967,91,1743.04,5445.9,2.44,15.206793520993866,9.410548086866598
899116,Category Promotion,2024-08-10,All,App,8372,479,24,2906.11,4989.33,2.68,5.721452460582896,5.010438413361169
453389,App Push Notification,2024-08-10,Inactive,Social Media,6273,892,64,3483.92,2110.23,2.62,14.219671608480791,7.174887892376682
968824,Email Campaign,2024-08-10,Premium,Email,4086,749,42,2136.35,7400.54,2.66,18.330885952031327,5.607476635514018
129388,Referral Program,2024-08-10,All,Social Media,5066,252,97,4515.12,4460.76,3.08,4.974338728780102,38.492063492063494
260074,New User Discount,2024-08-09,All,App,8282,621,84,3813.19,3202.13,3.82,7.498188843274571,13.526570048309178
963173,Weekend Special,2024-08-09,All,App,3672,241,31,1484.63,2577.67,1.73,6.563180827886709,12.863070539419086
977799,Festival Offer,2024-08-09,Premium,SMS,1594,289,55,4377.58,8269.59,2.4,18.130489335006274,19.031141868512112
884280,Flash Sale,2024-08-09,All,Email,8045,829,92,3368.75,5542.24,3.28,10.304536979490367,11.097708082026537
816320,Membership Drive,2024-08-09,Inactive,Email,6129,389,27,3852.56,5183.14,3.9,6.346875509871104,6.940874035989718
669170,Category Promotion,2024-08-09,Inactive,Email,8144,848,11,2249.31,2250.44,2.3,10.412573673870334,1.2971698113207548
772988,App Push Notification,2024-08-09,Premium,Social Media,1861,698,39,2007.9,7919.96,2.84,37.50671681891456,5.587392550143266
460602,Email Campaign,2024-08-09,All,SMS,6683,736,69,2693.65,8936.06,3.32,11.013018105641178,9.375
3131,Referral Program,2024-08-09,Inactive,Email,8623,201,11,3056.1,6057.81,2.94,2.3309752986199697,5.472636815920398
420987,New User Discount,2024-08-08,New Users,Email,8301,204,35,4919.38,8932.29,3.4,2.4575352367184675,17.15686274509804
77548,Weekend Special,2024-08-08,All,App,2425,467,25,2054.77,5294.5,1.68,19.257731958762886,5.353319057815846
473121,Festival Offer,2024-08-08,Premium,Social Media,9020,801,60,1907.55,9281.62,1.56,8.880266075388027,7.490636704119851
486618,Flash Sale,2024-08-08,Premium,App,4476,180,94,3607.25,3592.43,3.09,4.021447721179625,52.22222222222223
569092,Membership Drive,2024-08-08,All,Social Media,7919,171,55,4968.16,9645.78,3.61,2.1593635560045463,32.16374269005848
190944,Category Promotion,2024-08-08,Inactive,SMS,7803,155,85,1334.53,4418.33,3.71,1.9864154812251698,54.83870967741935
101610,App Push Notification,2024-08-08,Inactive,SMS,3940,237,20,4125.25,7838.27,1.68,6.015228426395939,8.438818565400844
774901,Email Campaign,2024-08-08,New Users,Social Media,8759,124,77,3080.45,3572.36,2.2,1.4156867222285647,62.096774193548384
66041,Referral Program,2024-08-08,All,SMS,1399,832,69,1082.23,5046.91,1.52,59.471050750536094,8.29326923076923
972346,New User Discount,2024-08-07,New Users,SMS,7668,510,89,1153.13,9303.02,2.01,6.651017214397497,17.45098039215686
942743,Weekend Special,2024-08-07,All,App,2092,629,24,4006.46,2166.0,3.56,30.066921606118548,3.815580286168521
695111,Festival Offer,2024-08-07,Inactive,Email,5291,635,89,3569.21,5271.05,3.81,12.001512001512001,14.015748031496065
490223,Flash Sale,2024-08-07,All,App,4722,950,88,3983.59,7305.4,2.95,20.118593816179587,9.263157894736842
442998,Membership Drive,2024-08-07,Premium,Social Media,2737,966,69,4578.32,7339.79,2.04,35.294117647058826,7.142857142857142
921974,Category Promotion,2024-08-07,All,SMS,7735,690,21,2624.67,3051.7,2.34,8.92049127343245,3.0434782608695654
727319,App Push Notification,2024-08-07,New Users,Social Media,3448,954,30,3566.2,3713.43,3.18,27.66821345707657,3.1446540880503147
607753,Email Campaign,2024-08-07,Inactive,SMS,5122,943,95,2021.6,2466.25,1.62,18.410777040218665,10.07423117709438
444297,Referral Program,2024-08-07,New Users,SMS,2404,405,45,4884.8,9128.89,3.46,16.846921797004992,11.11111111111111
84366,New User Discount,2024-08-06,New Users,App,5984,845,72,2315.12,2505.97,3.32,14.120989304812834,8.520710059171597
331475,Weekend Special,2024-08-06,New Users,App,7023,147,68,2509.2,7199.28,2.82,2.093122597180692,46.25850340136054
268405,Festival Offer,2024-08-06,New Users,SMS,9632,877,84,1135.33,3363.73,3.79,9.105066445182725,9.578107183580387
392316,Flash Sale,2024-08-06,All,Email,2122,919,60,4893.49,4503.05,1.69,43.30819981149859,6.528835690968444
115391,Membership Drive,2024-08-06,New Users,Email,5692,875,46,1273.09,8242.12,2.95,15.372452565003513,5.257142857142857
534512,Category Promotion,2024-08-06,Inactive,App,5280,577,19,2628.52,2588.43,2.17,10.928030303030303,3.2928942807625647
284422,App Push Notification,2024-08-06,All,Social Media,8614,940,92,1622.92,2155.43,2.91,10.912468075226375,9.787234042553191
84657,Email Campaign,2024-08-06,Premium,Email,9689,690,61,1109.75,9731.21,3.42,7.12147796470224,8.840579710144928
414231,Referral Program,2024-08-06,Inactive,Social Media,5401,155,43,3789.27,6740.85,3.35,2.869838918718756,27.741935483870968
898960,New User Discount,2024-08-05,Premium,SMS,7816,305,48,4930.14,7573.68,2.87,3.902251791197543,15.737704918032788
530108,Weekend Special,2024-08-05,Inactive,App,8418,204,19,2287.14,3345.72,1.72,2.4233784746970777,9.313725490196079
902344,Festival Offer,2024-08-05,All,SMS,5055,429,19,4026.88,9790.27,2.45,8.486646884272997,4.428904428904429
134935,Flash Sale,2024-08-05,Inactive,App,5860,917,28,4159.03,3535.02,1.8,15.648464163822526,3.0534351145038165
836752,Membership Drive,2024-08-05,Premium,SMS,4816,684,20,2506.86,9535.46,1.7,14.202657807308968,2.923976608187134
446966,Category Promotion,2024-08-05,New Users,SMS,6672,150,26,1561.05,7916.23,2.84,2.2482014388489207,17.333333333333336
389548,App Push Notification,2024-08-05,New Users,App,6365,520,52,3270.32,7771.18,2.06,8.16967792615868,10.0
71868,Email Campaign,2024-08-05,All,App,7001,419,74,1305.55,4501.37,3.34,5.984859305813455,17.66109785202864
784176,Referral Program,2024-08-05,Inactive,App,9981,910,43,4447.77,4125.35,1.91,9.117322913535718,4.725274725274725
326841,New User Discount,2024-08-04,Inactive,Social Media,2363,319,97,4907.75,8855.37,3.72,13.499788404570461,30.407523510971785
211547,Weekend Special,2024-08-04,Inactive,App,3930,552,84,1732.79,3963.4,1.84,14.045801526717558,15.217391304347828
655175,Festival Offer,2024-08-04,New Users,Email,4295,535,28,1058.01,4651.7,2.29,12.456344586728754,5.233644859813085
222815,Flash Sale,2024-08-04,Inactive,Social Media,4353,444,26,1196.97,8951.53,2.38,10.199862164024811,5.8558558558558556
280981,Membership Drive,2024-08-04,Inactive,Social Media,4014,677,76,3735.8,4863.25,3.26,16.865969108121575,11.225997045790251
699556,Category Promotion,2024-08-04,Premium,SMS,4640,853,29,3244.16,6105.04,3.24,18.38362068965517,3.399765533411489
944188,App Push Notification,2024-08-04,New Users,SMS,7130,519,95,1483.22,3850.61,3.4,7.279102384291725,18.304431599229286
270788,Email Campaign,2024-08-04,Inactive,Social Media,1621,925,26,4151.92,3437.08,2.67,57.06354102405923,2.810810810810811
314889,Referral Program,2024-08-04,Premium,Email,9251,377,38,1936.51,8825.13,2.72,4.075235109717868,10.079575596816976
368664,New User Discount,2024-08-03,All,App,2235,829,96,3767.67,4371.71,2.13,37.0917225950783,11.58021712907117
53822,Weekend Special,2024-08-03,New Users,Social Media,6996,639,53,3547.23,5476.86,3.46,9.133790737564322,8.294209702660407
160294,Festival Offer,2024-08-03,Inactive,Email,7950,734,32,2475.23,4891.68,3.09,9.232704402515724,4.35967302452316
601326,Flash Sale,2024-08-03,Premium,Social Media,4432,564,81,1978.23,9513.38,2.48,12.725631768953068,14.361702127659576
699828,Membership Drive,2024-08-03,Inactive,Social Media,3427,537,43,2792.0,5367.86,1.85,15.669681937554714,8.007448789571695
960855,Category Promotion,2024-08-03,Premium,App,8400,425,25,2598.39,5006.07,3.79,5.059523809523809,5.88235294117647
477556,App Push Notification,2024-08-03,All,App,1805,555,98,1845.04,4581.49,2.06,30.747922437673132,17.65765765765766
238827,Email Campaign,2024-08-03,New Users,SMS,3578,957,26,4530.04,6562.59,2.62,26.74678591391839,2.7168234064785786
361838,Referral Program,2024-08-03,Inactive,Email,4809,870,78,2671.33,9372.2,2.18,18.091079226450404,8.96551724137931
720320,New User Discount,2024-08-02,Inactive,Email,5281,129,75,1257.77,2499.86,1.91,2.442719181973111,58.139534883720934
993475,Weekend Special,2024-08-02,Premium,Social Media,6835,313,70,2130.65,8548.17,2.16,4.579370885149964,22.364217252396166
488960,Festival Offer,2024-08-02,Premium,Social Media,8330,595,34,1881.66,2127.85,2.01,7.142857142857142,5.714285714285714
569878,Flash Sale,2024-08-02,All,Social Media,5863,717,76,2455.64,7618.35,3.95,12.229234180453693,10.599721059972106
72423,Membership Drive,2024-08-02,New Users,Social Media,2965,192,90,3434.13,4274.34,2.58,6.475548060708262,46.875
146183,Category Promotion,2024-08-02,New Users,Social Media,9354,631,84,3645.69,4325.89,1.71,6.745777207611717,13.312202852614895
930544,App Push Notification,2024-08-02,New Users,App,8787,708,93,2127.63,5739.27,2.76,8.057357459883919,13.135593220338984
601456,Email Campaign,2024-08-02,New Users,SMS,7986,652,31,2397.68,3807.98,3.62,8.164287503130478,4.754601226993866
512678,Referral Program,2024-08-02,All,App,2223,807,29,4597.94,3086.32,3.32,36.30229419703104,3.593556381660471
403225,New User Discount,2024-08-01,Premium,SMS,2764,773,72,2397.18,8629.49,2.94,27.966714905933433,9.314359637774903
408769,Weekend Special,2024-08-01,New Users,SMS,4684,355,88,2953.01,7374.36,2.1,7.578992314261315,24.788732394366196
355606,Festival Offer,2024-08-01,All,Social Media,7733,447,28,1522.84,2176.16,1.51,5.780421569895254,6.263982102908278
92672,Flash Sale,2024-08-01,New Users,Social Media,6245,628,19,4210.78,7077.95,2.0,10.056044835868695,3.0254777070063694
412881,Membership Drive,2024-08-01,Inactive,SMS,1133,579,60,2998.96,3848.06,3.33,51.103265666372465,10.362694300518134
725462,Category Promotion,2024-08-01,New Users,App,7644,178,60,4100.43,2725.65,3.55,2.328623757195186,33.70786516853933
260331,App Push Notification,2024-08-01,Premium,SMS,7251,903,94,4266.24,3160.04,3.63,12.453454695904014,10.409745293466225
717340,Email Campaign,2024-08-01,Inactive,App,7310,470,19,3829.59,3534.49,2.52,6.429548563611491,4.042553191489362
873714,Referral Program,2024-08-01,All,App,6886,480,25,1619.51,3855.57,3.7,6.970665117629974,5.208333333333334
356016,New User Discount,2024-07-31,Inactive,Social Media,8868,328,17,4429.06,9854.82,2.94,3.6986919260261617,5.182926829268292
149417,Weekend Special,2024-07-31,Inactive,Email,5019,880,77,3090.85,6876.06,1.56,17.533373181908747,8.75
118980,Festival Offer,2024-07-31,Inactive,App,1314,893,45,1159.56,9456.48,2.71,67.96042617960426,5.039193729003359
382542,Flash Sale,2024-07-31,Inactive,App,9314,386,42,4727.77,8348.7,3.65,4.144298904874383,10.880829015544041
356470,Membership Drive,2024-07-31,All,SMS,7067,389,75,3237.15,5791.96,3.42,5.50445733691807,19.28020565552699
800174,Category Promotion,2024-07-31,All,App,7638,347,47,2074.27,8603.47,3.08,4.543074103168369,13.544668587896252
571624,App Push Notification,2024-07-31,Inactive,SMS,7047,190,17,4017.57,5145.17,2.47,2.696182772811125,8.947368421052632
884284,Email Campaign,2024-07-31,Inactive,Social Media,5415,268,78,2993.74,6379.18,2.97,4.94921514312096,29.1044776119403
329114,Referral Program,2024-07-31,Inactive,Email,7028,515,87,2941.82,8874.55,3.82,7.327831531018782,16.893203883495143
142379,New User Discount,2024-07-30,Premium,Email,2371,641,51,1902.77,7149.5,3.57,27.035006326444538,7.956318252730108
237279,Weekend Special,2024-07-30,Premium,Email,4151,128,54,4898.4,5129.08,1.54,3.0835943146229825,42.1875
178296,Festival Offer,2024-07-30,New Users,Social Media,5309,948,14,4401.24,3702.92,3.15,17.85647014503673,1.4767932489451476
591305,Flash Sale,2024-07-30,Inactive,App,7295,895,32,4479.89,7130.71,3.17,12.268677176148046,3.5754189944134076
346157,Membership Drive,2024-07-30,All,Social Media,3830,763,100,1368.8,5774.52,2.88,19.92167101827676,13.106159895150721
204245,Category Promotion,2024-07-30,Inactive,Email,9848,699,21,4603.37,3010.65,2.44,7.097887896019496,3.004291845493562
521777,App Push Notification,2024-07-30,Premium,Email,8573,486,31,4756.98,2925.47,3.44,5.668960690540067,6.378600823045268
444130,Email Campaign,2024-07-30,New Users,Social Media,8942,304,58,2716.61,8999.77,3.68,3.399686870946097,19.078947368421055
806520,Referral Program,2024-07-30,Premium,Email,5607,811,32,2873.15,4774.69,3.81,14.46406277866952,3.945745992601726
524893,New User Discount,2024-07-29,All,Social Media,9909,504,90,4711.83,6194.97,2.56,5.086285195277021,17.857142857142858
829968,Weekend Special,2024-07-29,Inactive,App,7655,209,57,1404.95,9112.94,1.88,2.7302416721097322,27.27272727272727
611183,Festival Offer,2024-07-29,All,SMS,1335,386,18,1515.91,8280.68,3.97,28.91385767790262,4.66321243523316
293118,Flash Sale,2024-07-29,Inactive,SMS,6888,880,74,3094.1,6538.3,1.81,12.775842044134727,8.409090909090908
836270,Membership Drive,2024-07-29,All,SMS,5244,222,70,2402.28,6322.27,2.19,4.233409610983982,31.53153153153153
218735,Category Promotion,2024-07-29,Premium,App,5193,757,62,1634.45,3697.08,3.61,14.57731561717697,8.190224570673713
953953,App Push Notification,2024-07-29,Premium,App,4868,616,79,3763.68,7692.36,3.03,12.65406737880033,12.824675324675324
552589,Email Campaign,2024-07-29,Premium,Social Media,2806,711,76,3935.06,2373.59,1.83,25.33856022808268,10.68917018284107
355376,Referral Program,2024-07-29,Premium,Social Media,1023,865,19,1838.54,6334.89,3.07,84.55522971652005,2.1965317919075145
267952,New User Discount,2024-07-28,Inactive,App,9629,944,55,4231.35,2816.73,2.0,9.80371793540347,5.826271186440677
748049,Weekend Special,2024-07-28,New Users,App,7744,555,45,1815.25,4867.69,2.49,7.166838842975206,8.108108108108109
515034,Festival Offer,2024-07-28,All,Social Media,7775,139,59,4752.07,6710.99,3.64,1.7877813504823152,42.44604316546763
512596,Flash Sale,2024-07-28,Inactive,SMS,2664,955,34,4917.87,3579.62,2.52,35.848348348348345,3.56020942408377
153844,Membership Drive,2024-07-28,New Users,Email,5116,620,85,2532.77,7188.76,3.4,12.118842845973417,13.709677419354838
826255,Category Promotion,2024-07-28,Inactive,SMS,9631,878,48,4635.93,5455.65,3.82,9.116394974561311,5.466970387243736
605877,App Push Notification,2024-07-28,All,SMS,9360,898,38,3771.86,9100.76,3.37,9.594017094017095,4.231625835189309
854241,Email Campaign,2024-07-28,Premium,App,2215,253,96,4222.07,7119.83,3.62,11.422121896162528,37.94466403162055
149503,Referral Program,2024-07-28,New Users,App,5145,523,93,3626.15,6438.12,2.11,10.165208940719145,17.78202676864245
437168,New User Discount,2024-07-27,New Users,App,7840,383,34,4855.14,9860.4,3.71,4.885204081632653,8.87728459530026
547870,Weekend Special,2024-07-27,All,Email,7155,115,100,3814.87,4210.84,3.4,1.6072676450034942,86.95652173913044
819189,Festival Offer,2024-07-27,All,Email,8251,220,23,1421.1,4288.71,1.78,2.6663434735183613,10.454545454545453
822731,Flash Sale,2024-07-27,New Users,Social Media,1300,520,76,1927.42,4111.59,2.31,40.0,14.615384615384617
74683,Membership Drive,2024-07-27,Inactive,Email,7439,576,44,3917.82,9072.29,2.57,7.742976206479366,7.638888888888889
516485,Category Promotion,2024-07-27,All,Social Media,4477,626,86,2516.4,2420.69,2.13,13.982577618941255,13.738019169329075
27041,App Push Notification,2024-07-27,Premium,Email,2523,957,12,3603.22,9873.97,3.37,37.93103448275862,1.2539184952978055
480113,Email Campaign,2024-07-27,New Users,Email,3254,974,82,1366.9,8439.56,2.74,29.932390903503382,8.41889117043121
794439,Referral Program,2024-07-27,Premium,SMS,9255,214,66,1734.4,9492.11,1.83,2.3122636412749866,30.8411214953271
841866,New User Discount,2024-07-26,Premium,App,8624,846,32,2783.61,2399.08,3.35,9.809833024118738,3.7825059101654848
263078,Weekend Special,2024-07-26,Premium,App,8803,940,60,4284.84,4882.68,2.55,10.678177893899807,6.382978723404255
483473,Festival Offer,2024-07-26,Inactive,Social Media,4114,604,61,4844.62,4186.86,1.53,14.681575109382598,10.099337748344372
251399,Flash Sale,2024-07-26,New Users,Email,9276,726,51,4401.47,9390.46,2.17,7.826649417852523,7.024793388429752
126783,Membership Drive,2024-07-26,All,SMS,7159,166,48,3918.23,3986.86,3.49,2.31875960329655,28.915662650602407
576289,Category Promotion,2024-07-26,All,SMS,8268,127,96,4544.8,7695.17,3.58,1.536042573778423,75.59055118110236
999216,App Push Notification,2024-07-26,Premium,Social Media,6504,442,46,3885.79,5767.99,3.03,6.7958179581795815,10.407239819004525
701672,Email Campaign,2024-07-26,Premium,App,3547,165,87,1393.64,8702.52,3.59,4.6518184381167185,52.72727272727272
471493,Referral Program,2024-07-26,Inactive,Email,6334,113,22,3399.33,9732.13,2.47,1.7840227344490054,19.469026548672566
307715,New User Discount,2024-07-25,Inactive,Social Media,1129,691,71,3574.55,4019.62,2.84,61.20460584588131,10.274963820549928
492367,Weekend Special,2024-07-25,Inactive,SMS,2707,193,92,4107.16,3062.0,2.21,7.12966383450314,47.66839378238342
985046,Festival Offer,2024-07-25,Premium,Social Media,3835,847,87,3629.31,4203.62,2.26,22.086049543676662,10.271546635182998
915785,Flash Sale,2024-07-25,Premium,Email,2094,314,96,2866.56,7832.03,1.6,14.995224450811842,30.573248407643312
808285,Membership Drive,2024-07-25,New Users,Social Media,1483,654,25,1631.96,4492.13,3.31,44.099797707349964,3.82262996941896
209815,Category Promotion,2024-07-25,Inactive,Social Media,5775,339,31,1338.81,5303.28,2.08,5.87012987012987,9.144542772861357
538814,App Push Notification,2024-07-25,New Users,Email,3384,288,94,3041.61,6123.9,3.63,8.51063829787234,32.63888888888889
691665,Email Campaign,2024-07-25,Premium,App,5437,765,89,3726.36,6169.71,1.78,14.07025933419165,11.633986928104575
897533,Referral Program,2024-07-25,Premium,Email,6458,727,77,1682.87,5269.8,2.17,11.25735521833385,10.591471801925723
335328,New User Discount,2024-07-24,Inactive,Email,8230,570,98,4491.39,5311.63,2.15,6.925880923450791,17.192982456140353
234930,Weekend Special,2024-07-24,All,Social Media,3135,830,25,3881.66,2497.19,3.91,26.475279106858054,3.0120481927710845
979341,Festival Offer,2024-07-24,All,App,8090,553,56,4419.59,6470.58,3.14,6.835599505562423,10.126582278481013
878275,Flash Sale,2024-07-24,All,Email,5494,582,63,1753.58,5892.87,3.4,10.593374590462322,10.824742268041238
258348,Membership Drive,2024-07-24,New Users,SMS,3169,172,33,3977.27,9975.81,3.73,5.427579678131903,19.186046511627907
454374,Category Promotion,2024-07-24,New Users,Social Media,7356,656,68,3513.48,9177.68,1.95,8.9178901576944,10.365853658536585
656922,App Push Notification,2024-07-24,Inactive,App,3666,343,74,4496.52,2109.29,1.83,9.356246590289144,21.574344023323615
400959,Email Campaign,2024-07-24,Premium,Email,9453,385,33,3914.18,7660.34,1.71,4.072781127684333,8.571428571428571
558809,Referral Program,2024-07-24,All,Social Media,3826,852,83,2081.05,9199.43,2.45,22.268687924725562,9.741784037558686
149455,New User Discount,2024-07-23,All,SMS,5385,858,55,1721.38,7136.35,3.82,15.933147632311979,6.41025641025641
179090,Weekend Special,2024-07-23,Inactive,Social Media,7563,388,33,3823.92,3005.46,3.15,5.130239323019966,8.505154639175258
641032,Festival Offer,2024-07-23,Premium,Email,7685,956,17,3082.14,8221.14,1.89,12.439817826935588,1.778242677824268
906585,Flash Sale,2024-07-23,Inactive,SMS,9114,987,18,1571.3,9061.27,3.75,10.829493087557603,1.82370820668693
605995,Membership Drive,2024-07-23,Premium,Email,3932,797,23,3481.37,7664.15,3.16,20.269582909460834,2.8858218318695106
837216,Category Promotion,2024-07-23,All,Social Media,8545,196,11,2185.45,4568.82,3.5,2.293739028671738,5.612244897959184
220469,App Push Notification,2024-07-23,Premium,App,3611,373,63,1134.99,4552.32,3.89,10.32954860149543,16.890080428954423
451486,Email Campaign,2024-07-23,Inactive,App,8047,645,63,1257.39,8013.88,3.81,8.015409469367466,9.767441860465116
591766,Referral Program,2024-07-23,New Users,App,2318,798,90,4113.87,9547.25,2.28,34.42622950819672,11.278195488721805
174479,New User Discount,2024-07-22,All,Social Media,3799,998,24,3398.23,7590.79,2.84,26.27007107133456,2.404809619238477
306822,Weekend Special,2024-07-22,New Users,Email,4804,438,74,2015.84,3411.08,3.17,9.117402164862614,16.894977168949772
915788,Festival Offer,2024-07-22,New Users,Social Media,4050,654,19,4875.93,9495.08,2.9,16.14814814814815,2.90519877675841
596227,Flash Sale,2024-07-22,New Users,Email,4091,282,27,3719.26,9449.68,3.34,6.893180151552188,9.574468085106384
23552,Membership Drive,2024-07-22,All,SMS,8825,282,16,1657.29,3088.76,2.66,3.1954674220963173,5.673758865248227
109358,Category Promotion,2024-07-22,Inactive,SMS,2484,817,88,3937.89,7277.89,1.98,32.890499194847024,10.771113831089352
751406,App Push Notification,2024-07-22,New Users,SMS,4209,381,89,1582.35,5557.25,1.94,9.052031361368496,23.35958005249344
408608,Email Campaign,2024-07-22,Inactive,Email,1846,753,15,2876.16,2056.14,3.89,40.79089924160347,1.9920318725099602
282735,Referral Program,2024-07-22,All,Email,5297,669,95,2929.05,9928.88,3.16,12.629790447423069,14.200298953662182
371941,New User Discount,2024-07-21,New Users,App,1347,547,74,1024.0,3800.89,3.1,40.60876020786934,13.528336380255942
436061,Weekend Special,2024-07-21,All,App,4015,632,87,4323.49,2193.03,2.94,15.740971357409714,13.765822784810128
246987,Festival Offer,2024-07-21,Premium,SMS,1768,256,64,2270.07,3531.3,2.74,14.479638009049776,25.0
951363,Flash Sale,2024-07-21,Inactive,SMS,5110,298,54,4827.04,9804.36,2.96,5.8317025440313115,18.120805369127517
2988,Membership Drive,2024-07-21,Inactive,App,8472,701,51,3923.89,3691.64,1.51,8.274315391879131,7.275320970042796
415707,Category Promotion,2024-07-21,New Users,Email,6666,405,92,2106.13,3481.58,3.41,6.075607560756076,22.71604938271605
208932,App Push Notification,2024-07-21,New Users,Social Media,9557,611,12,3257.03,3076.44,3.66,6.393219629590876,1.9639934533551555
702383,Email Campaign,2024-07-21,Inactive,Email,3976,687,29,3378.54,3248.42,2.41,17.27867203219316,4.2212518195050945
789166,Referral Program,2024-07-21,Inactive,App,2361,173,93,2182.0,2309.55,2.71,7.327403642524353,53.75722543352601
733320,New User Discount,2024-07-20,New Users,Social Media,5217,673,97,2226.61,3176.98,2.27,12.900134176729921,14.413075780089152
664577,Weekend Special,2024-07-20,New Users,SMS,8025,874,11,3169.96,5378.85,3.26,10.890965732087228,1.2585812356979404
50715,Festival Offer,2024-07-20,Inactive,Email,9611,902,63,1329.49,7553.54,1.96,9.385079596295911,6.984478935698448
573344,Flash Sale,2024-07-20,Premium,Email,3379,865,85,1213.41,7983.76,3.86,25.599289730689552,9.826589595375722
978121,Membership Drive,2024-07-20,All,Social Media,2073,565,60,1486.24,5993.41,2.26,27.25518572117704,10.619469026548673
317794,Category Promotion,2024-07-20,All,Email,3314,382,82,3278.02,5656.04,2.38,11.526855763427882,21.465968586387437
110614,App Push Notification,2024-07-20,Inactive,Email,4130,959,66,3815.76,7480.82,2.5,23.220338983050848,6.882168925964546
913714,Email Campaign,2024-07-20,Premium,SMS,3892,530,33,4972.08,9082.47,3.32,13.617677286742037,6.226415094339623
379833,Referral Program,2024-07-20,Inactive,App,9875,527,90,4312.88,6111.33,2.96,5.336708860759494,17.077798861480076
502855,New User Discount,2024-07-19,All,App,1082,480,34,1650.2,7354.26,3.91,44.36229205175601,7.083333333333333
234616,Weekend Special,2024-07-19,New Users,Email,3551,739,59,4340.54,5844.89,3.99,20.811039143903127,7.983761840324763
97633,Festival Offer,2024-07-19,Premium,Social Media,2598,326,10,4043.62,4715.53,3.09,12.548113933795227,3.067484662576687
464736,Flash Sale,2024-07-19,All,Social Media,7155,158,92,1324.52,4773.46,3.83,2.2082459818308875,58.22784810126582
353262,Membership Drive,2024-07-19,All,Social Media,9944,551,87,3411.38,8506.09,3.38,5.541029766693484,15.789473684210526
943724,Category Promotion,2024-07-19,Inactive,App,8474,678,65,4335.04,5372.35,2.55,8.000944064196364,9.587020648967552
975447,App Push Notification,2024-07-19,Premium,App,2217,390,79,3183.66,8925.23,2.25,17.591339648173207,20.256410256410255
964738,Email Campaign,2024-07-19,New Users,App,4415,931,26,2594.55,2915.95,3.61,21.087202718006797,2.7926960257787328
88024,Referral Program,2024-07-19,Premium,Email,1201,866,11,1443.96,5404.69,3.82,72.10657785179018,1.2702078521939952
760467,New User Discount,2024-07-18,Inactive,App,5229,638,18,4087.39,6210.84,2.74,12.201185695161598,2.8213166144200628
834572,Weekend Special,2024-07-18,Inactive,Email,4796,572,19,1237.44,3298.31,3.46,11.926605504587156,3.3216783216783217
342113,Festival Offer,2024-07-18,New Users,SMS,3407,705,39,3489.26,8606.84,3.13,20.692691517464045,5.531914893617021
882119,Flash Sale,2024-07-18,All,Social Media,2364,872,50,2932.34,3092.27,3.9,36.88663282571912,5.73394495412844
752217,Membership Drive,2024-07-18,Premium,Email,9073,750,65,1530.69,8440.89,3.34,8.266284580623829,8.666666666666668
783705,Category Promotion,2024-07-18,New Users,App,7715,851,18,3437.52,2328.8,1.91,11.03046014257939,2.1151586368977675
183782,App Push Notification,2024-07-18,All,Email,2867,918,86,4764.01,8747.87,1.52,32.01953261248692,9.368191721132897
757777,Email Campaign,2024-07-18,New Users,Email,2090,447,25,4475.46,2201.66,2.25,21.38755980861244,5.592841163310962
744292,Referral Program,2024-07-18,All,Social Media,4068,258,61,3514.21,4806.66,2.82,6.342182890855458,23.643410852713178
655671,New User Discount,2024-07-17,Inactive,Social Media,3976,190,77,1307.47,5541.21,3.55,4.778672032193159,40.526315789473685
920261,Weekend Special,2024-07-17,Inactive,SMS,2029,989,50,1849.29,8274.93,2.56,48.74322326269098,5.055611729019211
799160,Festival Offer,2024-07-17,New Users,App,6115,862,99,1592.4,7968.14,2.42,14.09648405560098,11.48491879350348
12627,Flash Sale,2024-07-17,All,Social Media,7320,541,31,4870.47,4779.9,1.93,7.390710382513661,5.730129390018484
714528,Membership Drive,2024-07-17,Premium,App,5213,944,100,1844.61,7292.98,2.07,18.108574717053518,10.59322033898305
333795,Category Promotion,2024-07-17,Premium,App,8353,186,59,3201.53,8200.55,2.75,2.226744882078295,31.72043010752688
70917,App Push Notification,2024-07-17,All,SMS,3656,800,80,1558.91,4051.96,3.92,21.88183807439825,10.0
455642,Email Campaign,2024-07-17,Inactive,App,7149,608,38,3935.11,5006.09,1.6,8.504685970065744,6.25
290168,Referral Program,2024-07-17,Premium,Social Media,4761,595,54,3427.23,3819.1,3.53,12.49737450115522,9.07563025210084
242571,New User Discount,2024-07-16,New Users,SMS,7831,1000,38,1512.16,8012.07,2.33,12.769761205465457,3.8
121944,Weekend Special,2024-07-16,All,App,5323,494,61,2856.75,8592.7,2.67,9.280480931805373,12.348178137651821
314278,Festival Offer,2024-07-16,Inactive,SMS,9082,730,71,1612.43,7169.62,3.99,8.037877119577185,9.726027397260275
787238,Flash Sale,2024-07-16,All,App,4129,192,66,3110.73,5430.74,2.48,4.650036328408816,34.375
89310,Membership Drive,2024-07-16,All,Social Media,3977,907,35,4993.77,9253.01,3.6,22.806135277847623,3.8588754134509373
160488,Category Promotion,2024-07-16,Premium,Email,1050,667,56,2106.81,8591.4,2.92,63.523809523809526,8.395802098950526
307740,App Push Notification,2024-07-16,Premium,Email,6777,187,44,3262.53,3007.54,3.12,2.7593330382175,23.52941176470588
751465,Email Campaign,2024-07-16,New Users,SMS,4932,879,75,1460.37,9193.41,1.53,17.822384428223845,8.532423208191126
733710,Referral Program,2024-07-16,All,SMS,7580,194,60,2869.34,5679.95,3.87,2.559366754617414,30.927835051546392
651888,New User Discount,2024-07-15,All,App,9603,621,86,3817.59,4776.77,2.03,6.4667291471415185,13.848631239935589
453227,Weekend Special,2024-07-15,Premium,SMS,8831,989,48,1549.72,9329.4,3.07,11.19918469029555,4.853387259858443
375783,Festival Offer,2024-07-15,All,Social Media,5484,383,79,3964.89,6711.24,3.63,6.983953318745441,20.626631853785902
439764,Flash Sale,2024-07-15,New Users,SMS,5733,258,53,3768.62,4817.59,3.55,4.500261643118786,20.54263565891473
790767,Membership Drive,2024-07-15,Premium,Email,7372,480,96,1825.52,3816.4,1.76,6.511123168746609,20.0
162998,Category Promotion,2024-07-15,All,Email,4763,830,13,4454.17,4550.4,3.5,17.425992021834976,1.566265060240964
219890,App Push Notification,2024-07-15,Inactive,Email,9552,484,23,3512.99,5463.66,3.41,5.067001675041876,4.75206611570248
114097,Email Campaign,2024-07-15,New Users,App,6379,602,97,2273.47,6322.59,3.04,9.437215864555574,16.11295681063123
940058,Referral Program,2024-07-15,New Users,SMS,2413,167,56,3895.68,3198.49,1.99,6.9208454206382095,33.532934131736525
101172,New User Discount,2024-07-14,Premium,Social Media,8804,837,91,1266.85,6277.53,2.81,9.507042253521126,10.87216248506571
53177,Weekend Special,2024-07-14,Premium,SMS,7285,952,17,2561.42,7341.9,1.71,13.067947838023336,1.7857142857142856
614094,Festival Offer,2024-07-14,New Users,Social Media,1395,534,97,3869.44,8474.09,1.91,38.27956989247312,18.164794007490638
351761,Flash Sale,2024-07-14,Premium,SMS,8777,709,18,4383.07,6731.98,1.63,8.077930955907485,2.538787023977433
195184,Membership Drive,2024-07-14,Premium,Email,2588,348,10,2145.09,3088.18,2.57,13.446676970633694,2.8735632183908044
628944,Category Promotion,2024-07-14,New Users,Social Media,3131,925,43,3146.68,9853.52,3.35,29.543276908335997,4.648648648648648
726827,App Push Notification,2024-07-14,Inactive,Email,8767,637,46,2575.69,5082.43,2.12,7.265883426485685,7.221350078492936
175775,Email Campaign,2024-07-14,Premium,Email,3092,584,82,1450.67,6823.36,1.88,18.88745148771022,14.04109589041096
405734,Referral Program,2024-07-14,Inactive,Social Media,2353,620,72,4657.85,5976.87,3.63,26.34934126646834,11.612903225806452
366652,New User Discount,2024-07-13,New Users,App,5165,880,93,2768.65,4764.24,2.15,17.037754114230395,10.568181818181818
189306,Weekend Special,2024-07-13,New Users,App,5057,538,49,3384.48,3133.76,2.56,10.63871860787028,9.107806691449815
15528,Festival Offer,2024-07-13,Premium,SMS,9050,710,50,3218.71,5250.64,3.82,7.845303867403315,7.042253521126761
826247,Flash Sale,2024-07-13,Inactive,SMS,7954,854,79,4169.44,9343.86,2.61,10.736736233341714,9.250585480093678
486236,Membership Drive,2024-07-13,Inactive,App,8939,623,57,4589.37,5138.87,3.05,6.9694596711041505,9.149277688603531
858374,Category Promotion,2024-07-13,All,App,6372,286,54,4214.35,5341.12,3.5,4.488386691776522,18.88111888111888
856974,App Push Notification,2024-07-13,New Users,SMS,3773,748,66,3245.65,4944.02,2.64,19.825072886297377,8.823529411764707
66358,Email Campaign,2024-07-13,Inactive,App,7532,786,17,1880.92,5275.79,3.53,10.43547530536378,2.1628498727735366
166886,Referral Program,2024-07-13,Premium,SMS,2629,756,26,3574.08,7522.36,1.98,28.756181057436287,3.439153439153439
81080,New User Discount,2024-07-12,All,SMS,7792,784,90,1798.8,3943.84,2.86,10.061601642710473,11.479591836734695
467373,Weekend Special,2024-07-12,Inactive,Social Media,5335,693,76,3427.39,8500.54,2.83,12.989690721649486,10.966810966810966
556175,Festival Offer,2024-07-12,Inactive,Email,5224,377,11,2967.36,5461.8,2.02,7.216692189892802,2.9177718832891246
184133,Flash Sale,2024-07-12,All,SMS,4938,556,52,1232.91,2892.73,1.58,11.259619279060349,9.352517985611511
862372,Membership Drive,2024-07-12,Inactive,App,3247,282,70,1865.25,8709.17,3.05,8.684939944564213,24.822695035460992
54772,Category Promotion,2024-07-12,All,App,9679,725,83,3628.95,5918.21,1.59,7.490443227606159,11.448275862068966
169545,App Push Notification,2024-07-12,All,App,4042,249,56,2741.56,7066.93,3.12,6.160316674913409,22.48995983935743
124610,Email Campaign,2024-07-12,Premium,Social Media,9464,848,32,2229.1,5642.77,3.03,8.960270498732037,3.7735849056603774
723700,Referral Program,2024-07-12,All,App,7223,529,10,4659.41,7791.85,3.13,7.323826664820711,1.890359168241966
54604,New User Discount,2024-07-11,Premium,Social Media,3850,149,74,1265.22,4637.3,3.12,3.8701298701298703,49.664429530201346
567737,Weekend Special,2024-07-11,Inactive,Email,3093,262,78,2924.72,4521.23,3.84,8.470740381506628,29.770992366412212
376369,Festival Offer,2024-07-11,All,SMS,9931,889,28,3276.54,6644.46,3.48,8.951767193636089,3.149606299212598
772462,Flash Sale,2024-07-11,All,App,3842,180,25,3638.26,6281.78,2.1,4.685059864653826,13.88888888888889
846900,Membership Drive,2024-07-11,Premium,Email,4760,422,56,3286.36,9180.9,3.0,8.865546218487395,13.270142180094787
809480,Category Promotion,2024-07-11,Premium,SMS,7565,915,23,3489.52,7052.61,2.74,12.095175148711169,2.5136612021857925
888464,App Push Notification,2024-07-11,New Users,SMS,2956,141,43,4048.42,5658.82,2.2,4.769959404600812,30.49645390070922
213728,Email Campaign,2024-07-11,Premium,Email,8210,935,58,2795.2,6047.38,2.31,11.38855054811206,6.2032085561497325
127966,Referral Program,2024-07-11,Premium,Email,4956,584,75,3771.9,6463.44,2.97,11.78369652945924,12.842465753424658
69938,New User Discount,2024-07-10,Inactive,App,4510,809,96,3110.1,6764.98,2.06,17.93791574279379,11.866501854140916
628694,Weekend Special,2024-07-10,Inactive,App,7696,740,30,4977.55,4373.22,1.74,9.615384615384617,4.054054054054054
969239,Festival Offer,2024-07-10,All,App,7977,149,37,4514.95,5177.34,2.63,1.8678701266140154,24.832214765100673
274150,Flash Sale,2024-07-10,Premium,SMS,3703,115,43,2486.13,3557.85,3.34,3.1055900621118013,37.391304347826086
692762,Membership Drive,2024-07-10,Inactive,Social Media,7660,129,10,2003.11,2964.52,3.13,1.6840731070496082,7.751937984496124
705971,Category Promotion,2024-07-10,Inactive,SMS,9304,336,36,2194.51,9169.32,2.53,3.611349957007739,10.714285714285714
253036,App Push Notification,2024-07-10,Inactive,App,1209,216,25,2752.45,8394.96,2.29,17.866004962779154,11.574074074074074
182648,Email Campaign,2024-07-10,Premium,Social Media,8244,433,63,2518.04,7213.87,2.65,5.252304706453178,14.549653579676674
288525,Referral Program,2024-07-10,New Users,App,2875,845,50,1552.18,9404.18,3.04,29.391304347826086,5.9171597633136095
817895,New User Discount,2024-07-09,All,Email,1355,296,82,3472.55,8513.25,1.75,21.845018450184504,27.7027027027027
782906,Weekend Special,2024-07-09,All,Email,4620,643,61,1129.88,9626.29,2.44,13.917748917748918,9.486780715396579
715842,Festival Offer,2024-07-09,New Users,Social Media,3036,616,22,2107.4,8586.18,3.71,20.28985507246377,3.571428571428571
436135,Flash Sale,2024-07-09,New Users,SMS,6498,327,62,4013.69,3495.04,1.89,5.032317636195752,18.960244648318042
720481,Membership Drive,2024-07-09,Premium,Email,5610,684,11,3656.24,8520.82,2.53,12.192513368983956,1.608187134502924
796370,Category Promotion,2024-07-09,All,SMS,9355,721,35,4009.72,7498.45,3.45,7.707108498129342,4.854368932038835
921510,App Push Notification,2024-07-09,Premium,Social Media,1406,747,45,3243.81,2431.46,2.02,53.12944523470839,6.024096385542169
336324,Email Campaign,2024-07-09,Premium,SMS,7441,940,20,4885.9,9464.14,3.08,12.632710657169735,2.127659574468085
227674,Referral Program,2024-07-09,Inactive,Email,6464,990,56,2653.22,8806.88,3.38,15.31559405940594,5.656565656565657
779698,New User Discount,2024-07-08,Inactive,Social Media,6314,968,20,2430.17,3313.77,2.28,15.33101045296167,2.066115702479339
27136,Weekend Special,2024-07-08,Inactive,Social Media,3081,663,98,4462.35,5634.3,3.03,21.518987341772153,14.781297134238311
367050,Festival Offer,2024-07-08,All,App,2827,368,70,1859.92,7222.11,1.64,13.01733286169084,19.021739130434785
884549,Flash Sale,2024-07-08,All,Email,3824,512,18,1011.12,4223.28,3.7,13.389121338912133,3.515625
986752,Membership Drive,2024-07-08,Premium,Email,3575,737,47,3896.84,4303.13,3.83,20.615384615384617,6.377204884667571
69862,Category Promotion,2024-07-08,All,Social Media,7266,643,72,2974.19,9085.9,2.78,8.849435728048444,11.19751166407465
575066,App Push Notification,2024-07-08,Inactive,App,7977,302,56,3983.37,9691.47,1.82,3.78588441770089,18.543046357615893
867631,Email Campaign,2024-07-08,Inactive,Email,1298,897,19,4730.77,3047.53,2.42,69.10631741140215,2.118171683389075
992548,Referral Program,2024-07-08,All,SMS,2955,130,69,3239.74,7024.88,2.4,4.39932318104907,53.07692307692308
370831,New User Discount,2024-07-07,All,SMS,3971,252,53,4938.28,9863.18,2.43,6.346008562075044,21.03174603174603
972938,Weekend Special,2024-07-07,Premium,SMS,8867,168,29,4295.72,7068.8,1.52,1.8946656140746587,17.261904761904763
666778,Festival Offer,2024-07-07,All,App,9556,312,30,3153.14,7350.63,2.32,3.264964420259523,9.615384615384617
709437,Flash Sale,2024-07-07,Inactive,Email,6563,173,55,4805.06,2820.35,2.2,2.635989638884656,31.79190751445087
89439,Membership Drive,2024-07-07,Inactive,Social Media,3764,559,78,3072.25,5487.27,1.52,14.851222104144526,13.953488372093023
687834,Category Promotion,2024-07-07,All,Email,3896,881,13,1827.35,7296.21,3.1,22.6129363449692,1.4755959137343928
497519,App Push Notification,2024-07-07,Inactive,App,3319,572,50,2778.66,5632.85,3.65,17.23410665863212,8.741258741258742
338168,Email Campaign,2024-07-07,All,Email,1945,665,47,4974.13,5464.2,1.59,34.19023136246786,7.067669172932331
804688,Referral Program,2024-07-07,New Users,Email,7284,154,16,2848.33,8076.66,3.34,2.114222954420648,10.38961038961039
780485,New User Discount,2024-07-06,All,App,1819,995,78,4986.38,7138.51,2.13,54.70038482682793,7.839195979899498
547115,Weekend Special,2024-07-06,Inactive,SMS,4656,535,29,3311.28,7686.73,2.14,11.490549828178693,5.420560747663552
227016,Festival Offer,2024-07-06,New Users,Social Media,4233,297,86,3920.5,5730.42,3.24,7.016300496102056,28.95622895622896
425704,Flash Sale,2024-07-06,Premium,Email,3559,724,58,4851.57,3589.65,1.69,20.342792919359372,8.011049723756907
731367,Membership Drive,2024-07-06,All,App,2501,541,43,1026.38,4163.05,1.55,21.631347461015594,7.948243992606285
614126,Category Promotion,2024-07-06,All,Social Media,8922,765,75,1243.83,6716.25,2.51,8.574310692669805,9.803921568627452
751624,App Push Notification,2024-07-06,Inactive,SMS,7284,596,50,2584.0,5175.76,1.56,8.182317408017573,8.389261744966444
962131,Email Campaign,2024-07-06,Inactive,Email,5284,969,68,2809.88,7560.78,3.34,18.338380015140046,7.017543859649122
590925,Referral Program,2024-07-06,Premium,Email,8234,914,29,1899.6,8064.61,1.7,11.100315763905757,3.1728665207877462
377293,New User Discount,2024-07-05,Inactive,Social Media,7771,575,49,4311.66,2839.56,2.15,7.399305108737614,8.521739130434783
102043,Weekend Special,2024-07-05,Inactive,App,7307,390,42,2870.92,8166.53,2.53,5.337347748734091,10.76923076923077
682120,Festival Offer,2024-07-05,New Users,App,9806,804,91,4579.07,2116.41,1.69,8.199061798898635,11.318407960199005
556237,Flash Sale,2024-07-05,Inactive,App,8061,906,83,4928.0,2849.73,3.36,11.239300334946037,9.161147902869757
536075,Membership Drive,2024-07-05,All,Email,3374,447,72,3431.27,7819.18,1.79,13.248369887374038,16.10738255033557
799187,Category Promotion,2024-07-05,Inactive,SMS,8219,111,29,4629.74,3194.92,1.96,1.3505292614673319,26.126126126126124
660547,App Push Notification,2024-07-05,Inactive,App,5188,873,40,2262.6,8709.88,3.41,16.82729375481881,4.581901489117984
548705,Email Campaign,2024-07-05,All,SMS,3026,884,51,1266.83,5419.23,3.63,29.213483146067414,5.769230769230769
461527,Referral Program,2024-07-05,Inactive,App,7153,641,98,4563.68,8629.79,2.59,8.961274989514889,15.288611544461778
303557,New User Discount,2024-07-04,New Users,SMS,2155,682,89,2401.05,7405.77,3.08,31.647331786542924,13.049853372434017
698668,Weekend Special,2024-07-04,Premium,App,1929,563,56,3292.83,4768.12,2.98,29.18610679108346,9.946714031971581
184088,Festival Offer,2024-07-04,New Users,Email,3280,568,86,1233.29,5501.87,3.61,17.317073170731707,15.140845070422534
895095,Flash Sale,2024-07-04,Inactive,App,1306,440,66,3135.58,7797.98,2.86,33.6906584992343,15.0
635618,Membership Drive,2024-07-04,New Users,App,7959,389,63,4901.15,2434.26,3.56,4.887548687020982,16.195372750642672
133861,Category Promotion,2024-07-04,All,App,3083,637,99,3039.8,6757.26,3.04,20.661693156016867,15.541601255886969
273112,App Push Notification,2024-07-04,New Users,SMS,4825,890,60,4971.96,6051.97,3.51,18.44559585492228,6.741573033707865
429218,Email Campaign,2024-07-04,Premium,Social Media,4915,743,68,2927.68,7764.72,3.39,15.116988809766022,9.152086137281291
299733,Referral Program,2024-07-04,Inactive,App,7883,566,69,4658.57,4550.79,3.09,7.18000761131549,12.190812720848058
814579,New User Discount,2024-07-03,Premium,SMS,4921,712,97,3667.84,2493.24,3.34,14.468603942288153,13.623595505617978
703493,Weekend Special,2024-07-03,Premium,App,7636,748,93,4831.1,8736.93,3.7,9.795704557359874,12.433155080213904
304163,Festival Offer,2024-07-03,New Users,SMS,9383,716,99,4343.35,3781.41,3.86,7.63082169881701,13.8268156424581
5891,Flash Sale,2024-07-03,Premium,SMS,2333,976,96,4851.75,2280.15,1.77,41.83454779254179,9.836065573770492
521813,Membership Drive,2024-07-03,All,App,2775,654,34,4022.17,3607.6,2.77,23.56756756756757,5.198776758409786
630300,Category Promotion,2024-07-03,Inactive,Social Media,7652,490,50,4462.33,3602.84,1.74,6.403554626241506,10.204081632653061
222013,App Push Notification,2024-07-03,All,App,5590,525,65,4865.84,8038.75,3.45,9.391771019677996,12.380952380952381
162388,Email Campaign,2024-07-03,Inactive,Social Media,1465,213,61,2476.41,7904.47,2.89,14.53924914675768,28.638497652582164
1966,Referral Program,2024-07-03,All,App,1515,924,96,3621.59,5330.49,3.92,60.99009900990099,10.38961038961039
55594,New User Discount,2024-07-02,Premium,Email,4990,531,26,2983.34,6924.21,2.7,10.641282565130261,4.8964218455743875
922544,Weekend Special,2024-07-02,New Users,Email,2546,293,25,1171.18,2739.18,2.96,11.508248232521602,8.532423208191126
758868,Festival Offer,2024-07-02,All,Email,3963,196,12,1571.37,8652.94,3.17,4.945748170577845,6.122448979591836
221516,Flash Sale,2024-07-02,New Users,Social Media,5859,658,41,1160.27,4796.48,3.75,11.230585424133812,6.231003039513678
423614,Membership Drive,2024-07-02,All,Social Media,4714,852,37,2305.05,8529.82,2.15,18.07382265591854,4.342723004694836
119485,Category Promotion,2024-07-02,All,SMS,4253,931,40,4987.84,5521.58,2.18,21.890430284505054,4.296455424274973
186094,App Push Notification,2024-07-02,Inactive,SMS,5915,402,50,2214.75,2233.47,2.87,6.796280642434488,12.437810945273633
304479,Email Campaign,2024-07-02,Premium,App,7675,417,88,2789.71,9339.14,2.54,5.4332247557003255,21.103117505995204
130880,Referral Program,2024-07-02,Premium,SMS,7911,867,72,2811.38,2963.7,3.16,10.959423587409937,8.304498269896193
244611,New User Discount,2024-07-01,New Users,Social Media,6321,187,84,4371.65,8343.1,3.89,2.9583926593893373,44.919786096256686
88954,Weekend Special,2024-07-01,All,SMS,7738,665,43,3656.55,9710.03,3.09,8.59395192556216,6.466165413533835
403916,Festival Offer,2024-07-01,Premium,App,6960,997,25,1658.6,2594.59,2.83,14.324712643678161,2.507522567703109
759311,Flash Sale,2024-07-01,New Users,Social Media,7954,845,83,1246.38,7315.92,2.84,10.623585617299472,9.822485207100591
571275,Membership Drive,2024-07-01,Inactive,Email,4154,845,58,3219.98,7299.54,2.91,20.34183919114107,6.8639053254437865
51824,Category Promotion,2024-07-01,Premium,Social Media,1672,432,17,4330.69,6671.78,2.37,25.837320574162682,3.935185185185185
943235,App Push Notification,2024-07-01,Inactive,Social Media,6764,228,49,4512.66,4955.98,1.87,3.3707865168539324,21.49122807017544
275526,Email Campaign,2024-07-01,All,App,4561,692,18,3934.35,3673.46,3.12,15.172111379083534,2.601156069364162
912695,Referral Program,2024-07-01,Inactive,Email,1111,233,34,4448.72,6160.27,2.96,20.97209720972097,14.592274678111588
251216,New User Discount,2024-06-30,Premium,Email,2114,546,46,1765.54,7031.51,3.82,25.82781456953642,8.424908424908425
762137,Weekend Special,2024-06-30,New Users,SMS,6175,682,79,1510.5,4191.05,1.64,11.044534412955466,11.58357771260997
594632,Festival Offer,2024-06-30,All,App,6917,204,13,4736.98,6076.13,3.95,2.94925545756831,6.372549019607843
23520,Flash Sale,2024-06-30,New Users,App,2732,634,48,1120.18,7095.81,3.02,23.206442166910687,7.570977917981073
465937,Membership Drive,2024-06-30,New Users,SMS,7461,762,17,3075.9,4295.43,2.01,10.213108162444714,2.2309711286089238
677909,Category Promotion,2024-06-30,Inactive,App,6879,281,67,1482.59,8928.52,3.67,4.084896060473906,23.843416370106763
316186,App Push Notification,2024-06-30,New Users,App,7950,768,37,4374.78,4830.83,3.2,9.660377358490566,4.817708333333334
720847,Email Campaign,2024-06-30,Premium,App,3938,998,77,4701.87,6442.54,3.86,25.342813610970033,7.715430861723446
403077,Referral Program,2024-06-30,All,Social Media,7565,420,76,4381.73,8518.67,2.99,5.551883674818242,18.095238095238095
606513,New User Discount,2024-06-29,Inactive,Email,3160,477,90,3344.65,6653.97,3.14,15.094936708860759,18.867924528301888
456050,Weekend Special,2024-06-29,New Users,Email,1044,882,94,4013.88,6635.48,1.65,84.48275862068965,10.657596371882086
436310,Festival Offer,2024-06-29,New Users,Email,6525,988,58,3159.26,3091.38,3.81,15.14176245210728,5.870445344129554
669182,Flash Sale,2024-06-29,Premium,SMS,7621,643,26,1998.75,9531.89,2.95,8.43721296417793,4.043545878693624
594914,Membership Drive,2024-06-29,Premium,Email,6930,939,70,2594.55,4301.0,3.7,13.54978354978355,7.454739084132056
424670,Category Promotion,2024-06-29,Premium,App,1444,152,71,2805.14,9714.68,2.36,10.526315789473683,46.71052631578947
65645,App Push Notification,2024-06-29,New Users,Social Media,7384,986,65,4132.36,3756.11,2.97,13.353196099674971,6.592292089249494
33915,Email Campaign,2024-06-29,Inactive,App,5404,569,80,3626.89,3659.99,2.8,10.529237601776462,14.059753954305801
803902,Referral Program,2024-06-29,Premium,SMS,5077,473,41,2580.18,2398.48,1.99,9.316525507189285,8.668076109936575
131270,New User Discount,2024-06-28,New Users,Email,7761,945,68,1487.79,3090.76,1.83,12.176265945110167,7.195767195767195
331187,Weekend Special,2024-06-28,New Users,SMS,2132,512,46,4171.41,3832.22,2.93,24.015009380863038,8.984375
290631,Festival Offer,2024-06-28,New Users,Email,5334,360,22,1139.89,8894.52,3.05,6.749156355455568,6.111111111111111
38412,Flash Sale,2024-06-28,Inactive,App,3952,731,54,3131.76,7342.56,1.53,18.496963562753034,7.387140902872777
832797,Membership Drive,2024-06-28,Inactive,SMS,7466,103,38,3591.2,2103.74,2.01,1.379587463166354,36.89320388349515
193101,Category Promotion,2024-06-28,Premium,Email,1897,860,94,3452.59,2721.55,1.52,45.33473906167633,10.930232558139535
818942,App Push Notification,2024-06-28,New Users,Email,1498,220,59,4045.16,3284.97,3.29,14.686248331108146,26.81818181818182
282366,Email Campaign,2024-06-28,Premium,Email,5310,774,44,1266.95,6411.71,3.85,14.576271186440678,5.684754521963824
975633,Referral Program,2024-06-28,Inactive,Email,1204,498,56,3227.61,2448.78,3.64,41.36212624584717,11.244979919678714
203140,New User Discount,2024-06-27,Premium,Email,4338,488,35,4529.84,5374.49,1.73,11.249423697556479,7.172131147540983
813083,Weekend Special,2024-06-27,All,Email,8328,580,55,4854.84,9204.49,2.23,6.964457252641691,9.482758620689655
628968,Festival Offer,2024-06-27,Inactive,SMS,5139,514,42,2816.39,3514.78,2.65,10.001945903872349,8.171206225680933
104067,Flash Sale,2024-06-27,Inactive,Social Media,8835,929,89,1586.68,7113.0,3.07,10.514997170345218,9.580193756727665
997019,Membership Drive,2024-06-27,Premium,Social Media,4463,248,12,2672.66,6233.93,2.69,5.556800358503249,4.838709677419355
549440,Category Promotion,2024-06-27,Premium,App,8080,427,26,4881.88,9391.55,1.58,5.284653465346534,6.0889929742388755
691873,App Push Notification,2024-06-27,All,Social Media,5652,128,43,3702.41,8025.93,3.98,2.264685067232838,33.59375
107594,Email Campaign,2024-06-27,All,Email,3925,618,39,1791.31,6558.83,1.78,15.745222929936306,6.310679611650485
558647,Referral Program,2024-06-27,Premium,App,7824,283,77,1351.43,9797.02,1.89,3.6170756646216766,27.208480565371023
675663,New User Discount,2024-06-26,Premium,Social Media,2017,666,58,4614.46,2352.58,2.61,33.019335647000496,8.708708708708707
780455,Weekend Special,2024-06-26,All,App,9298,184,82,4161.56,9147.46,2.42,1.9789201978920197,44.565217391304344
562182,Festival Offer,2024-06-26,All,Email,7412,685,17,1043.7,5438.85,1.94,9.241770102536426,2.4817518248175183
319024,Flash Sale,2024-06-26,Premium,App,4392,130,56,1103.91,8439.46,1.79,2.959927140255009,43.07692307692308
539170,Membership Drive,2024-06-26,New Users,Email,2867,348,36,3892.36,3876.93,2.13,12.138123474014648,10.344827586206897
579100,Category Promotion,2024-06-26,Premium,Email,9588,472,23,2439.33,2489.44,1.53,4.92282019190655,4.872881355932203
695056,App Push Notification,2024-06-26,New Users,Social Media,6103,748,86,2302.33,7127.26,3.27,12.256267409470752,11.497326203208557
509838,Email Campaign,2024-06-26,Inactive,Social Media,2310,333,46,1001.64,5810.57,1.69,14.415584415584416,13.813813813813812
917018,Referral Program,2024-06-26,Inactive,Social Media,1152,690,99,1005.0,4625.85,2.33,59.895833333333336,14.347826086956522
709741,New User Discount,2024-06-25,All,App,4332,460,65,3744.78,7675.11,2.7,10.61865189289012,14.130434782608695
147381,Weekend Special,2024-06-25,New Users,Email,8409,376,72,3483.01,6200.81,3.99,4.471399690807468,19.148936170212767
268193,Festival Offer,2024-06-25,Premium,SMS,5799,673,24,1759.2,7800.62,2.28,11.605449215381961,3.566121842496285
874292,Flash Sale,2024-06-25,All,SMS,9338,718,51,3121.12,6324.27,1.87,7.689012636538874,7.103064066852367
666231,Membership Drive,2024-06-25,Inactive,Social Media,3335,363,43,2568.98,9083.77,1.64,10.88455772113943,11.84573002754821
854434,Category Promotion,2024-06-25,Premium,Social Media,8922,341,36,1539.19,4216.18,2.34,3.822013001569155,10.557184750733137
937934,App Push Notification,2024-06-25,Inactive,App,2142,297,17,4271.51,5178.49,1.96,13.865546218487395,5.723905723905724
160804,Email Campaign,2024-06-25,New Users,Social Media,5862,627,50,3294.6,2783.4,2.36,10.696008188331628,7.974481658692185
263743,Referral Program,2024-06-25,Inactive,App,1915,755,93,3763.84,4407.4,2.1,39.425587467362924,12.317880794701987
608413,New User Discount,2024-06-24,All,Social Media,8190,822,75,4622.25,8360.96,3.9,10.036630036630036,9.124087591240876
296374,Weekend Special,2024-06-24,Premium,Email,5930,860,69,4851.63,7365.3,3.64,14.502529510961216,8.023255813953488
551476,Festival Offer,2024-06-24,Inactive,App,7483,531,79,2613.74,6458.45,2.2,7.096084458105039,14.87758945386064
335027,Flash Sale,2024-06-24,All,Email,8302,559,53,3655.67,8143.15,3.42,6.733317272946278,9.481216457960643
907176,Membership Drive,2024-06-24,Premium,SMS,4824,255,75,1681.34,3927.97,3.6,5.286069651741294,29.411764705882355
481432,Category Promotion,2024-06-24,Premium,Email,5516,566,67,4108.23,6037.21,3.84,10.261058738216098,11.837455830388691
7847,App Push Notification,2024-06-24,All,SMS,4556,955,78,1163.12,3696.71,3.11,20.961369622475857,8.167539267015707
800383,Email Campaign,2024-06-24,Inactive,Social Media,3913,588,33,3438.17,8343.04,3.23,15.026833631484795,5.612244897959184
125844,Referral Program,2024-06-24,Inactive,App,4513,176,31,2615.18,5040.28,2.67,3.899844892532683,17.613636363636363
634113,New User Discount,2024-06-23,New Users,App,8484,946,53,2318.47,5748.4,2.06,11.15040075436115,5.602536997885835
614117,Weekend Special,2024-06-23,Premium,SMS,1972,385,13,4477.51,8058.4,2.02,19.523326572008113,3.3766233766233764
728034,Festival Offer,2024-06-23,New Users,App,6781,797,72,4823.82,7398.63,2.02,11.75342869783218,9.03387703889586
261225,Flash Sale,2024-06-23,All,App,9883,691,100,2077.51,6378.87,2.26,6.991804108064353,14.47178002894356
337094,Membership Drive,2024-06-23,New Users,SMS,8815,872,10,2548.59,9641.1,2.66,9.892229154849689,1.146788990825688
286120,Category Promotion,2024-06-23,New Users,Social Media,6234,938,69,3395.14,6242.52,2.21,15.046519088867502,7.356076759061833
758184,App Push Notification,2024-06-23,All,Social Media,1736,662,44,1487.89,2878.17,3.69,38.13364055299539,6.646525679758309
465005,Email Campaign,2024-06-23,Premium,SMS,3781,785,17,1003.74,2537.58,3.54,20.761703253107644,2.1656050955414012
974675,Referral Program,2024-06-23,Premium,App,2911,748,77,4334.34,9047.32,2.55,25.695637238062524,10.294117647058822
323930,New User Discount,2024-06-22,Inactive,App,6643,911,98,4653.49,8463.58,3.81,13.713683576697274,10.757409440175632
414375,Weekend Special,2024-06-22,All,SMS,2920,756,38,2289.65,8191.09,1.8,25.89041095890411,5.026455026455026
208480,Festival Offer,2024-06-22,Premium,SMS,7569,635,35,1637.0,8332.56,2.45,8.389483419209935,5.511811023622047
901057,Flash Sale,2024-06-22,All,Social Media,6447,190,14,1781.82,5566.88,3.29,2.947107181634869,7.368421052631578
929469,Membership Drive,2024-06-22,Premium,SMS,6249,835,29,1468.29,8753.86,1.63,13.362137942070731,3.473053892215569
572560,Category Promotion,2024-06-22,Premium,Email,3292,232,49,1464.95,9553.86,2.09,7.047387606318348,21.120689655172413
754004,App Push Notification,2024-06-22,Premium,SMS,2490,917,27,4603.79,6266.45,2.03,36.82730923694779,2.9443838604143946
516036,Email Campaign,2024-06-22,New Users,App,5904,693,79,3829.55,3327.78,3.33,11.73780487804878,11.3997113997114
345842,Referral Program,2024-06-22,Premium,App,4740,589,34,4973.04,2934.5,2.08,12.426160337552743,5.772495755517826
503189,New User Discount,2024-06-21,All,Email,7381,175,34,4470.77,7587.44,1.9,2.370952445468094,19.428571428571427
733405,Weekend Special,2024-06-21,New Users,Email,8045,437,66,2813.81,6769.39,2.8,5.4319453076445,15.102974828375288
637524,Festival Offer,2024-06-21,Inactive,Email,8059,298,81,3677.63,8321.77,2.69,3.697729246804814,27.181208053691275
821373,Flash Sale,2024-06-21,Inactive,Email,3211,412,46,1645.04,7723.1,2.0,12.830893802553723,11.165048543689322
567412,Membership Drive,2024-06-21,All,Social Media,7170,312,25,3692.45,4329.54,3.67,4.351464435146443,8.012820512820513
372223,Category Promotion,2024-06-21,Inactive,Email,3986,492,50,3888.91,4894.63,2.39,12.343201204214752,10.16260162601626
402032,App Push Notification,2024-06-21,All,SMS,5473,334,91,3286.49,8320.97,2.87,6.10268591266216,27.245508982035926
544562,Email Campaign,2024-06-21,Inactive,App,3626,517,26,4898.32,2826.17,2.29,14.258135686707115,5.029013539651837
688809,Referral Program,2024-06-21,All,Social Media,1939,166,15,3686.11,9021.3,2.58,8.561113976276431,9.036144578313253
482783,New User Discount,2024-06-20,New Users,SMS,8120,243,37,4961.69,7083.77,3.66,2.9926108374384235,15.22633744855967
100438,Weekend Special,2024-06-20,Premium,Email,7651,575,30,1819.94,8889.88,3.55,7.515357469611815,5.217391304347826
156818,Festival Offer,2024-06-20,Premium,SMS,8842,731,49,2006.5,5537.53,1.73,8.267360325718164,6.703146374829001
992276,Flash Sale,2024-06-20,All,Social Media,2292,975,71,2306.65,7002.08,2.42,42.539267015706805,7.282051282051281
791007,Membership Drive,2024-06-20,Premium,Social Media,8837,613,80,4690.93,8167.9,2.31,6.936743238655653,13.050570962479608
856955,Category Promotion,2024-06-20,New Users,App,9042,228,54,4882.17,6162.55,2.7,2.52156602521566,23.684210526315788
502211,App Push Notification,2024-06-20,Inactive,Social Media,8187,627,31,2061.34,3802.35,1.85,7.658482960791499,4.944178628389154
244847,Email Campaign,2024-06-20,New Users,Social Media,7058,534,72,1964.28,5347.66,3.1,7.565882686313404,13.48314606741573
404966,Referral Program,2024-06-20,All,Email,8314,748,68,4915.11,6474.87,2.26,8.996872744767861,9.090909090909092
696282,New User Discount,2024-06-19,All,App,4809,452,56,4390.68,3236.03,3.65,9.39904346017883,12.389380530973451
424370,Weekend Special,2024-06-19,Premium,App,5015,384,33,2029.69,8689.53,3.2,7.657028913260219,8.59375
705062,Festival Offer,2024-06-19,Inactive,Email,2525,981,90,3110.52,9400.26,2.27,38.851485148514854,9.174311926605505
546510,Flash Sale,2024-06-19,New Users,SMS,8521,853,57,1430.37,7319.07,2.39,10.010562140593828,6.682297772567409
633588,Membership Drive,2024-06-19,New Users,Social Media,3967,491,14,1227.33,6454.6,2.79,12.377111167128813,2.8513238289205702
399272,Category Promotion,2024-06-19,Inactive,Social Media,6403,402,95,2811.47,3664.74,2.22,6.278307043573325,23.6318407960199
233151,App Push Notification,2024-06-19,Inactive,App,6735,722,99,3116.17,7836.34,2.66,10.720118782479584,13.71191135734072
584545,Email Campaign,2024-06-19,Premium,Email,9595,219,76,3139.81,7330.31,2.5,2.2824387701928086,34.70319634703196
397862,Referral Program,2024-06-19,Premium,Social Media,4450,581,60,3597.88,2802.28,2.95,13.0561797752809,10.327022375215146
362364,New User Discount,2024-06-18,Premium,Social Media,6232,943,24,3811.42,7948.0,2.08,15.131578947368421,2.545068928950159
539033,Weekend Special,2024-06-18,Inactive,App,2741,419,62,3911.23,2955.67,2.4,15.286391827800072,14.797136038186157
676015,Festival Offer,2024-06-18,Inactive,Social Media,7727,610,94,4262.46,3880.45,2.83,7.894396272809629,15.40983606557377
226154,Flash Sale,2024-06-18,Inactive,SMS,7178,474,58,1539.4,4674.56,3.2,6.6035107272220674,12.236286919831224
108908,Membership Drive,2024-06-18,Inactive,Social Media,7143,707,48,2205.06,4584.15,2.8,9.897802043959121,6.789250353606789
272500,Category Promotion,2024-06-18,All,App,9834,124,50,1448.38,5272.86,1.83,1.2609314622737442,40.32258064516129
83441,App Push Notification,2024-06-18,New Users,Social Media,6234,216,14,4251.45,3850.69,1.52,3.4648700673724733,6.481481481481481
596814,Email Campaign,2024-06-18,Inactive,Email,2352,804,36,4421.23,6058.77,3.14,34.183673469387756,4.477611940298507
956713,Referral Program,2024-06-18,All,Email,5320,418,54,2313.02,9477.86,2.32,7.857142857142857,12.918660287081341
96443,New User Discount,2024-06-17,Premium,SMS,8087,288,23,3386.38,6585.01,2.59,3.5612711759614197,7.986111111111111
46328,Weekend Special,2024-06-17,Inactive,Social Media,9716,876,77,2058.48,3654.76,1.81,9.01605599011939,8.789954337899543
853731,Festival Offer,2024-06-17,Inactive,App,5178,218,20,4346.45,8248.94,2.5,4.210119737350328,9.174311926605505
306730,Flash Sale,2024-06-17,Inactive,Email,2520,281,63,3634.05,8481.23,2.51,11.150793650793652,22.419928825622776
709860,Membership Drive,2024-06-17,New Users,App,4777,165,18,1347.85,3956.09,3.27,3.4540506594096714,10.909090909090908
958569,Category Promotion,2024-06-17,New Users,Email,6554,262,54,2766.46,7891.14,3.67,3.9975587427525174,20.610687022900763
704835,App Push Notification,2024-06-17,Inactive,Email,5758,563,32,1431.46,5825.97,1.69,9.777700590482805,5.683836589698046
952949,Email Campaign,2024-06-17,All,SMS,1867,252,32,3601.37,6013.29,2.84,13.497589716122121,12.698412698412698
66920,Referral Program,2024-06-17,Inactive,Social Media,1844,424,66,3701.77,9927.17,3.33,22.99349240780911,15.566037735849056
502555,New User Discount,2024-06-16,New Users,App,9249,700,12,1593.91,8503.44,1.96,7.568385771434749,1.7142857142857144
596296,Weekend Special,2024-06-16,All,App,1334,902,90,2481.0,6132.47,1.97,67.61619190404798,9.977827050997783
366737,Festival Offer,2024-06-16,Inactive,Email,9644,459,76,4939.87,9933.28,1.55,4.759435918705931,16.55773420479303
342656,Flash Sale,2024-06-16,All,SMS,3372,116,81,2118.14,5915.73,2.49,3.4400948991696323,69.82758620689656
40100,Membership Drive,2024-06-16,All,SMS,7337,294,16,1919.72,8444.14,1.9,4.007087365408205,5.442176870748299
87706,Category Promotion,2024-06-16,All,SMS,5168,446,96,1129.17,9219.79,1.77,8.630030959752322,21.524663677130047
308000,App Push Notification,2024-06-16,New Users,Social Media,4400,401,40,1804.59,3354.44,2.75,9.113636363636363,9.975062344139651
428184,Email Campaign,2024-06-16,All,App,2536,230,81,4318.81,5181.51,3.6,9.069400630914828,35.21739130434783
373268,Referral Program,2024-06-16,New Users,Email,6134,546,10,2054.83,2564.13,1.8,8.901206390609715,1.8315018315018317
122101,New User Discount,2024-06-15,All,App,3479,954,57,3021.8,4040.04,3.2,27.421672894509918,5.9748427672955975
618357,Weekend Special,2024-06-15,Premium,App,5190,593,77,1721.69,4378.18,2.31,11.425818882466281,12.984822934232715
589864,Festival Offer,2024-06-15,New Users,SMS,2172,426,94,3879.69,4710.66,2.3,19.613259668508288,22.065727699530516
925095,Flash Sale,2024-06-15,New Users,App,4406,329,92,1816.05,6484.66,3.59,7.467090331366319,27.96352583586626
289839,Membership Drive,2024-06-15,Premium,Email,8135,506,24,2226.15,3841.39,3.29,6.220036877688998,4.743083003952568
56268,Category Promotion,2024-06-15,All,SMS,2829,908,95,1635.16,2569.2,2.15,32.09614704842701,10.462555066079295
254950,App Push Notification,2024-06-15,Inactive,SMS,3649,709,99,4749.37,7122.19,1.64,19.4299808166621,13.963328631875882
727821,Email Campaign,2024-06-15,Premium,Email,2701,978,20,1421.95,7018.42,2.39,36.2088115512773,2.044989775051125
409984,Referral Program,2024-06-15,New Users,Email,7777,948,28,4731.42,7969.46,1.5,12.18979040761219,2.9535864978902953
382434,New User Discount,2024-06-14,All,SMS,5051,126,55,1804.81,4267.67,2.59,2.4945555335577114,43.65079365079365
616474,Weekend Special,2024-06-14,All,Email,8476,616,96,2359.49,8603.51,1.99,7.26757904672015,15.584415584415584
941075,Festival Offer,2024-06-14,Inactive,Social Media,7447,134,88,4941.09,4202.73,3.99,1.7993823015979589,65.67164179104478
814469,Flash Sale,2024-06-14,New Users,SMS,5349,124,70,2643.77,5842.61,1.74,2.318190315946906,56.451612903225815
761712,Membership Drive,2024-06-14,New Users,Social Media,4335,449,51,2927.23,2265.16,2.73,10.35755478662053,11.358574610244988
480269,Category Promotion,2024-06-14,All,Social Media,8583,248,87,4772.71,9982.95,1.93,2.8894325993242456,35.08064516129033
886789,App Push Notification,2024-06-14,Inactive,Social Media,2073,179,46,3028.51,2627.73,3.14,8.63482875060299,25.69832402234637
974288,Email Campaign,2024-06-14,New Users,SMS,7432,278,59,4961.52,4296.48,3.46,3.7405812701829926,21.223021582733814
60550,Referral Program,2024-06-14,Premium,Email,9811,210,12,3460.17,2660.14,2.3,2.140454591784731,5.714285714285714
165799,New User Discount,2024-06-13,All,App,5023,244,34,1671.9,4680.2,3.85,4.857654787975314,13.934426229508196
340263,Weekend Special,2024-06-13,Premium,Social Media,8305,328,33,1803.95,4342.73,2.87,3.9494280553883203,10.060975609756099
351998,Festival Offer,2024-06-13,Inactive,Email,9923,616,20,2271.38,9558.91,2.12,6.207800060465585,3.2467532467532463
677124,Flash Sale,2024-06-13,Premium,App,7560,408,28,1445.97,9099.79,1.86,5.396825396825397,6.862745098039216
661716,Membership Drive,2024-06-13,Premium,SMS,8754,128,75,2729.67,2025.61,3.65,1.462188713730866,58.59375
327527,Category Promotion,2024-06-13,All,App,9436,309,73,2501.44,9452.52,2.63,3.274692666384061,23.624595469255663
684140,App Push Notification,2024-06-13,New Users,Email,3071,941,61,1588.88,4070.75,3.47,30.64148485835233,6.482465462274177
638621,Email Campaign,2024-06-13,Inactive,App,3096,404,15,1909.56,8978.79,3.44,13.049095607235142,3.7128712871287126
33189,Referral Program,2024-06-13,Inactive,SMS,9405,260,35,3337.63,6089.44,2.42,2.7644869750132908,13.461538461538462
479531,New User Discount,2024-06-12,All,App,8723,937,16,1465.37,7069.76,1.67,10.741717299094349,1.7075773745997866
517589,Weekend Special,2024-06-12,Inactive,Social Media,3505,650,15,1373.24,8840.4,2.08,18.544935805991443,2.307692307692308
949012,Festival Offer,2024-06-12,All,SMS,5302,834,32,3486.68,3409.51,2.15,15.729913240286683,3.8369304556354913
329803,Flash Sale,2024-06-12,All,Social Media,1307,711,10,3105.23,9568.06,2.43,54.39938791124713,1.4064697609001406
884946,Membership Drive,2024-06-12,All,Email,6403,619,15,1731.81,4547.21,2.55,9.667343432765891,2.4232633279483036
534939,Category Promotion,2024-06-12,All,Email,1197,908,67,4173.14,9028.71,2.53,75.8563074352548,7.3788546255506615
366772,App Push Notification,2024-06-12,All,Social Media,5046,811,27,1418.9,3627.07,2.74,16.072136345620294,3.3292231812577064
533021,Email Campaign,2024-06-12,Inactive,Social Media,4953,582,82,2190.85,9890.89,1.94,11.75045427013931,14.0893470790378
454551,Referral Program,2024-06-12,Inactive,Email,5645,397,20,3046.6,7455.61,3.2,7.032772364924712,5.037783375314862
593053,New User Discount,2024-06-11,New Users,App,8235,271,52,3295.3,9339.1,3.72,3.2908318154219796,19.18819188191882
305542,Weekend Special,2024-06-11,Inactive,SMS,1790,506,78,2694.62,5617.12,2.62,28.268156424581004,15.41501976284585
35694,Festival Offer,2024-06-11,Inactive,App,2368,640,93,3856.19,7217.4,3.34,27.027027027027028,14.531250000000002
925543,Flash Sale,2024-06-11,New Users,Email,5049,180,66,1154.8,3635.85,2.59,3.5650623885918007,36.666666666666664
420800,Membership Drive,2024-06-11,New Users,Email,6732,959,29,4145.05,6497.65,3.99,14.24539512774807,3.023983315954119
559123,Category Promotion,2024-06-11,Inactive,SMS,8081,836,72,4176.09,6158.94,2.96,10.34525430021037,8.61244019138756
269055,App Push Notification,2024-06-11,New Users,Social Media,3849,480,79,3021.42,4742.55,3.02,12.470771628994544,16.458333333333332
738777,Email Campaign,2024-06-11,All,SMS,2682,833,45,3854.34,4134.43,2.07,31.05891126025354,5.402160864345738
997672,Referral Program,2024-06-11,Inactive,App,8949,778,48,1557.76,5176.91,2.95,8.69370879427869,6.169665809768637
387569,New User Discount,2024-06-10,All,App,3541,479,33,2858.44,6749.31,2.89,13.527252188647273,6.8893528183716075
725889,Weekend Special,2024-06-10,All,SMS,5476,321,34,3391.98,9478.39,3.06,5.861943024105186,10.59190031152648
102220,Festival Offer,2024-06-10,New Users,Social Media,8134,542,72,4827.8,2122.7,2.75,6.663388246865011,13.284132841328415
972880,Flash Sale,2024-06-10,Premium,App,2686,573,21,3764.41,2938.68,2.4,21.33283693224125,3.664921465968586
966908,Membership Drive,2024-06-10,All,App,4621,828,30,2344.47,4609.71,3.04,17.918199523912573,3.6231884057971016
780511,Category Promotion,2024-06-10,Premium,SMS,6298,478,23,3960.47,5612.42,2.59,7.5897110193712285,4.811715481171548
344444,App Push Notification,2024-06-10,All,App,8820,813,20,3961.21,5302.11,2.2,9.217687074829932,2.4600246002460024
807142,Email Campaign,2024-06-10,New Users,Social Media,9263,753,24,3493.33,8458.35,3.97,8.129115837201772,3.187250996015936
654809,Referral Program,2024-06-10,New Users,SMS,6756,673,20,4965.22,7409.79,2.08,9.961515689757253,2.9717682020802374
808327,New User Discount,2024-06-09,Premium,Social Media,7819,101,18,3540.78,5825.03,2.04,1.2917252845632434,17.82178217821782
384485,Weekend Special,2024-06-09,All,App,1650,113,25,4786.99,2548.86,2.87,6.848484848484848,22.123893805309734
308132,Festival Offer,2024-06-09,All,App,1550,180,66,1681.47,8836.41,3.04,11.612903225806452,36.666666666666664
348245,Flash Sale,2024-06-09,New Users,Email,3667,764,44,2934.13,4935.82,3.91,20.8344695936733,5.7591623036649215
25291,Membership Drive,2024-06-09,New Users,Email,1432,983,90,2871.1,3458.28,1.88,68.64525139664805,9.155645981688707
976693,Category Promotion,2024-06-09,Premium,SMS,5669,240,49,2458.19,7492.08,2.68,4.233550890809667,20.416666666666668
375231,App Push Notification,2024-06-09,All,SMS,2454,768,36,2924.82,5370.16,1.51,31.295843520782395,4.6875
65236,Email Campaign,2024-06-09,Premium,SMS,7079,890,63,2827.12,7304.56,2.16,12.57239723124735,7.078651685393258
969401,Referral Program,2024-06-09,Inactive,Email,7518,415,25,1221.96,6326.84,1.66,5.520085129023677,6.024096385542169
676008,New User Discount,2024-06-08,Inactive,Email,7222,122,84,1816.73,5457.83,1.57,1.689282747161451,68.85245901639344
641598,Weekend Special,2024-06-08,Inactive,Email,4746,124,68,4014.48,7456.39,3.12,2.6127265065318164,54.83870967741935
565487,Festival Offer,2024-06-08,New Users,App,7525,121,22,2225.67,5581.15,2.38,1.6079734219269104,18.181818181818183
878794,Flash Sale,2024-06-08,Inactive,SMS,3860,988,53,4893.48,5807.62,2.33,25.59585492227979,5.364372469635628
784473,Membership Drive,2024-06-08,Inactive,App,7019,613,99,4591.25,9426.05,3.58,8.733437811654083,16.150081566068515
594934,Category Promotion,2024-06-08,Premium,SMS,8582,345,95,4085.63,6226.65,2.37,4.020041948263808,27.536231884057973
933590,App Push Notification,2024-06-08,New Users,App,1037,811,60,2507.04,4518.31,3.51,78.20636451301833,7.398273736128237
929968,Email Campaign,2024-06-08,Inactive,Social Media,6472,687,30,4714.39,8678.56,3.23,10.61495673671199,4.366812227074235
890988,Referral Program,2024-06-08,Premium,Social Media,1098,722,39,1919.2,6066.41,3.43,65.7559198542805,5.401662049861495
704329,New User Discount,2024-06-07,Inactive,SMS,7018,497,30,3185.37,2718.84,1.87,7.081789683670562,6.036217303822937
981287,Weekend Special,2024-06-07,Premium,Social Media,6495,456,28,2681.53,9586.18,2.57,7.020785219399538,6.140350877192982
146905,Festival Offer,2024-06-07,New Users,Social Media,9781,554,59,2921.25,4715.48,3.0,5.664042531438503,10.649819494584838
235115,Flash Sale,2024-06-07,Inactive,Email,6167,804,100,3259.39,8399.93,3.02,13.037133127939029,12.437810945273633
128851,Membership Drive,2024-06-07,Premium,Social Media,2570,866,91,1388.23,5569.03,2.42,33.69649805447471,10.508083140877599
320418,Category Promotion,2024-06-07,Premium,SMS,7590,953,68,3132.26,7771.38,2.83,12.555994729907773,7.135362014690451
919298,App Push Notification,2024-06-07,Premium,SMS,4261,377,16,2117.69,4160.18,3.36,8.847688336071345,4.244031830238726
707155,Email Campaign,2024-06-07,Premium,SMS,9062,682,29,1547.79,8395.27,3.87,7.525932465239461,4.252199413489736
754781,Referral Program,2024-06-07,Inactive,Email,2194,139,35,1335.58,9851.91,2.84,6.3354603463992705,25.179856115107913
744858,New User Discount,2024-06-06,Premium,App,6332,989,37,3657.88,8777.23,2.79,15.619077700568539,3.741152679474216
375841,Weekend Special,2024-06-06,New Users,App,4981,727,47,1713.11,2545.72,1.92,14.595462758482233,6.464924346629987
624823,Festival Offer,2024-06-06,Inactive,App,6728,159,26,3038.14,7181.02,1.63,2.363258026159334,16.352201257861633
508505,Flash Sale,2024-06-06,All,App,2977,907,10,2944.7,6826.89,3.46,30.466912999664093,1.1025358324145533
281824,Membership Drive,2024-06-06,New Users,SMS,1890,576,79,1548.34,3110.04,1.54,30.476190476190478,13.715277777777779
405953,Category Promotion,2024-06-06,Inactive,SMS,2474,293,48,4888.58,4937.64,2.4,11.843168957154406,16.38225255972696
672603,App Push Notification,2024-06-06,New Users,Email,7179,543,92,2799.67,5515.45,1.7,7.563727538654409,16.94290976058932
18694,Email Campaign,2024-06-06,All,Email,1630,984,12,2678.92,3340.67,2.68,60.368098159509195,1.2195121951219512
339441,Referral Program,2024-06-06,Inactive,SMS,3926,697,20,3245.81,8853.3,3.17,17.753438614365766,2.8694404591104736
481626,New User Discount,2024-06-05,New Users,Social Media,3978,259,96,1085.61,8925.35,3.98,6.510809451985923,37.06563706563706
297626,Weekend Special,2024-06-05,Premium,Social Media,1366,905,62,4880.16,4900.71,3.97,66.25183016105417,6.850828729281767
412097,Festival Offer,2024-06-05,All,SMS,1967,628,91,3008.33,5466.2,2.26,31.926792069140824,14.490445859872612
687063,Flash Sale,2024-06-05,Inactive,Social Media,4071,519,17,3692.65,8849.1,2.77,12.748710390567428,3.275529865125241
718667,Membership Drive,2024-06-05,All,Social Media,6928,614,51,2853.89,7300.29,3.41,8.862586605080832,8.306188925081432
363025,Category Promotion,2024-06-05,All,App,1036,346,25,4369.75,4444.4,2.21,33.397683397683394,7.225433526011561
211677,App Push Notification,2024-06-05,All,App,3290,634,44,4335.94,3974.74,2.54,19.27051671732523,6.940063091482649
348287,Email Campaign,2024-06-05,Premium,Social Media,1287,273,19,4745.85,4524.7,3.38,21.21212121212121,6.95970695970696
432669,Referral Program,2024-06-05,Inactive,SMS,7687,956,100,2724.67,5754.35,2.55,12.436581241056329,10.460251046025103
234550,New User Discount,2024-06-04,Inactive,SMS,2592,184,73,2469.58,2234.18,1.82,7.098765432098765,39.67391304347826
722587,Weekend Special,2024-06-04,All,App,8171,533,30,2917.86,7377.55,3.89,6.523069391751315,5.628517823639775
918271,Festival Offer,2024-06-04,Inactive,SMS,7037,880,44,4910.55,2034.19,2.16,12.505328975415662,5.0
195122,Flash Sale,2024-06-04,All,SMS,4763,343,68,2407.11,3641.06,3.99,7.201343690951082,19.825072886297377
973637,Membership Drive,2024-06-04,All,Email,2282,998,82,3833.86,4764.6,2.14,43.73356704645048,8.216432865731463
152034,Category Promotion,2024-06-04,All,App,5838,260,14,4527.48,3310.02,3.54,4.453579993148338,5.384615384615385
5729,App Push Notification,2024-06-04,Inactive,Email,8765,129,26,3726.59,9818.5,1.91,1.4717626925270964,20.155038759689923
830680,Email Campaign,2024-06-04,Inactive,Social Media,7306,399,10,3053.81,6673.01,3.01,5.461264713933753,2.506265664160401
354764,Referral Program,2024-06-04,Premium,Email,2233,388,63,4997.04,3859.06,3.9,17.375727720555307,16.237113402061855
49547,New User Discount,2024-06-03,Premium,App,3026,753,38,1095.88,9553.84,3.02,24.884335756774618,5.046480743691899
124508,Weekend Special,2024-06-03,Premium,Social Media,4152,824,35,1928.86,5590.53,2.94,19.845857418111752,4.247572815533981
702001,Festival Offer,2024-06-03,New Users,App,9906,746,98,3766.66,9983.15,3.35,7.5307894205532,13.136729222520108
488006,Flash Sale,2024-06-03,New Users,App,3201,653,75,3663.37,9926.03,2.17,20.399875039050297,11.485451761102604
603959,Membership Drive,2024-06-03,New Users,Email,8271,752,40,1525.76,4664.93,2.21,9.092008221496796,5.319148936170213
745651,Category Promotion,2024-06-03,Inactive,Email,3741,826,92,1071.88,6597.82,1.99,22.079657845495856,11.138014527845035
172480,App Push Notification,2024-06-03,All,Social Media,5433,351,40,4331.18,3667.32,2.96,6.460519050248481,11.396011396011396
33724,Email Campaign,2024-06-03,All,SMS,8430,407,94,3823.75,8414.96,2.96,4.827995255041519,23.095823095823096
943447,Referral Program,2024-06-03,Inactive,SMS,9746,242,33,2643.68,5576.64,2.18,2.4830699774266365,13.636363636363635
420285,New User Discount,2024-06-02,New Users,Email,2184,105,80,2927.73,3922.66,1.86,4.807692307692308,76.19047619047619
858509,Weekend Special,2024-06-02,Inactive,App,4746,737,68,4369.56,8198.02,2.78,15.528866413822165,9.226594301221166
952449,Festival Offer,2024-06-02,New Users,App,1685,135,50,3684.59,9597.45,3.24,8.011869436201781,37.03703703703704
769859,Flash Sale,2024-06-02,Inactive,Social Media,4619,486,91,2900.85,3778.16,1.86,10.52175795626759,18.72427983539095
204496,Membership Drive,2024-06-02,All,App,4808,813,38,4662.18,5822.25,1.51,16.909317803660564,4.674046740467404
649620,Category Promotion,2024-06-02,New Users,SMS,9293,599,62,1378.69,3965.39,1.7,6.445711826105671,10.35058430717863
111747,App Push Notification,2024-06-02,New Users,App,5559,183,94,3507.19,2744.81,2.35,3.291958985429034,51.36612021857923
563343,Email Campaign,2024-06-02,All,Email,1949,409,63,1500.05,7895.21,3.29,20.985120574653667,15.403422982885084
118663,Referral Program,2024-06-02,Premium,SMS,3415,711,10,2963.69,5601.87,2.18,20.8199121522694,1.4064697609001406
271495,New User Discount,2024-06-01,New Users,SMS,6942,305,100,2047.84,3509.55,2.97,4.393546528377989,32.78688524590164
824636,Weekend Special,2024-06-01,New Users,Email,5422,139,89,1173.15,6427.89,3.43,2.563629656953154,64.02877697841727
812857,Festival Offer,2024-06-01,Premium,App,7733,620,89,2661.21,6946.81,3.47,8.017586964955386,14.35483870967742
673246,Flash Sale,2024-06-01,New Users,Social Media,2545,655,11,1180.0,9174.31,3.21,25.736738703339885,1.6793893129770994
884572,Membership Drive,2024-06-01,Inactive,App,6228,252,85,1703.76,6520.52,1.82,4.046242774566474,33.730158730158735
431185,Category Promotion,2024-06-01,All,Email,2060,811,74,2139.41,9822.99,3.86,39.368932038834956,9.124537607891492
219845,App Push Notification,2024-06-01,Inactive,Email,4208,623,41,3648.4,7627.63,3.58,14.80513307984791,6.5810593900481535
132038,Email Campaign,2024-06-01,All,SMS,7918,900,53,3043.36,4177.74,2.28,11.366506693609498,5.888888888888888
541547,Referral Program,2024-06-01,Premium,Email,5673,981,67,3117.59,3188.92,1.99,17.292437863564253,6.829765545361875
775730,New User Discount,2024-05-31,Premium,Social Media,4731,211,73,4532.65,7797.87,2.69,4.45994504333122,34.59715639810427
664086,Weekend Special,2024-05-31,New Users,Email,1839,275,78,3678.48,7503.51,2.6,14.953779227841219,28.363636363636363
681561,Festival Offer,2024-05-31,All,Email,1005,965,36,1889.78,9872.14,2.26,96.01990049751244,3.730569948186528
655452,Flash Sale,2024-05-31,All,Email,8106,947,65,3846.49,9915.58,1.74,11.682704169750801,6.863780359028511
804483,Membership Drive,2024-05-31,New Users,Email,2394,956,38,3105.31,3706.84,3.52,39.93316624895572,3.9748953974895396
911776,Category Promotion,2024-05-31,New Users,SMS,9390,550,69,2436.13,6675.19,3.9,5.857294994675186,12.545454545454545
999008,App Push Notification,2024-05-31,Inactive,Social Media,9416,275,95,3133.47,4146.24,2.76,2.9205607476635516,34.54545454545455
617674,Email Campaign,2024-05-31,Premium,SMS,4049,906,40,4336.37,2714.01,3.79,22.375895282785873,4.415011037527594
180547,Referral Program,2024-05-31,Inactive,App,4350,223,75,2835.05,7092.4,2.01,5.126436781609196,33.6322869955157
484910,New User Discount,2024-05-30,Inactive,Social Media,7822,146,69,3143.17,5513.92,1.82,1.866530299156226,47.26027397260274
139432,Weekend Special,2024-05-30,Premium,Social Media,3725,539,83,3265.29,4586.61,2.49,14.469798657718123,15.398886827458256
916073,Festival Offer,2024-05-30,New Users,Social Media,6976,999,97,1802.42,5517.86,3.59,14.32052752293578,9.70970970970971
696401,Flash Sale,2024-05-30,Premium,Email,5937,413,68,3664.01,2980.37,3.51,6.956375273707259,16.46489104116223
694431,Membership Drive,2024-05-30,Inactive,App,2235,766,24,4290.47,5220.15,2.05,34.272930648769574,3.1331592689295036
580451,Category Promotion,2024-05-30,New Users,Social Media,5317,577,13,3816.91,6395.96,2.02,10.851984201617453,2.2530329289428077
489018,App Push Notification,2024-05-30,New Users,Email,7706,570,81,3652.09,7212.39,2.45,7.396833636127692,14.210526315789473
344638,Email Campaign,2024-05-30,Inactive,Email,3995,650,87,3227.51,9128.77,2.55,16.270337922403,13.384615384615383
323250,Referral Program,2024-05-30,New Users,App,8369,527,70,2306.91,6267.08,1.56,6.297048631855658,13.282732447817835
273062,New User Discount,2024-05-29,All,Email,9985,117,16,3230.73,2233.02,2.85,1.171757636454682,13.675213675213676
16093,Weekend Special,2024-05-29,Inactive,Social Media,3736,419,54,2562.77,5829.56,1.62,11.215203426124196,12.887828162291171
269827,Festival Offer,2024-05-29,All,Email,6147,368,67,2499.88,9309.53,3.52,5.9866601594273625,18.206521739130434
627356,Flash Sale,2024-05-29,All,App,3096,460,32,4239.04,5571.6,1.58,14.857881136950905,6.956521739130435
386172,Membership Drive,2024-05-29,Inactive,Email,9309,442,54,1722.77,3993.35,2.33,4.748093243098077,12.217194570135746
573841,Category Promotion,2024-05-29,All,Social Media,4863,475,26,4923.46,9663.19,1.75,9.767633148262389,5.473684210526316
3645,App Push Notification,2024-05-29,All,App,2629,264,34,4888.62,7441.19,3.93,10.0418410041841,12.878787878787879
557702,Email Campaign,2024-05-29,Inactive,Social Media,7270,807,83,4689.12,6369.69,3.95,11.10041265474553,10.285006195786865
120282,Referral Program,2024-05-29,Inactive,Email,7974,581,16,2079.43,8487.78,3.43,7.286180085277151,2.753872633390706
829717,New User Discount,2024-05-28,All,App,2151,804,80,2462.83,3762.8,2.14,37.37796373779637,9.950248756218906
971055,Weekend Special,2024-05-28,Inactive,Email,2396,133,30,1595.61,9937.91,3.65,5.550918196994992,22.55639097744361
379543,Festival Offer,2024-05-28,Inactive,App,8203,349,39,1592.96,9765.37,2.74,4.254541021577472,11.174785100286533
971881,Flash Sale,2024-05-28,New Users,Social Media,9986,102,70,1033.75,5378.34,3.98,1.021430002002804,68.62745098039215
715825,Membership Drive,2024-05-28,All,App,7300,277,73,3040.87,2648.77,3.24,3.7945205479452055,26.353790613718413
339915,Category Promotion,2024-05-28,Premium,Social Media,7977,197,65,2422.6,6155.28,3.09,2.469600100288329,32.99492385786802
452767,App Push Notification,2024-05-28,New Users,Social Media,3867,922,11,1472.07,4442.87,2.93,23.842772174812517,1.193058568329718
810883,Email Campaign,2024-05-28,New Users,App,2925,405,51,3047.29,9304.89,3.33,13.846153846153847,12.592592592592592
782119,Referral Program,2024-05-28,All,SMS,1274,928,86,1761.91,7911.94,1.7,72.8414442700157,9.267241379310345
44404,New User Discount,2024-05-27,New Users,Email,7325,645,72,3234.22,8283.14,1.72,8.805460750853241,11.162790697674419
749872,Weekend Special,2024-05-27,Inactive,App,1662,751,22,4568.29,3605.13,1.96,45.18652226233454,2.929427430093209
549357,Festival Offer,2024-05-27,New Users,Social Media,5315,211,82,3458.17,4736.48,3.58,3.9698965192850424,38.862559241706165
950816,Flash Sale,2024-05-27,All,Email,2764,755,85,1218.6,4121.19,1.83,27.31548480463097,11.258278145695364
61742,Membership Drive,2024-05-27,All,Email,6045,237,24,3696.9,7584.04,3.15,3.9205955334987594,10.126582278481013
7791,Category Promotion,2024-05-27,Inactive,App,6379,914,32,1669.01,5909.45,2.17,14.328264618278727,3.50109409190372
693503,App Push Notification,2024-05-27,Premium,SMS,7196,704,26,1291.65,8579.35,2.73,9.783212896053364,3.6931818181818183
410635,Email Campaign,2024-05-27,Premium,App,9418,250,60,1144.67,8763.74,3.54,2.654491399447866,24.0
358868,Referral Program,2024-05-27,All,Email,3435,643,39,1429.25,8011.51,3.67,18.719068413391557,6.065318818040436
608814,New User Discount,2024-05-26,Premium,Email,1823,778,36,4264.61,9634.91,1.94,42.676906198573775,4.627249357326478
608980,Weekend Special,2024-05-26,New Users,Social Media,6551,809,30,4525.56,6718.52,3.93,12.349259655014503,3.7082818294190356
657945,Festival Offer,2024-05-26,New Users,App,5502,747,71,2875.67,7928.05,2.63,13.576881134133043,9.504685408299867
808540,Flash Sale,2024-05-26,Premium,App,5146,274,42,3665.72,8329.97,3.79,5.324523902059852,15.328467153284672
160290,Membership Drive,2024-05-26,New Users,Email,6523,891,84,4306.26,7850.85,1.91,13.659359190556492,9.427609427609427
320050,Category Promotion,2024-05-26,Inactive,SMS,4542,836,56,3737.8,8891.49,2.43,18.40598855129899,6.698564593301436
329703,App Push Notification,2024-05-26,New Users,SMS,5943,137,48,1714.06,4778.36,3.1,2.3052330472825173,35.03649635036496
275505,Email Campaign,2024-05-26,Inactive,App,6710,147,70,3825.87,6963.08,3.04,2.1907600596125185,47.61904761904761
213026,Referral Program,2024-05-26,New Users,App,2354,494,54,3595.07,8444.42,2.64,20.985556499575193,10.931174089068826
988913,New User Discount,2024-05-25,All,Social Media,8337,788,85,2498.77,4983.59,2.26,9.451841189876454,10.786802030456853
790470,Weekend Special,2024-05-25,Premium,App,5801,774,80,2445.35,2687.3,1.56,13.342527150491296,10.335917312661499
472,Festival Offer,2024-05-25,New Users,Social Media,4729,128,95,1542.65,4316.4,3.29,2.706703319940791,74.21875
131361,Flash Sale,2024-05-25,New Users,Email,2736,929,58,2490.17,7904.75,2.82,33.9546783625731,6.243272335844995
843277,Membership Drive,2024-05-25,All,App,4582,844,78,4810.79,7872.62,2.24,18.4199039720646,9.24170616113744
744948,Category Promotion,2024-05-25,Inactive,Email,3437,198,84,3443.8,6996.61,2.18,5.760837940064009,42.42424242424242
892639,App Push Notification,2024-05-25,New Users,App,1064,628,45,1946.69,9885.29,2.54,59.02255639097744,7.165605095541401
991446,Email Campaign,2024-05-25,New Users,Email,8227,780,75,1220.27,4263.89,2.55,9.48097726996475,9.615384615384617
373538,Referral Program,2024-05-25,Premium,Social Media,7124,366,47,4783.58,9384.1,3.0,5.1375631667602475,12.841530054644808
925116,New User Discount,2024-05-24,All,Social Media,9333,842,70,4076.17,9622.29,2.69,9.021750776813457,8.31353919239905
613250,Weekend Special,2024-05-24,Inactive,Email,2785,856,14,4829.15,7696.86,2.75,30.73608617594255,1.6355140186915886
199117,Festival Offer,2024-05-24,Premium,App,1938,312,17,1452.15,7388.71,3.9,16.09907120743034,5.448717948717949
645069,Flash Sale,2024-05-24,New Users,Email,8439,857,88,3198.98,2743.41,2.4,10.155231662519256,10.268378063010502
552392,Membership Drive,2024-05-24,Premium,SMS,8596,911,78,4247.28,7032.0,3.48,10.597952536063286,8.562019758507136
949753,Category Promotion,2024-05-24,Premium,Email,5628,519,27,3937.98,3494.56,3.51,9.22174840085288,5.202312138728324
548790,App Push Notification,2024-05-24,Inactive,Email,2602,933,51,3340.26,4627.14,2.44,35.857033051498846,5.466237942122187
489885,Email Campaign,2024-05-24,Inactive,SMS,1874,759,60,2766.37,8482.11,3.61,40.50160085378869,7.905138339920949
911007,Referral Program,2024-05-24,New Users,Social Media,1715,356,95,3492.91,7487.3,2.54,20.75801749271137,26.685393258426966
65480,New User Discount,2024-05-23,Inactive,Email,3026,283,65,3422.84,9159.2,3.23,9.35228023793787,22.968197879858657
958949,Weekend Special,2024-05-23,Premium,Email,8060,565,97,2289.46,8452.7,1.79,7.009925558312655,17.168141592920357
738594,Festival Offer,2024-05-23,All,Social Media,7438,381,19,3214.33,5308.32,3.74,5.122344716321592,4.986876640419948
649710,Flash Sale,2024-05-23,All,Email,9855,643,62,4593.58,6699.8,1.88,6.5246067985794,9.642301710730948
33374,Membership Drive,2024-05-23,Premium,App,3337,552,91,3872.99,5162.94,3.3,16.54180401558286,16.485507246376812
209876,Category Promotion,2024-05-23,Premium,SMS,1954,225,20,1610.39,3579.8,2.01,11.514841351074718,8.88888888888889
886732,App Push Notification,2024-05-23,Premium,Social Media,3556,507,66,1106.28,9955.44,3.83,14.257592800899888,13.017751479289942
879576,Email Campaign,2024-05-23,Inactive,App,9516,321,83,4457.59,2799.69,2.38,3.373266078184111,25.85669781931464
794687,Referral Program,2024-05-23,All,SMS,3102,924,26,4011.77,3489.08,1.73,29.78723404255319,2.813852813852814
933658,New User Discount,2024-05-22,Premium,Email,8018,568,43,1772.38,9892.51,3.58,7.08406086305812,7.570422535211267
721244,Weekend Special,2024-05-22,Premium,SMS,8217,523,24,2910.79,8144.76,2.66,6.364853352805159,4.588910133843212
680731,Festival Offer,2024-05-22,New Users,App,2465,379,16,3727.22,9602.36,3.26,15.375253549695742,4.221635883905013
218750,Flash Sale,2024-05-22,Inactive,Email,5213,779,36,2564.76,4318.59,3.58,14.943410704009208,4.621309370988447
798121,Membership Drive,2024-05-22,All,SMS,4163,603,87,3682.54,7164.34,1.76,14.48474657698775,14.427860696517413
508628,Category Promotion,2024-05-22,Premium,Email,4137,617,47,2503.06,6237.3,2.94,14.914189025864152,7.6175040518638575
936816,App Push Notification,2024-05-22,New Users,App,6688,118,13,2756.57,8694.93,3.11,1.7643540669856457,11.016949152542372
884609,Email Campaign,2024-05-22,Premium,Email,9791,536,60,2933.89,7914.72,3.42,5.474415279338167,11.194029850746269
417952,Referral Program,2024-05-22,Premium,Social Media,9493,342,25,3781.73,9391.76,2.61,3.602654587590856,7.309941520467836
338782,New User Discount,2024-05-21,Premium,Social Media,6236,811,78,3271.61,8214.63,2.0,13.005131494547786,9.617755856966708
80427,Weekend Special,2024-05-21,Premium,App,8669,575,99,1518.55,8652.12,3.51,6.632829622793864,17.217391304347824
522615,Festival Offer,2024-05-21,Inactive,Email,6886,563,25,1602.69,6427.92,3.32,8.176009294220158,4.440497335701599
45555,Flash Sale,2024-05-21,All,SMS,5272,299,77,3058.7,2446.48,2.74,5.671471927162367,25.75250836120401
795684,Membership Drive,2024-05-21,New Users,Email,1520,549,11,2950.59,4998.41,3.35,36.118421052631575,2.0036429872495445
445847,Category Promotion,2024-05-21,Inactive,Email,8107,996,87,2741.34,8685.97,2.04,12.285679042802517,8.734939759036145
666328,App Push Notification,2024-05-21,New Users,Social Media,8350,668,15,4723.86,6597.46,3.95,8.0,2.245508982035928
780719,Email Campaign,2024-05-21,All,Email,3001,973,16,2827.72,7230.19,2.95,32.42252582472509,1.644398766700925
781833,Referral Program,2024-05-21,Premium,Social Media,7567,118,89,3009.1,5028.1,3.65,1.5594026694859258,75.42372881355932
183130,New User Discount,2024-05-20,Premium,Email,2783,871,19,1889.25,9407.35,2.45,31.29716133668703,2.1814006888633752
374512,Weekend Special,2024-05-20,New Users,SMS,1193,917,95,2289.5,3875.24,1.59,76.86504610226321,10.359869138495092
822897,Festival Offer,2024-05-20,Inactive,App,4781,422,78,3691.04,8905.87,2.31,8.826605312696088,18.48341232227488
32912,Flash Sale,2024-05-20,All,Social Media,8487,605,18,3082.51,2968.77,2.3,7.128549546365029,2.975206611570248
517115,Membership Drive,2024-05-20,Premium,SMS,5599,116,38,1673.58,3286.24,1.92,2.0717985354527593,32.758620689655174
221171,Category Promotion,2024-05-20,Premium,Email,8422,944,74,4922.14,2067.33,1.53,11.208739016860603,7.838983050847458
351815,App Push Notification,2024-05-20,Premium,Email,8078,491,55,2980.42,8602.8,1.6,6.078237187422629,11.201629327902241
606624,Email Campaign,2024-05-20,New Users,Email,1427,498,33,4947.46,3416.68,2.92,34.89838822704975,6.626506024096386
694211,Referral Program,2024-05-20,Premium,SMS,5837,666,23,1340.98,7832.65,3.39,11.409970875449718,3.453453453453453
717298,New User Discount,2024-05-19,New Users,Email,2785,537,13,2416.87,7211.83,2.91,19.281867145421902,2.4208566108007448
718252,Weekend Special,2024-05-19,All,SMS,7027,784,95,1766.0,9367.79,1.81,11.156965988330725,12.11734693877551
49798,Festival Offer,2024-05-19,Premium,SMS,6100,207,23,3806.35,7093.69,3.28,3.393442622950819,11.11111111111111
623568,Flash Sale,2024-05-19,New Users,Email,9669,301,64,2766.78,9193.8,1.62,3.1130416795945806,21.262458471760798
292697,Membership Drive,2024-05-19,New Users,SMS,2158,981,62,2123.16,6862.45,1.9,45.45875810936052,6.320081549439347
514496,Category Promotion,2024-05-19,Inactive,SMS,9160,673,49,2078.95,4469.6,3.38,7.347161572052402,7.280832095096583
185421,App Push Notification,2024-05-19,Inactive,App,5199,168,11,4365.19,8912.6,1.86,3.2313906520484705,6.547619047619048
376984,Email Campaign,2024-05-19,All,Email,7267,542,68,4496.15,6865.99,2.78,7.458373469106921,12.546125461254611
984432,Referral Program,2024-05-19,New Users,Social Media,4686,672,33,1243.06,7553.23,3.57,14.340588988476313,4.910714285714286
313063,New User Discount,2024-05-18,New Users,SMS,6579,576,78,3856.16,3678.96,3.98,8.755129958960328,13.541666666666666
418594,Weekend Special,2024-05-18,All,SMS,2274,118,32,1407.95,4758.64,2.07,5.189094107299912,27.11864406779661
914451,Festival Offer,2024-05-18,All,Social Media,1973,243,39,4295.73,7166.15,2.15,12.316269640141916,16.049382716049383
487105,Flash Sale,2024-05-18,Inactive,Social Media,6341,455,67,4827.38,6339.97,1.73,7.175524365242075,14.725274725274726
149671,Membership Drive,2024-05-18,New Users,App,4394,878,81,2795.66,4236.71,1.92,19.98179335457442,9.225512528473805
930503,Category Promotion,2024-05-18,Premium,Email,8519,788,24,2984.84,7466.85,3.56,9.249911961497828,3.0456852791878175
688730,App Push Notification,2024-05-18,All,Social Media,7417,479,27,4260.38,9406.21,2.19,6.458136712956721,5.6367432150313155
518904,Email Campaign,2024-05-18,New Users,Social Media,2314,489,29,2673.92,9730.27,2.62,21.132238547968885,5.930470347648262
613185,Referral Program,2024-05-18,All,Social Media,5478,868,96,3121.0,9462.12,1.5,15.845198977729098,11.059907834101383
645779,New User Discount,2024-05-17,New Users,Email,1198,145,46,4213.0,2912.51,1.61,12.103505843071787,31.724137931034484
633802,Weekend Special,2024-05-17,Inactive,Email,1023,337,26,2816.21,8762.34,2.23,32.94232649071358,7.71513353115727
833782,Festival Offer,2024-05-17,New Users,App,4998,560,22,1281.09,8631.46,2.97,11.204481792717088,3.9285714285714284
880265,Flash Sale,2024-05-17,Premium,Social Media,5925,603,45,3907.02,4782.3,1.95,10.177215189873417,7.462686567164178
930624,Membership Drive,2024-05-17,Inactive,App,8441,298,55,4332.1,4105.22,3.59,3.5303873948584292,18.456375838926174
108743,Category Promotion,2024-05-17,Inactive,Email,6500,477,31,4956.83,7196.46,1.51,7.338461538461538,6.498951781970649
776354,App Push Notification,2024-05-17,Premium,App,7971,135,59,1804.32,3916.74,3.74,1.6936394429808055,43.7037037037037
203881,Email Campaign,2024-05-17,Premium,SMS,4119,786,44,2539.56,2814.12,2.74,19.08230152949745,5.597964376590331
932003,Referral Program,2024-05-17,New Users,Email,7796,217,21,2286.16,6587.17,3.44,2.783478707029246,9.67741935483871
989817,New User Discount,2024-05-16,New Users,SMS,2873,871,82,2721.56,3248.23,3.41,30.316742081447963,9.414466130884042
195211,Weekend Special,2024-05-16,Premium,Email,1901,986,46,3353.97,6360.19,2.55,51.8674381904261,4.665314401622718
412947,Festival Offer,2024-05-16,Inactive,Email,6828,639,89,1785.55,7382.44,3.91,9.358523725834798,13.928012519561817
106405,Flash Sale,2024-05-16,Premium,App,8780,633,26,2425.6,4750.77,3.84,7.209567198177677,4.107424960505529
246119,Membership Drive,2024-05-16,Premium,Social Media,7154,738,32,3189.75,9783.08,3.07,10.315907184791726,4.336043360433604
8105,Category Promotion,2024-05-16,Premium,App,1680,950,83,3277.2,9286.64,2.6,56.547619047619044,8.736842105263158
831418,App Push Notification,2024-05-16,All,Social Media,5965,670,13,4087.14,4109.14,3.07,11.232187761944678,1.9402985074626864
173726,Email Campaign,2024-05-16,New Users,SMS,9909,460,66,2206.92,5477.36,2.64,4.642244424260773,14.347826086956522
752226,Referral Program,2024-05-16,All,Social Media,5011,590,65,2763.16,8207.03,3.61,11.774096986629415,11.016949152542372
46844,New User Discount,2024-05-15,New Users,Email,9978,399,72,2185.91,3110.04,3.16,3.998797354179194,18.045112781954884
8162,Weekend Special,2024-05-15,Premium,App,7758,355,69,3383.19,6928.02,2.51,4.575921629285898,19.43661971830986
707644,Festival Offer,2024-05-15,New Users,App,5029,675,81,2515.56,4695.21,2.14,13.422151521177172,12.0
927607,Flash Sale,2024-05-15,All,Email,1517,661,51,3102.36,8895.97,2.88,43.572841133816745,7.715582450832073
447921,Membership Drive,2024-05-15,New Users,Email,8150,682,11,1794.54,6159.26,2.93,8.368098159509202,1.6129032258064515
768402,Category Promotion,2024-05-15,All,Email,9696,849,48,1679.06,9244.4,2.34,8.756188118811881,5.6537102473498235
106316,App Push Notification,2024-05-15,New Users,SMS,6028,426,18,1037.23,8739.17,2.12,7.067020570670206,4.225352112676056
381531,Email Campaign,2024-05-15,Inactive,App,1113,472,98,1612.32,8259.65,2.17,42.40790655884996,20.76271186440678
406361,Referral Program,2024-05-15,Inactive,SMS,9175,313,89,1455.83,2503.48,1.88,3.411444141689373,28.434504792332266
363182,New User Discount,2024-05-14,All,Social Media,4898,709,37,4894.32,9670.09,3.28,14.475296039199673,5.218617771509168
280150,Weekend Special,2024-05-14,New Users,Social Media,9505,724,45,4833.67,3853.36,1.59,7.617043661230931,6.2154696132596685
276123,Festival Offer,2024-05-14,Premium,Social Media,2190,495,44,3546.51,5822.77,1.95,22.602739726027394,8.88888888888889
869237,Flash Sale,2024-05-14,Premium,Email,6207,956,86,2270.96,6258.52,3.85,15.401965522796843,8.99581589958159
964903,Membership Drive,2024-05-14,All,Social Media,3841,339,53,4063.44,6371.91,2.64,8.825826607654257,15.634218289085547
429549,Category Promotion,2024-05-14,Inactive,Email,7542,595,33,3920.16,6872.61,2.27,7.88915407053832,5.546218487394958
324787,App Push Notification,2024-05-14,New Users,Email,3820,595,26,1486.86,9624.45,2.23,15.575916230366493,4.369747899159663
855064,Email Campaign,2024-05-14,Inactive,App,6033,728,52,4793.07,2393.32,3.38,12.066965025692026,7.142857142857142
371629,Referral Program,2024-05-14,New Users,Social Media,2156,984,78,3272.31,9215.23,3.21,45.640074211502785,7.926829268292683
892912,New User Discount,2024-05-13,Inactive,Social Media,7442,809,90,4674.92,2294.04,2.55,10.870733673743617,11.124845488257108
367975,Weekend Special,2024-05-13,All,SMS,2277,851,21,4653.63,3575.12,2.89,37.37373737373738,2.4676850763807283
783240,Festival Offer,2024-05-13,Premium,Email,1738,408,50,2593.18,5126.23,3.43,23.475258918296895,12.254901960784313
664489,Flash Sale,2024-05-13,New Users,App,7384,840,38,1694.97,2945.88,2.66,11.375947995666305,4.523809523809524
155149,Membership Drive,2024-05-13,All,Email,7015,705,51,4011.58,3535.33,1.79,10.049893086243763,7.234042553191489
967044,Category Promotion,2024-05-13,New Users,SMS,7716,298,85,4001.2,4474.49,3.12,3.8621047174701917,28.523489932885905
129322,App Push Notification,2024-05-13,Premium,Email,9677,697,41,3052.87,2131.59,3.64,7.202645447969412,5.88235294117647
551380,Email Campaign,2024-05-13,Inactive,SMS,5145,520,13,4473.62,2207.32,2.71,10.10689990281827,2.5
231866,Referral Program,2024-05-13,New Users,SMS,9202,653,13,2189.76,8146.73,2.97,7.096283416648555,1.9908116385911179
228459,New User Discount,2024-05-12,New Users,Email,5016,102,56,3885.63,7064.75,3.67,2.0334928229665072,54.90196078431373
726479,Weekend Special,2024-05-12,New Users,SMS,9974,948,35,2569.02,5344.41,2.17,9.504712251854823,3.691983122362869
434449,Festival Offer,2024-05-12,All,Social Media,9225,944,87,4030.94,6254.95,2.3,10.233062330623307,9.216101694915254
66738,Flash Sale,2024-05-12,Premium,App,9952,614,21,3998.43,4392.53,3.5,6.169614147909968,3.420195439739414
821359,Membership Drive,2024-05-12,Inactive,Email,6991,176,70,3908.03,3549.53,3.36,2.5175225289658134,39.77272727272727
565445,Category Promotion,2024-05-12,New Users,Social Media,3609,722,100,4367.89,4572.39,3.44,20.0055417013023,13.850415512465375
800636,App Push Notification,2024-05-12,New Users,Email,1931,811,38,4948.62,8229.91,2.02,41.99896426721906,4.68557336621455
431165,Email Campaign,2024-05-12,New Users,Email,2904,658,28,1422.53,4919.18,2.69,22.65840220385675,4.25531914893617
92735,Referral Program,2024-05-12,All,App,9980,135,74,3000.88,5665.49,1.68,1.3527054108216432,54.81481481481482
969592,New User Discount,2024-05-11,All,App,7947,311,92,1585.33,6687.52,1.91,3.9134264502327922,29.581993569131832
660087,Weekend Special,2024-05-11,New Users,Email,1655,536,57,4948.68,7736.11,3.3,32.38670694864048,10.634328358208956
179157,Festival Offer,2024-05-11,Inactive,App,2347,522,74,2792.6,5769.82,3.47,22.24115892628888,14.17624521072797
883118,Flash Sale,2024-05-11,Premium,SMS,6213,465,78,2132.39,4495.25,3.49,7.48430709802028,16.7741935483871
888709,Membership Drive,2024-05-11,Premium,App,5619,496,34,2621.46,2126.96,2.65,8.827193450791956,6.854838709677419
328453,Category Promotion,2024-05-11,Premium,App,9264,642,64,3546.45,9105.04,1.68,6.930051813471502,9.968847352024921
277648,App Push Notification,2024-05-11,New Users,SMS,6731,842,20,4499.04,9866.11,2.28,12.509285395929282,2.375296912114014
158408,Email Campaign,2024-05-11,Premium,SMS,5113,588,97,2891.97,8877.06,1.74,11.500097789947192,16.49659863945578
889390,Referral Program,2024-05-11,Inactive,Email,3159,225,95,4582.42,9372.71,3.71,7.122507122507122,42.22222222222222
981273,New User Discount,2024-05-10,Premium,App,7820,685,12,1833.5,7603.79,3.99,8.759590792838875,1.7518248175182483
908643,Weekend Special,2024-05-10,Premium,App,2355,421,66,4566.66,9352.59,3.98,17.876857749469213,15.676959619952493
307396,Festival Offer,2024-05-10,New Users,Email,2994,776,87,4696.38,6383.52,1.58,25.918503674014698,11.211340206185568
531634,Flash Sale,2024-05-10,Premium,Social Media,6247,559,17,2682.82,6156.99,3.63,8.948295181687211,3.041144901610018
488693,Membership Drive,2024-05-10,New Users,SMS,5446,382,84,3587.56,7863.76,2.62,7.014322438486962,21.98952879581152
749135,Category Promotion,2024-05-10,Inactive,App,5381,711,52,3890.82,8095.53,2.82,13.213157405686676,7.313642756680731
993421,App Push Notification,2024-05-10,Inactive,Social Media,4392,407,51,1199.37,6366.79,3.97,9.266848816029144,12.530712530712531
867267,Email Campaign,2024-05-10,Inactive,SMS,4440,769,50,3874.02,9449.99,1.93,17.31981981981982,6.501950585175553
838148,Referral Program,2024-05-10,Inactive,SMS,6262,424,10,3098.76,6177.8,2.25,6.770999680613222,2.358490566037736
726641,New User Discount,2024-05-09,Premium,SMS,2383,556,23,2624.59,7396.3,3.06,23.331934536298782,4.136690647482014
344028,Weekend Special,2024-05-09,All,SMS,7817,367,59,3066.1,4377.37,3.9,4.694895740053729,16.076294277929154
425851,Festival Offer,2024-05-09,All,SMS,8807,963,19,1372.58,2123.42,3.86,10.934483933234928,1.9730010384215992
809949,Flash Sale,2024-05-09,Premium,App,6005,401,98,3242.6,8134.15,3.8,6.677768526228143,24.438902743142144
356614,Membership Drive,2024-05-09,New Users,SMS,3142,155,21,3490.29,4287.76,3.69,4.933163590070019,13.548387096774196
391766,Category Promotion,2024-05-09,Inactive,Social Media,9308,296,91,3012.24,6660.58,1.51,3.180060163300387,30.743243243243246
657561,App Push Notification,2024-05-09,Premium,Social Media,2429,183,37,2990.74,9491.19,2.82,7.533964594483327,20.21857923497268
510224,Email Campaign,2024-05-09,All,Email,3470,387,44,2573.48,8936.86,3.97,11.152737752161384,11.369509043927648
23172,Referral Program,2024-05-09,Inactive,Email,4780,407,56,4593.9,5955.91,2.24,8.514644351464435,13.75921375921376
752632,New User Discount,2024-05-08,All,Email,2039,945,47,1690.12,2253.98,2.81,46.34624816086317,4.973544973544974
713740,Weekend Special,2024-05-08,All,App,2440,486,20,1385.38,6073.69,3.84,19.918032786885245,4.11522633744856
624296,Festival Offer,2024-05-08,Premium,SMS,5556,698,74,3576.55,6908.13,3.76,12.562994960403168,10.601719197707736
459051,Flash Sale,2024-05-08,Premium,SMS,3156,516,92,1828.73,3397.56,2.47,16.34980988593156,17.829457364341085
475354,Membership Drive,2024-05-08,Inactive,Email,1204,780,66,1048.49,6226.58,3.38,64.78405315614619,8.461538461538462
200353,Category Promotion,2024-05-08,New Users,Social Media,1546,523,61,4545.58,9823.07,2.11,33.82923673997413,11.663479923518166
745023,App Push Notification,2024-05-08,New Users,App,6919,474,88,3246.22,3097.33,3.75,6.850700968348026,18.565400843881857
937553,Email Campaign,2024-05-08,All,Email,5719,626,31,1298.75,2730.31,1.94,10.945969575100541,4.952076677316294
333794,Referral Program,2024-05-08,Inactive,App,5819,565,50,1766.21,4372.36,3.59,9.709572091424644,8.849557522123893
836685,New User Discount,2024-05-07,Inactive,Email,4705,541,58,1367.34,3902.0,2.66,11.498405951115833,10.720887245841034
250155,Weekend Special,2024-05-07,New Users,App,7207,685,61,3068.68,5364.98,1.97,9.504648258637435,8.905109489051096
489503,Festival Offer,2024-05-07,Inactive,App,6590,431,86,2450.5,5163.35,1.96,6.5402124430956,19.953596287703014
695157,Flash Sale,2024-05-07,All,Email,6508,586,51,4083.1,9686.0,2.06,9.004302397049784,8.70307167235495
587224,Membership Drive,2024-05-07,Premium,Email,9305,572,81,1290.72,3506.35,2.41,6.147232670607201,14.160839160839162
77524,Category Promotion,2024-05-07,Inactive,App,6654,453,94,2484.5,3835.14,2.32,6.807935076645627,20.750551876379692
740172,App Push Notification,2024-05-07,All,SMS,9543,748,21,4855.95,3226.27,2.24,7.838206014880017,2.807486631016043
99102,Email Campaign,2024-05-07,New Users,App,2291,464,63,3622.89,3242.82,1.94,20.253164556962027,13.577586206896552
285480,Referral Program,2024-05-07,Premium,SMS,9181,467,58,1191.65,3256.6,2.94,5.086591874523473,12.419700214132762
17745,New User Discount,2024-05-06,Premium,Email,7898,1000,95,4112.95,6845.6,3.14,12.661433274246644,9.5
648081,Weekend Special,2024-05-06,All,SMS,6287,369,72,4312.12,7722.03,2.06,5.869254016223954,19.51219512195122
49074,Festival Offer,2024-05-06,Premium,App,2765,104,31,3793.29,6954.05,3.72,3.7613019891500907,29.807692307692307
432381,Flash Sale,2024-05-06,Premium,Social Media,7640,151,18,1904.3,9054.74,1.83,1.9764397905759161,11.920529801324504
673868,Membership Drive,2024-05-06,Inactive,App,6320,237,96,1971.0,7683.01,2.49,3.75,40.50632911392405
832240,Category Promotion,2024-05-06,Premium,App,8598,670,32,3103.54,3798.91,3.67,7.792509886020005,4.776119402985075
967603,App Push Notification,2024-05-06,All,Social Media,2349,973,94,2366.16,9187.75,3.61,41.421881651766704,9.660842754367934
519439,Email Campaign,2024-05-06,Inactive,Social Media,2883,544,100,4013.81,7227.33,3.67,18.869233437391607,18.38235294117647
42773,Referral Program,2024-05-06,All,Social Media,5068,235,41,3758.25,8305.39,2.66,4.636937647987372,17.4468085106383
641016,New User Discount,2024-05-05,Premium,Email,4000,874,47,2933.53,8801.33,2.42,21.85,5.377574370709382
289721,Weekend Special,2024-05-05,Inactive,Social Media,3153,181,35,1781.14,3313.47,3.31,5.740564541706311,19.337016574585636
673107,Festival Offer,2024-05-05,Premium,Email,5916,708,91,4405.48,9774.33,3.08,11.967545638945234,12.85310734463277
873144,Flash Sale,2024-05-05,Inactive,Social Media,2564,390,62,2129.83,6759.51,2.19,15.210608424336975,15.897435897435896
709736,Membership Drive,2024-05-05,All,Email,9470,924,10,2377.14,2214.91,3.25,9.757127771911298,1.0822510822510822
332518,Category Promotion,2024-05-05,New Users,App,8743,536,18,3808.7,7359.54,1.68,6.130618780738876,3.3582089552238807
950610,App Push Notification,2024-05-05,All,SMS,3566,285,73,2932.0,3002.92,3.71,7.992148065058889,25.6140350877193
536747,Email Campaign,2024-05-05,All,Email,5634,388,13,4396.36,3780.21,2.86,6.886758963436279,3.350515463917526
88083,Referral Program,2024-05-05,All,SMS,4270,745,13,4930.79,5009.44,2.54,17.447306791569087,1.74496644295302
867821,New User Discount,2024-05-04,All,Email,2186,688,29,4677.36,4763.96,1.85,31.473010064043915,4.215116279069767
792848,Weekend Special,2024-05-04,All,Social Media,2196,772,75,2026.36,8056.64,2.37,35.154826958105645,9.71502590673575
885029,Festival Offer,2024-05-04,All,SMS,1663,672,30,2106.78,2349.74,2.85,40.40889957907397,4.464285714285714
982853,Flash Sale,2024-05-04,New Users,Social Media,7904,279,79,4233.7,2297.14,3.74,3.5298582995951415,28.31541218637993
60066,Membership Drive,2024-05-04,New Users,SMS,5712,944,34,2190.42,3599.22,2.63,16.5266106442577,3.6016949152542375
867731,Category Promotion,2024-05-04,New Users,Email,7974,790,99,1208.07,4094.01,3.86,9.907198394783045,12.531645569620252
109552,App Push Notification,2024-05-04,Inactive,SMS,2653,905,53,2109.34,9851.67,1.7,34.1123256690539,5.856353591160221
332189,Email Campaign,2024-05-04,New Users,App,4344,857,86,2154.5,7312.28,1.76,19.728360957642728,10.035005834305718
645061,Referral Program,2024-05-04,Inactive,App,4733,453,26,1682.03,9614.03,2.99,9.5710965560955,5.739514348785872
710929,New User Discount,2024-05-03,Inactive,App,3713,921,98,4677.57,5273.95,2.29,24.804740102343118,10.640608034744844
621330,Weekend Special,2024-05-03,Premium,SMS,7703,967,44,1439.61,4310.91,3.5,12.553550564715046,4.550155118924509
397113,Festival Offer,2024-05-03,Premium,SMS,4601,232,29,4184.08,3620.19,3.94,5.042382090849816,12.5
637332,Flash Sale,2024-05-03,Inactive,SMS,3622,859,67,3733.88,8295.8,3.0,23.716178906681392,7.799767171129219
777061,Membership Drive,2024-05-03,All,Social Media,6795,524,61,2343.29,2332.14,1.75,7.711552612214864,11.641221374045802
530489,Category Promotion,2024-05-03,Premium,Social Media,6630,171,77,4692.49,4003.21,2.91,2.5791855203619907,45.02923976608187
64362,App Push Notification,2024-05-03,All,App,5559,276,58,4143.46,6518.69,3.92,4.96492174851592,21.014492753623188
240599,Email Campaign,2024-05-03,All,App,6881,523,88,4412.3,9164.4,3.02,7.600639441941579,16.826003824091778
138074,Referral Program,2024-05-03,Premium,Email,4332,600,46,1225.59,3413.9,2.0,13.850415512465375,7.666666666666666
395882,New User Discount,2024-05-02,Inactive,App,5448,481,56,4829.0,9925.57,3.74,8.828928046989722,11.642411642411643
167452,Weekend Special,2024-05-02,All,Email,2790,301,20,2553.75,6047.59,3.18,10.78853046594982,6.64451827242525
576154,Festival Offer,2024-05-02,Inactive,Email,2521,214,65,3102.32,3626.8,1.81,8.488694962316542,30.373831775700932
507734,Flash Sale,2024-05-02,Inactive,Email,4140,462,48,2292.37,3003.05,2.68,11.159420289855072,10.38961038961039
967889,Membership Drive,2024-05-02,New Users,App,7122,430,68,4670.71,2192.18,3.34,6.037629879247403,15.813953488372093
306936,Category Promotion,2024-05-02,All,SMS,8559,568,34,2477.91,9712.97,1.57,6.636289286131558,5.985915492957746
55823,App Push Notification,2024-05-02,Premium,Email,9047,817,57,1084.64,9928.87,2.22,9.030617884381563,6.976744186046512
266273,Email Campaign,2024-05-02,Premium,SMS,4306,883,36,3256.59,2954.32,3.81,20.506270320483047,4.077010192525481
479664,Referral Program,2024-05-02,All,Social Media,5145,841,84,3655.35,6967.58,2.54,16.345966958211854,9.988109393579073
400126,New User Discount,2024-05-01,New Users,App,8142,399,33,4227.27,3449.14,2.3,4.900515843773029,8.270676691729323
933345,Weekend Special,2024-05-01,Inactive,SMS,2182,940,20,3262.98,5655.72,2.1,43.07974335472044,2.127659574468085
586093,Festival Offer,2024-05-01,New Users,App,7260,722,25,3191.74,3663.54,2.97,9.944903581267218,3.4626038781163437
967854,Flash Sale,2024-05-01,New Users,Email,7685,709,60,4888.37,2157.85,2.21,9.22576447625244,8.46262341325811
680773,Membership Drive,2024-05-01,New Users,SMS,4077,156,28,4215.31,8802.75,2.73,3.8263428991905815,17.94871794871795
51357,Category Promotion,2024-05-01,All,Email,2017,921,19,2454.62,2987.01,2.5,45.66187407040159,2.0629750271444083
576805,App Push Notification,2024-05-01,Inactive,SMS,2965,268,85,1216.59,2030.94,3.09,9.038785834738619,31.716417910447763
557719,Email Campaign,2024-05-01,All,Social Media,5123,532,36,4442.26,3539.8,2.39,10.384540308413039,6.7669172932330826
740664,Referral Program,2024-05-01,New Users,App,3710,425,34,4547.69,2635.02,3.5,11.455525606469003,8.0
576271,New User Discount,2024-04-30,Premium,Email,6379,670,81,3853.97,8603.64,3.34,10.50321366985421,12.08955223880597
417147,Weekend Special,2024-04-30,Inactive,Email,2808,176,45,4139.19,2173.3,2.33,6.267806267806268,25.568181818181817
862116,Festival Offer,2024-04-30,All,Email,1277,951,44,3783.83,7756.57,1.92,74.47141738449491,4.6267087276550996
309247,Flash Sale,2024-04-30,Inactive,App,5947,362,33,2061.57,6748.64,3.68,6.087102740877754,9.116022099447514
738391,Membership Drive,2024-04-30,Inactive,SMS,2764,662,25,1978.51,7094.7,3.04,23.950795947901593,3.7764350453172204
282850,Category Promotion,2024-04-30,Premium,SMS,6750,431,85,3242.3,4771.73,2.07,6.385185185185185,19.721577726218097
421723,App Push Notification,2024-04-30,Inactive,Email,5537,697,76,4286.01,2134.64,2.23,12.588044067184395,10.9038737446198
146669,Email Campaign,2024-04-30,All,App,6204,743,46,1712.03,3625.3,3.33,11.976144422952933,6.191117092866756
522202,Referral Program,2024-04-30,All,Email,2290,715,76,3431.33,9891.28,3.57,31.222707423580786,10.62937062937063
174414,New User Discount,2024-04-29,All,Social Media,2991,426,80,1600.34,2589.69,2.7,14.24272818455366,18.779342723004692
631708,Weekend Special,2024-04-29,All,Social Media,2359,753,55,3990.72,2839.09,2.8,31.920305214073757,7.3041168658698545
785360,Festival Offer,2024-04-29,New Users,App,2945,670,21,1701.86,6398.28,3.98,22.75042444821732,3.134328358208955
953303,Flash Sale,2024-04-29,Inactive,Social Media,1576,838,18,4039.49,4204.84,2.1,53.172588832487314,2.1479713603818613
440723,Membership Drive,2024-04-29,New Users,SMS,9351,752,69,3405.99,4121.16,3.99,8.04192065019784,9.175531914893616
598149,Category Promotion,2024-04-29,Premium,Email,2882,170,45,1754.14,4294.09,1.93,5.898681471200555,26.47058823529412
547717,App Push Notification,2024-04-29,Premium,Social Media,7162,968,32,3082.67,3364.09,3.47,13.515777715721866,3.3057851239669422
745105,Email Campaign,2024-04-29,New Users,Email,6602,666,73,3269.02,4724.26,3.25,10.0878521660103,10.96096096096096
910471,Referral Program,2024-04-29,Premium,App,9131,887,70,2941.51,5744.38,2.52,9.714160551965831,7.891770011273957
999683,New User Discount,2024-04-28,All,App,9867,690,27,2386.45,4623.96,2.79,6.993006993006993,3.91304347826087
104811,Weekend Special,2024-04-28,Inactive,SMS,8639,718,24,4387.39,5292.53,2.84,8.311147123509667,3.3426183844011144
585110,Festival Offer,2024-04-28,All,App,1329,343,90,1361.1,5076.93,3.67,25.80887885628292,26.239067055393583
314259,Flash Sale,2024-04-28,Premium,App,4176,230,47,2515.35,5267.94,3.37,5.507662835249042,20.434782608695652
387534,Membership Drive,2024-04-28,All,App,5545,192,47,2287.97,5424.81,1.56,3.4625788999098286,24.479166666666664
54305,Category Promotion,2024-04-28,Premium,Social Media,1319,967,46,2704.68,3320.39,2.56,73.3131159969674,4.756980351602896
128692,App Push Notification,2024-04-28,All,SMS,5521,449,25,3762.9,3844.97,3.98,8.132584676689007,5.56792873051225
626312,Email Campaign,2024-04-28,Inactive,Social Media,3931,691,34,3362.64,4540.16,3.32,17.578224370389215,4.92040520984081
791839,Referral Program,2024-04-28,New Users,Email,4602,579,64,2120.95,3253.72,2.96,12.58148631029987,11.053540587219343
299494,New User Discount,2024-04-27,Premium,Email,2136,576,15,3653.29,3135.41,3.23,26.96629213483146,2.604166666666667
523855,Weekend Special,2024-04-27,All,Email,2035,799,49,4969.57,8494.26,2.58,39.26289926289927,6.132665832290362
988951,Festival Offer,2024-04-27,All,Email,6499,915,32,2694.79,7183.66,3.64,14.079089090629326,3.4972677595628414
25586,Flash Sale,2024-04-27,Inactive,App,1213,936,17,4561.49,7794.53,2.92,77.16405605935697,1.8162393162393164
536328,Membership Drive,2024-04-27,Inactive,Social Media,9231,400,82,4567.94,9622.12,2.91,4.333225002708266,20.5
141194,Category Promotion,2024-04-27,Inactive,Email,4433,240,98,2962.64,2056.62,2.16,5.413940897811866,40.833333333333336
524798,App Push Notification,2024-04-27,Inactive,Email,9949,716,32,1419.18,7935.94,3.18,7.196703186249874,4.4692737430167595
209190,Email Campaign,2024-04-27,New Users,Social Media,3198,796,77,2148.08,6097.88,2.91,24.89055659787367,9.673366834170855
695652,Referral Program,2024-04-27,Inactive,SMS,7745,193,48,4453.89,9142.1,2.03,2.491930277598451,24.870466321243523
195538,New User Discount,2024-04-26,Premium,App,5285,357,46,1904.93,4379.56,2.55,6.754966887417218,12.885154061624648
109153,Weekend Special,2024-04-26,New Users,Social Media,9827,195,91,1545.18,9459.01,3.92,1.9843288897934261,46.666666666666664
906499,Festival Offer,2024-04-26,Inactive,App,7352,695,70,1938.09,2009.07,2.7,9.453210010881392,10.071942446043165
464790,Flash Sale,2024-04-26,All,SMS,1293,256,67,3884.89,9946.6,3.3,19.79891724671307,26.171875
210315,Membership Drive,2024-04-26,Premium,App,9104,356,72,1704.88,3964.45,2.67,3.910369068541301,20.224719101123593
755032,Category Promotion,2024-04-26,All,Social Media,1669,291,75,2509.9,5951.57,3.03,17.43559017375674,25.773195876288657
739866,App Push Notification,2024-04-26,Premium,SMS,9578,926,75,2591.9,5337.7,3.84,9.667989141783254,8.099352051835854
581482,Email Campaign,2024-04-26,New Users,SMS,3965,463,79,2730.34,6282.89,3.12,11.67717528373266,17.062634989200866
270063,Referral Program,2024-04-26,Inactive,Social Media,7143,937,28,4386.68,5935.49,2.86,13.117737645247097,2.9882604055496262
613714,New User Discount,2024-04-25,Premium,SMS,7897,108,51,4358.06,4297.98,3.25,1.3676079523869824,47.22222222222222
362939,Weekend Special,2024-04-25,New Users,App,9982,889,14,1133.34,9160.54,2.9,8.906030855539973,1.574803149606299
851624,Festival Offer,2024-04-25,All,App,7800,696,71,3207.71,5792.97,2.08,8.923076923076923,10.201149425287356
95641,Flash Sale,2024-04-25,All,App,5483,935,35,1205.57,4051.59,1.68,17.052708371329565,3.7433155080213902
809776,Membership Drive,2024-04-25,Premium,Email,3371,561,23,3007.85,7155.07,1.54,16.641946010086027,4.09982174688057
785334,Category Promotion,2024-04-25,New Users,Email,8640,820,32,2411.16,9706.69,3.64,9.49074074074074,3.902439024390244
7705,App Push Notification,2024-04-25,Premium,SMS,8726,504,56,2248.38,3033.39,1.87,5.775842310336924,11.11111111111111
450969,Email Campaign,2024-04-25,Inactive,Email,1083,329,30,1365.32,5193.67,2.91,30.378578024007385,9.118541033434651
206025,Referral Program,2024-04-25,New Users,App,8808,719,77,2020.59,8455.88,2.57,8.163033605812897,10.70931849791377
155153,New User Discount,2024-04-24,New Users,Social Media,7616,904,34,4997.55,2220.57,3.82,11.869747899159663,3.761061946902655
192818,Weekend Special,2024-04-24,All,Social Media,1263,204,45,2886.58,3010.34,3.4,16.152019002375297,22.058823529411764
996450,Festival Offer,2024-04-24,All,Social Media,5619,789,32,4110.78,4045.17,1.65,14.04164442071543,4.055766793409378
145107,Flash Sale,2024-04-24,Inactive,Email,5591,118,54,4438.04,2320.89,1.58,2.1105347880522265,45.76271186440678
359337,Membership Drive,2024-04-24,New Users,Email,5187,609,42,1394.82,7812.67,3.73,11.740890688259109,6.896551724137931
355742,Category Promotion,2024-04-24,Premium,SMS,9494,174,79,4096.65,5262.99,1.94,1.8327364651358753,45.40229885057471
273880,App Push Notification,2024-04-24,Premium,Email,7276,865,25,1085.78,3128.73,3.76,11.888400219901046,2.8901734104046244
505252,Email Campaign,2024-04-24,Inactive,Social Media,6813,911,54,3981.42,3483.49,2.53,13.371495670042567,5.92755214050494
913397,Referral Program,2024-04-24,All,SMS,5054,271,46,3860.49,5079.09,1.5,5.362089434111595,16.974169741697416
485822,New User Discount,2024-04-23,All,Email,3056,418,20,1141.03,5844.08,2.04,13.678010471204189,4.784688995215311
362667,Weekend Special,2024-04-23,New Users,SMS,5651,575,83,2640.38,4112.44,2.54,10.175190231817377,14.43478260869565
948031,Festival Offer,2024-04-23,Inactive,SMS,7348,450,62,2338.22,2677.35,2.94,6.124115405552531,13.777777777777779
506171,Flash Sale,2024-04-23,Inactive,Social Media,7202,649,76,1693.78,8798.24,2.96,9.01138572618717,11.710323574730355
461382,Membership Drive,2024-04-23,Premium,Social Media,4577,189,94,4650.11,6711.99,2.2,4.129342363993882,49.735449735449734
78977,Category Promotion,2024-04-23,All,Social Media,2012,134,66,3816.32,3377.54,3.35,6.6600397614314115,49.25373134328358
295825,App Push Notification,2024-04-23,New Users,Social Media,3964,152,53,3177.05,9479.93,2.78,3.834510595358224,34.868421052631575
261232,Email Campaign,2024-04-23,All,SMS,4905,873,31,1779.18,9278.28,1.94,17.79816513761468,3.5509736540664374
729173,Referral Program,2024-04-23,Premium,SMS,1097,641,50,1825.16,8366.95,3.52,58.43208751139471,7.800312012480499
410617,New User Discount,2024-04-22,All,App,1405,705,29,4776.95,3776.58,3.37,50.177935943060504,4.113475177304964
772322,Weekend Special,2024-04-22,New Users,Social Media,8377,415,63,1927.78,6380.8,3.84,4.954040826071386,15.180722891566264
391738,Festival Offer,2024-04-22,All,SMS,7949,267,24,1712.81,3324.72,3.62,3.358913070826519,8.98876404494382
348825,Flash Sale,2024-04-22,All,Email,9601,383,40,1717.05,3936.95,3.49,3.989167795021352,10.443864229765012
474151,Membership Drive,2024-04-22,All,Social Media,9824,901,18,2241.4,7013.97,1.98,9.171416938110749,1.9977802441731412
742464,Category Promotion,2024-04-22,New Users,App,6464,604,82,3711.89,8032.84,2.53,9.344059405940595,13.57615894039735
165997,App Push Notification,2024-04-22,Premium,App,8725,540,59,4920.08,3229.58,2.8,6.189111747851003,10.925925925925926
695850,Email Campaign,2024-04-22,Premium,SMS,9580,911,48,4621.81,4166.76,2.71,9.509394572025052,5.26893523600439
338999,Referral Program,2024-04-22,Premium,SMS,3733,463,36,1661.24,4129.94,1.65,12.402893115456736,7.775377969762419
128751,New User Discount,2024-04-21,All,SMS,7065,641,89,4170.42,5416.33,2.06,9.072894550601557,13.884555382215288
350721,Weekend Special,2024-04-21,All,Email,9752,159,25,1635.95,6564.98,3.59,1.6304347826086956,15.723270440251572
947165,Festival Offer,2024-04-21,Premium,Social Media,3566,604,36,2225.29,8515.17,2.73,16.93774537296691,5.960264900662252
914178,Flash Sale,2024-04-21,New Users,Email,5034,176,39,4869.02,2472.44,3.8,3.4962256654747716,22.15909090909091
928278,Membership Drive,2024-04-21,New Users,SMS,1644,311,34,2973.73,5955.16,2.43,18.91727493917275,10.932475884244374
196569,Category Promotion,2024-04-21,Premium,SMS,4686,868,82,2732.5,4297.1,1.67,18.523260776781903,9.44700460829493
676429,App Push Notification,2024-04-21,New Users,App,6308,302,67,2253.58,5178.12,3.8,4.787571337983513,22.185430463576157
459974,Email Campaign,2024-04-21,Inactive,App,3660,771,29,3543.53,3912.56,3.02,21.065573770491802,3.761348897535668
917074,Referral Program,2024-04-21,All,Email,1607,168,40,3750.79,6904.27,2.79,10.4542626011201,23.809523809523807
574033,New User Discount,2024-04-20,Inactive,Social Media,7382,242,69,4197.23,2007.02,3.17,3.2782443782172854,28.512396694214875
911703,Weekend Special,2024-04-20,New Users,Social Media,8408,658,61,4201.03,8428.51,1.95,7.825880114176973,9.270516717325227
2793,Festival Offer,2024-04-20,All,Social Media,5617,410,72,3287.67,9873.5,2.3,7.2992700729927,17.560975609756095
931901,Flash Sale,2024-04-20,New Users,SMS,5502,266,71,4818.39,2252.0,1.57,4.8346055979643765,26.691729323308273
639047,Membership Drive,2024-04-20,All,App,8930,466,43,4274.4,8473.7,3.84,5.218365061590145,9.2274678111588
488877,Category Promotion,2024-04-20,New Users,SMS,7456,249,83,1989.67,4492.69,2.93,3.339592274678112,33.33333333333333
341092,App Push Notification,2024-04-20,Premium,App,2650,703,80,4798.71,5767.89,1.68,26.528301886792455,11.379800853485063
472731,Email Campaign,2024-04-20,Premium,App,1297,538,70,4118.8,6117.89,2.65,41.480339244410175,13.011152416356877
537972,Referral Program,2024-04-20,Inactive,Email,5560,816,79,3484.35,7811.52,2.02,14.676258992805755,9.681372549019608
963788,New User Discount,2024-04-19,New Users,SMS,2157,193,53,3195.16,2635.49,2.65,8.947612424663886,27.461139896373055
872057,Weekend Special,2024-04-19,Inactive,Social Media,8776,830,56,3550.26,2814.38,3.93,9.457611668185962,6.746987951807229
692733,Festival Offer,2024-04-19,New Users,App,1070,743,38,1747.31,6837.64,2.39,69.4392523364486,5.114401076716016
849257,Flash Sale,2024-04-19,Inactive,App,3679,663,93,3039.83,2069.32,3.87,18.021201413427562,14.027149321266968
947666,Membership Drive,2024-04-19,Premium,SMS,1944,259,56,2143.73,7308.57,2.38,13.32304526748971,21.62162162162162
281411,Category Promotion,2024-04-19,Premium,Social Media,7086,264,84,2394.64,2646.76,3.76,3.725656223539373,31.818181818181817
499174,App Push Notification,2024-04-19,Premium,Email,7361,629,95,2327.28,7119.06,3.03,8.545034642032332,15.103338632750399
125913,Email Campaign,2024-04-19,All,SMS,3154,485,90,1180.27,5645.51,3.29,15.377298668357643,18.556701030927837
458083,Referral Program,2024-04-19,Premium,Social Media,5168,298,13,1762.77,4785.67,3.32,5.76625386996904,4.3624161073825505
610621,New User Discount,2024-04-18,Premium,Email,5109,762,44,3233.06,5854.56,2.84,14.914856136230181,5.774278215223097
538435,Weekend Special,2024-04-18,All,App,1998,425,25,4237.44,9893.98,3.78,21.27127127127127,5.88235294117647
54300,Festival Offer,2024-04-18,Premium,SMS,6453,576,34,1773.13,2714.8,2.24,8.92608089260809,5.902777777777778
336758,Flash Sale,2024-04-18,All,App,2347,318,21,2564.6,2262.19,3.76,13.549211759693225,6.60377358490566
699873,Membership Drive,2024-04-18,New Users,SMS,1795,261,42,3699.09,2292.58,3.34,14.540389972144846,16.091954022988507
179095,Category Promotion,2024-04-18,Inactive,App,2118,138,75,2907.29,3537.4,2.3,6.515580736543909,54.347826086956516
170727,App Push Notification,2024-04-18,All,App,5875,536,79,3839.61,9104.3,2.2,9.12340425531915,14.738805970149254
640006,Email Campaign,2024-04-18,Inactive,Email,1684,487,46,3772.34,6487.5,3.53,28.919239904988125,9.44558521560575
609856,Referral Program,2024-04-18,Premium,SMS,1885,313,86,4200.98,7616.73,2.3,16.60477453580902,27.47603833865815
907380,New User Discount,2024-04-17,Premium,App,6029,981,45,1841.5,2434.98,3.33,16.271355116934817,4.587155963302752
536629,Weekend Special,2024-04-17,All,Social Media,9775,698,75,4222.13,3916.38,2.44,7.140664961636829,10.744985673352435
617379,Festival Offer,2024-04-17,All,Email,7501,518,74,2991.03,8763.88,3.13,6.905745900546593,14.285714285714285
813829,Flash Sale,2024-04-17,New Users,Social Media,2135,174,74,3299.6,9666.45,2.37,8.149882903981265,42.5287356321839
71878,Membership Drive,2024-04-17,All,SMS,4423,933,38,2250.37,5591.61,2.92,21.094279900520007,4.072883172561629
318106,Category Promotion,2024-04-17,All,App,1436,145,97,4140.79,6807.94,2.38,10.097493036211699,66.89655172413794
76348,App Push Notification,2024-04-17,All,Email,2373,841,33,3580.03,3312.83,3.61,35.44037083860093,3.9239001189060643
494504,Email Campaign,2024-04-17,New Users,Social Media,4872,378,58,3927.04,4799.35,3.85,7.758620689655173,15.343915343915343
354914,Referral Program,2024-04-17,All,SMS,6450,894,86,2633.28,5433.36,2.47,13.86046511627907,9.619686800894854
639650,New User Discount,2024-04-16,Premium,App,8837,156,14,4483.44,6521.1,3.37,1.765304967749236,8.974358974358974
117716,Weekend Special,2024-04-16,New Users,Social Media,7651,759,62,2265.65,8144.28,2.34,9.920271859887595,8.168642951251647
755669,Festival Offer,2024-04-16,Inactive,App,8683,177,99,3769.05,3899.14,3.56,2.0384659679834156,55.932203389830505
123123,Flash Sale,2024-04-16,All,Email,8428,851,67,2546.46,2484.18,2.95,10.097294731846226,7.873090481786134
724487,Membership Drive,2024-04-16,All,SMS,6663,869,96,2773.97,2575.08,2.6,13.042173195257392,11.047180667433832
45874,Category Promotion,2024-04-16,All,App,7757,544,42,3514.07,2952.19,3.03,7.013020497615058,7.720588235294118
305567,App Push Notification,2024-04-16,New Users,Social Media,6345,630,25,4617.6,5542.81,3.65,9.929078014184398,3.968253968253968
998934,Email Campaign,2024-04-16,All,Email,2519,487,56,1972.22,4217.21,3.08,19.333068678046843,11.498973305954825
340926,Referral Program,2024-04-16,New Users,SMS,2432,814,73,3996.11,4723.57,3.17,33.47039473684211,8.968058968058969
292228,New User Discount,2024-04-15,All,Email,1328,418,61,4139.28,6454.85,2.19,31.475903614457827,14.5933014354067
411026,Weekend Special,2024-04-15,All,Social Media,6629,158,82,2833.15,4014.36,1.58,2.3834665862120983,51.89873417721519
698387,Festival Offer,2024-04-15,Premium,SMS,2225,210,86,1752.05,3821.54,3.84,9.438202247191011,40.95238095238095
941626,Flash Sale,2024-04-15,New Users,SMS,1799,459,50,3855.35,5988.39,2.79,25.514174541411894,10.893246187363834
697870,Membership Drive,2024-04-15,Inactive,App,2582,698,11,1780.42,6449.37,1.9,27.033307513555382,1.5759312320916905
119823,Category Promotion,2024-04-15,New Users,App,9699,943,14,3149.37,7402.6,1.69,9.722651819775233,1.4846235418875928
505473,App Push Notification,2024-04-15,Inactive,SMS,3673,950,46,1104.18,6788.63,3.47,25.864416008712226,4.842105263157895
134824,Email Campaign,2024-04-15,New Users,App,9719,407,64,2733.76,8036.93,3.7,4.187673628974174,15.724815724815725
204110,Referral Program,2024-04-15,All,Email,7271,922,16,4941.54,3971.22,2.45,12.68051162151011,1.735357917570499
837590,New User Discount,2024-04-14,New Users,App,6605,118,90,2908.83,5403.49,3.78,1.7865253595760788,76.27118644067797
671919,Weekend Special,2024-04-14,All,Email,9961,805,20,3111.4,3742.69,3.49,8.081517919887562,2.484472049689441
982147,Festival Offer,2024-04-14,All,App,5449,649,91,3855.63,3562.97,2.68,11.910442282987704,14.021571648690292
231491,Flash Sale,2024-04-14,New Users,Email,8672,407,30,2822.22,6823.41,2.23,4.693265682656826,7.371007371007371
465849,Membership Drive,2024-04-14,Inactive,App,3801,453,33,4754.59,3831.33,1.84,11.91791633780584,7.28476821192053
382929,Category Promotion,2024-04-14,New Users,SMS,9801,803,22,2844.73,2470.84,1.81,8.19304152637486,2.73972602739726
799959,App Push Notification,2024-04-14,New Users,Email,4145,694,49,1612.43,9047.55,2.89,16.743063932448734,7.060518731988473
38835,Email Campaign,2024-04-14,Premium,Social Media,5413,695,47,1257.43,7720.25,3.61,12.839460557916127,6.762589928057554
811741,Referral Program,2024-04-14,Premium,SMS,5516,275,89,1424.12,6969.97,3.19,4.985496736765772,32.36363636363636
659631,New User Discount,2024-04-13,Premium,SMS,9228,558,29,2016.76,2042.67,3.17,6.046814044213264,5.197132616487455
747757,Weekend Special,2024-04-13,Premium,SMS,6525,702,51,2938.15,5066.37,3.56,10.758620689655173,7.264957264957266
709852,Festival Offer,2024-04-13,New Users,Email,5904,743,92,3338.33,9198.56,2.88,12.58468834688347,12.382234185733513
383424,Flash Sale,2024-04-13,Inactive,SMS,7504,304,80,3046.85,5965.67,3.28,4.051172707889126,26.31578947368421
367617,Membership Drive,2024-04-13,All,App,3432,782,93,1219.99,4972.37,2.76,22.785547785547784,11.892583120204604
797353,Category Promotion,2024-04-13,New Users,Social Media,3048,836,98,1194.42,8101.18,1.64,27.42782152230971,11.722488038277511
849197,App Push Notification,2024-04-13,Inactive,Email,2576,712,90,4775.11,9242.51,1.98,27.639751552795033,12.640449438202248
634464,Email Campaign,2024-04-13,All,App,6125,911,39,4517.04,4755.12,3.52,14.873469387755103,4.281009879253568
109155,Referral Program,2024-04-13,Premium,App,3426,523,57,2953.35,8349.84,2.56,15.265615878575597,10.89866156787763
704017,New User Discount,2024-04-12,Inactive,Email,5459,852,51,2061.32,7967.31,3.86,15.607254075838064,5.985915492957746
868777,Weekend Special,2024-04-12,Premium,Social Media,7017,507,25,1255.24,6367.69,3.05,7.225309961522018,4.930966469428008
414655,Festival Offer,2024-04-12,Premium,SMS,4674,782,87,2923.6,7112.3,3.74,16.730851519041508,11.12531969309463
548732,Flash Sale,2024-04-12,New Users,App,6437,986,28,4845.58,4183.92,3.67,15.317694578219667,2.839756592292089
217662,Membership Drive,2024-04-12,All,App,5570,735,51,1177.04,2236.59,2.8,13.195691202872531,6.938775510204081
341199,Category Promotion,2024-04-12,Inactive,Social Media,3681,271,32,3771.22,8224.87,3.03,7.362129856017387,11.808118081180812
505899,App Push Notification,2024-04-12,Premium,Email,7458,680,75,4594.28,9039.48,3.02,9.117725931885223,11.029411764705882
302555,Email Campaign,2024-04-12,All,SMS,6994,490,75,2335.24,4461.11,3.32,7.0060051472690885,15.306122448979592
170475,Referral Program,2024-04-12,Inactive,SMS,5026,362,26,2732.96,5233.55,2.28,7.202546756864306,7.18232044198895
533057,New User Discount,2024-04-11,Inactive,SMS,2124,291,55,2190.09,4548.86,2.99,13.700564971751412,18.900343642611684
191408,Weekend Special,2024-04-11,Premium,Email,3099,505,40,1887.86,4771.28,2.88,16.295579219102937,7.920792079207921
232867,Festival Offer,2024-04-11,New Users,Email,6912,542,44,3856.94,7520.15,2.43,7.841435185185184,8.118081180811808
224500,Flash Sale,2024-04-11,All,App,1986,985,85,3456.43,8559.69,1.56,49.59718026183283,8.629441624365482
826051,Membership Drive,2024-04-11,Inactive,Social Media,7544,457,49,4403.04,5397.69,2.61,6.05779427359491,10.722100656455142
892996,Category Promotion,2024-04-11,Premium,SMS,6325,639,37,3648.81,2985.66,2.71,10.102766798418973,5.790297339593114
47386,App Push Notification,2024-04-11,All,App,9049,285,95,1967.28,7385.59,2.32,3.149519283898773,33.33333333333333
368536,Email Campaign,2024-04-11,New Users,Email,1939,885,71,1461.25,8034.35,3.31,45.64208354822073,8.022598870056497
596969,Referral Program,2024-04-11,All,Social Media,5776,692,61,1027.21,9771.28,1.75,11.980609418282548,8.815028901734104
663434,New User Discount,2024-04-10,Inactive,SMS,3243,768,41,3514.97,9725.51,3.5,23.681776133209993,5.338541666666666
370180,Weekend Special,2024-04-10,New Users,Email,7602,128,24,3014.51,3523.73,3.38,1.6837674296237832,18.75
201550,Festival Offer,2024-04-10,Inactive,App,9206,436,19,3288.75,7071.4,2.4,4.736041711927004,4.3577981651376145
441693,Flash Sale,2024-04-10,New Users,SMS,4370,807,38,2897.25,8231.88,2.54,18.466819221967963,4.708798017348203
408889,Membership Drive,2024-04-10,Inactive,Email,9489,331,16,2624.81,4563.91,2.89,3.488249552112973,4.833836858006042
732023,Category Promotion,2024-04-10,Inactive,SMS,6010,117,86,1060.48,6281.67,3.28,1.9467554076539102,73.50427350427351
911833,App Push Notification,2024-04-10,All,App,2596,628,38,1991.56,5270.89,3.62,24.19106317411402,6.050955414012739
579796,Email Campaign,2024-04-10,Premium,App,6528,532,96,2528.62,2365.46,2.43,8.14950980392157,18.045112781954884
575716,Referral Program,2024-04-10,All,SMS,5896,556,99,4290.81,9271.76,2.83,9.430122116689281,17.805755395683455
826902,New User Discount,2024-04-09,Premium,Email,3397,607,26,1547.67,6327.21,1.52,17.868707683249927,4.2833607907743
233637,Weekend Special,2024-04-09,All,App,3401,165,95,3893.39,4224.71,1.91,4.851514260511614,57.57575757575758
355744,Festival Offer,2024-04-09,New Users,Email,7341,178,67,1668.83,4774.38,1.66,2.424737774145212,37.640449438202246
168643,Flash Sale,2024-04-09,Inactive,App,7579,926,15,4530.05,4918.83,3.79,12.217970708536747,1.6198704103671708
706383,Membership Drive,2024-04-09,All,SMS,5721,653,80,4507.42,7378.33,3.48,11.41408844607586,12.251148545176111
908052,Category Promotion,2024-04-09,Premium,App,4392,623,98,1293.64,5943.4,3.04,14.18488160291439,15.730337078651685
794753,App Push Notification,2024-04-09,New Users,SMS,6692,360,79,4736.48,5215.26,2.53,5.379557680812911,21.944444444444443
716412,Email Campaign,2024-04-09,New Users,App,5355,314,46,2782.53,3425.08,2.03,5.863678804855275,14.64968152866242
903555,Referral Program,2024-04-09,Premium,App,3834,774,60,4530.61,2035.46,2.6,20.187793427230048,7.751937984496124
121794,New User Discount,2024-04-08,New Users,Social Media,8776,614,37,3177.01,8400.49,1.57,6.996353691886964,6.026058631921824
64474,Weekend Special,2024-04-08,Premium,Email,2844,936,92,4336.07,2814.73,3.97,32.91139240506329,9.82905982905983
376382,Festival Offer,2024-04-08,Premium,Email,2316,223,95,3337.13,7620.7,1.9,9.6286701208981,42.600896860986545
149632,Flash Sale,2024-04-08,Premium,App,9739,446,40,3871.81,2270.68,2.29,4.579525618646678,8.968609865470851
731872,Membership Drive,2024-04-08,New Users,Email,4530,246,54,1544.38,8379.51,3.99,5.430463576158941,21.951219512195124
829120,Category Promotion,2024-04-08,New Users,Social Media,4721,946,83,3425.57,9447.22,2.51,20.038127515356916,8.773784355179703
657226,App Push Notification,2024-04-08,New Users,SMS,1012,843,87,3657.33,2150.85,1.84,83.300395256917,10.320284697508896
604482,Email Campaign,2024-04-08,All,Social Media,6801,741,35,2634.23,4265.15,2.71,10.895456550507278,4.723346828609987
933051,Referral Program,2024-04-08,New Users,SMS,3376,760,31,3633.35,7568.34,2.06,22.511848341232227,4.078947368421053
937331,New User Discount,2024-04-07,Inactive,Social Media,3300,951,15,2750.4,2657.46,1.61,28.81818181818182,1.5772870662460567
868790,Weekend Special,2024-04-07,Premium,SMS,5387,572,13,1426.22,9566.19,2.1,10.618154817152405,2.272727272727273
95306,Festival Offer,2024-04-07,New Users,Social Media,7803,979,23,2415.44,9470.83,3.09,12.546456491093169,2.3493360572012256
673837,Flash Sale,2024-04-07,All,App,1110,352,15,4567.37,4036.37,2.98,31.71171171171171,4.261363636363636
739087,Membership Drive,2024-04-07,All,Social Media,6217,225,69,2492.47,3520.59,2.53,3.619108894965417,30.666666666666664
422346,Category Promotion,2024-04-07,Premium,Email,7096,258,53,3735.67,2461.03,2.52,3.6358511837655016,20.54263565891473
137535,App Push Notification,2024-04-07,Premium,App,3385,493,27,4849.52,3742.89,3.99,14.564254062038403,5.476673427991886
134790,Email Campaign,2024-04-07,All,Social Media,2066,165,27,4086.14,7750.12,2.51,7.986447241045498,16.363636363636363
955022,Referral Program,2024-04-07,All,App,9832,609,72,3547.41,7729.93,3.68,6.194060211554109,11.822660098522167
589887,New User Discount,2024-04-06,Premium,SMS,7911,196,93,3161.79,5291.11,2.51,2.477562887119201,47.44897959183674
533259,Weekend Special,2024-04-06,All,Social Media,3581,763,44,4729.09,9727.71,3.08,21.306897514660708,5.766710353866317
612895,Festival Offer,2024-04-06,All,Email,3650,413,74,1958.79,6726.12,2.61,11.315068493150685,17.91767554479419
312305,Flash Sale,2024-04-06,New Users,SMS,7628,796,46,3483.54,4648.03,2.04,10.435238594651285,5.778894472361809
136787,Membership Drive,2024-04-06,New Users,SMS,4166,465,18,3962.9,4849.16,2.08,11.16178588574172,3.870967741935484
209823,Category Promotion,2024-04-06,Inactive,Social Media,4001,486,70,4533.51,7492.06,3.77,12.146963259185203,14.40329218106996
696799,App Push Notification,2024-04-06,Premium,App,7898,237,50,1219.35,9493.29,3.3,3.0007596859964547,21.09704641350211
860333,Email Campaign,2024-04-06,Premium,Social Media,7445,398,24,3145.0,9862.35,3.31,5.345869711215581,6.030150753768844
834005,Referral Program,2024-04-06,New Users,Email,2046,927,50,2443.69,3535.34,3.41,45.30791788856305,5.393743257820928
899996,New User Discount,2024-04-05,New Users,Social Media,9485,867,70,1912.12,8669.81,1.78,9.140748550342646,8.073817762399077
27552,Weekend Special,2024-04-05,Premium,Email,9813,247,98,2585.08,7930.87,1.95,2.517069193926424,39.67611336032389
861325,Festival Offer,2024-04-05,New Users,SMS,4256,830,13,1237.22,8994.03,3.87,19.50187969924812,1.566265060240964
60737,Flash Sale,2024-04-05,All,App,6464,663,64,2382.59,5045.79,3.13,10.256806930693068,9.653092006033184
333454,Membership Drive,2024-04-05,All,SMS,2023,165,48,2565.72,5305.89,1.95,8.156203657933762,29.09090909090909
464900,Category Promotion,2024-04-05,All,Email,4353,369,99,1819.47,4778.97,2.61,8.476912474155755,26.82926829268293
794762,App Push Notification,2024-04-05,Inactive,SMS,8010,472,32,2231.01,7477.24,3.36,5.892634207240949,6.779661016949152
541891,Email Campaign,2024-04-05,All,App,4421,102,17,3748.53,9671.29,3.23,2.3071703234562317,16.666666666666664
75143,Referral Program,2024-04-05,Premium,SMS,5406,539,37,1770.23,9639.69,3.65,9.97040325564188,6.8645640074211505
955916,New User Discount,2024-04-04,Premium,Social Media,9572,507,84,1203.73,7550.79,1.71,5.296698704554952,16.56804733727811
16465,Weekend Special,2024-04-04,All,SMS,4012,638,50,4597.52,6344.82,1.99,15.902293120638086,7.836990595611286
876921,Festival Offer,2024-04-04,Inactive,Social Media,9132,825,35,4947.34,9713.09,2.1,9.034165571616294,4.242424242424243
550740,Flash Sale,2024-04-04,New Users,Email,5781,960,65,4065.02,5566.58,3.18,16.60612350804359,6.770833333333333
486159,Membership Drive,2024-04-04,All,App,8942,658,66,4048.53,5065.57,3.57,7.358532766718855,10.030395136778116
499278,Category Promotion,2024-04-04,Inactive,SMS,4172,424,45,1212.57,8568.42,1.51,10.162991371045061,10.61320754716981
422021,App Push Notification,2024-04-04,New Users,Email,7822,756,76,4910.53,9120.96,1.63,9.665047302480184,10.052910052910052
705845,Email Campaign,2024-04-04,New Users,SMS,8817,110,32,1144.54,4206.95,1.99,1.2475898831802201,29.09090909090909
385434,Referral Program,2024-04-04,New Users,SMS,9237,266,90,3779.96,6235.64,1.94,2.879722853740392,33.83458646616541
738308,New User Discount,2024-04-03,New Users,Social Media,9925,901,99,1248.5,5705.73,3.09,9.078085642317381,10.987791342952276
92221,Weekend Special,2024-04-03,Inactive,Email,8972,640,92,1349.36,4183.07,3.93,7.133303611234954,14.374999999999998
391571,Festival Offer,2024-04-03,New Users,Social Media,1297,809,32,3562.59,3371.07,3.19,62.37471087124133,3.955500618046971
23436,Flash Sale,2024-04-03,Inactive,App,6051,681,29,4343.26,2970.99,3.33,11.254338125929598,4.258443465491924
870977,Membership Drive,2024-04-03,Inactive,Social Media,5367,520,96,2238.53,7094.1,2.2,9.688839202534004,18.461538461538463
678701,Category Promotion,2024-04-03,Premium,SMS,5135,259,94,2016.82,7663.97,2.26,5.04381694255112,36.293436293436294
366815,App Push Notification,2024-04-03,Premium,Email,1849,932,48,1603.23,2501.33,1.82,50.40562466197945,5.150214592274678
397676,Email Campaign,2024-04-03,Inactive,App,9474,980,12,4056.38,8935.6,1.68,10.344099641123075,1.2244897959183674
336113,Referral Program,2024-04-03,New Users,App,1496,746,74,1486.49,9735.5,3.57,49.86631016042781,9.919571045576408
615906,New User Discount,2024-04-02,Inactive,App,3358,868,22,3054.66,2341.67,1.73,25.8487194758785,2.5345622119815667
110083,Weekend Special,2024-04-02,All,Email,2599,434,96,1356.61,4632.28,2.98,16.69873028087726,22.119815668202765
513293,Festival Offer,2024-04-02,Inactive,Email,1097,782,76,4737.75,4077.31,2.01,71.28532360984504,9.718670076726342
691779,Flash Sale,2024-04-02,New Users,Email,4914,206,45,2554.32,7878.57,2.86,4.192104192104193,21.844660194174757
811323,Membership Drive,2024-04-02,All,App,3228,841,10,3511.84,5095.48,3.85,26.053283767038415,1.1890606420927468
819722,Category Promotion,2024-04-02,Inactive,Email,6910,142,96,2289.85,2726.12,3.96,2.0549927641099854,67.6056338028169
277194,App Push Notification,2024-04-02,Premium,SMS,3588,877,32,4670.88,8361.12,3.28,24.442586399108137,3.6488027366020526
881510,Email Campaign,2024-04-02,Premium,SMS,1722,461,55,4814.66,9892.36,2.46,26.771196283391408,11.930585683297181
268310,Referral Program,2024-04-02,Inactive,SMS,7418,880,62,4582.89,6820.65,3.13,11.863035858722029,7.045454545454545
214474,New User Discount,2024-04-01,All,Email,2477,780,69,4311.04,6496.72,3.7,31.489705288655635,8.846153846153847
139591,Weekend Special,2024-04-01,Premium,SMS,2424,211,55,3123.32,4895.99,3.99,8.704620462046204,26.066350710900476
775189,Festival Offer,2024-04-01,All,SMS,6711,284,13,2779.99,2585.09,3.18,4.231858143346744,4.577464788732395
93783,Flash Sale,2024-04-01,All,SMS,1868,574,34,1958.7,8191.12,1.5,30.728051391862955,5.923344947735192
558128,Membership Drive,2024-04-01,All,Email,4595,322,29,3952.09,2691.11,1.6,7.007616974972796,9.006211180124224
971565,Category Promotion,2024-04-01,All,Email,1252,731,77,2608.76,9164.83,3.45,58.386581469648554,10.533515731874145
85799,App Push Notification,2024-04-01,Inactive,App,4730,869,30,4878.43,8407.82,1.6,18.372093023255815,3.452243958573072
419331,Email Campaign,2024-04-01,Inactive,Email,5502,894,97,3347.33,6657.33,1.8,16.24863685932388,10.850111856823267
493997,Referral Program,2024-04-01,Premium,Social Media,8154,116,79,1874.29,7789.98,3.17,1.4226146676477802,68.10344827586206
355295,New User Discount,2024-03-31,All,App,2937,852,89,3872.53,7741.22,3.52,29.009193054136873,10.44600938967136
46335,Weekend Special,2024-03-31,Premium,App,4376,118,88,2452.93,3756.15,3.59,2.696526508226691,74.57627118644068
831926,Festival Offer,2024-03-31,Inactive,Email,6489,966,16,4405.44,5865.16,3.96,14.886731391585762,1.6563146997929608
548235,Flash Sale,2024-03-31,New Users,SMS,3845,362,33,3910.98,6008.41,2.09,9.4148244473342,9.116022099447514
616611,Membership Drive,2024-03-31,All,Email,7664,764,85,2883.9,7410.05,2.68,9.968684759916492,11.12565445026178
172828,Category Promotion,2024-03-31,Inactive,Email,8250,932,89,1849.9,7766.43,3.6,11.296969696969697,9.549356223175966
591365,App Push Notification,2024-03-31,Inactive,Social Media,9219,708,60,3166.69,4103.08,2.78,7.679791734461439,8.47457627118644
1604,Email Campaign,2024-03-31,Premium,App,6379,502,89,3522.99,6315.41,3.53,7.86957203323405,17.729083665338646
481412,Referral Program,2024-03-31,Premium,App,8858,135,12,1032.94,8122.27,3.28,1.524046060058704,8.88888888888889
918979,New User Discount,2024-03-30,All,SMS,6749,615,64,2142.89,6912.39,1.59,9.11246110534894,10.40650406504065
975017,Weekend Special,2024-03-30,All,App,3734,221,62,3750.76,8216.2,2.78,5.918585966791644,28.054298642533936
240482,Festival Offer,2024-03-30,All,Email,7488,773,20,3308.74,2197.59,2.82,10.32318376068376,2.58732212160414
312796,Flash Sale,2024-03-30,Premium,Email,6977,413,73,1302.75,4966.35,2.08,5.919449620180593,17.675544794188863
888861,Membership Drive,2024-03-30,Premium,Email,8539,997,73,1448.16,3747.96,1.89,11.6758402623258,7.3219658976930795
207330,Category Promotion,2024-03-30,All,Email,7177,345,80,1291.92,8301.93,1.7,4.807022432771353,23.18840579710145
837665,App Push Notification,2024-03-30,Premium,Social Media,8887,165,74,4383.41,8230.54,3.86,1.8566445369641047,44.84848484848485
232119,Email Campaign,2024-03-30,Premium,Email,1699,666,25,3099.95,6431.8,3.24,39.199529134785166,3.7537537537537538
431898,Referral Program,2024-03-30,All,Email,1185,800,59,1789.62,3237.07,2.65,67.51054852320675,7.375
540343,New User Discount,2024-03-29,New Users,SMS,3745,768,22,4035.3,6452.21,2.28,20.50734312416555,2.864583333333333
17641,Weekend Special,2024-03-29,New Users,SMS,8099,674,64,4597.61,5540.33,3.68,8.322015063588099,9.495548961424333
629145,Festival Offer,2024-03-29,Premium,Email,5988,879,50,1284.69,7807.86,2.86,14.679358717434871,5.688282138794084
923842,Flash Sale,2024-03-29,Premium,App,7604,793,48,3017.08,4874.88,3.74,10.42872172540768,6.0529634300126105
262063,Membership Drive,2024-03-29,Inactive,SMS,7850,664,65,1152.04,2894.01,2.62,8.45859872611465,9.789156626506024
506700,Category Promotion,2024-03-29,Inactive,Social Media,1789,653,15,4707.06,6662.8,3.4,36.500838457238686,2.2970903522205206
413373,App Push Notification,2024-03-29,Inactive,App,6929,268,82,1970.09,5730.36,3.74,3.867801991629384,30.597014925373134
963433,Email Campaign,2024-03-29,Premium,Social Media,7464,734,57,2036.31,3866.16,2.74,9.833869239013932,7.7656675749318795
849917,Referral Program,2024-03-29,All,App,8627,194,29,1822.32,5144.43,2.92,2.2487539121363165,14.948453608247423
111010,New User Discount,2024-03-28,New Users,SMS,5893,262,80,3923.61,6947.31,3.23,4.445952825386051,30.53435114503817
233488,Weekend Special,2024-03-28,Inactive,App,6198,152,26,1013.03,3583.59,1.96,2.452404001290739,17.105263157894736
876984,Festival Offer,2024-03-28,New Users,App,7149,431,31,4194.82,4228.99,2.88,6.028815218911736,7.192575406032482
300232,Flash Sale,2024-03-28,New Users,Email,9717,296,15,1078.82,9747.82,2.89,3.0462076772666458,5.0675675675675675
985659,Membership Drive,2024-03-28,Inactive,SMS,9434,762,31,3524.13,9767.11,1.83,8.077167691329235,4.0682414698162725
842494,Category Promotion,2024-03-28,New Users,Social Media,9687,749,16,2233.04,9962.06,1.61,7.732011974811604,2.1361815754339117
23162,App Push Notification,2024-03-28,Inactive,Social Media,1821,631,88,2508.33,7230.66,1.85,34.65129049972543,13.946117274167987
394528,Email Campaign,2024-03-28,Premium,Social Media,7379,563,80,4417.7,9426.92,3.49,7.62976013009893,14.209591474245114
362901,Referral Program,2024-03-28,Inactive,App,4875,444,23,1196.79,4615.81,2.7,9.107692307692309,5.18018018018018
328730,New User Discount,2024-03-27,All,Social Media,1193,482,55,1959.62,9576.12,1.75,40.40234702430847,11.410788381742739
171571,Weekend Special,2024-03-27,Premium,SMS,3972,699,62,3848.47,4772.15,2.66,17.598187311178247,8.869814020028613
51281,Festival Offer,2024-03-27,New Users,Email,8387,732,92,4988.66,4619.99,1.99,8.727793012996305,12.568306010928962
57219,Flash Sale,2024-03-27,Premium,Email,9351,445,74,3158.94,8779.02,3.4,4.758849320928243,16.629213483146067
933572,Membership Drive,2024-03-27,New Users,SMS,5668,833,89,4846.54,3920.06,2.64,14.696541990119972,10.684273709483794
730069,Category Promotion,2024-03-27,All,Email,5941,799,20,3699.9,3821.61,2.26,13.448914324187847,2.5031289111389237
662344,App Push Notification,2024-03-27,All,SMS,5036,388,73,1793.06,4621.48,2.19,7.704527402700556,18.814432989690722
36917,Email Campaign,2024-03-27,All,App,9733,246,44,1675.77,2682.32,3.72,2.5274838179389705,17.88617886178862
165491,Referral Program,2024-03-27,All,Social Media,7600,252,34,4675.36,5647.83,2.09,3.3157894736842106,13.492063492063492
409294,New User Discount,2024-03-26,All,Social Media,8049,180,56,1652.06,6398.53,1.7,2.236302646291465,31.11111111111111
26622,Weekend Special,2024-03-26,Inactive,Social Media,2245,819,88,3905.88,9876.04,1.62,36.481069042316264,10.744810744810746
411777,Festival Offer,2024-03-26,All,SMS,5113,250,67,1410.51,5775.58,3.38,4.8894973596714255,26.8
417415,Flash Sale,2024-03-26,New Users,Email,6483,502,24,1161.23,2350.27,3.38,7.743328705846059,4.780876494023905
830348,Membership Drive,2024-03-26,Inactive,Email,1442,398,61,4396.0,7176.23,2.18,27.600554785020805,15.326633165829145
550041,Category Promotion,2024-03-26,Inactive,App,8263,663,31,4539.81,8148.18,2.79,8.02372019847513,4.675716440422323
436035,App Push Notification,2024-03-26,All,App,3980,254,76,2640.97,6511.7,1.93,6.381909547738693,29.92125984251969
179518,Email Campaign,2024-03-26,Inactive,SMS,8918,116,28,4857.56,3563.92,2.67,1.3007400762502803,24.137931034482758
915655,Referral Program,2024-03-26,Premium,SMS,6409,547,38,3593.8,9735.93,2.3,8.534872835075674,6.946983546617916
921820,New User Discount,2024-03-25,Inactive,Social Media,7959,208,56,3676.43,4008.43,1.79,2.613393642417389,26.923076923076923
338641,Weekend Special,2024-03-25,All,SMS,1235,906,31,2206.57,2902.95,3.01,73.36032388663968,3.4216335540838854
490836,Festival Offer,2024-03-25,Premium,Social Media,8648,844,39,4735.08,2710.45,3.17,9.759481961147086,4.62085308056872
425282,Flash Sale,2024-03-25,Inactive,SMS,1120,399,32,1030.3,4298.01,3.13,35.625,8.020050125313283
283840,Membership Drive,2024-03-25,New Users,Social Media,5645,383,47,3391.22,2038.2,1.53,6.7847652790079716,12.27154046997389
935100,Category Promotion,2024-03-25,New Users,Email,5720,403,80,4432.67,3579.21,3.79,7.045454545454545,19.851116625310176
490580,App Push Notification,2024-03-25,Premium,App,8382,426,65,4561.83,3639.58,3.87,5.082319255547603,15.258215962441316
468081,Email Campaign,2024-03-25,New Users,Email,7219,470,40,1036.96,5590.68,2.38,6.510597035600499,8.51063829787234
303217,Referral Program,2024-03-25,All,SMS,4058,425,16,4007.24,6718.79,1.63,10.473139477575161,3.7647058823529407
196863,New User Discount,2024-03-24,Premium,Email,4450,442,69,4336.01,2222.39,3.68,9.932584269662922,15.610859728506787
776458,Weekend Special,2024-03-24,Inactive,App,1399,999,45,4826.6,7276.64,2.31,71.40814867762688,4.504504504504505
259144,Festival Offer,2024-03-24,Inactive,App,5555,187,96,3832.19,6495.92,3.12,3.3663366336633667,51.33689839572193
517328,Flash Sale,2024-03-24,Premium,Email,1424,367,45,2384.97,2171.8,1.83,25.77247191011236,12.26158038147139
73962,Membership Drive,2024-03-24,Premium,Email,5615,633,50,4676.65,2678.89,2.99,11.273374888691007,7.898894154818326
294729,Category Promotion,2024-03-24,New Users,SMS,2026,476,65,4032.92,9828.4,2.12,23.49457058242843,13.655462184873949
495970,App Push Notification,2024-03-24,Inactive,Social Media,6868,845,32,3844.36,7566.56,3.92,12.303436225975538,3.7869822485207103
507330,Email Campaign,2024-03-24,New Users,SMS,8744,588,48,1417.98,7441.58,3.94,6.724611161939616,8.16326530612245
576493,Referral Program,2024-03-24,New Users,Social Media,8042,930,67,4062.45,6111.86,1.83,11.564287490673962,7.204301075268817
558344,New User Discount,2024-03-23,Premium,Social Media,5575,158,35,3758.85,5741.52,3.61,2.834080717488789,22.151898734177212
26716,Weekend Special,2024-03-23,Inactive,Social Media,1632,668,83,2733.1,8441.65,2.59,40.931372549019606,12.425149700598801
582106,Festival Offer,2024-03-23,Inactive,Social Media,1533,339,73,1720.96,4321.16,1.73,22.113502935420744,21.533923303834808
43680,Flash Sale,2024-03-23,New Users,Email,2410,953,98,1468.31,9219.99,3.91,39.54356846473029,10.283315844700944
18616,Membership Drive,2024-03-23,Premium,SMS,5483,174,56,1713.38,4795.15,2.5,3.173445194236732,32.18390804597701
993106,Category Promotion,2024-03-23,New Users,Email,9844,119,100,4427.22,3238.31,3.21,1.2088581877285656,84.03361344537815
147387,App Push Notification,2024-03-23,Premium,App,1508,653,73,3629.17,3447.31,2.46,43.30238726790451,11.179173047473201
234282,Email Campaign,2024-03-23,New Users,Email,1512,686,51,2458.92,9792.05,3.94,45.370370370370374,7.434402332361516
177706,Referral Program,2024-03-23,All,Email,6742,558,68,1729.06,9872.92,2.47,8.276475823197863,12.186379928315413
65468,New User Discount,2024-03-22,New Users,SMS,6566,617,67,3180.92,4394.76,3.52,9.396893085592446,10.85899513776337
166794,Weekend Special,2024-03-22,All,App,4118,727,71,3802.91,2787.33,2.39,17.654201068479843,9.766162310866575
629004,Festival Offer,2024-03-22,All,Social Media,6895,969,14,1032.29,2720.77,3.68,14.053662073966642,1.4447884416924663
46863,Flash Sale,2024-03-22,All,SMS,6698,887,53,4771.62,6089.03,2.52,13.24275903254703,5.975197294250282
729324,Membership Drive,2024-03-22,All,Social Media,8498,509,28,1764.3,6930.76,1.77,5.989644622264062,5.50098231827112
170674,Category Promotion,2024-03-22,New Users,Social Media,7241,254,41,4224.48,2876.98,2.17,3.507802789669935,16.141732283464567
752197,App Push Notification,2024-03-22,Premium,Email,2570,279,91,2777.74,9048.38,2.76,10.85603112840467,32.61648745519714
244348,Email Campaign,2024-03-22,All,SMS,1362,937,46,4380.99,9341.48,1.83,68.79588839941263,4.909284951974386
451804,Referral Program,2024-03-22,Premium,Social Media,8259,555,25,4768.81,8200.17,3.07,6.719941881583727,4.504504504504505
967975,New User Discount,2024-03-21,New Users,SMS,8668,486,73,4317.76,3415.1,2.01,5.606829718504845,15.020576131687244
731517,Weekend Special,2024-03-21,New Users,Social Media,5020,604,25,4799.5,7544.47,1.91,12.03187250996016,4.13907284768212
381919,Festival Offer,2024-03-21,Premium,Email,3502,329,70,2827.64,7409.71,2.39,9.394631639063393,21.27659574468085
243538,Flash Sale,2024-03-21,Inactive,SMS,7904,223,83,4769.06,3244.6,2.08,2.8213562753036436,37.219730941704036
914343,Membership Drive,2024-03-21,All,Email,2005,722,46,2094.66,7978.4,2.47,36.00997506234414,6.3711911357340725
809322,Category Promotion,2024-03-21,Inactive,Social Media,4777,811,99,1196.88,7198.13,3.12,16.977182332007537,12.20715166461159
182422,App Push Notification,2024-03-21,New Users,Email,2109,937,18,2351.5,8164.92,2.15,44.42863916548127,1.92102454642476
571373,Email Campaign,2024-03-21,New Users,Email,2971,442,20,1289.51,2641.87,3.19,14.877145742174353,4.524886877828054
632679,Referral Program,2024-03-21,New Users,Email,9931,560,77,3929.23,8476.79,2.69,5.638908468432182,13.750000000000002
220016,New User Discount,2024-03-20,Premium,SMS,6215,617,83,3293.65,7007.84,2.65,9.927594529364441,13.452188006482983
304235,Weekend Special,2024-03-20,Inactive,Email,4087,464,87,3608.03,3746.11,2.65,11.353070712013702,18.75
495308,Festival Offer,2024-03-20,New Users,Email,3426,637,47,3865.72,7015.8,3.31,18.593111500291887,7.378335949764521
39894,Flash Sale,2024-03-20,Premium,Email,5559,987,80,3334.39,3608.22,2.62,17.754991905018887,8.105369807497468
82548,Membership Drive,2024-03-20,Premium,Email,9360,846,42,4633.27,8996.5,2.19,9.038461538461538,4.964539007092199
959986,Category Promotion,2024-03-20,All,Email,9349,680,42,3953.12,9492.35,3.86,7.2735051877206125,6.176470588235294
171869,App Push Notification,2024-03-20,Inactive,SMS,9764,934,26,1118.46,9686.32,1.67,9.565751741089718,2.7837259100642395
666701,Email Campaign,2024-03-20,Premium,Social Media,7128,767,30,3485.45,8650.34,2.45,10.760381593714927,3.911342894393742
622127,Referral Program,2024-03-20,New Users,Email,9195,904,33,4167.29,8796.73,3.78,9.831430125067971,3.650442477876106
374455,New User Discount,2024-03-19,Inactive,App,8771,503,33,3316.29,6152.35,2.91,5.7348078896363015,6.560636182902585
752177,Weekend Special,2024-03-19,Inactive,Social Media,8640,913,18,1975.76,3535.63,3.15,10.56712962962963,1.9715224534501645
270761,Festival Offer,2024-03-19,New Users,Social Media,2626,355,44,4095.33,8028.15,3.9,13.518659558263519,12.394366197183098
486620,Flash Sale,2024-03-19,Premium,App,1522,956,90,4510.68,7902.93,2.83,62.81208935611038,9.414225941422593
539620,Membership Drive,2024-03-19,New Users,Email,8202,243,27,3321.52,7560.76,2.06,2.96269202633504,11.11111111111111
436295,Category Promotion,2024-03-19,New Users,App,1894,601,83,2611.81,4164.06,2.48,31.731784582893347,13.810316139767053
103601,App Push Notification,2024-03-19,New Users,Email,4920,549,85,4019.69,4253.31,3.39,11.158536585365853,15.482695810564662
768487,Email Campaign,2024-03-19,All,Social Media,4674,673,26,2386.97,6244.16,2.23,14.398801882755668,3.863298662704309
481810,Referral Program,2024-03-19,All,App,9717,151,93,3297.1,4659.47,3.93,1.5539775650921066,61.58940397350994
904981,New User Discount,2024-03-18,All,App,8856,624,50,4809.1,7618.15,2.83,7.046070460704606,8.012820512820513
775865,Weekend Special,2024-03-18,New Users,Social Media,4799,215,35,4829.48,9478.46,2.54,4.480100020837675,16.27906976744186
943871,Festival Offer,2024-03-18,All,Social Media,3583,677,79,4930.41,6335.02,3.64,18.89478090985208,11.669128508124077
575160,Flash Sale,2024-03-18,Premium,Social Media,1080,268,88,1166.62,9934.29,2.26,24.814814814814813,32.83582089552239
764055,Membership Drive,2024-03-18,Premium,App,9129,559,85,3853.18,2146.19,2.79,6.1233431920254136,15.20572450805009
160497,Category Promotion,2024-03-18,Inactive,Social Media,6403,364,81,4086.05,5726.96,2.55,5.684835233484304,22.252747252747252
518398,App Push Notification,2024-03-18,All,Social Media,2894,165,30,2701.94,2464.14,2.38,5.701451278507257,18.181818181818183
949672,Email Campaign,2024-03-18,All,Social Media,5638,224,47,4446.59,9028.29,3.01,3.9730400851365735,20.982142857142858
748860,Referral Program,2024-03-18,Inactive,SMS,2000,250,70,3960.95,3973.5,1.95,12.5,28.000000000000004
841363,New User Discount,2024-03-17,All,SMS,8690,229,81,3569.72,6958.56,3.52,2.635212888377445,35.37117903930131
673065,Weekend Special,2024-03-17,Inactive,SMS,2244,558,73,3373.86,7705.63,3.75,24.86631016042781,13.082437275985665
951796,Festival Offer,2024-03-17,Premium,Email,3869,842,54,4168.65,6522.81,3.21,21.762729387438615,6.413301662707839
664932,Flash Sale,2024-03-17,Inactive,SMS,9273,610,14,3069.41,3812.98,3.95,6.578237894963873,2.2950819672131146
157297,Membership Drive,2024-03-17,New Users,Email,7363,320,84,4658.28,2730.62,3.81,4.346054597310879,26.25
164801,Category Promotion,2024-03-17,All,SMS,4767,787,45,2545.12,5262.99,2.43,16.509335011537654,5.717916137229987
313052,App Push Notification,2024-03-17,All,Email,6498,301,31,3609.64,5966.57,2.57,4.632194521391197,10.299003322259136
571580,Email Campaign,2024-03-17,All,Social Media,5169,586,55,3175.83,7319.27,3.02,11.336815631650223,9.385665529010238
873529,Referral Program,2024-03-17,Inactive,Social Media,2208,758,19,4888.46,4754.87,2.2,34.32971014492754,2.5065963060686016
579876,New User Discount,2024-03-16,Inactive,App,1138,446,56,1319.59,3569.7,3.86,39.19156414762742,12.556053811659194
510307,Weekend Special,2024-03-16,Premium,App,5731,423,61,1716.16,4228.37,1.75,7.3809108358052695,14.420803782505912
591422,Festival Offer,2024-03-16,All,Social Media,1235,895,92,3485.59,5891.55,1.62,72.46963562753037,10.279329608938548
270543,Flash Sale,2024-03-16,All,App,5933,144,86,2996.43,9355.24,1.57,2.42710264621608,59.72222222222222
746538,Membership Drive,2024-03-16,Inactive,Email,7185,822,13,2230.63,6235.43,3.26,11.440501043841337,1.5815085158150852
44489,Category Promotion,2024-03-16,All,SMS,6667,138,78,1790.29,8926.84,2.03,2.069896505174741,56.52173913043478
745972,App Push Notification,2024-03-16,New Users,App,7777,664,35,2471.22,7683.54,3.51,8.537996656808538,5.271084337349398
641544,Email Campaign,2024-03-16,All,Social Media,2446,764,41,2355.08,8951.39,2.05,31.234668847097304,5.366492146596859
599023,Referral Program,2024-03-16,Premium,Email,6355,151,66,2002.28,2814.77,2.03,2.3760818253343823,43.70860927152318
850144,New User Discount,2024-03-15,All,App,1741,654,53,2732.94,3525.89,1.84,37.564618035611716,8.103975535168196
550961,Weekend Special,2024-03-15,All,Email,9666,232,94,2945.26,4051.92,2.73,2.400165528657149,40.51724137931034
817297,Festival Offer,2024-03-15,All,App,8577,997,80,4836.63,2881.32,1.65,11.624110994520228,8.02407221664995
42413,Flash Sale,2024-03-15,Premium,App,4998,512,42,4436.58,3213.25,2.64,10.244097639055623,8.203125
348048,Membership Drive,2024-03-15,All,App,9515,585,37,3637.61,2319.59,3.06,6.148187073042564,6.3247863247863245
2160,Category Promotion,2024-03-15,Premium,App,1020,679,50,3036.79,2364.06,3.75,66.56862745098039,7.363770250368189
748154,App Push Notification,2024-03-15,New Users,SMS,2935,337,50,4319.2,8080.02,2.69,11.482112436115843,14.836795252225517
829478,Email Campaign,2024-03-15,All,Social Media,8535,260,100,2000.22,4218.16,3.31,3.046280023432923,38.46153846153847
807552,Referral Program,2024-03-15,Premium,Social Media,4678,464,88,4022.87,4534.37,1.76,9.918768704574605,18.96551724137931
849840,New User Discount,2024-03-14,Premium,App,9956,522,19,2187.45,4806.09,1.76,5.243069505825633,3.6398467432950192
204027,Weekend Special,2024-03-14,New Users,SMS,2715,568,89,4657.15,3768.93,3.22,20.920810313075506,15.669014084507044
866260,Festival Offer,2024-03-14,New Users,Social Media,6688,101,40,4601.1,7895.09,2.0,1.5101674641148326,39.603960396039604
135884,Flash Sale,2024-03-14,All,App,9855,565,60,2749.42,3199.97,2.28,5.733130390664637,10.619469026548673
561147,Membership Drive,2024-03-14,Premium,SMS,8400,346,56,4874.31,9677.5,3.89,4.119047619047619,16.184971098265898
867075,Category Promotion,2024-03-14,Inactive,Email,2543,818,65,4015.45,5083.81,2.81,32.16673220605584,7.946210268948656
267540,App Push Notification,2024-03-14,All,Email,1295,859,76,1451.85,4795.73,3.54,66.33204633204633,8.847497089639116
313369,Email Campaign,2024-03-14,New Users,Social Media,3923,720,46,2959.96,3220.59,2.49,18.35330104511853,6.388888888888888
236134,Referral Program,2024-03-14,New Users,App,4718,177,79,2369.8,3029.96,2.48,3.7515896566341667,44.632768361581924
916532,New User Discount,2024-03-13,All,Social Media,6082,267,83,3480.71,8641.83,2.34,4.390003288391976,31.086142322097377
894145,Weekend Special,2024-03-13,Inactive,App,7301,340,68,4052.07,5530.66,2.28,4.656896315573209,20.0
77413,Festival Offer,2024-03-13,New Users,SMS,1435,247,72,3257.92,6781.99,3.68,17.212543554006967,29.1497975708502
512576,Flash Sale,2024-03-13,All,Email,5832,685,13,1719.06,6200.13,1.79,11.74554183813443,1.897810218978102
12188,Membership Drive,2024-03-13,All,Email,3946,823,97,1367.61,2995.36,2.62,20.85656360871769,11.7861482381531
565330,Category Promotion,2024-03-13,All,Social Media,6899,423,34,4207.54,3852.69,1.93,6.131323380200029,8.037825059101655
662758,App Push Notification,2024-03-13,Premium,Email,1525,995,39,4490.35,3136.61,1.94,65.24590163934427,3.919597989949749
424253,Email Campaign,2024-03-13,New Users,Email,4749,496,97,4375.28,5372.09,2.09,10.444304064013476,19.556451612903224
448004,Referral Program,2024-03-13,Premium,Email,2159,382,75,2388.84,2231.23,1.61,17.693376563223715,19.63350785340314
937487,New User Discount,2024-03-12,Premium,Social Media,5363,580,78,3129.09,7697.48,3.79,10.814842438933432,13.448275862068964
417513,Weekend Special,2024-03-12,Premium,App,8111,718,22,3046.05,4911.12,2.67,8.852176057206263,3.064066852367688
324114,Festival Offer,2024-03-12,New Users,SMS,9634,972,40,1902.96,9042.31,1.59,10.089267178741954,4.11522633744856
673536,Flash Sale,2024-03-12,Inactive,SMS,6997,939,67,1368.64,2353.05,2.59,13.420037158782335,7.135250266240682
12695,Membership Drive,2024-03-12,New Users,Email,2355,127,40,3706.77,3900.23,3.58,5.392781316348196,31.496062992125985
827353,Category Promotion,2024-03-12,Premium,Social Media,9405,597,83,3808.29,5823.49,1.59,6.34768740031898,13.90284757118928
317173,App Push Notification,2024-03-12,Inactive,Email,3476,990,88,1234.44,6061.31,2.16,28.48101265822785,8.88888888888889
841238,Email Campaign,2024-03-12,All,Email,2261,792,12,3941.71,7485.64,3.35,35.02874834144184,1.5151515151515151
351472,Referral Program,2024-03-12,Inactive,SMS,4437,231,49,4390.95,2272.89,1.77,5.206220419202164,21.21212121212121
794791,New User Discount,2024-03-11,All,Email,4447,188,100,2819.8,6868.98,3.94,4.227569147740049,53.191489361702125
422123,Weekend Special,2024-03-11,Inactive,Email,9610,122,66,2737.36,9434.29,2.27,1.2695109261186266,54.09836065573771
114729,Festival Offer,2024-03-11,All,App,6866,632,78,1635.02,3510.0,3.83,9.204777162831343,12.341772151898734
526159,Flash Sale,2024-03-11,Inactive,Email,7023,241,79,3837.53,7509.16,2.15,3.431581945037733,32.780082987551864
231907,Membership Drive,2024-03-11,Inactive,SMS,3545,841,23,2402.72,3252.91,3.91,23.72355430183357,2.7348394768133173
705620,Category Promotion,2024-03-11,Premium,App,3451,288,47,3988.62,4172.21,2.28,8.345407128368588,16.319444444444446
145252,App Push Notification,2024-03-11,New Users,App,1243,150,93,2712.62,9106.36,3.65,12.067578439259854,62.0
490363,Email Campaign,2024-03-11,New Users,App,9379,677,47,3070.48,2785.88,1.99,7.2182535451540675,6.942392909896602
683689,Referral Program,2024-03-11,New Users,App,4751,576,53,2824.48,6219.47,2.49,12.12376341822774,9.20138888888889
200252,New User Discount,2024-03-10,New Users,SMS,5646,155,60,3885.79,8206.45,2.35,2.745306411618845,38.70967741935484
3150,Weekend Special,2024-03-10,Inactive,SMS,5161,567,59,4543.32,6666.36,3.53,10.986242976167409,10.405643738977071
712731,Festival Offer,2024-03-10,New Users,SMS,2605,102,44,4049.95,5521.79,3.99,3.9155470249520152,43.13725490196079
307151,Flash Sale,2024-03-10,Premium,Social Media,1057,325,31,1154.77,6488.55,2.34,30.747398297067168,9.538461538461538
516987,Membership Drive,2024-03-10,Premium,Email,5226,164,30,1382.59,2452.79,1.62,3.138155376961347,18.29268292682927
868614,Category Promotion,2024-03-10,Inactive,Email,3592,399,73,3158.22,5524.82,3.04,11.108017817371937,18.295739348370926
165974,App Push Notification,2024-03-10,Inactive,App,1717,236,63,1465.3,5645.18,2.42,13.74490390215492,26.69491525423729
39018,Email Campaign,2024-03-10,Premium,Social Media,1647,760,10,4785.12,9106.99,3.03,46.1445051608986,1.3157894736842104
956088,Referral Program,2024-03-10,All,Email,7724,146,41,1227.5,5103.58,2.27,1.8902123252200933,28.08219178082192
525361,New User Discount,2024-03-09,Inactive,Email,9436,799,57,4872.77,7498.33,1.52,8.467571004662993,7.133917396745932
486379,Weekend Special,2024-03-09,Inactive,SMS,4771,786,52,4744.12,2079.61,3.04,16.474533640746174,6.615776081424936
157257,Festival Offer,2024-03-09,All,Email,7755,820,13,4293.32,8973.84,1.58,10.573823339780787,1.5853658536585367
743218,Flash Sale,2024-03-09,Premium,App,9791,943,89,4234.28,4946.05,2.88,9.631294045552037,9.43796394485684
275662,Membership Drive,2024-03-09,Premium,SMS,8994,103,69,2021.37,5701.5,2.82,1.1452079163887037,66.99029126213593
591744,Category Promotion,2024-03-09,All,App,9048,235,80,4637.6,2165.87,2.75,2.5972590627763044,34.04255319148936
573637,App Push Notification,2024-03-09,Premium,SMS,9112,571,44,2846.82,5104.19,3.49,6.2664618086040385,7.705779334500876
798031,Email Campaign,2024-03-09,All,SMS,2569,487,98,1847.17,8706.56,3.86,18.956792526274814,20.123203285420946
532617,Referral Program,2024-03-09,Premium,Social Media,4456,958,41,4045.24,9905.61,3.79,21.499102333931777,4.2797494780793315
843128,New User Discount,2024-03-08,New Users,App,4696,503,25,3143.04,2285.83,3.33,10.711243611584328,4.970178926441352
247519,Weekend Special,2024-03-08,Inactive,Email,9068,402,60,3073.38,5849.12,2.98,4.43317159241288,14.925373134328357
259725,Festival Offer,2024-03-08,New Users,Social Media,4488,931,71,2935.19,9276.91,1.68,20.744206773618536,7.626208378088077
214821,Flash Sale,2024-03-08,Inactive,SMS,9891,1000,13,1473.14,8473.82,3.23,10.110201193003741,1.3
613617,Membership Drive,2024-03-08,Premium,Social Media,7542,770,26,3375.29,9514.86,3.33,10.20949350304959,3.3766233766233764
741704,Category Promotion,2024-03-08,New Users,Email,5323,636,69,3436.98,3699.66,3.3,11.948149539733233,10.849056603773585
441650,App Push Notification,2024-03-08,All,SMS,7467,408,94,2408.69,2629.15,3.71,5.464041783848935,23.03921568627451
92354,Email Campaign,2024-03-08,New Users,Email,7327,695,45,4550.85,3360.15,1.9,9.485464719530503,6.474820143884892
503333,Referral Program,2024-03-08,All,Email,4604,439,19,3350.09,9910.92,3.96,9.535186794092095,4.328018223234624
813630,New User Discount,2024-03-07,New Users,App,3192,243,35,4696.13,3620.02,2.34,7.612781954887218,14.40329218106996
174070,Weekend Special,2024-03-07,New Users,Social Media,9580,573,72,4307.3,9512.07,2.68,5.981210855949896,12.56544502617801
449624,Festival Offer,2024-03-07,Inactive,App,5643,341,72,2692.79,6083.63,2.6,6.042884990253411,21.114369501466275
578745,Flash Sale,2024-03-07,Premium,SMS,7538,325,63,4894.66,8779.62,2.93,4.31148845847705,19.384615384615383
365015,Membership Drive,2024-03-07,Premium,Email,3691,656,25,1017.87,9009.81,3.16,17.772961257111895,3.8109756097560976
436730,Category Promotion,2024-03-07,New Users,App,5026,805,44,1213.33,4361.29,2.28,16.016713091922004,5.46583850931677
744662,App Push Notification,2024-03-07,Premium,App,7509,430,29,4546.24,6419.55,3.44,5.726461579438008,6.744186046511628
837486,Email Campaign,2024-03-07,Premium,Social Media,6704,329,43,2124.88,8993.65,2.57,4.907517899761336,13.069908814589665
974253,Referral Program,2024-03-07,Inactive,Email,7239,753,55,2507.52,7716.18,3.14,10.401989225031082,7.3041168658698545
777445,New User Discount,2024-03-06,New Users,Social Media,7544,857,26,1173.06,9523.47,3.45,11.360021208907742,3.0338389731621938
119836,Weekend Special,2024-03-06,Premium,Email,7945,840,88,4335.85,2977.36,3.91,10.572687224669604,10.476190476190476
513196,Festival Offer,2024-03-06,All,SMS,7723,570,91,1327.46,3243.37,3.95,7.380551599119513,15.964912280701753
131818,Flash Sale,2024-03-06,New Users,App,4591,501,28,3228.33,7505.28,1.77,10.912655194946634,5.588822355289421
758065,Membership Drive,2024-03-06,New Users,App,5597,625,77,1784.61,6829.9,3.38,11.166696444523852,12.32
545625,Category Promotion,2024-03-06,Inactive,Social Media,8917,405,25,3876.64,6615.64,2.13,4.541886284624874,6.172839506172839
654713,App Push Notification,2024-03-06,Premium,App,7788,345,20,4935.87,3271.1,2.02,4.429892141756548,5.797101449275362
212002,Email Campaign,2024-03-06,Inactive,App,1410,614,69,1543.53,2013.97,2.01,43.54609929078014,11.237785016286644
771929,Referral Program,2024-03-06,All,Social Media,9125,612,42,3523.93,8209.9,1.61,6.706849315068493,6.862745098039216
734593,New User Discount,2024-03-05,Premium,App,1039,543,40,3280.08,5679.3,3.42,52.26179018286814,7.366482504604052
592600,Weekend Special,2024-03-05,New Users,Social Media,2823,741,68,2073.59,7566.97,2.27,26.24867162592986,9.176788124156547
426480,Festival Offer,2024-03-05,New Users,SMS,6554,735,46,4317.33,5962.84,1.95,11.214525480622521,6.258503401360545
765291,Flash Sale,2024-03-05,All,App,9078,721,34,3515.24,6387.18,2.75,7.942278034809429,4.715672676837725
378958,Membership Drive,2024-03-05,All,Social Media,4572,339,64,2584.31,9137.6,3.5,7.414698162729659,18.87905604719764
841308,Category Promotion,2024-03-05,Premium,SMS,7955,727,19,4683.69,4171.4,2.19,9.138906348208673,2.613480055020633
274702,App Push Notification,2024-03-05,Premium,Email,8415,894,17,4450.57,9045.85,2.09,10.623885918003564,1.901565995525727
652615,Email Campaign,2024-03-05,Inactive,Email,1061,234,47,2219.8,9557.58,2.68,22.054665409990577,20.085470085470085
154480,Referral Program,2024-03-05,All,App,2578,991,54,4010.7,7047.85,2.9,38.440651667959656,5.449041372351161
69760,New User Discount,2024-03-04,New Users,SMS,3537,131,91,1202.8,9377.14,3.68,3.7037037037037033,69.46564885496184
599016,Weekend Special,2024-03-04,Inactive,App,6517,886,44,3796.38,7523.7,1.8,13.595212521098665,4.966139954853273
402445,Festival Offer,2024-03-04,Inactive,Social Media,2915,622,11,4990.92,4719.56,3.34,21.337907375643226,1.7684887459807075
959105,Flash Sale,2024-03-04,All,Email,5885,919,24,1604.55,9654.92,4.0,15.615972812234494,2.6115342763873777
943988,Membership Drive,2024-03-04,All,Email,6879,451,70,4419.69,8218.24,1.96,6.556185492077336,15.521064301552107
484945,Category Promotion,2024-03-04,New Users,Email,3199,585,86,1137.8,9165.48,2.73,18.286964676461395,14.700854700854702
658832,App Push Notification,2024-03-04,Premium,Social Media,3891,710,42,1120.78,8629.15,3.13,18.247237214083782,5.915492957746479
797519,Email Campaign,2024-03-04,Inactive,App,6790,236,76,2300.24,9153.69,3.67,3.475699558173785,32.20338983050847
494260,Referral Program,2024-03-04,All,App,8222,586,20,4828.36,3839.77,2.82,7.127219654585259,3.4129692832764507
129510,New User Discount,2024-03-03,All,Social Media,9020,143,33,4428.7,5900.99,3.84,1.5853658536585367,23.076923076923077
202249,Weekend Special,2024-03-03,Premium,Social Media,2264,595,19,3156.38,8638.2,2.27,26.280918727915193,3.1932773109243695
486644,Festival Offer,2024-03-03,Inactive,Social Media,5925,579,64,3978.39,8774.49,2.35,9.772151898734178,11.053540587219343
950792,Flash Sale,2024-03-03,Inactive,Social Media,1679,971,50,4424.73,3629.33,3.11,57.832042882668254,5.149330587023687
792259,Membership Drive,2024-03-03,Premium,Social Media,3834,220,63,1256.57,4471.89,3.11,5.738132498695879,28.636363636363637
822275,Category Promotion,2024-03-03,Premium,SMS,3635,884,55,4499.89,8043.1,3.83,24.319119669876205,6.221719457013575
10502,App Push Notification,2024-03-03,New Users,Email,2115,449,75,3543.62,9807.18,2.04,21.22931442080378,16.70378619153675
36422,Email Campaign,2024-03-03,New Users,App,7580,819,98,3602.13,2330.65,3.06,10.804749340369394,11.965811965811966
708738,Referral Program,2024-03-03,Premium,Email,1232,376,59,1791.35,2274.25,2.67,30.519480519480517,15.691489361702127
79393,New User Discount,2024-03-02,Inactive,Email,4653,192,100,4915.55,7798.99,2.47,4.126370083816893,52.083333333333336
251911,Weekend Special,2024-03-02,New Users,App,6717,954,76,1225.46,8219.73,2.49,14.202769093345244,7.966457023060797
650301,Festival Offer,2024-03-02,Inactive,App,7959,803,19,3832.65,3341.81,1.63,10.089207186832516,2.3661270236612704
514372,Flash Sale,2024-03-02,Inactive,Email,6818,499,15,3581.64,3353.6,3.62,7.318861836315635,3.006012024048096
787538,Membership Drive,2024-03-02,Inactive,SMS,4434,944,85,3861.63,6044.9,2.53,21.290031574199368,9.004237288135593
742672,Category Promotion,2024-03-02,All,Email,2863,566,15,4193.66,2317.1,3.31,19.76947258120852,2.65017667844523
39447,App Push Notification,2024-03-02,Premium,SMS,2090,841,38,2510.46,6998.9,1.92,40.239234449760765,4.5184304399524375
983532,Email Campaign,2024-03-02,Premium,Social Media,5275,742,10,1803.24,8282.53,1.78,14.066350710900474,1.3477088948787064
833829,Referral Program,2024-03-02,New Users,Email,3668,741,30,4906.12,2838.45,3.85,20.201744820065432,4.048582995951417
754576,New User Discount,2024-03-01,New Users,App,4561,133,92,3405.29,7165.56,3.4,2.9160271870203904,69.17293233082707
102659,Weekend Special,2024-03-01,Inactive,Email,6076,114,63,2480.67,5174.57,2.58,1.8762343647136273,55.26315789473685
752510,Festival Offer,2024-03-01,Inactive,Email,4707,968,11,1150.33,8096.02,3.16,20.565115785001062,1.1363636363636365
43642,Flash Sale,2024-03-01,Inactive,Social Media,1500,570,56,3318.46,5605.21,1.5,38.0,9.824561403508772
608586,Membership Drive,2024-03-01,Inactive,App,8770,365,48,2432.4,9561.27,2.9,4.161915621436716,13.150684931506849
474850,Category Promotion,2024-03-01,New Users,App,4710,566,27,4846.93,8794.9,1.87,12.016985138004246,4.770318021201414
86556,App Push Notification,2024-03-01,New Users,Email,7199,695,71,4503.02,4207.51,3.14,9.654118627587165,10.215827338129497
113928,Email Campaign,2024-03-01,Inactive,App,6944,706,69,2924.18,8642.95,3.85,10.167050691244238,9.773371104815865
184611,Referral Program,2024-03-01,All,SMS,5980,872,61,4618.56,9891.07,2.53,14.581939799331103,6.9954128440366965
43467,New User Discount,2024-02-29,New Users,Email,7316,104,64,3465.52,5375.64,2.86,1.4215418261344996,61.53846153846154
143548,Weekend Special,2024-02-29,All,Email,6967,196,69,3091.8,4986.59,2.84,2.813262523324243,35.204081632653065
457174,Festival Offer,2024-02-29,New Users,Email,2216,167,67,3620.47,4904.13,1.73,7.5361010830324915,40.119760479041915
321811,Flash Sale,2024-02-29,Premium,Social Media,2689,645,89,2878.49,7604.76,2.38,23.98661212346597,13.798449612403102
551837,Membership Drive,2024-02-29,Premium,App,7969,978,25,1251.88,2658.27,3.69,12.272556155101016,2.556237218813906
225577,Category Promotion,2024-02-29,Inactive,App,3826,296,57,4628.33,4963.16,3.04,7.736539466806064,19.256756756756758
876048,App Push Notification,2024-02-29,All,Social Media,5090,618,26,1666.03,2996.54,1.9,12.141453831041257,4.207119741100324
702634,Email Campaign,2024-02-29,All,App,4640,376,63,3136.53,2167.48,2.44,8.103448275862068,16.75531914893617
892667,Referral Program,2024-02-29,All,Social Media,3707,544,97,3045.95,6386.71,3.5,14.674939304019421,17.830882352941178
140497,New User Discount,2024-02-28,All,Email,6519,372,92,3323.24,2385.54,1.98,5.706396686608375,24.731182795698924
781273,Weekend Special,2024-02-28,New Users,App,3782,534,54,3500.2,3219.96,3.47,14.119513484928609,10.112359550561797
531774,Festival Offer,2024-02-28,New Users,SMS,1961,310,35,4159.94,8058.7,3.93,15.80826109127996,11.29032258064516
724346,Flash Sale,2024-02-28,Inactive,SMS,4928,553,93,2923.81,6840.59,3.82,11.221590909090908,16.817359855334537
221563,Membership Drive,2024-02-28,New Users,App,1973,467,83,1749.56,2413.08,2.49,23.66953877344146,17.77301927194861
588079,Category Promotion,2024-02-28,Inactive,App,2975,816,72,4891.95,8602.31,3.61,27.42857142857143,8.823529411764707
918240,App Push Notification,2024-02-28,New Users,SMS,1776,959,79,2006.36,5866.91,2.97,53.99774774774775,8.237747653806048
522712,Email Campaign,2024-02-28,New Users,SMS,2880,319,63,4708.64,8753.95,3.16,11.07638888888889,19.74921630094044
156216,Referral Program,2024-02-28,Inactive,SMS,1197,889,79,3709.75,3528.88,3.45,74.26900584795322,8.886389201349832
858121,New User Discount,2024-02-27,Premium,Social Media,6804,256,100,1496.49,7144.9,3.19,3.76249265138154,39.0625
962466,Weekend Special,2024-02-27,Premium,Social Media,8112,917,81,1920.23,8996.6,2.62,11.304240631163708,8.833151581243184
805693,Festival Offer,2024-02-27,Inactive,SMS,3486,326,37,4154.24,8107.27,2.03,9.351692484222603,11.349693251533742
929588,Flash Sale,2024-02-27,Inactive,Social Media,9306,481,19,4886.48,3327.02,3.51,5.168708360197722,3.9501039501039505
745320,Membership Drive,2024-02-27,All,Email,1481,549,72,1172.84,2294.15,3.98,37.069547602970964,13.114754098360656
222313,Category Promotion,2024-02-27,All,Social Media,6397,143,44,3524.6,5808.56,1.52,2.2354228544630295,30.76923076923077
642607,App Push Notification,2024-02-27,All,Social Media,6009,850,64,3168.61,9652.32,2.13,14.145448493925777,7.529411764705881
783828,Email Campaign,2024-02-27,New Users,Email,9781,484,65,2427.9,3449.89,3.44,4.948369287393927,13.429752066115702
815270,Referral Program,2024-02-27,Inactive,SMS,4192,747,71,3084.85,3851.73,1.76,17.81965648854962,9.504685408299867
638620,New User Discount,2024-02-26,Premium,Email,9612,918,37,4836.36,5909.37,3.48,9.550561797752808,4.030501089324619
172129,Weekend Special,2024-02-26,New Users,Social Media,3732,641,13,4628.44,6518.93,3.84,17.17577706323687,2.02808112324493
794677,Festival Offer,2024-02-26,All,Social Media,7983,376,53,3069.32,9497.35,1.54,4.7100087686333465,14.095744680851062
553680,Flash Sale,2024-02-26,New Users,Email,9025,292,24,2252.52,3926.14,3.03,3.2354570637119116,8.21917808219178
98553,Membership Drive,2024-02-26,New Users,Social Media,1394,132,20,2156.66,2996.69,2.49,9.469153515064562,15.151515151515152
884042,Category Promotion,2024-02-26,New Users,Email,8471,261,51,4485.07,6871.79,3.75,3.0811002242946524,19.54022988505747
437596,App Push Notification,2024-02-26,All,Email,4100,662,79,4759.21,3976.85,2.01,16.146341463414636,11.933534743202417
958791,Email Campaign,2024-02-26,New Users,Email,3511,794,72,2094.33,9954.72,3.85,22.614639703788093,9.06801007556675
23268,Referral Program,2024-02-26,All,SMS,1047,981,92,2280.38,8026.94,3.34,93.69627507163324,9.378185524974516
800479,New User Discount,2024-02-25,New Users,Social Media,9263,861,71,2491.66,3991.03,3.29,9.295044801900032,8.246225319396052
202225,Weekend Special,2024-02-25,Premium,Email,3139,172,30,3360.09,2871.2,3.86,5.47945205479452,17.441860465116278
531965,Festival Offer,2024-02-25,New Users,SMS,5760,861,14,3297.56,5683.89,3.27,14.947916666666666,1.6260162601626018
685577,Flash Sale,2024-02-25,New Users,Email,8671,834,83,3678.07,8867.25,1.85,9.618267789182331,9.952038369304557
424533,Membership Drive,2024-02-25,Inactive,SMS,7078,897,86,3454.09,2756.82,2.81,12.67307148912122,9.587513935340022
953439,Category Promotion,2024-02-25,New Users,App,6148,320,84,4982.21,9378.37,2.1,5.204944697462589,26.25
984163,App Push Notification,2024-02-25,Inactive,App,8394,185,24,2350.96,7267.18,2.99,2.203955206099595,12.972972972972974
425779,Email Campaign,2024-02-25,All,App,1035,368,63,3386.5,9557.96,2.88,35.55555555555556,17.119565217391305
78425,Referral Program,2024-02-25,Premium,Email,8930,994,56,4798.03,4466.82,3.31,11.131019036954088,5.633802816901409
808747,New User Discount,2024-02-24,Inactive,App,5262,370,44,1209.96,7507.52,3.13,7.031546940326871,11.891891891891893
902698,Weekend Special,2024-02-24,New Users,Email,4157,228,53,4953.25,4460.75,3.72,5.484724560981477,23.24561403508772
500036,Festival Offer,2024-02-24,Premium,Social Media,1344,471,16,4132.1,8662.44,2.1,35.044642857142854,3.397027600849257
634868,Flash Sale,2024-02-24,All,Email,7309,590,89,3180.79,7452.11,2.81,8.072239704473937,15.084745762711865
332730,Membership Drive,2024-02-24,New Users,App,5176,698,73,4909.64,8832.05,1.84,13.48531684698609,10.458452722063036
137341,Category Promotion,2024-02-24,New Users,App,9797,189,88,3160.22,3947.84,2.4,1.929161988363785,46.56084656084656
174580,App Push Notification,2024-02-24,Inactive,SMS,6261,138,19,2310.85,5280.85,2.87,2.2041207474844273,13.768115942028986
673417,Email Campaign,2024-02-24,Premium,SMS,4444,632,57,3759.3,3412.86,2.56,14.221422142214221,9.018987341772151
738249,Referral Program,2024-02-24,New Users,App,1135,451,73,1649.09,6562.98,1.72,39.735682819383264,16.186252771618626
477804,New User Discount,2024-02-23,New Users,Email,9471,410,68,1835.79,4825.94,2.53,4.329004329004329,16.585365853658537
559650,Weekend Special,2024-02-23,All,Social Media,2332,512,77,3632.33,7956.22,3.25,21.955403087478558,15.0390625
285195,Festival Offer,2024-02-23,New Users,Email,2080,271,26,3076.49,8918.89,3.21,13.028846153846155,9.59409594095941
629710,Flash Sale,2024-02-23,New Users,SMS,2730,585,99,4072.13,9460.65,2.65,21.428571428571427,16.923076923076923
202246,Membership Drive,2024-02-23,Inactive,Social Media,3269,691,32,3133.68,2813.17,3.2,21.13796267971857,4.630969609261939
934573,Category Promotion,2024-02-23,Premium,App,6259,394,62,1345.3,9582.62,2.27,6.294935293177824,15.736040609137056
918248,App Push Notification,2024-02-23,All,SMS,4370,333,63,2700.7,4156.82,3.62,7.620137299771167,18.91891891891892
711201,Email Campaign,2024-02-23,Premium,App,5825,974,39,1896.5,8440.25,1.82,16.721030042918457,4.004106776180698
566545,Referral Program,2024-02-23,All,Email,8813,777,90,1016.29,6861.97,2.88,8.816521048451152,11.583011583011583
829033,New User Discount,2024-02-22,All,Social Media,3786,272,52,2916.59,5707.56,3.93,7.1843634442683575,19.11764705882353
425677,Weekend Special,2024-02-22,New Users,App,7918,715,90,4918.34,6855.19,3.77,9.030058095478656,12.587412587412588
813967,Festival Offer,2024-02-22,New Users,Email,4008,137,59,2518.73,5752.22,1.64,3.418163672654691,43.06569343065693
655740,Flash Sale,2024-02-22,All,Email,2262,496,46,4278.39,4837.19,3.2,21.927497789566754,9.274193548387096
602442,Membership Drive,2024-02-22,Premium,Email,8807,634,82,4279.64,9683.21,2.79,7.198819121153628,12.933753943217665
480278,Category Promotion,2024-02-22,New Users,SMS,6277,850,92,4954.1,2399.68,2.33,13.541500716902979,10.823529411764705
328427,App Push Notification,2024-02-22,Inactive,Social Media,8342,237,82,3559.09,3050.78,2.92,2.8410453128746105,34.59915611814346
298455,Email Campaign,2024-02-22,Inactive,App,3568,387,41,1262.41,9644.91,2.44,10.846412556053812,10.594315245478036
407771,Referral Program,2024-02-22,Premium,Email,4251,109,28,2742.1,8839.95,3.26,2.564102564102564,25.688073394495415
76704,New User Discount,2024-02-21,All,Email,3386,117,53,1357.95,3215.39,2.49,3.4554046072061433,45.2991452991453
513451,Weekend Special,2024-02-21,Inactive,App,2580,238,76,1248.06,4534.83,2.75,9.224806201550388,31.932773109243694
723660,Festival Offer,2024-02-21,Inactive,SMS,9774,237,52,1937.13,4772.09,1.58,2.424800491098834,21.940928270042196
222388,Flash Sale,2024-02-21,Premium,SMS,6192,621,79,1353.85,7900.48,3.23,10.029069767441861,12.721417069243158
613453,Membership Drive,2024-02-21,Inactive,SMS,3893,438,32,2211.93,7052.88,1.55,11.250963267403032,7.30593607305936
281093,Category Promotion,2024-02-21,Premium,Email,8403,143,26,2918.53,6977.77,3.85,1.7017731762465786,18.181818181818183
869401,App Push Notification,2024-02-21,Premium,Email,7586,963,46,3564.37,9855.76,3.71,12.694437121012392,4.7767393561786085
609693,Email Campaign,2024-02-21,Inactive,Social Media,2382,688,75,1303.08,5687.18,3.22,28.883291351805205,10.901162790697674
526116,Referral Program,2024-02-21,Premium,Email,3319,979,62,1451.48,9766.5,1.53,29.49683639650497,6.332992849846783
253770,New User Discount,2024-02-20,All,App,4975,161,36,4814.62,4219.2,2.37,3.2361809045226133,22.36024844720497
463037,Weekend Special,2024-02-20,Premium,Email,1726,400,33,4775.27,7903.94,3.63,23.174971031286212,8.25
715213,Festival Offer,2024-02-20,New Users,Social Media,2869,934,82,2325.99,4082.07,3.43,32.55489717671662,8.779443254817988
423517,Flash Sale,2024-02-20,New Users,Social Media,8557,641,64,1238.17,9051.14,2.49,7.4909430875306775,9.98439937597504
767952,Membership Drive,2024-02-20,Premium,SMS,5402,944,80,4634.11,7512.24,2.11,17.47500925583117,8.47457627118644
417740,Category Promotion,2024-02-20,New Users,App,1623,966,48,3275.09,3112.22,1.82,59.51940850277264,4.968944099378882
51598,App Push Notification,2024-02-20,All,Social Media,8113,471,100,4989.51,6583.31,2.92,5.805497349932208,21.231422505307858
175990,Email Campaign,2024-02-20,Premium,SMS,4745,146,93,3483.7,2295.22,3.62,3.076923076923077,63.6986301369863
497376,Referral Program,2024-02-20,Inactive,Social Media,1292,896,28,3310.94,7851.11,3.84,69.3498452012384,3.125
736607,New User Discount,2024-02-19,New Users,Social Media,8837,750,35,1204.62,8976.17,2.4,8.48704311417902,4.666666666666667
22032,Weekend Special,2024-02-19,Premium,App,1505,711,86,3742.63,9624.84,2.17,47.24252491694352,12.09563994374121
111220,Festival Offer,2024-02-19,New Users,Email,2878,279,28,2993.24,2143.27,2.11,9.69423210562891,10.03584229390681
982228,Flash Sale,2024-02-19,Premium,App,8812,497,65,2797.34,5066.46,2.36,5.640036314117113,13.078470824949697
991793,Membership Drive,2024-02-19,New Users,Social Media,2971,640,78,3611.45,8684.07,1.81,21.541568495456076,12.1875
51194,Category Promotion,2024-02-19,All,Email,7154,116,80,2565.35,4523.49,3.7,1.6214705060106236,68.96551724137932
910671,App Push Notification,2024-02-19,Premium,SMS,5605,472,14,3707.94,8691.95,3.29,8.421052631578947,2.9661016949152543
986053,Email Campaign,2024-02-19,Premium,Social Media,4710,700,65,3821.21,5360.95,1.99,14.8619957537155,9.285714285714286
237396,Referral Program,2024-02-19,New Users,App,5014,249,41,3242.59,9934.24,2.02,4.966094934184284,16.46586345381526
195911,New User Discount,2024-02-18,Premium,App,1276,904,100,2357.11,8718.11,2.3,70.84639498432603,11.061946902654867
510031,Weekend Special,2024-02-18,Inactive,App,5587,464,25,1538.17,7917.89,2.13,8.30499373545731,5.387931034482758
805438,Festival Offer,2024-02-18,Premium,SMS,3032,780,46,4982.72,7799.25,3.53,25.725593667546175,5.897435897435897
220582,Flash Sale,2024-02-18,Premium,SMS,6497,489,76,4793.47,8327.46,1.68,7.526550715714945,15.541922290388548
805803,Membership Drive,2024-02-18,New Users,App,7243,951,18,3805.65,2164.51,2.76,13.129918542040592,1.8927444794952681
205135,Category Promotion,2024-02-18,Inactive,Email,7416,937,84,1536.33,8572.43,3.12,12.634843581445523,8.964781216648879
994906,App Push Notification,2024-02-18,New Users,App,5342,184,82,1653.48,5282.98,2.24,3.4444028453762634,44.565217391304344
654178,Email Campaign,2024-02-18,Premium,SMS,6904,578,43,3891.58,5980.96,3.58,8.371958285052143,7.439446366782007
333338,Referral Program,2024-02-18,Inactive,Social Media,3157,454,70,4033.43,3470.53,2.49,14.380741210009504,15.418502202643172
872374,New User Discount,2024-02-17,Premium,Social Media,2877,413,17,1427.16,8282.02,2.05,14.355231143552311,4.116222760290557
539039,Weekend Special,2024-02-17,All,App,7617,837,37,4400.3,4380.95,1.65,10.988578180385979,4.4205495818399045
674340,Festival Offer,2024-02-17,New Users,SMS,2879,560,26,1159.76,7101.05,1.91,19.45119833275443,4.642857142857143
512522,Flash Sale,2024-02-17,New Users,Social Media,1804,254,52,1539.93,4570.06,1.63,14.079822616407982,20.47244094488189
511881,Membership Drive,2024-02-17,Inactive,Email,1579,926,68,2181.96,9241.89,3.3,58.64471184293857,7.343412526997841
482417,Category Promotion,2024-02-17,All,Social Media,4629,963,68,4988.24,2115.72,2.37,20.803629293583928,7.061266874350987
718186,App Push Notification,2024-02-17,Premium,Social Media,6800,122,88,4327.97,5645.5,2.89,1.7941176470588234,72.1311475409836
165013,Email Campaign,2024-02-17,All,Social Media,4574,145,62,4133.55,9645.07,1.66,3.170091823349366,42.758620689655174
867965,Referral Program,2024-02-17,Inactive,App,4382,350,69,4168.34,7368.48,2.19,7.987220447284344,19.714285714285715
876134,New User Discount,2024-02-16,New Users,Social Media,4927,159,93,1989.93,2246.1,3.13,3.227115892023544,58.490566037735846
174517,Weekend Special,2024-02-16,New Users,SMS,6518,639,11,3056.96,9530.6,3.77,9.803620742559067,1.7214397496087637
23915,Festival Offer,2024-02-16,Inactive,Email,8430,128,42,1478.19,5756.36,2.77,1.5183867141162515,32.8125
226277,Flash Sale,2024-02-16,Premium,App,5372,532,24,1158.1,6201.6,1.66,9.903201787043932,4.511278195488721
375989,Membership Drive,2024-02-16,New Users,Social Media,4371,109,43,2116.82,8937.53,3.45,2.493708533516358,39.44954128440367
168573,Category Promotion,2024-02-16,All,Email,8720,523,15,4508.09,6723.48,2.41,5.997706422018348,2.8680688336520075
575186,App Push Notification,2024-02-16,Premium,App,4608,551,33,3311.6,8090.78,3.6,11.957465277777777,5.9891107078039925
38495,Email Campaign,2024-02-16,Inactive,Email,4014,396,66,3527.15,7139.79,2.07,9.865470852017937,16.666666666666664
928014,Referral Program,2024-02-16,Premium,App,1103,902,40,2827.19,3033.56,2.55,81.77697189483227,4.434589800443459
63274,New User Discount,2024-02-15,New Users,App,7181,884,91,2822.59,8390.19,1.57,12.31026319454115,10.294117647058822
3703,Weekend Special,2024-02-15,All,SMS,9050,949,10,1971.95,3783.17,2.5,10.486187845303867,1.053740779768177
571011,Festival Offer,2024-02-15,New Users,SMS,8122,217,84,1338.34,2493.62,2.83,2.6717557251908395,38.70967741935484
135759,Flash Sale,2024-02-15,All,Social Media,1454,134,28,2617.6,2589.83,2.78,9.21595598349381,20.8955223880597
326425,Membership Drive,2024-02-15,All,Social Media,8377,688,91,2580.44,5170.87,1.63,8.2129640682822,13.226744186046513
37283,Category Promotion,2024-02-15,Premium,Email,5911,963,81,4538.43,4404.72,1.69,16.291659617661985,8.411214953271028
485208,App Push Notification,2024-02-15,New Users,SMS,1191,165,27,3463.61,8349.32,3.39,13.85390428211587,16.363636363636363
537092,Email Campaign,2024-02-15,New Users,SMS,8629,197,10,4594.21,6740.74,1.86,2.2829991887820142,5.0761421319796955
45116,Referral Program,2024-02-15,All,App,6942,294,68,3067.05,9737.26,3.54,4.235090751944685,23.12925170068027
404515,New User Discount,2024-02-14,All,Email,3240,630,48,1503.28,2429.95,2.48,19.444444444444446,7.6190476190476195
364324,Weekend Special,2024-02-14,New Users,Email,1154,585,55,3970.2,4930.39,2.56,50.69324090121318,9.401709401709402
669920,Festival Offer,2024-02-14,Inactive,Email,8954,599,99,2510.29,2120.29,3.87,6.689747598838508,16.52754590984975
673790,Flash Sale,2024-02-14,Inactive,SMS,1608,820,51,4749.94,3789.9,2.33,50.99502487562189,6.219512195121951
707984,Membership Drive,2024-02-14,All,App,1113,274,52,4945.45,3409.44,2.83,24.61814914645103,18.97810218978102
982984,Category Promotion,2024-02-14,Inactive,Social Media,1757,337,15,2197.37,9911.16,2.22,19.180421172453045,4.451038575667656
861025,App Push Notification,2024-02-14,Premium,App,4720,391,31,1644.63,2687.01,1.95,8.283898305084746,7.928388746803069
821428,Email Campaign,2024-02-14,Inactive,SMS,9648,826,73,2761.54,4603.44,1.68,8.561359867330017,8.837772397094431
578874,Referral Program,2024-02-14,All,SMS,7395,296,20,1891.11,6570.1,1.78,4.002704530087897,6.756756756756757
168936,New User Discount,2024-02-13,Inactive,Email,3452,511,41,2103.5,6440.26,3.6,14.803012746234067,8.023483365949119
263758,Weekend Special,2024-02-13,All,Email,8049,812,30,3087.55,3041.5,3.96,10.088209715492608,3.6945812807881775
811537,Festival Offer,2024-02-13,All,SMS,4205,932,100,1636.28,6087.02,2.39,22.1640903686088,10.72961373390558
474641,Flash Sale,2024-02-13,Premium,App,2224,290,58,3194.45,4646.73,1.79,13.03956834532374,20.0
96526,Membership Drive,2024-02-13,All,SMS,5764,696,62,4914.33,5460.72,2.84,12.074947952810549,8.908045977011495
59928,Category Promotion,2024-02-13,Premium,Social Media,6732,232,83,2894.85,4069.94,3.46,3.4462269756387403,35.775862068965516
966482,App Push Notification,2024-02-13,Inactive,SMS,4171,552,64,1753.79,9531.45,2.27,13.234236394150084,11.594202898550725
142575,Email Campaign,2024-02-13,All,SMS,5636,284,65,1545.72,4210.05,1.51,5.039034776437189,22.887323943661972
427214,Referral Program,2024-02-13,Inactive,Social Media,7486,502,81,1718.92,6432.26,2.64,6.705850921720545,16.135458167330675
49107,New User Discount,2024-02-12,New Users,SMS,2036,780,44,1727.02,5449.99,2.64,38.31041257367387,5.641025641025641
270031,Weekend Special,2024-02-12,All,App,1476,290,36,3186.21,6756.41,2.21,19.647696476964768,12.413793103448276
245137,Festival Offer,2024-02-12,New Users,SMS,2072,154,78,2206.57,4369.8,3.1,7.4324324324324325,50.649350649350644
326388,Flash Sale,2024-02-12,New Users,Social Media,8869,538,81,1019.55,8538.88,1.87,6.066072837974969,15.055762081784389
754740,Membership Drive,2024-02-12,Inactive,SMS,4109,261,55,4700.48,8382.4,3.41,6.351910440496471,21.0727969348659
453747,Category Promotion,2024-02-12,New Users,SMS,8606,323,71,2345.45,8908.45,1.72,3.753195445038345,21.981424148606813
639737,App Push Notification,2024-02-12,New Users,SMS,6316,868,61,1455.9,4715.67,1.57,13.742875237492083,7.027649769585254
489372,Email Campaign,2024-02-12,Inactive,SMS,1351,150,85,1048.58,2684.65,3.37,11.102886750555143,56.666666666666664
993367,Referral Program,2024-02-12,Premium,Social Media,4129,152,53,2673.11,3524.68,2.73,3.6812787599903127,34.868421052631575
559470,New User Discount,2024-02-11,New Users,App,5285,103,67,4453.24,8408.24,2.67,1.9489120151371806,65.0485436893204
156146,Weekend Special,2024-02-11,All,App,6193,516,48,1584.15,2354.4,2.91,8.33198772808009,9.30232558139535
458719,Festival Offer,2024-02-11,Inactive,Email,5236,762,73,1574.26,5418.52,2.46,14.553093964858672,9.580052493438322
933370,Flash Sale,2024-02-11,Inactive,SMS,2057,156,63,4657.35,5467.69,3.26,7.583859990277103,40.38461538461539
150363,Membership Drive,2024-02-11,Premium,Social Media,6609,239,18,3273.48,5955.17,1.95,3.6162808291723407,7.531380753138076
269345,Category Promotion,2024-02-11,All,SMS,3169,453,63,1958.26,8435.62,3.65,14.294730198800885,13.90728476821192
833241,App Push Notification,2024-02-11,Premium,Social Media,9264,394,74,2267.87,6680.68,3.45,4.253022452504318,18.781725888324875
762397,Email Campaign,2024-02-11,New Users,SMS,9186,373,11,4476.46,7234.38,3.93,4.060526888743741,2.949061662198391
253478,Referral Program,2024-02-11,All,Email,1317,494,77,2371.75,8168.56,2.2,37.50949126803341,15.587044534412955
260104,New User Discount,2024-02-10,All,Social Media,1217,558,44,4641.27,5679.49,2.99,45.85045193097781,7.885304659498208
299739,Weekend Special,2024-02-10,All,App,2934,135,32,3414.0,4020.88,3.63,4.601226993865031,23.703703703703706
911228,Festival Offer,2024-02-10,All,App,5164,994,83,1891.55,5715.13,3.93,19.24864446165763,8.350100603621732
352007,Flash Sale,2024-02-10,Inactive,SMS,5521,396,51,4035.3,7435.43,1.57,7.172613656946206,12.878787878787879
459371,Membership Drive,2024-02-10,New Users,App,5453,934,67,1980.26,8425.95,1.61,17.12818631945718,7.173447537473233
456390,Category Promotion,2024-02-10,Inactive,SMS,8561,196,66,1839.8,2427.61,3.55,2.2894521668029433,33.6734693877551
458463,App Push Notification,2024-02-10,New Users,SMS,2968,520,14,4438.01,9058.71,3.16,17.52021563342318,2.6923076923076925
226900,Email Campaign,2024-02-10,New Users,App,3742,890,74,2043.25,4816.4,2.29,23.784072688401924,8.314606741573034
340905,Referral Program,2024-02-10,Premium,Social Media,2956,949,41,4878.01,9060.87,2.66,32.1041948579161,4.3203371970495255
991753,New User Discount,2024-02-09,New Users,SMS,5853,907,90,2326.79,7625.66,1.93,15.496326670083718,9.922822491730981
489155,Weekend Special,2024-02-09,Premium,App,1940,943,77,3433.51,4119.79,1.74,48.608247422680414,8.16542948038176
167955,Festival Offer,2024-02-09,Premium,App,4545,418,19,1485.68,5519.82,3.24,9.196919691969196,4.545454545454546
760297,Flash Sale,2024-02-09,New Users,App,1946,381,41,3602.14,8773.32,3.9,19.578622816032887,10.761154855643044
865385,Membership Drive,2024-02-09,New Users,Social Media,2858,726,74,1753.74,2068.88,3.32,25.40237928621414,10.192837465564738
701730,Category Promotion,2024-02-09,All,Email,1583,305,71,2940.64,8325.66,3.91,19.267214150347442,23.278688524590162
967030,App Push Notification,2024-02-09,Inactive,App,6180,389,13,4015.1,2903.03,2.96,6.294498381877023,3.3419023136246784
611398,Email Campaign,2024-02-09,New Users,SMS,9619,899,16,1598.64,8914.28,2.37,9.346085871712235,1.7797552836484982
766713,Referral Program,2024-02-09,Inactive,Social Media,1386,467,29,1528.7,8776.21,1.57,33.694083694083695,6.209850107066381
199888,New User Discount,2024-02-08,Inactive,App,5367,458,64,3615.63,3592.19,3.01,8.533631451462643,13.973799126637553
386930,Weekend Special,2024-02-08,All,Social Media,9406,611,53,2441.45,6922.84,3.79,6.495853710397618,8.674304418985269
129426,Festival Offer,2024-02-08,Inactive,Social Media,2632,824,21,4248.01,4984.15,3.07,31.30699088145897,2.5485436893203883
34599,Flash Sale,2024-02-08,All,Email,2801,171,54,1360.63,5629.26,2.62,6.104962513388076,31.57894736842105
934324,Membership Drive,2024-02-08,All,Social Media,9519,940,61,3688.77,9841.53,1.72,9.874986868368527,6.489361702127659
802454,Category Promotion,2024-02-08,Inactive,SMS,5140,256,33,2503.83,9827.21,2.86,4.980544747081712,12.890625
828961,App Push Notification,2024-02-08,Premium,Email,6453,678,72,4243.84,3513.21,2.94,10.506741050674105,10.619469026548673
165387,Email Campaign,2024-02-08,New Users,App,5393,747,99,4650.71,5070.35,2.46,13.851288707583906,13.253012048192772
521328,Referral Program,2024-02-08,All,SMS,8618,539,97,3614.14,9768.38,3.9,6.254351357623579,17.996289424860855
952072,New User Discount,2024-02-07,Premium,App,6326,329,20,2477.25,4434.61,4.0,5.200758773316472,6.079027355623101
457471,Weekend Special,2024-02-07,All,Social Media,6583,663,18,4755.62,3096.53,2.68,10.071396020051647,2.7149321266968327
684718,Festival Offer,2024-02-07,Inactive,SMS,1535,489,86,3590.36,5897.36,2.71,31.856677524429966,17.586912065439673
465629,Flash Sale,2024-02-07,New Users,Email,1247,869,57,2702.94,8394.26,1.95,69.68724939855655,6.559263521288838
791173,Membership Drive,2024-02-07,New Users,SMS,1009,634,98,2572.38,3157.19,3.61,62.83448959365708,15.457413249211358
927550,Category Promotion,2024-02-07,New Users,SMS,7177,284,88,1973.5,6671.14,3.53,3.9570851330639543,30.985915492957744
39386,App Push Notification,2024-02-07,New Users,Social Media,7171,142,92,2292.93,2477.85,3.07,1.9801980198019802,64.7887323943662
950342,Email Campaign,2024-02-07,Inactive,App,1078,142,10,3125.22,7051.83,2.38,13.172541743970315,7.042253521126761
951888,Referral Program,2024-02-07,All,Social Media,7761,500,73,1514.56,3569.29,2.85,6.442468754026542,14.6
71320,New User Discount,2024-02-06,Premium,SMS,3618,573,67,1784.75,5049.29,3.91,15.837479270315091,11.69284467713787
212759,Weekend Special,2024-02-06,New Users,Email,9421,933,44,3372.53,7641.4,2.43,9.903407281604926,4.715969989281887
652574,Festival Offer,2024-02-06,Premium,Social Media,9908,663,57,3160.43,6679.25,3.27,6.6915623738393215,8.597285067873303
152682,Flash Sale,2024-02-06,Premium,Social Media,6302,961,67,1501.58,6017.53,2.15,15.249127261186926,6.971904266389179
239444,Membership Drive,2024-02-06,All,Social Media,4359,724,55,3081.79,7400.23,3.73,16.609314062858456,7.596685082872928
603068,Category Promotion,2024-02-06,New Users,Social Media,4653,531,49,1370.09,7525.75,2.33,11.411992263056092,9.227871939736348
317486,App Push Notification,2024-02-06,Premium,App,7645,990,13,1277.74,9932.91,3.38,12.949640287769784,1.3131313131313131
666472,Email Campaign,2024-02-06,New Users,Email,4485,899,46,2335.85,2902.47,2.57,20.04459308807135,5.116796440489433
822630,Referral Program,2024-02-06,New Users,Social Media,6746,417,57,2237.44,6629.42,1.62,6.181440853839312,13.66906474820144
288880,New User Discount,2024-02-05,Premium,Social Media,5846,665,31,1315.12,7760.38,1.97,11.375299349982894,4.661654135338346
380901,Weekend Special,2024-02-05,Premium,App,4565,569,36,4630.21,6206.79,1.81,12.464403066812705,6.32688927943761
913385,Festival Offer,2024-02-05,Premium,App,9182,752,18,1054.3,3110.95,2.18,8.189936832934002,2.393617021276596
186544,Flash Sale,2024-02-05,All,App,4647,449,11,3554.73,5152.28,2.78,9.662147622121799,2.4498886414253898
476911,Membership Drive,2024-02-05,All,Email,6364,164,65,4108.66,5285.59,3.64,2.576995600251414,39.63414634146341
788001,Category Promotion,2024-02-05,All,App,1966,851,56,3525.18,8224.17,3.91,43.28585961342828,6.580493537015276
561353,App Push Notification,2024-02-05,All,Email,8657,843,72,2442.36,8669.66,2.23,9.737784451888645,8.540925266903916
280581,Email Campaign,2024-02-05,Premium,Email,8666,740,95,2495.45,3971.69,2.5,8.539118393722594,12.837837837837837
840541,Referral Program,2024-02-05,Premium,Social Media,1932,454,88,3978.55,7397.89,2.33,23.49896480331263,19.383259911894275
215823,New User Discount,2024-02-04,Premium,SMS,4657,736,94,1341.58,4044.92,3.01,15.804165771956194,12.771739130434783
185268,Weekend Special,2024-02-04,All,Email,9562,881,93,2007.62,6934.65,3.89,9.213553649864044,10.556186152099887
715807,Festival Offer,2024-02-04,Inactive,App,2171,465,19,2084.11,9400.47,2.61,21.41870105941962,4.086021505376344
385198,Flash Sale,2024-02-04,New Users,Email,8610,877,93,4217.88,2720.84,1.8,10.185830429732869,10.604332953249715
791713,Membership Drive,2024-02-04,Premium,SMS,2840,396,81,3345.54,4037.54,2.75,13.943661971830986,20.454545454545457
349776,Category Promotion,2024-02-04,All,Social Media,3184,636,81,3219.79,4161.19,3.23,19.974874371859297,12.735849056603774
710286,App Push Notification,2024-02-04,All,App,9913,677,15,3678.35,4072.89,3.33,6.829415918490871,2.2156573116691285
158988,Email Campaign,2024-02-04,Premium,Social Media,7751,780,44,2113.77,6012.06,2.88,10.06321764933557,5.641025641025641
549778,Referral Program,2024-02-04,Premium,SMS,9678,248,52,2143.44,9972.95,3.15,2.5625129158917135,20.967741935483872
257666,New User Discount,2024-02-03,All,Email,2011,256,57,4869.06,6622.63,2.91,12.729985082048731,22.265625
255343,Weekend Special,2024-02-03,New Users,Social Media,3376,1000,76,2802.04,9258.1,2.13,29.620853080568722,7.6
815304,Festival Offer,2024-02-03,New Users,Social Media,5576,799,55,4452.21,2553.47,2.75,14.329268292682926,6.88360450563204
156392,Flash Sale,2024-02-03,Premium,SMS,1642,372,30,1793.48,9832.31,3.96,22.655298416565163,8.064516129032258
917704,Membership Drive,2024-02-03,New Users,SMS,8859,961,53,1497.98,9415.62,2.55,10.84772547691613,5.515088449531738
376291,Category Promotion,2024-02-03,Premium,App,1786,883,27,1919.98,4961.39,2.87,49.44008958566629,3.057757644394111
696082,App Push Notification,2024-02-03,All,Email,4746,631,58,3498.12,5415.96,3.09,13.295406658238518,9.19175911251981
879636,Email Campaign,2024-02-03,New Users,App,5772,709,19,1602.09,9150.17,1.63,12.283437283437284,2.6798307475317347
141009,Referral Program,2024-02-03,Premium,App,8935,198,79,2070.02,4893.72,3.87,2.2160044767767206,39.8989898989899
821056,New User Discount,2024-02-02,New Users,Social Media,7157,233,68,1005.23,7465.65,1.88,3.2555540030739136,29.184549356223176
256875,Weekend Special,2024-02-02,Inactive,App,4080,302,93,1810.32,9236.31,3.82,7.401960784313726,30.79470198675497
284324,Festival Offer,2024-02-02,New Users,SMS,9645,792,78,4873.1,2880.42,3.86,8.211508553654744,9.848484848484848
51639,Flash Sale,2024-02-02,All,Email,1542,346,95,2065.86,8298.23,1.84,22.43839169909209,27.45664739884393
744196,Membership Drive,2024-02-02,All,Email,4172,477,65,2430.33,8414.56,1.78,11.433365292425696,13.626834381551362
795171,Category Promotion,2024-02-02,All,Email,8545,692,26,3098.49,2176.08,3.8,8.098303101228788,3.7572254335260116
628065,App Push Notification,2024-02-02,Premium,Social Media,6200,346,40,4837.34,3600.84,1.73,5.580645161290323,11.560693641618498
6116,Email Campaign,2024-02-02,Inactive,App,5924,837,33,1894.16,3095.61,1.97,14.12896691424713,3.942652329749104
248921,Referral Program,2024-02-02,Premium,Email,3048,156,90,4358.09,5344.89,3.42,5.118110236220472,57.692307692307686
268057,New User Discount,2024-02-01,Premium,Social Media,1793,480,34,3831.38,6711.92,3.96,26.770775237032908,7.083333333333333
727511,Weekend Special,2024-02-01,Inactive,Email,2114,694,89,3524.33,9190.98,1.91,32.82876064333018,12.82420749279539
380831,Festival Offer,2024-02-01,All,Email,7422,850,35,3522.68,4145.0,2.96,11.452438695769334,4.117647058823529
392154,Flash Sale,2024-02-01,New Users,Social Media,4317,621,24,4149.66,8031.67,2.46,14.384989576094508,3.864734299516908
430047,Membership Drive,2024-02-01,Premium,App,1610,934,12,1183.09,8356.91,1.75,58.01242236024845,1.284796573875803
428461,Category Promotion,2024-02-01,New Users,App,7819,875,17,3344.6,9394.36,2.25,11.190689346463742,1.9428571428571426
770860,App Push Notification,2024-02-01,All,App,4481,895,30,1417.55,3331.12,2.16,19.973220263334078,3.35195530726257
727614,Email Campaign,2024-02-01,New Users,SMS,1090,226,75,2254.51,3728.33,2.44,20.733944954128443,33.1858407079646
870966,Referral Program,2024-02-01,Premium,Email,7498,509,78,4755.23,2119.9,3.94,6.788476927180581,15.324165029469548
661983,New User Discount,2024-01-31,Premium,App,5637,306,23,4011.03,9507.32,2.29,5.4284193720063865,7.516339869281046
571618,Weekend Special,2024-01-31,Inactive,Email,4773,972,80,2786.99,8795.33,2.18,20.364550597108735,8.23045267489712
866265,Festival Offer,2024-01-31,All,Social Media,4189,292,15,2767.17,3593.81,3.84,6.970637383623776,5.136986301369863
718238,Flash Sale,2024-01-31,New Users,Social Media,2841,489,35,3286.25,4120.72,2.29,17.212249208025344,7.157464212678937
87648,Membership Drive,2024-01-31,All,Email,7404,383,31,4060.89,5647.77,1.94,5.172879524581307,8.093994778067886
50840,Category Promotion,2024-01-31,All,App,2846,132,29,1576.42,9130.17,3.87,4.638088545326775,21.96969696969697
310731,App Push Notification,2024-01-31,Premium,App,8335,358,67,4475.74,2299.61,2.1,4.295140971805639,18.71508379888268
573283,Email Campaign,2024-01-31,All,Social Media,5463,903,83,1424.37,7611.28,3.9,16.529379461834157,9.191583610188262
998954,Referral Program,2024-01-31,Inactive,App,2088,160,54,1610.06,6302.15,3.89,7.662835249042145,33.75
514235,New User Discount,2024-01-30,New Users,SMS,3100,168,64,2067.92,9501.86,3.23,5.419354838709677,38.095238095238095
463287,Weekend Special,2024-01-30,New Users,Email,9682,851,68,2819.2,3798.08,2.62,8.789506300351167,7.9905992949471205
520029,Festival Offer,2024-01-30,All,Email,9077,102,81,3068.93,6961.2,3.65,1.1237192905144873,79.41176470588235
668197,Flash Sale,2024-01-30,Inactive,SMS,3441,871,79,3648.86,3795.51,3.37,25.31240918337693,9.07003444316877
575245,Membership Drive,2024-01-30,Inactive,App,5258,169,40,4053.44,4516.01,3.09,3.214149866869532,23.668639053254438
651159,Category Promotion,2024-01-30,Premium,SMS,9218,592,39,1991.13,3485.67,3.99,6.422217400737687,6.587837837837837
847682,App Push Notification,2024-01-30,New Users,Social Media,4643,509,55,2169.74,9742.35,2.79,10.962739608012061,10.805500982318271
397099,Email Campaign,2024-01-30,New Users,SMS,1288,911,78,4152.54,3123.54,3.51,70.72981366459628,8.562019758507136
676217,Referral Program,2024-01-30,Inactive,Social Media,4135,346,79,4930.93,9575.27,3.39,8.367593712212818,22.832369942196532
632134,New User Discount,2024-01-29,Premium,Social Media,7199,276,64,2569.44,4358.1,3.35,3.8338658146964857,23.18840579710145
484219,Weekend Special,2024-01-29,New Users,SMS,9620,586,61,2333.17,6587.38,2.57,6.091476091476092,10.409556313993173
443256,Festival Offer,2024-01-29,Premium,Social Media,8062,621,51,3503.02,5100.34,3.58,7.702803274621682,8.212560386473431
712998,Flash Sale,2024-01-29,New Users,App,5649,579,25,1215.83,4660.14,2.63,10.249601699415827,4.317789291882556
82236,Membership Drive,2024-01-29,All,Email,4659,995,80,4483.58,8309.98,1.78,21.356514273449235,8.040201005025125
101448,Category Promotion,2024-01-29,Inactive,SMS,3358,528,27,1294.04,4264.3,2.01,15.723645026801666,5.113636363636364
43531,App Push Notification,2024-01-29,New Users,App,8040,513,59,2721.11,5736.21,1.99,6.380597014925374,11.500974658869396
490117,Email Campaign,2024-01-29,Premium,Email,7312,676,55,4393.26,5675.83,2.58,9.24507658643326,8.136094674556213
165375,Referral Program,2024-01-29,New Users,Social Media,7580,825,41,1300.37,9699.51,2.13,10.883905013192612,4.96969696969697
823389,New User Discount,2024-01-28,Premium,Email,6791,324,39,2506.68,3872.1,3.84,4.7710204682668245,12.037037037037036
147727,Weekend Special,2024-01-28,New Users,Social Media,4971,262,30,3338.79,5867.08,2.48,5.270569301951317,11.450381679389313
952231,Festival Offer,2024-01-28,Inactive,Email,4758,640,41,1699.36,2765.41,2.39,13.451029844472467,6.406249999999999
650676,Flash Sale,2024-01-28,All,SMS,1459,587,26,1863.35,3684.43,2.12,40.23303632625086,4.429301533219761
422615,Membership Drive,2024-01-28,All,SMS,6429,626,25,1819.32,3636.35,3.3,9.73712863586872,3.993610223642172
133692,Category Promotion,2024-01-28,New Users,Social Media,2248,891,91,1791.34,3550.14,1.63,39.63523131672598,10.21324354657688
907493,App Push Notification,2024-01-28,Premium,App,1650,518,75,4815.24,6718.68,3.09,31.393939393939398,14.478764478764477
640488,Email Campaign,2024-01-28,Premium,SMS,7790,981,49,3360.95,7718.86,1.72,12.593068035943517,4.994903160040775
56597,Referral Program,2024-01-28,Premium,SMS,4946,416,80,2868.11,4311.14,2.39,8.41083704003235,19.230769230769234
519276,New User Discount,2024-01-27,Inactive,Social Media,2388,767,15,3251.25,9317.81,1.96,32.11892797319933,1.955671447196871
338845,Weekend Special,2024-01-27,Premium,SMS,2430,667,97,2509.83,6977.65,1.73,27.44855967078189,14.54272863568216
511002,Festival Offer,2024-01-27,All,App,9687,648,93,4592.76,8431.15,2.13,6.689377516258904,14.351851851851851
308799,Flash Sale,2024-01-27,Premium,SMS,2440,178,80,4527.05,2217.52,1.65,7.295081967213115,44.9438202247191
982855,Membership Drive,2024-01-27,Inactive,Social Media,2427,592,67,2170.23,2769.67,1.61,24.392253811289656,11.317567567567567
219590,Category Promotion,2024-01-27,Inactive,Email,7262,761,97,1123.52,2145.33,3.18,10.479206830074359,12.746386333771353
566022,App Push Notification,2024-01-27,Inactive,Social Media,3609,632,39,4827.3,2746.65,2.04,17.511776115267388,6.170886075949367
427696,Email Campaign,2024-01-27,Inactive,SMS,9788,370,52,1782.74,2287.25,2.45,3.7801389456477317,14.054054054054054
701056,Referral Program,2024-01-27,New Users,App,6381,366,55,4303.32,4554.14,2.08,5.7357780912082745,15.027322404371585
983545,New User Discount,2024-01-26,Inactive,App,2027,321,41,2286.03,4200.9,2.58,15.836211149481993,12.77258566978193
814923,Weekend Special,2024-01-26,All,Email,5084,622,30,1340.59,6128.43,3.57,12.234461054287962,4.823151125401929
798547,Festival Offer,2024-01-26,Inactive,SMS,4215,360,77,3810.19,3270.37,3.44,8.540925266903916,21.38888888888889
537485,Flash Sale,2024-01-26,Premium,SMS,8625,378,12,3617.16,7283.86,3.44,4.3826086956521735,3.1746031746031744
181056,Membership Drive,2024-01-26,New Users,SMS,3807,506,56,2131.66,4020.78,2.12,13.291305489887051,11.067193675889328
527224,Category Promotion,2024-01-26,Premium,Social Media,3837,951,65,2905.54,8309.5,3.69,24.784988272087567,6.8349106203995795
480513,App Push Notification,2024-01-26,Premium,Email,8006,613,23,1764.14,9034.27,2.19,7.656757431926055,3.7520391517128875
519640,Email Campaign,2024-01-26,New Users,App,2693,472,56,4224.12,3039.56,3.34,17.5269216487189,11.864406779661017
952220,Referral Program,2024-01-26,Premium,SMS,4145,212,69,1642.93,8374.55,2.87,5.1145958986731,32.54716981132076
989545,New User Discount,2024-01-25,New Users,Social Media,3848,422,55,3188.79,5705.68,3.73,10.966735966735968,13.033175355450238
92014,Weekend Special,2024-01-25,Inactive,App,2090,305,37,4579.67,5863.75,2.31,14.5933014354067,12.131147540983607
67208,Festival Offer,2024-01-25,Inactive,App,6898,665,36,4333.08,8167.11,3.86,9.64047550014497,5.413533834586466
481401,Flash Sale,2024-01-25,All,App,2124,327,47,2662.49,7003.86,2.12,15.3954802259887,14.37308868501529
171569,Membership Drive,2024-01-25,All,App,2045,150,55,4628.94,2793.4,1.88,7.334963325183375,36.666666666666664
123320,Category Promotion,2024-01-25,Premium,SMS,6254,466,36,3782.4,8349.81,3.09,7.451231212024305,7.725321888412018
831284,App Push Notification,2024-01-25,New Users,Email,4259,794,24,1877.1,5013.21,2.37,18.642873914064335,3.022670025188917
489333,Email Campaign,2024-01-25,New Users,Social Media,3501,997,88,3639.02,3107.34,3.48,28.47757783490431,8.826479438314944
748477,Referral Program,2024-01-25,All,Social Media,2610,766,56,4622.33,5973.15,3.73,29.34865900383142,7.310704960835509
22970,New User Discount,2024-01-24,New Users,Social Media,7294,677,20,1030.24,5705.55,2.68,9.28160131615026,2.954209748892171
754604,Weekend Special,2024-01-24,Inactive,App,3475,461,44,4364.65,7451.5,2.48,13.266187050359711,9.544468546637743
771743,Festival Offer,2024-01-24,New Users,Email,1882,217,98,1743.58,2541.18,2.57,11.53028692879915,45.16129032258064
149502,Flash Sale,2024-01-24,All,SMS,1119,151,91,3540.21,3172.87,2.44,13.494191242180516,60.264900662251655
39416,Membership Drive,2024-01-24,Premium,SMS,1867,823,72,1922.26,4140.24,1.85,44.081414033208354,8.748481166464156
195934,Category Promotion,2024-01-24,New Users,Email,7985,411,64,3685.87,4196.61,3.6,5.147150907952411,15.571776155717762
30242,App Push Notification,2024-01-24,New Users,Social Media,3303,571,58,1456.14,7310.01,3.71,17.287314562518922,10.157618213660244
234195,Email Campaign,2024-01-24,All,App,4528,992,94,2890.44,6643.35,2.18,21.908127208480565,9.475806451612904
775294,Referral Program,2024-01-24,Inactive,SMS,4672,675,22,1475.71,8973.73,2.83,14.44777397260274,3.259259259259259
144186,New User Discount,2024-01-23,New Users,Email,2467,372,88,3584.36,5519.34,3.88,15.079043372517228,23.655913978494624
911657,Weekend Special,2024-01-23,Premium,Email,1429,352,36,1141.99,9029.82,1.94,24.632610216934918,10.227272727272728
685193,Festival Offer,2024-01-23,New Users,SMS,5627,455,24,1870.2,5724.79,2.83,8.08601386173805,5.274725274725275
150268,Flash Sale,2024-01-23,All,SMS,6844,221,48,1468.16,4959.62,3.19,3.2291057860900056,21.71945701357466
668474,Membership Drive,2024-01-23,Inactive,SMS,5088,712,74,2677.92,3455.4,3.55,13.9937106918239,10.393258426966293
324412,Category Promotion,2024-01-23,New Users,Social Media,3108,536,82,1999.66,2766.71,2.37,17.245817245817246,15.298507462686567
904936,App Push Notification,2024-01-23,Premium,Email,3233,254,56,1140.7,5280.02,2.71,7.856480049489638,22.04724409448819
146007,Email Campaign,2024-01-23,New Users,App,8836,421,57,1589.0,7130.13,2.1,4.764599366229063,13.539192399049881
434842,Referral Program,2024-01-23,New Users,SMS,7127,674,96,4215.54,7881.17,3.98,9.456994527851831,14.243323442136498
76407,New User Discount,2024-01-22,New Users,Email,2288,705,22,4923.25,2398.11,2.11,30.812937062937063,3.120567375886525
126544,Weekend Special,2024-01-22,Inactive,SMS,7749,489,92,3966.18,7440.33,2.93,6.310491676345335,18.813905930470348
193975,Festival Offer,2024-01-22,Premium,SMS,1293,211,14,3056.63,5321.67,2.22,16.318638824439287,6.6350710900473935
779336,Flash Sale,2024-01-22,Inactive,App,9958,941,17,4860.58,2280.41,3.11,9.449688692508536,1.8065887353878853
57325,Membership Drive,2024-01-22,Inactive,Social Media,7439,173,30,1089.39,9691.22,2.73,2.3255813953488373,17.341040462427745
981064,Category Promotion,2024-01-22,New Users,Social Media,7112,231,92,1103.41,7178.46,2.94,3.2480314960629917,39.82683982683983
58459,App Push Notification,2024-01-22,All,App,5070,203,88,4098.57,5500.96,3.76,4.003944773175543,43.34975369458128
746951,Email Campaign,2024-01-22,All,Email,6888,798,66,2490.68,8226.59,3.14,11.585365853658537,8.270676691729323
274731,Referral Program,2024-01-22,Inactive,SMS,6414,565,83,4303.44,6179.95,2.66,8.808855628313065,14.690265486725664
702015,New User Discount,2024-01-21,Premium,Social Media,4073,698,44,4239.44,3164.85,3.12,17.13724527375399,6.303724928366762
396622,Weekend Special,2024-01-21,New Users,Email,5611,901,83,4659.83,9418.14,2.92,16.05774371769738,9.211986681465039
424066,Festival Offer,2024-01-21,All,App,3230,749,37,2002.95,6803.4,2.92,23.188854489164086,4.939919893190922
756332,Flash Sale,2024-01-21,Premium,Social Media,1711,853,57,1441.64,7532.42,3.03,49.85388661601402,6.682297772567409
799847,Membership Drive,2024-01-21,Inactive,Social Media,8518,351,48,4671.6,8530.4,2.42,4.120685606949989,13.675213675213676
822582,Category Promotion,2024-01-21,Inactive,SMS,7045,623,94,1595.55,9828.14,3.9,8.843151171043292,15.08828250401284
841684,App Push Notification,2024-01-21,Premium,App,1543,908,16,1729.1,6688.51,2.55,58.846403110823076,1.762114537444934
775086,Email Campaign,2024-01-21,Premium,App,4183,993,68,3528.84,3913.31,3.29,23.738943342098974,6.847935548841893
754300,Referral Program,2024-01-21,Inactive,SMS,8576,122,66,2062.71,3777.19,1.85,1.4225746268656716,54.09836065573771
449822,New User Discount,2024-01-20,Inactive,App,3016,649,98,1709.46,5833.62,1.87,21.518567639257295,15.10015408320493
312110,Weekend Special,2024-01-20,Inactive,SMS,5496,526,99,3221.52,7884.88,2.7,9.570596797671033,18.8212927756654
722136,Festival Offer,2024-01-20,Premium,Email,2822,925,55,1823.31,6615.58,3.97,32.778171509567684,5.9459459459459465
844551,Flash Sale,2024-01-20,Premium,Email,4808,208,18,4854.56,3271.21,2.21,4.326123128119801,8.653846153846153
484254,Membership Drive,2024-01-20,All,App,5901,585,74,4356.5,2753.63,2.94,9.913573970513474,12.649572649572649
117816,Category Promotion,2024-01-20,Premium,Email,5633,876,82,4289.46,4461.97,3.5,15.55121604828688,9.360730593607306
175472,App Push Notification,2024-01-20,New Users,SMS,2906,596,89,4577.3,4359.12,3.78,20.50929112181693,14.93288590604027
610198,Email Campaign,2024-01-20,New Users,App,7758,931,53,4293.73,5883.83,2.25,12.0005155968033,5.692803437164339
544595,Referral Program,2024-01-20,Inactive,Social Media,8117,646,79,1727.52,9404.79,2.13,7.958605396082296,12.229102167182662
79110,New User Discount,2024-01-19,All,Email,6797,933,82,1481.47,7297.06,1.62,13.726644107694572,8.788853161843516
61001,Weekend Special,2024-01-19,All,SMS,1823,393,38,2446.83,8409.55,2.18,21.557871640153593,9.669211195928753
326662,Festival Offer,2024-01-19,All,Email,5456,563,30,4521.5,6368.59,1.66,10.318914956011731,5.328596802841918
127093,Flash Sale,2024-01-19,Premium,Email,5560,821,20,4933.56,5928.46,1.67,14.766187050359711,2.4360535931790497
350227,Membership Drive,2024-01-19,Premium,SMS,3893,407,42,3110.13,2248.77,2.51,10.45466221423067,10.319410319410318
856112,Category Promotion,2024-01-19,Premium,Email,3541,203,92,1535.59,7574.02,3.35,5.732843829426716,45.320197044334975
894649,App Push Notification,2024-01-19,New Users,App,2282,636,42,4331.98,5993.75,3.82,27.870289219982467,6.60377358490566
284835,Email Campaign,2024-01-19,New Users,Email,8116,784,78,1403.75,7632.99,2.54,9.659931000492854,9.948979591836734
71078,Referral Program,2024-01-19,Inactive,Social Media,7034,297,38,1826.24,3322.4,2.61,4.222348592550469,12.794612794612794
741266,New User Discount,2024-01-18,New Users,SMS,6589,160,48,2490.98,9719.69,3.46,2.4282895735316434,30.0
250629,Weekend Special,2024-01-18,New Users,SMS,4571,829,94,1837.23,3839.93,2.21,18.13607525705535,11.338962605548854
238928,Festival Offer,2024-01-18,Inactive,App,6696,477,86,2991.02,8294.33,3.85,7.123655913978495,18.029350104821802
197296,Flash Sale,2024-01-18,Inactive,Email,2875,606,28,3536.31,5894.97,2.87,21.07826086956522,4.62046204620462
416285,Membership Drive,2024-01-18,Premium,App,8269,212,39,3252.6,8254.13,1.77,2.5637924779296166,18.39622641509434
501490,Category Promotion,2024-01-18,Inactive,SMS,4065,765,38,2928.03,6464.15,3.75,18.81918819188192,4.967320261437909
833561,App Push Notification,2024-01-18,All,SMS,1452,521,61,1017.16,3521.31,2.46,35.88154269972452,11.708253358925145
721672,Email Campaign,2024-01-18,New Users,SMS,5960,297,95,3195.01,5159.67,3.93,4.983221476510067,31.986531986531986
630017,Referral Program,2024-01-18,Premium,SMS,6879,310,45,4306.27,3149.0,2.71,4.506468963512138,14.516129032258066
932966,New User Discount,2024-01-17,All,App,7828,830,41,3179.42,5070.31,3.58,10.602963719979561,4.9397590361445785
854453,Weekend Special,2024-01-17,Premium,Social Media,9700,894,84,3820.86,3129.44,3.94,9.216494845360824,9.395973154362416
43278,Festival Offer,2024-01-17,Inactive,App,8266,805,59,3810.12,8723.62,2.25,9.738688603919671,7.329192546583851
765753,Flash Sale,2024-01-17,Premium,App,2938,793,13,1616.2,4148.32,1.81,26.991150442477874,1.639344262295082
93593,Membership Drive,2024-01-17,All,Social Media,2271,303,28,1583.49,7333.4,3.24,13.34214002642008,9.24092409240924
951717,Category Promotion,2024-01-17,New Users,App,2396,725,25,3537.65,8547.07,3.31,30.258764607679467,3.4482758620689653
105853,App Push Notification,2024-01-17,All,Email,4132,183,59,3234.9,7372.54,3.91,4.428848015488867,32.240437158469945
687004,Email Campaign,2024-01-17,All,App,7989,719,49,3518.56,8986.91,2.29,8.999874827888346,6.815020862308763
242958,Referral Program,2024-01-17,New Users,Email,8371,759,73,2316.8,3182.6,2.98,9.067017082785808,9.617918313570488
148234,New User Discount,2024-01-16,New Users,SMS,2054,550,39,4818.36,4395.44,3.09,26.777020447906523,7.090909090909091
222915,Weekend Special,2024-01-16,New Users,SMS,6411,720,25,3504.42,5283.15,3.77,11.230697239120262,3.4722222222222223
88903,Festival Offer,2024-01-16,All,Social Media,1951,673,37,2232.42,2087.52,1.77,34.495130702203994,5.49777117384844
832031,Flash Sale,2024-01-16,Premium,Email,3638,158,14,2944.18,7561.4,3.3,4.34304562946674,8.860759493670885
665953,Membership Drive,2024-01-16,Premium,Social Media,9972,955,22,3567.81,3200.42,3.46,9.576815082230244,2.3036649214659684
490812,Category Promotion,2024-01-16,All,Email,1918,308,57,3150.05,9714.45,3.52,16.05839416058394,18.506493506493506
447080,App Push Notification,2024-01-16,Inactive,SMS,5967,320,78,2173.06,7394.68,3.17,5.362828892240657,24.375
143947,Email Campaign,2024-01-16,Inactive,SMS,2929,907,65,4402.84,3449.92,2.13,30.96620006828269,7.166482910694598
855664,Referral Program,2024-01-16,All,Email,7546,128,17,1950.4,7012.29,3.76,1.6962629207527165,13.28125
206956,New User Discount,2024-01-15,All,App,6097,896,34,4494.18,9745.84,2.49,14.695752009184845,3.7946428571428568
518663,Weekend Special,2024-01-15,Inactive,Email,5560,161,34,2575.73,7750.67,3.82,2.89568345323741,21.11801242236025
852534,Festival Offer,2024-01-15,Premium,App,3810,500,48,2032.86,4901.26,3.01,13.123359580052494,9.6
274268,Flash Sale,2024-01-15,Premium,App,7052,783,49,1934.25,3134.36,1.82,11.10323312535451,6.257982120051085
886791,Membership Drive,2024-01-15,Premium,Social Media,4608,680,23,4207.51,9354.21,3.16,14.756944444444445,3.3823529411764706
935956,Category Promotion,2024-01-15,New Users,App,1197,646,57,3431.85,6518.24,1.71,53.96825396825397,8.823529411764707
534114,App Push Notification,2024-01-15,Inactive,SMS,5579,637,48,3748.5,9011.59,1.94,11.417816813048933,7.535321821036106
226117,Email Campaign,2024-01-15,Premium,Email,3658,340,58,1583.43,2837.99,3.0,9.294696555494806,17.058823529411764
775591,Referral Program,2024-01-15,Inactive,SMS,2277,804,82,1871.36,7015.18,3.93,35.30961791831357,10.199004975124378
248007,New User Discount,2024-01-14,Premium,App,4452,727,74,2163.57,5532.55,2.88,16.329739442946988,10.178817056396149
812711,Weekend Special,2024-01-14,New Users,App,8527,629,33,1485.25,6754.76,3.66,7.3765685469684525,5.246422893481717
861338,Festival Offer,2024-01-14,Premium,Social Media,1085,638,48,4352.75,6022.57,3.81,58.80184331797235,7.523510971786834
143075,Flash Sale,2024-01-14,All,App,3921,251,99,4676.31,5020.39,3.08,6.401428207090028,39.44223107569721
267079,Membership Drive,2024-01-14,New Users,Email,1147,800,99,4727.2,9748.57,3.59,69.74716652136007,12.375
757376,Category Promotion,2024-01-14,All,App,6406,459,52,4317.64,4416.16,1.83,7.165157664689353,11.328976034858387
44684,App Push Notification,2024-01-14,Premium,SMS,2745,236,84,1456.71,7139.62,3.95,8.597449908925318,35.59322033898305
858661,Email Campaign,2024-01-14,New Users,App,3348,694,87,4341.3,9213.32,3.36,20.72879330943847,12.536023054755043
518410,Referral Program,2024-01-14,All,Social Media,1991,967,80,2373.01,3215.78,3.49,48.568558513309895,8.273009307135471
76427,New User Discount,2024-01-13,Premium,Email,7880,481,100,2961.8,8880.71,2.33,6.104060913705584,20.79002079002079
818893,Weekend Special,2024-01-13,New Users,Social Media,9192,793,83,2186.96,8027.68,3.88,8.627067014795474,10.466582597730138
701915,Festival Offer,2024-01-13,New Users,App,8480,852,42,4513.72,4785.34,3.53,10.047169811320755,4.929577464788732
614369,Flash Sale,2024-01-13,Inactive,Email,1970,719,13,4339.37,5347.82,3.93,36.49746192893401,1.808066759388039
272335,Membership Drive,2024-01-13,Inactive,SMS,4043,795,31,2511.57,6726.25,3.8,19.663616126638633,3.89937106918239
978223,Category Promotion,2024-01-13,Inactive,SMS,8307,482,20,2702.15,6900.92,3.84,5.8023353798001684,4.149377593360995
224613,App Push Notification,2024-01-13,Inactive,Email,4425,916,77,4954.62,3670.38,2.33,20.70056497175141,8.406113537117903
51032,Email Campaign,2024-01-13,Premium,App,6681,764,64,2166.84,4162.17,1.96,11.435413860200569,8.37696335078534
128196,Referral Program,2024-01-13,All,SMS,3562,670,85,3034.11,2549.48,1.6,18.809657495788883,12.686567164179104
44995,New User Discount,2024-01-12,New Users,App,8492,555,44,4186.96,9300.46,3.94,6.535562882713142,7.927927927927928
294232,Weekend Special,2024-01-12,Inactive,SMS,4619,591,61,1647.83,2626.4,2.59,12.794977267806884,10.321489001692047
781860,Festival Offer,2024-01-12,Inactive,SMS,7724,806,27,2636.78,5763.29,3.26,10.435007767995858,3.3498759305210917
173686,Flash Sale,2024-01-12,New Users,SMS,4450,537,64,4525.12,6089.65,3.66,12.067415730337078,11.91806331471136
437253,Membership Drive,2024-01-12,All,SMS,2852,691,30,1172.03,6635.22,1.88,24.228611500701263,4.341534008683068
948324,Category Promotion,2024-01-12,All,App,2897,304,62,4474.2,2266.26,3.44,10.493614083534691,20.394736842105264
659873,App Push Notification,2024-01-12,Premium,Email,6239,748,31,1932.46,6033.74,2.85,11.989100817438691,4.144385026737968
159637,Email Campaign,2024-01-12,New Users,Social Media,8523,144,15,1325.84,2892.64,3.28,1.689545934530095,10.416666666666668
575395,Referral Program,2024-01-12,All,SMS,8578,186,47,3093.53,6806.45,2.93,2.168337607833994,25.268817204301076
449505,New User Discount,2024-01-11,New Users,Email,3360,755,35,4270.82,3158.53,2.5,22.470238095238095,4.635761589403973
619450,Weekend Special,2024-01-11,Premium,App,2205,527,68,4274.75,6006.35,3.1,23.900226757369612,12.903225806451612
409830,Festival Offer,2024-01-11,All,Social Media,8916,261,67,4814.17,3469.35,1.98,2.9273216689098254,25.67049808429119
162569,Flash Sale,2024-01-11,All,Email,1558,727,44,4378.59,3603.04,1.51,46.662387676508345,6.052269601100413
220343,Membership Drive,2024-01-11,New Users,Social Media,9777,994,81,2607.38,2976.85,1.52,10.166717807098292,8.148893360160967
655868,Category Promotion,2024-01-11,New Users,Email,4756,670,61,3510.33,8818.44,1.84,14.087468460891506,9.104477611940299
834878,App Push Notification,2024-01-11,Inactive,Social Media,8843,119,66,3009.34,6421.91,3.59,1.3456971615967432,55.46218487394958
666226,Email Campaign,2024-01-11,Inactive,SMS,8860,652,56,1130.97,7607.6,2.3,7.358916478555305,8.588957055214724
122657,Referral Program,2024-01-11,Premium,Email,9941,581,23,2706.39,6117.85,2.18,5.84448244643396,3.9586919104991396
502983,New User Discount,2024-01-10,Premium,SMS,7561,705,53,4855.26,3785.19,2.92,9.324163470440418,7.5177304964539005
523873,Weekend Special,2024-01-10,All,Social Media,7517,987,36,1103.93,9178.13,3.58,13.130238126912333,3.64741641337386
404103,Festival Offer,2024-01-10,New Users,SMS,1581,156,74,1592.22,7511.57,1.61,9.867172675521822,47.43589743589743
670150,Flash Sale,2024-01-10,All,Social Media,4446,715,79,3601.41,4563.55,2.28,16.08187134502924,11.048951048951048
157866,Membership Drive,2024-01-10,New Users,App,3538,940,75,2515.83,2474.8,1.79,26.568682871678917,7.9787234042553195
281799,Category Promotion,2024-01-10,Premium,Email,5565,826,50,3425.01,2359.65,2.32,14.842767295597485,6.053268765133172
382622,App Push Notification,2024-01-10,Inactive,App,3799,124,32,3938.6,4018.14,3.07,3.264016846538563,25.806451612903224
81600,Email Campaign,2024-01-10,New Users,SMS,1146,912,12,1156.31,3865.04,2.38,79.58115183246073,1.3157894736842104
984295,Referral Program,2024-01-10,Inactive,App,5875,862,93,4067.05,2316.31,3.25,14.672340425531916,10.788863109048725
156487,New User Discount,2024-01-09,Inactive,Email,7131,875,58,3953.57,7849.28,3.75,12.2703688122283,6.628571428571428
11880,Weekend Special,2024-01-09,All,Email,3636,928,11,2470.75,4370.14,1.91,25.522552255225524,1.1853448275862069
688485,Festival Offer,2024-01-09,All,App,5281,813,53,4381.33,4480.57,3.0,15.394811588714258,6.519065190651907
541350,Flash Sale,2024-01-09,Premium,SMS,2203,537,49,4260.69,3319.63,2.46,24.375851112119836,9.124767225325884
788073,Membership Drive,2024-01-09,New Users,SMS,3206,966,18,1761.0,9793.61,1.73,30.131004366812224,1.8633540372670807
575835,Category Promotion,2024-01-09,All,SMS,5362,574,62,2139.28,6182.96,3.18,10.704960835509137,10.801393728222997
747767,App Push Notification,2024-01-09,Premium,SMS,4988,380,36,4806.84,5281.03,2.24,7.618283881315156,9.473684210526317
358975,Email Campaign,2024-01-09,New Users,App,1834,145,53,2638.64,9436.54,3.17,7.9062159214830965,36.55172413793103
192859,Referral Program,2024-01-09,All,Email,2207,429,37,2387.57,8605.8,2.93,19.438151336656095,8.624708624708624
586559,New User Discount,2024-01-08,All,App,1147,445,38,3395.67,7007.7,1.8,38.79686137750654,8.539325842696629
238012,Weekend Special,2024-01-08,New Users,Social Media,5475,903,15,3458.33,8524.98,2.0,16.493150684931507,1.6611295681063125
343938,Festival Offer,2024-01-08,All,App,9741,501,16,4204.28,3376.62,2.88,5.143209116107176,3.1936127744510974
233812,Flash Sale,2024-01-08,Premium,Social Media,3047,615,31,1271.59,3204.38,2.84,20.183787331801774,5.040650406504065
845702,Membership Drive,2024-01-08,Inactive,Social Media,2281,320,35,2061.99,3994.19,1.81,14.028934677772906,10.9375
299375,Category Promotion,2024-01-08,Premium,App,9049,928,59,3500.7,5723.33,3.59,10.255276826168638,6.357758620689655
509948,App Push Notification,2024-01-08,Premium,Social Media,2811,269,56,4101.46,7448.05,2.37,9.569548203486304,20.817843866171003
633839,Email Campaign,2024-01-08,All,SMS,2877,231,52,4293.35,3378.49,3.57,8.02919708029197,22.51082251082251
666791,Referral Program,2024-01-08,New Users,SMS,9125,939,96,2145.45,7722.57,3.5,10.29041095890411,10.223642172523961
66016,New User Discount,2024-01-07,New Users,Social Media,3114,145,40,3548.01,2065.71,3.75,4.6563904945407835,27.586206896551722
627863,Weekend Special,2024-01-07,Premium,App,1467,969,27,2726.89,6698.39,3.48,66.05316973415133,2.786377708978328
152369,Festival Offer,2024-01-07,Premium,Social Media,7811,862,77,2589.32,7710.36,2.32,11.03571885802074,8.932714617169374
430194,Flash Sale,2024-01-07,New Users,App,3777,840,89,1496.57,2241.58,3.59,22.23987291501191,10.595238095238095
434732,Membership Drive,2024-01-07,All,App,5932,419,89,4320.6,4126.88,3.66,7.063385030343898,21.241050119331742
59157,Category Promotion,2024-01-07,All,App,6797,587,97,3058.87,2304.46,3.04,8.636163013094011,16.524701873935264
951586,App Push Notification,2024-01-07,All,SMS,6959,720,20,3369.11,3604.87,2.21,10.346314125592757,2.7777777777777777
636480,Email Campaign,2024-01-07,Inactive,SMS,6623,649,30,3997.94,8797.88,2.53,9.799184659519856,4.622496147919876
54353,Referral Program,2024-01-07,All,Social Media,2788,233,75,2217.59,7554.83,2.72,8.357245337159254,32.18884120171674
396960,New User Discount,2024-01-06,Premium,App,6306,733,63,2035.91,9527.95,3.21,11.62385030130035,8.594815825375171
309714,Weekend Special,2024-01-06,Premium,App,1034,467,41,2209.12,2445.67,1.69,45.16441005802708,8.779443254817988
403530,Festival Offer,2024-01-06,All,App,9845,735,49,3503.85,8850.87,1.51,7.465718638902996,6.666666666666667
465804,Flash Sale,2024-01-06,New Users,Social Media,6628,346,77,2418.62,3591.11,1.77,5.220277610138805,22.254335260115607
318200,Membership Drive,2024-01-06,New Users,SMS,8225,404,45,4561.73,7726.56,2.79,4.911854103343465,11.138613861386139
352736,Category Promotion,2024-01-06,Inactive,App,7538,159,63,1135.21,6872.38,3.31,2.1093128150703104,39.62264150943396
15274,App Push Notification,2024-01-06,Inactive,Social Media,6352,106,23,2355.63,5374.33,2.77,1.6687657430730478,21.69811320754717
738748,Email Campaign,2024-01-06,Inactive,SMS,6854,700,70,1715.19,8419.27,2.38,10.213014298220017,10.0
767570,Referral Program,2024-01-06,Premium,Social Media,4963,313,44,2476.22,2533.2,2.29,6.306669353213781,14.057507987220447
573627,New User Discount,2024-01-05,New Users,SMS,3475,300,100,3927.42,9820.65,1.59,8.633093525179856,33.33333333333333
168394,Weekend Special,2024-01-05,New Users,Social Media,3243,732,28,1548.02,3635.64,3.77,22.571692876965773,3.825136612021858
840300,Festival Offer,2024-01-05,All,App,5447,243,76,2623.48,3409.45,2.65,4.461171286946943,31.275720164609055
466430,Flash Sale,2024-01-05,New Users,SMS,1933,743,80,3073.09,5348.34,1.99,38.43766166580445,10.767160161507402
352001,Membership Drive,2024-01-05,Premium,App,2692,753,27,2796.51,3305.01,2.64,27.971768202080238,3.5856573705179287
179831,Category Promotion,2024-01-05,Premium,SMS,7654,899,74,1960.11,8611.94,3.02,11.74549255291351,8.231368186874304
781963,App Push Notification,2024-01-05,Premium,App,2360,615,84,2401.54,8749.45,1.66,26.059322033898308,13.658536585365855
19099,Email Campaign,2024-01-05,Premium,App,5257,619,29,3597.16,7778.16,3.47,11.774776488491536,4.68497576736672
581816,Referral Program,2024-01-05,Premium,SMS,2033,652,45,4225.84,2348.98,1.95,32.07083128381702,6.901840490797547
574823,New User Discount,2024-01-04,Inactive,Email,8540,148,27,3498.87,4227.69,3.25,1.7330210772833723,18.243243243243242
207011,Weekend Special,2024-01-04,Premium,SMS,3841,389,98,4848.66,5918.23,3.35,10.127570945066388,25.19280205655527
131357,Festival Offer,2024-01-04,All,Social Media,3322,244,27,3424.0,2855.59,3.54,7.344972907886815,11.065573770491802
501651,Flash Sale,2024-01-04,All,App,4671,346,66,4395.49,7656.24,1.67,7.4074074074074066,19.07514450867052
974303,Membership Drive,2024-01-04,New Users,Email,1331,396,49,3411.51,2277.8,2.34,29.75206611570248,12.373737373737374
281943,Category Promotion,2024-01-04,All,Social Media,6146,277,63,2005.42,4961.34,1.65,4.506996420436056,22.743682310469314
600143,App Push Notification,2024-01-04,All,App,5320,417,64,2912.93,2117.06,3.79,7.838345864661654,15.347721822541965
198302,Email Campaign,2024-01-04,New Users,SMS,8223,382,72,1307.97,3665.13,2.6,4.64550650614131,18.848167539267017
782574,Referral Program,2024-01-04,New Users,SMS,8052,333,80,3357.57,8042.29,3.61,4.135618479880774,24.024024024024023
83011,New User Discount,2024-01-03,All,Social Media,9975,206,11,4614.63,4522.82,2.93,2.0651629072681708,5.339805825242718
900420,Weekend Special,2024-01-03,Premium,SMS,8409,441,29,1061.51,3493.54,2.58,5.244381020335355,6.575963718820861
153041,Festival Offer,2024-01-03,All,App,7594,148,66,1012.35,3175.29,2.19,1.9489070318672637,44.5945945945946
250530,Flash Sale,2024-01-03,New Users,Email,2212,267,96,3401.14,5041.08,3.33,12.070524412296564,35.95505617977528
904757,Membership Drive,2024-01-03,Inactive,Social Media,2617,442,94,1643.99,6545.12,3.33,16.88956820787161,21.266968325791854
838753,Category Promotion,2024-01-03,Premium,Social Media,7658,271,57,4709.86,4842.85,1.89,3.5387829720553667,21.033210332103323
965694,App Push Notification,2024-01-03,All,SMS,7131,854,57,3485.89,3251.54,2.54,11.97587996073482,6.674473067915692
132692,Email Campaign,2024-01-03,New Users,SMS,6085,248,25,1689.83,2465.95,3.47,4.075595727198028,10.080645161290322
516024,Referral Program,2024-01-03,All,SMS,4253,748,72,4412.96,3230.86,2.36,17.587585233952506,9.62566844919786
143826,New User Discount,2024-01-02,Inactive,Social Media,2625,526,90,1721.76,4876.46,3.42,20.038095238095238,17.110266159695815
278905,Weekend Special,2024-01-02,Premium,Email,7932,318,64,3528.86,6951.94,2.4,4.009077155824508,20.125786163522015
622100,Festival Offer,2024-01-02,All,Social Media,2933,716,63,3389.02,6573.57,2.13,24.411864984657345,8.798882681564246
999371,Flash Sale,2024-01-02,All,Email,8809,139,83,4272.45,7206.68,2.46,1.5779316608014529,59.71223021582733
200302,Membership Drive,2024-01-02,Premium,Social Media,4972,400,34,3664.76,4329.35,2.21,8.045052292839904,8.5
413863,Category Promotion,2024-01-02,Premium,Email,5846,293,37,2628.26,2143.92,3.59,5.011973999315771,12.627986348122866
86408,App Push Notification,2024-01-02,All,App,3339,961,70,2724.52,6289.95,2.42,28.781072177298594,7.284079084287201
123130,Email Campaign,2024-01-02,Premium,Social Media,6254,133,38,4809.77,2055.27,3.46,2.1266389510713144,28.57142857142857
98542,Referral Program,2024-01-02,All,SMS,9575,784,36,2989.16,9439.46,2.7,8.18798955613577,4.591836734693878
618257,New User Discount,2024-01-01,Premium,Social Media,1032,375,31,1112.6,8935.66,2.51,36.337209302325576,8.266666666666666
832518,Weekend Special,2024-01-01,New Users,Social Media,3978,771,56,2417.18,6432.03,1.93,19.3815987933635,7.263294422827498
550199,Festival Offer,2024-01-01,New Users,Social Media,5161,166,78,3217.29,8821.81,2.52,3.2164309242394884,46.98795180722892
558674,Flash Sale,2024-01-01,Inactive,Social Media,3918,207,31,3308.92,6660.71,2.1,5.283307810107198,14.975845410628018
44051,Membership Drive,2024-01-01,All,App,1592,229,93,3678.47,7387.45,1.52,14.384422110552764,40.61135371179039
360798,Category Promotion,2024-01-01,Inactive,Email,1301,553,11,3686.46,4347.27,2.08,42.50576479631053,1.9891500904159132
172026,App Push Notification,2024-01-01,All,Social Media,6136,246,98,1393.72,4009.31,1.69,4.009126466753585,39.83739837398374
967101,Email Campaign,2024-01-01,New Users,Email,8076,262,32,1191.64,5283.69,2.08,3.2441802872709267,12.213740458015266
406101,Referral Program,2024-01-01,Inactive,App,1411,166,17,1980.18,4767.67,2.68,11.76470588235294,10.240963855421686
755869,New User Discount,2023-12-31,Inactive,Email,4454,963,87,3009.29,3120.65,1.62,21.621014818140996,9.034267912772584
989367,Weekend Special,2023-12-31,All,Email,5322,462,44,4288.08,5955.59,3.3,8.680947012401354,9.523809523809524
959183,Festival Offer,2023-12-31,Inactive,SMS,6997,403,81,2755.1,7493.42,3.9,5.7596112619694155,20.099255583126553
389881,Flash Sale,2023-12-31,Premium,Email,2430,136,35,1540.98,6278.88,1.61,5.596707818930041,25.735294117647058
337940,Membership Drive,2023-12-31,Inactive,Social Media,1778,582,58,2383.12,6399.35,1.85,32.73340832395951,9.965635738831615
878745,Category Promotion,2023-12-31,New Users,Email,1529,101,36,1781.97,6723.1,1.72,6.605624591236102,35.64356435643564
329676,App Push Notification,2023-12-31,Inactive,Social Media,8176,814,27,4166.48,3199.17,2.7,9.9559686888454,3.3169533169533167
9609,Email Campaign,2023-12-31,Premium,SMS,6133,116,81,1402.0,6264.58,3.42,1.8914071416924831,69.82758620689656
315016,Referral Program,2023-12-31,New Users,SMS,1583,338,43,3710.9,6712.55,3.53,21.351863550221097,12.721893491124261
759871,New User Discount,2023-12-30,New Users,Email,4332,147,64,2903.1,3716.52,1.8,3.393351800554017,43.53741496598639
202727,Weekend Special,2023-12-30,Inactive,Email,9539,778,34,4594.74,9711.07,2.24,8.155991194045498,4.370179948586118
810235,Festival Offer,2023-12-30,Inactive,Social Media,6145,309,95,4262.3,6253.08,1.72,5.028478437754272,30.74433656957929
187197,Flash Sale,2023-12-30,All,App,2692,294,38,3682.11,6524.92,1.89,10.921248142644874,12.925170068027212
723351,Membership Drive,2023-12-30,Inactive,Social Media,7855,539,19,2192.7,2267.44,3.84,6.86187141947804,3.525046382189239
850537,Category Promotion,2023-12-30,New Users,App,9364,133,96,4916.24,4778.68,3.22,1.4203331909440409,72.18045112781954
414575,App Push Notification,2023-12-30,Inactive,Email,6605,554,53,2873.96,2394.82,3.0,8.387585162755489,9.566787003610107
502922,Email Campaign,2023-12-30,Inactive,Social Media,8177,738,100,4570.5,7674.97,2.87,9.025314907667848,13.550135501355012
957549,Referral Program,2023-12-30,Inactive,App,6306,683,10,3562.6,4430.11,2.87,10.830954646368538,1.4641288433382138
296457,New User Discount,2023-12-29,Premium,SMS,6308,551,39,1429.17,7743.41,3.2,8.734939759036145,7.078039927404718
113949,Weekend Special,2023-12-29,New Users,Social Media,7249,771,77,3512.29,4165.5,2.62,10.635949786177404,9.987029831387808
875277,Festival Offer,2023-12-29,Inactive,Social Media,7881,887,39,3743.1,7712.71,2.03,11.254916888719706,4.3968432919954905
6811,Flash Sale,2023-12-29,New Users,Social Media,1440,315,21,2243.75,3967.38,3.98,21.875,6.666666666666667
591307,Membership Drive,2023-12-29,New Users,SMS,8743,560,16,1784.6,6583.0,1.51,6.405124099279423,2.857142857142857
429132,Category Promotion,2023-12-29,Premium,SMS,4044,631,14,1043.09,2825.34,2.86,15.603363006923837,2.218700475435816
355919,App Push Notification,2023-12-29,All,SMS,3076,958,16,2064.76,7863.81,2.85,31.144343302990897,1.6701461377870561
536930,Email Campaign,2023-12-29,All,Social Media,9647,418,60,1685.59,6677.51,1.74,4.3329532497149374,14.354066985645932
162944,Referral Program,2023-12-29,Inactive,App,7861,118,94,4667.93,7921.14,2.87,1.5010812873680193,79.66101694915254
748393,New User Discount,2023-12-28,All,SMS,3346,715,26,2621.58,3526.93,2.84,21.368798565451286,3.6363636363636362
290761,Weekend Special,2023-12-28,New Users,SMS,4255,422,54,3435.16,7833.63,3.84,9.917743830787309,12.796208530805686
449695,Festival Offer,2023-12-28,All,App,6696,381,92,3610.94,5311.08,2.16,5.689964157706093,24.146981627296586
565467,Flash Sale,2023-12-28,Inactive,App,2703,519,76,1225.7,7143.82,2.65,19.20088790233074,14.64354527938343
14906,Membership Drive,2023-12-28,All,Email,4022,223,38,1064.94,4489.99,2.77,5.544505221282944,17.040358744394617
94715,Category Promotion,2023-12-28,All,Social Media,6228,872,27,3911.26,7865.22,3.79,14.001284521515736,3.096330275229358
580306,App Push Notification,2023-12-28,All,Email,6554,417,36,2029.44,5981.06,1.9,6.362526701251145,8.633093525179856
472481,Email Campaign,2023-12-28,All,Email,2606,845,68,4981.87,2038.51,2.0,32.425172678434386,8.04733727810651
709602,Referral Program,2023-12-28,Inactive,SMS,9518,804,85,2816.37,3937.57,3.83,8.447152763185544,10.572139303482588
692048,New User Discount,2023-12-27,Premium,Email,7969,705,89,4166.02,5543.05,2.92,8.84678127745012,12.624113475177303
544266,Weekend Special,2023-12-27,Premium,SMS,8390,775,41,2891.23,4558.16,2.02,9.237187127532778,5.290322580645161
50477,Festival Offer,2023-12-27,Inactive,Social Media,2529,173,57,1498.67,8971.7,2.73,6.840648477659155,32.947976878612714
332981,Flash Sale,2023-12-27,Premium,App,6525,627,46,2183.05,9898.73,3.3,9.60919540229885,7.336523125996811
365732,Membership Drive,2023-12-27,Inactive,Email,7506,246,53,4493.88,5616.31,3.92,3.277378097521982,21.544715447154474
574973,Category Promotion,2023-12-27,New Users,App,1579,709,13,3975.73,7671.56,1.59,44.90183660544648,1.8335684062059237
858673,App Push Notification,2023-12-27,Inactive,Social Media,5044,385,34,2412.3,7470.48,2.23,7.632831086439334,8.831168831168831
941043,Email Campaign,2023-12-27,Premium,SMS,3189,706,22,3897.36,8720.8,3.43,22.13860144245845,3.1161473087818696
61298,Referral Program,2023-12-27,All,Social Media,6737,437,60,1121.22,2554.5,2.46,6.486566721092474,13.729977116704806
788,New User Discount,2023-12-26,Premium,Email,3595,994,71,2896.44,4004.21,3.55,27.64951321279555,7.142857142857142
342817,Weekend Special,2023-12-26,Inactive,App,5120,978,86,3253.05,8938.33,2.38,19.1015625,8.793456032719837
131109,Festival Offer,2023-12-26,Premium,Social Media,6471,322,49,1730.66,5117.01,2.15,4.97604697882862,15.217391304347828
317422,Flash Sale,2023-12-26,All,Email,2477,770,46,3274.94,9186.13,1.7,31.085991118288252,5.974025974025974
792614,Membership Drive,2023-12-26,Inactive,Email,2084,451,21,4840.43,5095.39,3.37,21.641074856046068,4.656319290465632
975514,Category Promotion,2023-12-26,New Users,Social Media,5129,546,89,2580.51,4589.79,2.2,10.645349970754534,16.3003663003663
242687,App Push Notification,2023-12-26,Premium,SMS,1942,501,93,2606.09,4028.84,1.83,25.79814624098867,18.562874251497004
617434,Email Campaign,2023-12-26,Inactive,Email,1276,244,90,3062.6,5647.17,1.8,19.122257053291534,36.885245901639344
358896,Referral Program,2023-12-26,Premium,Social Media,4060,324,82,2780.78,2556.13,2.31,7.980295566502463,25.308641975308642
558662,New User Discount,2023-12-25,Premium,App,8915,253,100,4241.64,2902.99,2.69,2.837913628715648,39.52569169960474
328403,Weekend Special,2023-12-25,Premium,Social Media,2902,828,10,4458.85,3397.63,2.83,28.532046864231564,1.2077294685990339
385595,Festival Offer,2023-12-25,All,SMS,3688,962,51,1656.82,6203.09,3.38,26.08459869848156,5.301455301455301
356347,Flash Sale,2023-12-25,All,App,2747,277,72,2618.31,8602.23,3.09,10.083727702948671,25.992779783393498
796779,Membership Drive,2023-12-25,Inactive,Email,6180,437,40,2309.24,3617.5,2.57,7.0711974110032365,9.153318077803203
203939,Category Promotion,2023-12-25,Premium,Social Media,4693,899,21,4676.87,8564.24,2.8,19.156190070317493,2.3359288097886544
952318,App Push Notification,2023-12-25,All,Social Media,8624,213,51,3113.8,5772.78,1.84,2.4698515769944343,23.943661971830984
600054,Email Campaign,2023-12-25,Inactive,SMS,9964,714,72,1392.57,6067.95,3.93,7.165796868727418,10.084033613445378
882690,Referral Program,2023-12-25,New Users,SMS,8247,113,50,3112.89,8878.47,2.2,1.3701952225051535,44.24778761061947
93562,New User Discount,2023-12-24,New Users,Social Media,2724,946,56,2386.53,8934.65,2.1,34.728340675477234,5.9196617336152215
204854,Weekend Special,2023-12-24,New Users,Email,5939,984,27,1259.57,3119.74,1.67,16.56844586630746,2.7439024390243905
146885,Festival Offer,2023-12-24,Inactive,Social Media,6207,211,70,1265.65,2971.38,2.62,3.3993877879813117,33.175355450236964
11123,Flash Sale,2023-12-24,All,App,4095,917,10,3467.8,9097.29,1.96,22.393162393162395,1.0905125408942202
96308,Membership Drive,2023-12-24,Premium,SMS,7414,190,42,4707.97,9129.51,2.08,2.5627191799298625,22.105263157894736
683776,Category Promotion,2023-12-24,Inactive,Email,4423,565,33,3755.46,5239.72,2.14,12.774135202351344,5.84070796460177
828029,App Push Notification,2023-12-24,Inactive,Social Media,4555,554,89,2051.76,5942.34,2.27,12.162458836443468,16.064981949458485
935917,Email Campaign,2023-12-24,New Users,SMS,1873,807,95,1819.97,7403.33,1.58,43.08595835557929,11.771995043370508
165276,Referral Program,2023-12-24,All,App,8708,197,93,1661.64,2127.18,3.11,2.262287551676619,47.20812182741117
761155,New User Discount,2023-12-23,New Users,SMS,7574,964,83,4732.98,9291.31,3.94,12.727752838658567,8.609958506224066
659615,Weekend Special,2023-12-23,Premium,Email,7406,225,21,1983.16,5949.39,3.22,3.038077234674588,9.333333333333334
168803,Festival Offer,2023-12-23,Premium,Email,4390,900,67,1047.34,6464.03,2.08,20.50113895216401,7.444444444444444
904535,Flash Sale,2023-12-23,Premium,App,6364,374,76,1919.31,5543.2,1.6,5.876807039597738,20.32085561497326
935353,Membership Drive,2023-12-23,All,App,4522,479,41,3667.51,9685.64,3.72,10.59265811587793,8.559498956158663
616855,Category Promotion,2023-12-23,New Users,Email,7652,291,78,2503.67,7073.24,3.97,3.8029273392577103,26.804123711340207
604479,App Push Notification,2023-12-23,Inactive,Email,3988,581,16,1534.99,8282.28,1.97,14.568706118355065,2.753872633390706
765209,Email Campaign,2023-12-23,All,Social Media,9164,354,11,3572.93,6815.44,2.53,3.862941946748145,3.1073446327683616
408037,Referral Program,2023-12-23,Premium,App,7433,545,73,2160.66,3496.4,2.73,7.3321673617651015,13.394495412844037
761531,New User Discount,2023-12-22,All,Social Media,6773,711,23,1431.87,5049.63,2.02,10.497563856489,3.2348804500703237
499253,Weekend Special,2023-12-22,Premium,SMS,8451,781,20,1577.17,4973.89,3.29,9.241509880487516,2.560819462227913
440818,Festival Offer,2023-12-22,Premium,SMS,1554,603,93,1735.96,2547.85,2.37,38.803088803088805,15.422885572139302
752665,Flash Sale,2023-12-22,New Users,Email,8931,358,43,2348.19,9634.47,2.04,4.00850968536558,12.011173184357542
262602,Membership Drive,2023-12-22,Inactive,SMS,6703,924,33,3383.88,5083.82,2.47,13.784872445173802,3.571428571428571
242175,Category Promotion,2023-12-22,All,Email,9066,388,31,1543.89,5396.61,1.88,4.2797264504743,7.989690721649484
352482,App Push Notification,2023-12-22,All,Email,1054,802,50,2613.86,3259.64,3.37,76.0910815939279,6.234413965087282
116113,Email Campaign,2023-12-22,Inactive,App,5217,152,60,4572.39,7909.83,1.76,2.9135518497220625,39.473684210526315
979857,Referral Program,2023-12-22,Inactive,App,1151,842,49,1355.58,3543.75,3.31,73.1537793223284,5.819477434679335
406279,New User Discount,2023-12-21,Premium,SMS,6516,309,87,4093.01,9386.39,2.72,4.7421731123388575,28.155339805825243
684169,Weekend Special,2023-12-21,All,Email,5446,340,35,3499.66,9127.65,3.78,6.243114212265883,10.294117647058822
172626,Festival Offer,2023-12-21,Premium,Email,2884,201,42,1895.05,9185.97,2.61,6.969486823855756,20.8955223880597
992240,Flash Sale,2023-12-21,Premium,Social Media,9767,823,70,3887.63,2147.45,1.68,8.42633357223303,8.50546780072904
484927,Membership Drive,2023-12-21,Premium,SMS,2382,932,12,1499.99,9226.71,3.17,39.126784214945424,1.2875536480686696
231048,Category Promotion,2023-12-21,All,Social Media,5295,563,13,4285.35,9792.35,2.9,10.632672332389047,2.3090586145648313
610154,App Push Notification,2023-12-21,New Users,SMS,3061,145,22,2829.46,4528.99,3.73,4.737014047696831,15.172413793103448
665642,Email Campaign,2023-12-21,Inactive,SMS,6732,548,78,4274.51,5277.18,3.98,8.14022578728461,14.233576642335766
642895,Referral Program,2023-12-21,Premium,Email,9784,753,92,1245.53,6608.72,3.13,7.696238757154537,12.217795484727755
397247,New User Discount,2023-12-20,Premium,Social Media,5103,405,35,4506.66,7648.1,1.61,7.936507936507936,8.641975308641975
233932,Weekend Special,2023-12-20,New Users,Social Media,4361,697,45,1764.88,9511.03,3.37,15.98257280440266,6.456241032998565
994061,Festival Offer,2023-12-20,Inactive,Email,2738,745,65,4044.68,9632.1,3.84,27.20964207450694,8.724832214765101
456276,Flash Sale,2023-12-20,Inactive,SMS,5544,107,24,3753.59,2325.22,2.54,1.93001443001443,22.429906542056074
912737,Membership Drive,2023-12-20,Inactive,Email,3158,794,52,4416.2,2642.85,2.41,25.142495250158326,6.54911838790932
90342,Category Promotion,2023-12-20,All,Social Media,3669,806,77,3066.77,4680.02,3.37,21.967838648133007,9.553349875930522
381935,App Push Notification,2023-12-20,All,App,6180,240,48,2482.03,6825.68,1.96,3.8834951456310676,20.0
823153,Email Campaign,2023-12-20,New Users,App,3680,250,47,3972.33,8910.03,1.57,6.7934782608695645,18.8
842159,Referral Program,2023-12-20,Inactive,SMS,5594,121,83,1417.7,6288.79,1.72,2.163031819806936,68.59504132231406
424369,New User Discount,2023-12-19,Inactive,SMS,5282,418,27,1237.0,6933.85,1.69,7.913669064748201,6.4593301435406705
524236,Weekend Special,2023-12-19,Premium,Social Media,5709,373,89,1467.33,4489.21,3.99,6.533543527763181,23.86058981233244
986381,Festival Offer,2023-12-19,New Users,App,8706,803,51,4081.31,5153.8,1.71,9.223524006432346,6.351183063511831
331076,Flash Sale,2023-12-19,Inactive,SMS,4108,666,81,4459.67,6327.89,3.81,16.21226874391431,12.162162162162163
947057,Membership Drive,2023-12-19,All,App,6729,740,80,2906.91,9204.75,3.72,10.997176400653887,10.81081081081081
581930,Category Promotion,2023-12-19,Premium,App,4808,115,29,3642.85,5417.93,2.97,2.391846921797005,25.217391304347824
900221,App Push Notification,2023-12-19,Inactive,App,5959,642,88,4234.89,8459.99,3.61,10.773619734854842,13.707165109034266
767303,Email Campaign,2023-12-19,All,App,8133,936,25,2674.72,5576.09,2.81,11.50866838804869,2.6709401709401708
143893,Referral Program,2023-12-19,Inactive,Email,1369,824,65,3474.99,3754.92,3.51,60.18991964937911,7.8883495145631075
796108,New User Discount,2023-12-18,Inactive,App,4768,879,66,1509.74,9020.44,3.25,18.43540268456376,7.508532423208192
210501,Weekend Special,2023-12-18,New Users,Social Media,2866,485,46,1964.41,8944.04,2.79,16.92254012561061,9.484536082474227
351187,Festival Offer,2023-12-18,New Users,Email,5145,952,62,2763.96,7903.46,3.04,18.503401360544217,6.512605042016808
598616,Flash Sale,2023-12-18,Inactive,SMS,7003,379,17,4887.1,3803.73,2.03,5.411966300157076,4.485488126649076
120019,Membership Drive,2023-12-18,Inactive,App,6657,350,30,1637.46,7696.27,2.99,5.257623554153523,8.571428571428571
442443,Category Promotion,2023-12-18,Premium,App,9069,204,38,2897.21,5407.31,3.84,2.2494211048627193,18.627450980392158
977822,App Push Notification,2023-12-18,Inactive,App,8420,266,25,1813.24,8629.7,3.38,3.159144893111639,9.398496240601503
649434,Email Campaign,2023-12-18,New Users,Social Media,9217,216,61,2022.82,6857.66,3.37,2.3434957144407074,28.240740740740737
959697,Referral Program,2023-12-18,New Users,App,5356,841,68,2971.85,3586.72,2.95,15.702016430171769,8.085612366230679
412832,New User Discount,2023-12-17,Premium,App,7179,590,21,3853.51,5949.83,2.71,8.21841482100571,3.5593220338983054
747223,Weekend Special,2023-12-17,Premium,App,2697,153,24,3698.77,5809.56,3.07,5.672969966629588,15.686274509803921
603541,Festival Offer,2023-12-17,All,Email,4379,132,20,2115.53,3015.7,3.84,3.014386846311943,15.151515151515152
212243,Flash Sale,2023-12-17,New Users,App,4658,852,33,4961.7,8912.5,1.85,18.291112065264063,3.873239436619718
647648,Membership Drive,2023-12-17,New Users,SMS,9990,685,81,4932.38,9795.53,2.12,6.856856856856856,11.824817518248175
887270,Category Promotion,2023-12-17,Premium,Email,4485,954,15,4034.18,7109.35,1.95,21.270903010033447,1.5723270440251573
787752,App Push Notification,2023-12-17,Premium,Social Media,1547,265,80,1868.74,2196.54,3.83,17.129928894634777,30.18867924528302
934335,Email Campaign,2023-12-17,New Users,SMS,6383,152,50,1742.06,3381.28,2.24,2.3813253955820146,32.89473684210527
885791,Referral Program,2023-12-17,New Users,Social Media,5063,620,56,1831.62,7119.77,1.75,12.24570412798736,9.032258064516128
162641,New User Discount,2023-12-16,New Users,App,3680,236,54,4173.72,9950.31,2.45,6.41304347826087,22.88135593220339
112303,Weekend Special,2023-12-16,New Users,Social Media,8148,719,65,3834.05,4942.28,2.07,8.824251350024547,9.040333796940194
84920,Festival Offer,2023-12-16,New Users,App,7644,243,27,3971.53,3344.21,3.99,3.1789638932496076,11.11111111111111
916736,Flash Sale,2023-12-16,All,Email,5808,143,60,1663.59,7915.53,3.51,2.462121212121212,41.95804195804196
732931,Membership Drive,2023-12-16,All,Email,9433,877,83,1142.23,2478.77,2.98,9.29714830912753,9.464082098061574
736440,Category Promotion,2023-12-16,Premium,Social Media,8311,177,100,2967.94,2409.34,1.94,2.129707616411984,56.49717514124294
917774,App Push Notification,2023-12-16,All,App,7213,647,63,2340.61,2605.68,3.69,8.969915430472758,9.73724884080371
364020,Email Campaign,2023-12-16,Inactive,Social Media,9765,370,33,3418.22,9833.12,3.59,3.789042498719918,8.91891891891892
379422,Referral Program,2023-12-16,New Users,SMS,1929,393,40,3635.31,3087.46,3.88,20.37325038880249,10.178117048346055
518426,New User Discount,2023-12-15,New Users,App,8823,693,33,3137.53,6595.78,2.84,7.854471268276096,4.761904761904762
82086,Weekend Special,2023-12-15,All,Social Media,3980,146,56,2691.24,6653.71,2.53,3.6683417085427132,38.35616438356164
822436,Festival Offer,2023-12-15,All,Social Media,4432,384,74,3729.48,2594.86,3.32,8.664259927797833,19.270833333333336
26431,Flash Sale,2023-12-15,All,Email,3413,948,94,3262.52,5640.12,2.33,27.77615001464987,9.915611814345992
732032,Membership Drive,2023-12-15,New Users,Email,4040,635,47,1714.04,2123.97,1.84,15.717821782178218,7.4015748031496065
332197,Category Promotion,2023-12-15,All,Social Media,5616,314,74,4125.67,3870.15,1.74,5.5911680911680905,23.56687898089172
777194,App Push Notification,2023-12-15,New Users,Social Media,8729,350,44,3740.14,9009.75,3.68,4.0096230954290295,12.571428571428573
562049,Email Campaign,2023-12-15,New Users,Social Media,2631,445,43,1065.34,8164.14,2.25,16.9137210186241,9.662921348314606
448987,Referral Program,2023-12-15,All,SMS,4839,450,45,4004.61,5081.05,3.23,9.299442033477991,10.0
609434,New User Discount,2023-12-14,Inactive,SMS,2934,180,37,4188.74,2193.62,3.05,6.134969325153374,20.555555555555554
602887,Weekend Special,2023-12-14,Inactive,Email,2299,605,80,2992.02,7157.17,3.91,26.31578947368421,13.223140495867769
793823,Festival Offer,2023-12-14,New Users,Social Media,4094,611,11,1078.28,2847.19,1.67,14.92427943331705,1.800327332242226
981788,Flash Sale,2023-12-14,New Users,Social Media,9753,842,73,2931.27,3419.38,3.08,8.633241054034656,8.669833729216151
397759,Membership Drive,2023-12-14,New Users,App,5871,610,86,3584.41,7200.23,3.61,10.390052801907682,14.098360655737704
382406,Category Promotion,2023-12-14,Premium,Social Media,8146,551,99,4320.08,3925.8,3.08,6.764055978394304,17.96733212341198
624861,App Push Notification,2023-12-14,Premium,SMS,1562,371,92,2035.57,2676.76,2.76,23.751600512163893,24.797843665768195
965015,Email Campaign,2023-12-14,New Users,App,3670,124,21,2261.29,5012.62,3.88,3.3787465940054497,16.93548387096774
813639,Referral Program,2023-12-14,All,SMS,6004,391,56,4908.7,7066.56,1.9,6.512325116588941,14.322250639386189
361810,New User Discount,2023-12-13,Premium,Email,3656,859,94,4089.92,8683.76,2.13,23.495623632385122,10.942956926658907
423106,Weekend Special,2023-12-13,Premium,App,7748,976,41,1892.58,4659.32,2.7,12.596799173980383,4.200819672131147
167482,Festival Offer,2023-12-13,Inactive,App,8269,132,87,2381.14,5837.03,1.98,1.596323618333535,65.9090909090909
378443,Flash Sale,2023-12-13,New Users,Social Media,9099,477,35,1797.46,7515.77,3.59,5.242334322453017,7.337526205450734
968527,Membership Drive,2023-12-13,New Users,Email,3859,924,100,1127.1,7559.64,3.94,23.944026949987045,10.822510822510822
183638,Category Promotion,2023-12-13,New Users,SMS,2625,814,81,4619.34,6648.87,1.97,31.00952380952381,9.950859950859952
289041,App Push Notification,2023-12-13,Premium,Social Media,6232,149,57,2908.99,8714.66,3.75,2.390885750962773,38.25503355704698
950600,Email Campaign,2023-12-13,Premium,SMS,1372,777,86,3584.22,6245.95,3.81,56.63265306122449,11.068211068211069
970731,Referral Program,2023-12-13,All,Email,7350,442,18,4190.78,5941.79,3.17,6.01360544217687,4.072398190045249
183386,New User Discount,2023-12-12,New Users,SMS,9855,522,26,1082.15,5331.26,2.23,5.296803652968037,4.980842911877394
69958,Weekend Special,2023-12-12,New Users,Social Media,6631,214,82,2507.67,4356.1,2.89,3.2272658724174335,38.31775700934579
790729,Festival Offer,2023-12-12,All,Social Media,2850,289,22,2234.37,5709.87,3.82,10.140350877192983,7.612456747404845
524032,Flash Sale,2023-12-12,Premium,Email,3785,335,72,2462.33,5223.8,3.85,8.850726552179657,21.492537313432834
254306,Membership Drive,2023-12-12,All,Social Media,5545,815,24,1539.31,2233.02,2.32,14.697926059513074,2.9447852760736195
3444,Category Promotion,2023-12-12,All,Email,7349,832,80,4255.49,8255.5,2.25,11.32126819975507,9.615384615384617
141483,App Push Notification,2023-12-12,Premium,Social Media,1444,369,67,2929.45,9702.08,2.35,25.554016620498615,18.157181571815716
401819,Email Campaign,2023-12-12,Inactive,App,5466,693,10,4586.37,5353.07,3.26,12.678375411635564,1.443001443001443
994166,Referral Program,2023-12-12,Premium,SMS,5987,739,31,2843.95,4392.73,1.77,12.343410723233674,4.194857916102842
63810,New User Discount,2023-12-11,All,Social Media,1309,844,58,2162.76,6313.63,3.13,64.47669977081742,6.872037914691943
503991,Weekend Special,2023-12-11,New Users,App,4392,828,77,3057.43,9989.43,2.35,18.852459016393443,9.29951690821256
309673,Festival Offer,2023-12-11,New Users,SMS,9353,543,40,1295.06,9578.74,3.97,5.8056238640008555,7.366482504604052
540836,Flash Sale,2023-12-11,All,Social Media,2284,198,46,2718.51,6899.79,1.56,8.669001751313484,23.232323232323232
293456,Membership Drive,2023-12-11,Premium,Social Media,7280,391,94,1088.01,9274.29,2.51,5.3708791208791204,24.04092071611253
497310,Category Promotion,2023-12-11,New Users,App,9984,505,65,4111.07,6985.68,2.67,5.058092948717949,12.871287128712872
833745,App Push Notification,2023-12-11,All,App,7141,131,57,3801.07,6892.46,1.83,1.8344769640106426,43.51145038167939
848490,Email Campaign,2023-12-11,Inactive,App,9479,400,100,2461.18,4982.23,2.38,4.219854415022682,25.0
259905,Referral Program,2023-12-11,All,App,1887,234,39,3984.05,3486.11,3.84,12.400635930047695,16.666666666666664
307369,New User Discount,2023-12-10,Premium,App,5060,956,38,1716.9,2223.82,1.64,18.893280632411066,3.9748953974895396
81984,Weekend Special,2023-12-10,New Users,Email,6380,810,60,2353.97,3058.74,3.55,12.695924764890282,7.4074074074074066
462196,Festival Offer,2023-12-10,All,Social Media,5699,174,82,2112.06,2325.21,3.15,3.053167222319705,47.12643678160919
22894,Flash Sale,2023-12-10,Inactive,Email,4624,773,14,3176.89,7989.04,2.6,16.71712802768166,1.8111254851228977
227812,Membership Drive,2023-12-10,Inactive,SMS,7152,826,29,1592.55,7332.62,2.18,11.549217002237135,3.5108958837772395
46333,Category Promotion,2023-12-10,All,Social Media,6866,825,56,4794.23,6201.25,3.92,12.015729682493447,6.787878787878789
169484,App Push Notification,2023-12-10,All,SMS,3014,156,53,3288.24,3864.04,3.22,5.175846051758461,33.97435897435898
215282,Email Campaign,2023-12-10,Inactive,Social Media,6391,306,11,3154.3,4421.5,2.64,4.787983101236113,3.594771241830065
998687,Referral Program,2023-12-10,All,SMS,3873,361,82,2608.77,7292.07,3.4,9.320939839917376,22.71468144044321
492020,New User Discount,2023-12-09,Inactive,SMS,2426,390,63,3733.79,6412.95,3.56,16.075845012366035,16.153846153846153
390146,Weekend Special,2023-12-09,New Users,App,3213,953,32,1118.01,3315.16,2.25,29.660753190164957,3.3578174186778593
804269,Festival Offer,2023-12-09,Inactive,SMS,5469,382,85,3004.33,9224.1,1.63,6.984823550923386,22.25130890052356
842133,Flash Sale,2023-12-09,New Users,SMS,1524,519,42,3925.52,7436.23,3.19,34.05511811023622,8.092485549132949
239835,Membership Drive,2023-12-09,New Users,SMS,8727,741,50,2299.35,9039.79,1.58,8.490890340323135,6.747638326585695
196428,Category Promotion,2023-12-09,Inactive,App,3268,450,18,2687.94,5230.23,2.63,13.769889840881271,4.0
851175,App Push Notification,2023-12-09,New Users,App,8958,499,34,2257.8,6361.4,2.43,5.570439830319267,6.813627254509018
208326,Email Campaign,2023-12-09,Inactive,SMS,9861,987,87,1066.82,6040.35,2.9,10.009126863401278,8.814589665653495
501999,Referral Program,2023-12-09,Inactive,App,8771,125,82,4005.1,9770.06,2.66,1.4251510660129973,65.60000000000001
917527,New User Discount,2023-12-08,All,SMS,3253,974,11,3727.72,9676.99,2.34,29.941592376268062,1.1293634496919918
530023,Weekend Special,2023-12-08,All,App,7202,219,23,4676.88,6531.53,3.33,3.040821993890586,10.50228310502283
195261,Festival Offer,2023-12-08,Premium,SMS,5800,915,12,3629.38,5089.26,3.95,15.775862068965518,1.3114754098360655
559439,Flash Sale,2023-12-08,New Users,Social Media,5868,651,67,2440.79,7437.67,2.48,11.094069529652351,10.291858678955453
968922,Membership Drive,2023-12-08,New Users,Social Media,2311,748,57,3114.64,8221.14,2.75,32.366940718303766,7.620320855614973
413576,Category Promotion,2023-12-08,Premium,App,8457,555,40,4559.02,9051.01,2.84,6.56261085491309,7.207207207207207
223037,App Push Notification,2023-12-08,All,App,3394,500,84,3362.98,6314.63,3.9,14.73187978786093,16.8
34437,Email Campaign,2023-12-08,All,App,9485,691,38,2610.25,7619.36,3.67,7.2851871375856625,5.499276410998553
302317,Referral Program,2023-12-08,Inactive,Social Media,4060,619,70,2190.43,5051.72,2.23,15.246305418719212,11.308562197092083
236674,New User Discount,2023-12-07,Inactive,App,6798,327,77,1310.74,6209.81,2.56,4.810238305383936,23.547400611620795
388568,Weekend Special,2023-12-07,All,Social Media,8669,809,40,3952.11,4315.18,3.11,9.332102895374323,4.944375772558715
107126,Festival Offer,2023-12-07,Inactive,SMS,4282,179,60,3533.77,7807.14,3.9,4.180289584306399,33.5195530726257
296391,Flash Sale,2023-12-07,New Users,SMS,5660,174,36,4924.61,2659.45,2.45,3.0742049469964665,20.689655172413794
380238,Membership Drive,2023-12-07,New Users,SMS,8574,500,32,3599.19,6410.52,1.92,5.83158385817588,6.4
510012,Category Promotion,2023-12-07,Premium,Social Media,7398,991,91,2731.8,7671.15,2.98,13.395512300621789,9.182643794147326
930795,App Push Notification,2023-12-07,All,Social Media,1918,111,87,4903.9,3453.91,2.2,5.787278415015641,78.37837837837837
650760,Email Campaign,2023-12-07,New Users,SMS,7224,114,37,4660.8,8411.65,3.87,1.5780730897009967,32.45614035087719
138481,Referral Program,2023-12-07,New Users,Social Media,3443,988,70,4889.24,3822.29,3.71,28.695904734243392,7.08502024291498
179060,New User Discount,2023-12-06,All,SMS,5201,624,12,3292.4,4869.22,2.0,11.997692751393963,1.9230769230769231
367528,Weekend Special,2023-12-06,Inactive,SMS,2332,455,76,4961.31,7990.11,2.75,19.51114922813036,16.7032967032967
683419,Festival Offer,2023-12-06,Inactive,Social Media,7985,254,81,1231.15,4902.37,3.49,3.1809643080776455,31.88976377952756
10407,Flash Sale,2023-12-06,Premium,SMS,8189,182,33,4178.58,5531.81,2.88,2.222493588960801,18.13186813186813
205997,Membership Drive,2023-12-06,All,SMS,2804,530,57,2289.68,8539.39,2.55,18.901569186875893,10.754716981132075
574292,Category Promotion,2023-12-06,All,Email,6779,674,14,1753.91,9395.81,2.33,9.9424693907656,2.0771513353115725
843879,App Push Notification,2023-12-06,New Users,Social Media,8502,996,97,1018.26,5106.53,3.33,11.714890613973184,9.738955823293173
682216,Email Campaign,2023-12-06,Premium,SMS,8276,825,71,2609.97,2533.5,1.84,9.968583856935718,8.606060606060606
97826,Referral Program,2023-12-06,All,Email,1769,768,30,1447.44,2701.3,3.1,43.414358394573206,3.90625
855574,New User Discount,2023-12-05,All,Email,9303,335,37,4511.02,8311.45,1.54,3.600988928302698,11.044776119402986
14196,Weekend Special,2023-12-05,Premium,App,1580,904,20,2739.51,3614.18,2.96,57.21518987341773,2.2123893805309733
35758,Festival Offer,2023-12-05,All,Social Media,4879,415,59,2679.98,4890.31,2.86,8.505841360934618,14.216867469879519
220225,Flash Sale,2023-12-05,All,Email,3071,228,30,4343.75,8398.05,1.92,7.424291761641159,13.157894736842104
152900,Membership Drive,2023-12-05,Inactive,SMS,2923,758,50,2678.14,5253.43,3.38,25.932261375299348,6.596306068601583
148791,Category Promotion,2023-12-05,All,Social Media,6040,791,42,3892.86,8212.92,1.65,13.096026490066226,5.3097345132743365
48752,App Push Notification,2023-12-05,Inactive,Email,3670,850,28,4480.14,6691.74,2.84,23.160762942779293,3.294117647058824
156424,Email Campaign,2023-12-05,All,SMS,6576,909,77,2184.42,2159.92,2.87,13.822992700729927,8.47084708470847
635906,Referral Program,2023-12-05,Premium,App,5965,829,83,1411.03,3551.8,1.94,13.897736797988264,10.012062726176115
984066,New User Discount,2023-12-04,Premium,SMS,2661,872,30,1686.9,5433.0,1.69,32.76963547538519,3.4403669724770642
54315,Weekend Special,2023-12-04,All,Social Media,1640,620,53,3680.33,9123.9,3.46,37.80487804878049,8.548387096774194
374529,Festival Offer,2023-12-04,New Users,SMS,8108,245,93,1034.28,5814.4,3.09,3.021706956092748,37.95918367346939
851003,Flash Sale,2023-12-04,Inactive,SMS,5131,800,89,4942.56,3516.68,1.94,15.59150263106607,11.125
645770,Membership Drive,2023-12-04,All,Email,3509,470,53,2693.98,8708.77,3.81,13.394129381590197,11.27659574468085
680034,Category Promotion,2023-12-04,Inactive,Social Media,9168,129,95,3987.88,9301.94,2.69,1.407068062827225,73.64341085271317
927300,App Push Notification,2023-12-04,Inactive,App,8387,791,10,2142.68,4715.84,2.31,9.431262668415405,1.2642225031605563
935473,Email Campaign,2023-12-04,All,SMS,8162,829,85,1042.25,6741.1,2.32,10.156824307767703,10.253317249698432
243745,Referral Program,2023-12-04,All,SMS,7584,975,85,4245.97,7191.47,1.6,12.856012658227847,8.717948717948717
567539,New User Discount,2023-12-03,Inactive,SMS,5962,617,20,3870.08,2686.66,3.61,10.348876216034887,3.2414910858995136
890153,Weekend Special,2023-12-03,Inactive,Email,2076,647,87,3266.99,8262.93,1.95,31.165703275529864,13.446676970633694
115619,Festival Offer,2023-12-03,All,SMS,4443,818,43,1690.72,2483.09,2.09,18.41098356966014,5.256723716381418
711524,Flash Sale,2023-12-03,Premium,Email,7815,124,78,1864.05,5080.14,3.36,1.5866922584772871,62.903225806451616
237215,Membership Drive,2023-12-03,All,Social Media,1467,787,100,4425.98,6769.83,3.38,53.6468984321745,12.706480304955528
376804,Category Promotion,2023-12-03,Premium,Email,3657,936,50,1965.11,3441.23,3.53,25.594749794913863,5.3418803418803416
237578,App Push Notification,2023-12-03,Inactive,Social Media,8422,264,70,4057.68,9283.61,1.52,3.1346473521728804,26.515151515151516
787178,Email Campaign,2023-12-03,Premium,Social Media,6711,246,24,3940.79,4519.46,2.14,3.6656236030397853,9.75609756097561
887862,Referral Program,2023-12-03,All,Social Media,3724,990,64,1635.41,2932.57,2.15,26.584317937701396,6.4646464646464645
824425,New User Discount,2023-12-02,All,Social Media,3784,175,17,1524.92,8798.01,3.5,4.6247357293868925,9.714285714285714
595836,Weekend Special,2023-12-02,Premium,Social Media,8086,949,89,2334.1,6014.11,2.21,11.736334405144696,9.378292939936776
86043,Festival Offer,2023-12-02,Premium,Social Media,8250,842,44,3962.3,7371.29,3.3,10.206060606060605,5.225653206650831
382938,Flash Sale,2023-12-02,Premium,SMS,7503,438,74,2081.05,4667.04,3.07,5.83766493402639,16.894977168949772
148406,Membership Drive,2023-12-02,New Users,SMS,7665,443,49,2659.15,7836.3,2.71,5.779517286366601,11.060948081264108
66039,Category Promotion,2023-12-02,Premium,Email,9821,992,13,3490.77,5132.39,3.19,10.100804398737399,1.310483870967742
140831,App Push Notification,2023-12-02,New Users,SMS,1008,593,29,3451.35,4484.38,3.17,58.82936507936508,4.8903878583473865
312118,Email Campaign,2023-12-02,All,Social Media,4770,607,58,2066.92,5783.9,3.57,12.725366876310273,9.555189456342669
976080,Referral Program,2023-12-02,Inactive,SMS,8272,382,20,4723.22,2344.55,2.27,4.617988394584139,5.2356020942408374
985686,New User Discount,2023-12-01,Premium,App,1376,203,51,4009.18,4033.7,3.7,14.752906976744187,25.12315270935961
212132,Weekend Special,2023-12-01,All,Social Media,4233,350,62,4000.66,4618.39,2.24,8.268367587999055,17.71428571428571
352933,Festival Offer,2023-12-01,All,Social Media,8513,671,95,2762.22,2370.8,3.1,7.882062727593094,14.157973174366617
793231,Flash Sale,2023-12-01,Inactive,Email,8624,643,47,3470.08,9934.13,3.25,7.455936920222634,7.309486780715396
8490,Membership Drive,2023-12-01,New Users,App,3707,517,10,3502.64,4271.08,3.03,13.94658753709199,1.9342359767891684
381763,Category Promotion,2023-12-01,Premium,SMS,5006,703,77,2856.45,7533.8,2.53,14.04314822213344,10.953058321479373
193262,App Push Notification,2023-12-01,Premium,Social Media,8220,622,81,4525.43,3853.95,2.11,7.566909975669099,13.02250803858521
289950,Email Campaign,2023-12-01,All,Email,6331,937,18,2287.64,7973.08,1.68,14.800189543516032,1.92102454642476
150550,Referral Program,2023-12-01,New Users,App,2892,390,61,1526.09,3501.09,3.48,13.485477178423237,15.64102564102564
386004,New User Discount,2023-11-30,New Users,SMS,7597,719,94,4293.84,9911.56,3.7,9.46426220876662,13.073713490959666
593032,Weekend Special,2023-11-30,New Users,SMS,3060,313,15,2087.81,5136.89,2.79,10.22875816993464,4.792332268370607
46705,Festival Offer,2023-11-30,Premium,App,9716,420,66,1387.73,9758.94,2.94,4.322766570605188,15.714285714285714
755487,Flash Sale,2023-11-30,All,Social Media,7138,426,58,3187.2,5180.58,2.79,5.9680582796301485,13.615023474178404
559424,Membership Drive,2023-11-30,Inactive,Email,3918,606,21,2738.76,4196.29,1.54,15.46707503828484,3.4653465346534658
632048,Category Promotion,2023-11-30,Premium,Social Media,3653,495,45,3156.97,8991.09,1.65,13.55050643306871,9.090909090909092
823665,App Push Notification,2023-11-30,All,Social Media,5690,105,66,4703.29,8992.38,2.26,1.845342706502636,62.857142857142854
534933,Email Campaign,2023-11-30,Premium,Social Media,7525,682,66,2757.98,2822.97,3.44,9.06312292358804,9.67741935483871
19278,Referral Program,2023-11-30,All,Social Media,9175,334,12,3902.93,6049.34,3.8,3.6403269754768397,3.592814371257485
538430,New User Discount,2023-11-29,All,SMS,2503,215,23,3971.29,7732.77,1.65,8.589692369157012,10.69767441860465
804594,Weekend Special,2023-11-29,New Users,Email,1569,981,85,2160.59,8481.29,2.11,62.523900573613766,8.664627930682975
958322,Festival Offer,2023-11-29,All,Email,3058,134,15,3590.36,9110.49,3.96,4.381948986265534,11.194029850746269
571340,Flash Sale,2023-11-29,Premium,Social Media,7771,816,77,2213.62,2572.44,3.0,10.500579076051988,9.436274509803921
247544,Membership Drive,2023-11-29,Inactive,Email,1721,229,64,4921.17,5504.67,3.25,13.306217315514235,27.947598253275107
733230,Category Promotion,2023-11-29,New Users,Email,7789,205,39,1154.77,8459.82,2.66,2.6319168057517013,19.024390243902438
55717,App Push Notification,2023-11-29,New Users,Social Media,1970,960,93,1042.16,6581.15,2.45,48.73096446700508,9.6875
606574,Email Campaign,2023-11-29,Inactive,SMS,1364,670,87,1471.29,3948.01,2.13,49.120234604105576,12.985074626865673
467804,Referral Program,2023-11-29,All,App,3473,303,82,1949.69,6656.08,2.32,8.724445724157787,27.062706270627064
747340,New User Discount,2023-11-28,Premium,Social Media,2655,873,34,2282.72,6508.71,2.78,32.88135593220339,3.8946162657502863
88528,Weekend Special,2023-11-28,Premium,App,7007,546,52,1851.23,3595.22,2.65,7.792207792207792,9.523809523809524
574693,Festival Offer,2023-11-28,Premium,App,7635,349,10,1168.05,2995.68,1.85,4.571054354944335,2.865329512893983
60258,Flash Sale,2023-11-28,Inactive,App,5931,452,14,4175.63,7495.66,2.83,7.620974540549655,3.0973451327433628
472970,Membership Drive,2023-11-28,All,App,8212,143,19,1379.71,2584.24,3.0,1.7413541159279105,13.286713286713287
894884,Category Promotion,2023-11-28,Inactive,SMS,1301,269,97,2317.37,9799.65,3.97,20.67640276710223,36.059479553903344
679212,App Push Notification,2023-11-28,Inactive,SMS,8574,687,24,2590.46,6522.26,3.57,8.01259622113366,3.4934497816593884
378626,Email Campaign,2023-11-28,Premium,Email,6867,370,37,1675.87,5484.64,2.99,5.388087956895296,10.0
812587,Referral Program,2023-11-28,All,Social Media,3255,109,84,4415.53,6715.22,3.76,3.3486943164362524,77.06422018348624
904951,New User Discount,2023-11-27,New Users,App,1858,166,31,3016.37,2226.06,2.43,8.934337997847146,18.67469879518072
643820,Weekend Special,2023-11-27,Inactive,Social Media,7398,865,75,4358.13,5223.54,2.45,11.69234928359016,8.670520231213873
926771,Festival Offer,2023-11-27,Inactive,Email,8715,520,10,2715.56,5727.74,3.7,5.9667240390131955,1.9230769230769231
806837,Flash Sale,2023-11-27,New Users,SMS,9713,495,63,2134.13,9913.34,2.75,5.096262740656852,12.727272727272727
350120,Membership Drive,2023-11-27,New Users,App,6645,567,50,3679.14,2182.98,2.0,8.53273137697517,8.818342151675484
222513,Category Promotion,2023-11-27,Premium,Email,7674,650,75,4476.92,6935.03,1.53,8.470158978368517,11.538461538461538
250189,App Push Notification,2023-11-27,New Users,Social Media,7696,297,85,4884.59,7797.63,3.62,3.859147609147609,28.619528619528616
435951,Email Campaign,2023-11-27,All,App,2958,221,78,1552.28,6210.97,3.45,7.471264367816093,35.294117647058826
998740,Referral Program,2023-11-27,All,SMS,4685,549,64,4386.65,7404.9,3.09,11.718249733191035,11.657559198542804
309885,New User Discount,2023-11-26,Inactive,Email,3359,847,56,2105.69,9268.67,2.2,25.21583804703781,6.6115702479338845
93955,Weekend Special,2023-11-26,New Users,SMS,5218,680,61,3956.92,3191.6,3.79,13.031812955155232,8.970588235294118
944366,Festival Offer,2023-11-26,Premium,Social Media,7280,325,35,4481.12,3128.26,2.9,4.464285714285714,10.76923076923077
38519,Flash Sale,2023-11-26,New Users,SMS,8942,906,16,4071.71,6396.73,3.22,10.131961529859092,1.7660044150110374
75578,Membership Drive,2023-11-26,Inactive,SMS,5775,900,54,2701.11,9924.73,2.41,15.584415584415584,6.0
804027,Category Promotion,2023-11-26,Premium,SMS,8842,986,91,2169.07,3933.28,2.52,11.151323230038452,9.22920892494929
95061,App Push Notification,2023-11-26,New Users,SMS,8803,809,92,1103.43,8832.67,1.69,9.190048846983983,11.372064276885045
282922,Email Campaign,2023-11-26,New Users,SMS,1127,824,35,3620.09,9742.82,1.65,73.11446317657497,4.247572815533981
770435,Referral Program,2023-11-26,Inactive,SMS,1965,775,49,3655.24,9730.45,2.28,39.44020356234097,6.322580645161291
207721,New User Discount,2023-11-25,All,Social Media,4587,744,78,3503.42,8651.15,1.63,16.219751471550033,10.483870967741936
196080,Weekend Special,2023-11-25,All,Email,7965,325,20,4363.79,4283.05,3.33,4.080351537978657,6.153846153846154
995422,Festival Offer,2023-11-25,Premium,App,5105,608,64,3422.59,3328.09,3.83,11.909892262487757,10.526315789473683
141857,Flash Sale,2023-11-25,New Users,Social Media,8366,302,17,1236.9,3685.41,1.7,3.6098493903896722,5.629139072847682
261055,Membership Drive,2023-11-25,New Users,Email,2234,573,93,2489.03,4881.52,3.8,25.649059982094897,16.230366492146597
872427,Category Promotion,2023-11-25,New Users,Social Media,6600,702,54,3162.72,8305.78,2.28,10.636363636363637,7.6923076923076925
195292,App Push Notification,2023-11-25,Inactive,SMS,1262,322,66,4070.68,3938.57,2.56,25.51505546751189,20.496894409937887
254623,Email Campaign,2023-11-25,New Users,App,6404,201,83,1125.09,4925.61,3.89,3.1386633354153655,41.29353233830846
984408,Referral Program,2023-11-25,New Users,Social Media,2291,586,12,1180.56,2429.41,1.59,25.578350065473593,2.04778156996587
130791,New User Discount,2023-11-24,Premium,SMS,5963,154,94,1417.02,8141.03,3.17,2.582592654704008,61.038961038961034
7258,Weekend Special,2023-11-24,New Users,Social Media,1403,226,73,2002.0,7407.03,3.93,16.10833927298646,32.30088495575221
180135,Festival Offer,2023-11-24,Premium,App,9468,952,99,3661.95,7288.94,3.0,10.054921841994085,10.399159663865547
422711,Flash Sale,2023-11-24,Inactive,App,4875,192,86,1544.61,7503.9,3.43,3.9384615384615387,44.79166666666667
815396,Membership Drive,2023-11-24,Inactive,App,3329,147,20,2030.14,8222.08,3.09,4.415740462601382,13.60544217687075
206258,Category Promotion,2023-11-24,All,Social Media,2355,843,28,4532.07,2769.83,2.69,35.796178343949045,3.3214709371292996
321371,App Push Notification,2023-11-24,Premium,Social Media,3326,689,68,1414.16,7898.45,2.07,20.715574263379434,9.869375907111756
825767,Email Campaign,2023-11-24,New Users,App,8842,552,40,3826.69,4589.89,3.41,6.242931463469803,7.246376811594203
58612,Referral Program,2023-11-24,New Users,Social Media,8131,250,94,2137.54,6470.85,1.55,3.0746525642602385,37.6
69877,New User Discount,2023-11-23,New Users,SMS,2387,443,88,2598.14,7030.07,2.55,18.558860494344366,19.864559819413092
5227,Weekend Special,2023-11-23,Inactive,SMS,4757,412,85,2514.68,3103.23,3.26,8.660920748370822,20.631067961165048
640316,Festival Offer,2023-11-23,New Users,Social Media,6038,604,91,3272.23,8359.79,2.38,10.003312355084464,15.066225165562914
902148,Flash Sale,2023-11-23,New Users,Social Media,7864,893,95,3835.11,8034.02,2.09,11.355544252288912,10.638297872340425
737997,Membership Drive,2023-11-23,All,Email,7920,137,25,2647.08,7565.57,1.59,1.72979797979798,18.248175182481752
231244,Category Promotion,2023-11-23,All,Email,7180,947,64,3229.85,3264.19,2.44,13.189415041782729,6.75818373812038
150424,App Push Notification,2023-11-23,All,SMS,4536,742,17,3985.84,8618.12,3.02,16.358024691358025,2.2911051212938007
430565,Email Campaign,2023-11-23,New Users,SMS,5650,314,60,1330.14,7241.03,1.69,5.557522123893805,19.10828025477707
910155,Referral Program,2023-11-23,Premium,SMS,7342,139,66,3167.71,3907.09,2.71,1.893217107055298,47.482014388489205
810062,New User Discount,2023-11-22,All,App,9356,541,100,4002.72,6988.91,3.62,5.782385634886704,18.484288354898336
508421,Weekend Special,2023-11-22,Inactive,Social Media,6072,366,26,3547.44,7263.37,2.41,6.027667984189724,7.103825136612022
649869,Festival Offer,2023-11-22,Premium,SMS,4732,530,65,3118.8,8019.43,3.52,11.200338123415046,12.264150943396226
239640,Flash Sale,2023-11-22,Inactive,SMS,3804,403,40,1728.16,5501.63,1.63,10.594111461619347,9.925558312655088
122635,Membership Drive,2023-11-22,All,SMS,6224,507,95,3340.96,6390.51,2.57,8.145886889460154,18.73767258382643
274032,Category Promotion,2023-11-22,All,Email,5939,755,30,4837.35,7679.75,3.12,12.712577875063142,3.9735099337748347
51315,App Push Notification,2023-11-22,Premium,App,2874,782,71,3549.28,3388.13,2.6,27.20946416144746,9.07928388746803
901593,Email Campaign,2023-11-22,Premium,Email,7854,400,67,2185.48,6369.92,2.86,5.092946269416858,16.75
170595,Referral Program,2023-11-22,Premium,SMS,1149,697,19,4440.33,7700.55,1.6,60.661444734551786,2.72596843615495
923020,New User Discount,2023-11-21,All,App,2418,177,83,2516.8,6068.27,2.67,7.320099255583126,46.89265536723164
648504,Weekend Special,2023-11-21,All,Social Media,2913,695,41,4968.81,5994.61,3.5,23.858565053209748,5.899280575539569
52985,Festival Offer,2023-11-21,Inactive,Social Media,8089,753,45,4940.1,3426.64,3.97,9.308938064037582,5.9760956175298805
610970,Flash Sale,2023-11-21,Premium,Social Media,8665,998,83,2939.99,2781.57,3.74,11.517599538372764,8.316633266533065
50773,Membership Drive,2023-11-21,New Users,SMS,9414,887,61,2354.3,2400.94,3.23,9.42213724240493,6.877113866967305
687564,Category Promotion,2023-11-21,New Users,App,2117,407,61,1062.0,9240.64,2.76,19.2253188474256,14.987714987714988
302539,App Push Notification,2023-11-21,Premium,Social Media,5548,997,10,4540.08,2487.41,2.74,17.97043979812545,1.0030090270812437
331973,Email Campaign,2023-11-21,Inactive,Social Media,5487,512,17,4959.87,5067.45,2.94,9.331146345908511,3.3203125
206610,Referral Program,2023-11-21,All,Email,9172,970,67,3333.29,6821.13,2.12,10.575665067597035,6.907216494845361
482904,New User Discount,2023-11-20,Inactive,App,1557,812,86,1863.24,7600.55,1.93,52.15157353885678,10.591133004926109
351697,Weekend Special,2023-11-20,New Users,Social Media,1494,866,89,4249.71,3701.59,3.9,57.96519410977242,10.277136258660507
895135,Festival Offer,2023-11-20,Inactive,App,6382,509,60,2403.45,2374.17,2.36,7.975556251958634,11.787819253438114
75000,Flash Sale,2023-11-20,Inactive,SMS,8770,955,39,1521.45,3317.88,1.85,10.88939566704675,4.0837696335078535
226166,Membership Drive,2023-11-20,All,Social Media,9640,705,51,1866.24,8011.01,2.96,7.313278008298756,7.234042553191489
264129,Category Promotion,2023-11-20,All,SMS,8923,636,69,3932.8,4853.18,2.53,7.1276476521349315,10.849056603773585
647838,App Push Notification,2023-11-20,All,Social Media,1222,387,30,1202.03,3667.25,1.64,31.669394435351883,7.751937984496124
319191,Email Campaign,2023-11-20,All,Social Media,5593,748,14,3839.16,4755.28,2.36,13.37386018237082,1.8716577540106951
552528,Referral Program,2023-11-20,All,App,7597,992,18,1340.17,9921.34,1.97,13.057785968145321,1.8145161290322582
297937,New User Discount,2023-11-19,Inactive,App,6966,956,53,1528.01,7509.17,3.68,13.723801320700545,5.543933054393305
663400,Weekend Special,2023-11-19,All,Email,7456,370,23,2061.27,2029.93,1.61,4.96244635193133,6.216216216216217
288249,Festival Offer,2023-11-19,Premium,SMS,8909,597,24,1814.25,2508.21,3.48,6.7010887866202715,4.0201005025125625
251593,Flash Sale,2023-11-19,Inactive,Email,3899,852,88,1170.35,3268.87,2.94,21.85175686073352,10.328638497652582
100410,Membership Drive,2023-11-19,New Users,Social Media,4614,410,99,1987.88,5582.24,3.41,8.885999133073256,24.146341463414632
577556,Category Promotion,2023-11-19,All,Social Media,9888,325,10,4048.4,6110.97,3.38,3.286812297734628,3.076923076923077
52019,App Push Notification,2023-11-19,Inactive,Email,7170,926,46,2249.83,6891.34,2.77,12.914923291492327,4.967602591792657
739370,Email Campaign,2023-11-19,New Users,Email,7617,994,80,4323.89,5083.13,3.4,13.049757122226598,8.048289738430583
716074,Referral Program,2023-11-19,Premium,SMS,8778,918,85,1836.16,9008.8,2.92,10.457963089542037,9.25925925925926
718614,New User Discount,2023-11-18,New Users,Email,1418,648,89,2209.45,4417.94,2.41,45.6981664315938,13.734567901234568
930357,Weekend Special,2023-11-18,Premium,SMS,6002,603,10,3669.49,3507.64,1.62,10.046651116294568,1.658374792703151
780022,Festival Offer,2023-11-18,Premium,Social Media,3224,524,81,3555.89,5937.02,3.4,16.253101736972706,15.458015267175574
306225,Flash Sale,2023-11-18,Premium,SMS,2113,232,18,3337.21,9281.13,2.72,10.979649787032656,7.758620689655173
635949,Membership Drive,2023-11-18,Inactive,SMS,5271,392,61,3491.27,2778.83,3.73,7.436918990703852,15.561224489795919
155841,Category Promotion,2023-11-18,Inactive,Social Media,4082,511,25,1187.71,3794.99,2.49,12.518373346398823,4.892367906066536
841351,App Push Notification,2023-11-18,Inactive,Email,4959,960,42,1175.75,5540.87,1.81,19.358741681790683,4.375
916605,Email Campaign,2023-11-18,Inactive,App,1504,317,98,2214.64,2259.7,3.2,21.07712765957447,30.914826498422716
220730,Referral Program,2023-11-18,Inactive,App,9743,340,69,1093.67,2646.96,3.46,3.489684901980909,20.294117647058822
953225,New User Discount,2023-11-17,All,Email,9692,784,39,3229.56,8652.09,1.67,8.089145687164672,4.974489795918367
403108,Weekend Special,2023-11-17,Inactive,Email,9474,439,93,1969.7,3321.45,3.79,4.63373443107452,21.184510250569478
350821,Festival Offer,2023-11-17,All,Social Media,2629,335,97,4437.07,2168.9,3.33,12.742487637885128,28.955223880597014
3231,Flash Sale,2023-11-17,All,App,5407,850,38,1355.02,7982.42,2.31,15.720362493064547,4.470588235294118
301923,Membership Drive,2023-11-17,New Users,Social Media,5823,890,23,4602.62,5892.04,3.23,15.284217757169843,2.584269662921348
974324,Category Promotion,2023-11-17,New Users,SMS,3434,451,36,4439.92,8212.41,2.5,13.133372160745486,7.982261640798225
882723,App Push Notification,2023-11-17,New Users,Email,2222,585,12,1551.51,7943.57,3.03,26.327632763276327,2.051282051282051
298032,Email Campaign,2023-11-17,Inactive,SMS,1442,785,55,2271.4,8389.0,2.03,54.438280166435504,7.006369426751593
930162,Referral Program,2023-11-17,New Users,App,4793,985,94,1776.39,7083.2,2.07,20.550803254746505,9.543147208121827
152958,New User Discount,2023-11-16,New Users,Social Media,9258,313,87,4600.95,4613.98,2.14,3.3808597969323824,27.79552715654952
681404,Weekend Special,2023-11-16,Inactive,App,3012,115,85,3623.14,3557.18,3.52,3.818061088977424,73.91304347826086
787605,Festival Offer,2023-11-16,Premium,SMS,7473,178,46,3956.3,9579.18,1.57,2.3819082028636425,25.842696629213485
257698,Flash Sale,2023-11-16,Premium,Social Media,4764,722,28,3808.26,6756.06,3.16,15.155331654072207,3.8781163434903045
321902,Membership Drive,2023-11-16,Inactive,SMS,4735,650,11,3521.87,3210.04,2.96,13.727560718057022,1.6923076923076923
349788,Category Promotion,2023-11-16,Inactive,App,6494,635,84,1914.39,3361.23,2.7,9.778256852479212,13.228346456692913
41346,App Push Notification,2023-11-16,Inactive,Social Media,3674,546,90,3738.64,8373.91,3.5,14.861186717474142,16.483516483516482
54622,Email Campaign,2023-11-16,New Users,SMS,4405,591,64,4576.74,8380.71,3.92,13.416572077185018,10.829103214890017
576183,Referral Program,2023-11-16,Premium,Social Media,6362,172,62,4869.05,9576.67,2.23,2.703552342030808,36.04651162790697
713988,New User Discount,2023-11-15,Premium,Social Media,9057,332,19,1525.25,5577.25,3.63,3.665672960141327,5.72289156626506
182910,Weekend Special,2023-11-15,Premium,Email,2360,426,60,2459.44,5150.29,3.71,18.05084745762712,14.084507042253522
262168,Festival Offer,2023-11-15,All,Email,8581,130,67,3144.64,5003.53,2.78,1.5149749446451464,51.53846153846153
81757,Flash Sale,2023-11-15,Premium,Social Media,2565,932,27,4671.62,7072.21,2.55,36.33528265107213,2.896995708154506
329327,Membership Drive,2023-11-15,All,SMS,7575,756,40,3292.32,3942.51,3.1,9.98019801980198,5.291005291005291
28630,Category Promotion,2023-11-15,New Users,Social Media,7512,852,43,2283.87,6815.3,1.62,11.341853035143771,5.046948356807512
201406,App Push Notification,2023-11-15,All,Email,1622,717,51,4375.26,7783.21,1.64,44.20468557336621,7.112970711297072
621649,Email Campaign,2023-11-15,Premium,Social Media,7014,352,99,4268.19,9397.69,2.0,5.018534359851725,28.125
554102,Referral Program,2023-11-15,All,SMS,8145,687,42,3987.42,5341.12,2.64,8.43462246777164,6.11353711790393
786425,New User Discount,2023-11-14,Premium,Email,4346,304,95,4239.53,2397.25,2.54,6.994937873907041,31.25
108462,Weekend Special,2023-11-14,Premium,Email,3680,581,32,2021.05,4046.26,3.09,15.78804347826087,5.507745266781412
845932,Festival Offer,2023-11-14,New Users,App,7111,476,76,3539.94,7105.34,1.52,6.693854591477992,15.966386554621847
908556,Flash Sale,2023-11-14,All,SMS,3116,742,33,1370.59,9410.57,1.93,23.812580231065468,4.44743935309973
404232,Membership Drive,2023-11-14,New Users,Email,3469,542,31,1745.28,3126.71,3.54,15.624099164024214,5.719557195571956
351040,Category Promotion,2023-11-14,Premium,Email,9822,518,38,3215.07,2754.09,1.59,5.273874974546936,7.335907335907336
365215,App Push Notification,2023-11-14,New Users,SMS,5986,787,54,1837.73,3120.98,2.76,13.147343802205144,6.861499364675986
985841,Email Campaign,2023-11-14,Inactive,App,5701,862,86,4580.3,4229.09,2.29,15.120154358884404,9.976798143851507
249499,Referral Program,2023-11-14,All,Email,3935,494,27,3858.0,8669.26,3.91,12.554002541296061,5.465587044534413
262739,New User Discount,2023-11-13,Inactive,SMS,4799,924,19,3893.51,4651.11,1.54,19.254011252344238,2.0562770562770565
546095,Weekend Special,2023-11-13,All,Social Media,6163,274,91,2068.18,8907.41,1.91,4.44588674346909,33.21167883211679
827445,Festival Offer,2023-11-13,Inactive,App,7989,172,78,4332.76,4865.86,3.14,2.152960320440606,45.348837209302324
445119,Flash Sale,2023-11-13,Inactive,Social Media,3090,730,99,2953.69,6852.18,3.76,23.624595469255663,13.561643835616438
174638,Membership Drive,2023-11-13,New Users,SMS,9254,892,49,4276.47,6695.22,3.8,9.639074994596932,5.493273542600897
228666,Category Promotion,2023-11-13,New Users,Email,3150,991,94,2324.26,8422.26,1.74,31.460317460317462,9.485368314833503
515077,App Push Notification,2023-11-13,Inactive,SMS,2552,535,49,1391.09,3599.18,3.71,20.96394984326019,9.158878504672897
371140,Email Campaign,2023-11-13,Inactive,Email,8451,797,91,1766.62,5477.67,1.63,9.430836587386109,11.417816813048933
652176,Referral Program,2023-11-13,Inactive,Social Media,6471,289,38,1023.81,5372.66,2.14,4.466079431308917,13.148788927335639
24596,New User Discount,2023-11-12,All,SMS,2137,297,86,1852.31,2487.97,2.86,13.897987833411324,28.95622895622896
865351,Weekend Special,2023-11-12,New Users,Email,9672,151,84,2695.13,4933.22,3.97,1.5612076095947063,55.62913907284768
759071,Festival Offer,2023-11-12,Inactive,Email,5782,700,24,2858.16,8345.49,2.41,12.106537530266344,3.428571428571429
431600,Flash Sale,2023-11-12,New Users,App,4425,194,95,1351.21,3520.09,3.94,4.384180790960452,48.96907216494845
393708,Membership Drive,2023-11-12,Inactive,Social Media,3897,112,56,3489.79,2809.78,2.25,2.874005645368232,50.0
121219,Category Promotion,2023-11-12,Premium,SMS,2169,339,50,2344.55,4653.82,3.58,15.629322268326417,14.749262536873156
497034,App Push Notification,2023-11-12,Premium,App,7618,407,71,2548.17,7706.26,3.3,5.342609608821213,17.444717444717444
350837,Email Campaign,2023-11-12,Inactive,App,9580,703,51,3556.5,5723.73,3.92,7.338204592901879,7.254623044096728
620729,Referral Program,2023-11-12,New Users,Social Media,2399,409,39,4429.65,5942.7,3.57,17.04877032096707,9.535452322738386
820408,New User Discount,2023-11-11,New Users,Social Media,8822,719,83,4375.96,7329.74,3.96,8.150079347086828,11.543810848400557
236335,Weekend Special,2023-11-11,New Users,App,8124,832,50,3831.66,8634.87,2.66,10.241260462826194,6.009615384615385
219062,Festival Offer,2023-11-11,All,Social Media,5016,300,43,2664.02,9733.86,1.5,5.980861244019139,14.333333333333334
419218,Flash Sale,2023-11-11,Inactive,App,2738,621,89,1223.98,6300.09,1.88,22.680788897005115,14.331723027375201
252265,Membership Drive,2023-11-11,Premium,SMS,3378,607,84,4678.21,3114.63,2.24,17.969212551805803,13.838550247116968
577192,Category Promotion,2023-11-11,Inactive,Social Media,7791,937,39,1280.42,3419.17,3.52,12.026697471441407,4.16221985058698
795656,App Push Notification,2023-11-11,Inactive,Social Media,4978,457,65,3498.03,7987.25,3.13,9.18039373242266,14.22319474835886
194088,Email Campaign,2023-11-11,All,Social Media,4299,519,18,3496.89,7879.5,3.15,12.072575017445917,3.4682080924855487
822039,Referral Program,2023-11-11,New Users,Email,6726,462,88,2289.51,8142.7,3.9,6.868867082961641,19.047619047619047
782332,New User Discount,2023-11-10,Premium,Email,6304,563,12,4366.78,5687.42,3.32,8.930837563451776,2.1314387211367674
208302,Weekend Special,2023-11-10,New Users,Email,1959,462,26,1848.17,3568.67,2.42,23.583460949464012,5.627705627705628
950343,Festival Offer,2023-11-10,All,App,2568,106,26,2711.32,5664.84,3.11,4.127725856697819,24.528301886792452
772722,Flash Sale,2023-11-10,Premium,Email,5250,146,62,2110.88,3322.94,2.63,2.780952380952381,42.465753424657535
560709,Membership Drive,2023-11-10,New Users,App,6072,601,62,3201.47,7374.4,1.78,9.897891963109355,10.316139767054908
833327,Category Promotion,2023-11-10,All,Social Media,4325,285,48,3006.08,4070.25,3.76,6.589595375722543,16.842105263157894
454633,App Push Notification,2023-11-10,All,Social Media,6169,428,80,2093.21,6008.78,2.99,6.9379153833684555,18.69158878504673
201404,Email Campaign,2023-11-10,Premium,Social Media,6336,104,32,3298.94,9363.32,3.07,1.6414141414141417,30.76923076923077
246813,Referral Program,2023-11-10,Premium,Email,9829,467,86,1326.93,4497.16,1.69,4.751246311934073,18.41541755888651
361511,New User Discount,2023-11-09,New Users,SMS,6195,948,19,3329.15,5028.08,3.16,15.302663438256658,2.0042194092827006
484374,Weekend Special,2023-11-09,Inactive,App,7234,786,36,4926.72,6198.95,1.91,10.865358031517832,4.580152671755725
605230,Festival Offer,2023-11-09,Inactive,SMS,4756,750,69,3656.58,4470.2,1.65,15.76955424726661,9.2
116140,Flash Sale,2023-11-09,Premium,App,9303,167,26,2023.64,4654.52,3.65,1.7951198538105988,15.568862275449103
400626,Membership Drive,2023-11-09,All,Email,2280,780,86,1008.7,3524.89,3.1,34.21052631578947,11.025641025641026
414580,Category Promotion,2023-11-09,All,Social Media,9733,981,88,1773.43,5827.95,3.68,10.079112298366383,8.970438328236494
21013,App Push Notification,2023-11-09,Premium,SMS,4558,354,32,2838.41,8937.99,2.67,7.766564282580079,9.03954802259887
684739,Email Campaign,2023-11-09,New Users,SMS,6885,383,87,3367.11,6678.85,2.86,5.562817719680465,22.715404699738905
637182,Referral Program,2023-11-09,Inactive,Email,5724,485,85,3686.86,3686.81,1.85,8.47309573724668,17.525773195876287
832059,New User Discount,2023-11-08,Premium,Email,2985,953,85,3230.24,2022.21,2.02,31.926298157453935,8.919202518363065
216463,Weekend Special,2023-11-08,New Users,SMS,7090,596,24,1132.53,8547.61,3.68,8.406205923836389,4.026845637583892
796337,Festival Offer,2023-11-08,All,App,5175,635,45,2049.39,8014.12,3.42,12.270531400966183,7.086614173228346
670674,Flash Sale,2023-11-08,All,Social Media,3962,540,37,2405.35,4122.73,1.95,13.629480060575466,6.851851851851852
184294,Membership Drive,2023-11-08,All,App,4493,704,21,4749.46,8444.98,3.72,15.668818161584689,2.9829545454545454
242821,Category Promotion,2023-11-08,Premium,Social Media,7340,112,79,4664.6,3041.47,2.23,1.5258855585831061,70.53571428571429
576123,App Push Notification,2023-11-08,Inactive,Social Media,2989,405,50,3354.18,7996.79,2.2,13.549682167949149,12.345679012345679
112987,Email Campaign,2023-11-08,Premium,SMS,3254,399,38,1794.54,9403.67,2.87,12.261831591886908,9.523809523809524
656190,Referral Program,2023-11-08,New Users,SMS,2030,890,48,4253.58,2117.8,3.96,43.84236453201971,5.393258426966292
222008,New User Discount,2023-11-07,New Users,SMS,1171,345,84,2485.31,7179.3,2.76,29.461998292058073,24.347826086956523
975496,Weekend Special,2023-11-07,Premium,App,7108,412,86,4391.98,7823.43,2.86,5.796285875070343,20.87378640776699
564613,Festival Offer,2023-11-07,Inactive,Social Media,5563,507,72,1836.38,4125.96,2.35,9.11378752471688,14.201183431952662
394041,Flash Sale,2023-11-07,New Users,Social Media,3791,281,70,1675.45,9389.32,2.81,7.412292271168557,24.91103202846975
691816,Membership Drive,2023-11-07,All,App,1846,196,45,2235.91,3205.35,3.63,10.617551462621885,22.95918367346939
325083,Category Promotion,2023-11-07,New Users,Email,3246,253,66,3568.36,4968.11,3.63,7.794208256315466,26.08695652173913
583896,App Push Notification,2023-11-07,Premium,Email,1963,214,57,2769.0,5271.07,3.21,10.901681100356598,26.635514018691588
841577,Email Campaign,2023-11-07,All,App,4740,127,87,2325.21,8362.28,1.7,2.6793248945147683,68.50393700787401
478313,Referral Program,2023-11-07,New Users,App,2985,468,83,1845.6,3446.0,2.02,15.678391959798995,17.735042735042736
94176,New User Discount,2023-11-06,Premium,SMS,2368,367,90,1648.13,3168.13,1.89,15.49831081081081,24.52316076294278
742092,Weekend Special,2023-11-06,Inactive,Email,3981,851,16,2812.64,8898.49,2.43,21.376538558151218,1.8801410105757932
348097,Festival Offer,2023-11-06,New Users,App,2660,354,82,2173.39,8468.66,3.97,13.30827067669173,23.163841807909606
902340,Flash Sale,2023-11-06,Inactive,Email,9174,665,61,4922.67,2512.34,3.43,7.248746457379552,9.172932330827068
519991,Membership Drive,2023-11-06,Premium,Social Media,7044,829,71,4869.31,2050.57,2.11,11.768881317433276,8.56453558504222
648419,Category Promotion,2023-11-06,Premium,SMS,5202,882,18,1876.81,7158.88,3.44,16.955017301038062,2.0408163265306123
426826,App Push Notification,2023-11-06,Inactive,SMS,4270,865,99,1315.34,6461.11,2.49,20.2576112412178,11.445086705202312
620986,Email Campaign,2023-11-06,All,SMS,9994,889,57,3670.87,4268.04,2.37,8.895337202321393,6.411698537682789
436998,Referral Program,2023-11-06,Inactive,Email,1260,380,55,3264.21,9081.39,3.18,30.158730158730158,14.473684210526317
527536,New User Discount,2023-11-05,New Users,SMS,7500,575,64,3158.74,3216.18,3.25,7.666666666666666,11.130434782608695
505448,Weekend Special,2023-11-05,New Users,Email,3749,416,79,2445.05,4821.35,2.38,11.096292344625233,18.990384615384613
969752,Festival Offer,2023-11-05,Inactive,App,1374,452,51,4067.31,2911.44,2.85,32.896652110625915,11.283185840707963
147451,Flash Sale,2023-11-05,Inactive,Email,9137,190,60,3200.14,5398.87,3.52,2.0794571522381524,31.57894736842105
730136,Membership Drive,2023-11-05,Premium,App,7256,153,82,2718.42,6267.6,2.79,2.1085997794928333,53.59477124183007
876979,Category Promotion,2023-11-05,Inactive,App,8494,544,55,2055.54,9501.28,2.31,6.404520838238757,10.11029411764706
130091,App Push Notification,2023-11-05,New Users,Email,1906,970,39,1922.39,7865.5,3.92,50.89192025183631,4.020618556701031
289467,Email Campaign,2023-11-05,Inactive,Social Media,7634,836,53,3190.81,4611.69,2.13,10.951008645533141,6.339712918660287
685660,Referral Program,2023-11-05,New Users,SMS,3611,338,92,4394.56,2119.58,2.73,9.360288008861811,27.218934911242602
648,New User Discount,2023-11-04,All,Email,7368,138,43,4892.22,2261.53,2.35,1.8729641693811077,31.15942028985507
615382,Weekend Special,2023-11-04,Inactive,Email,3368,726,82,3851.46,3495.03,3.79,21.555819477434678,11.294765840220386
73874,Festival Offer,2023-11-04,All,Social Media,3667,968,40,4869.2,5962.75,2.79,26.397600218161987,4.132231404958678
530564,Flash Sale,2023-11-04,New Users,Social Media,7665,818,76,1209.6,9850.09,2.78,10.671885192433137,9.290953545232274
937960,Membership Drive,2023-11-04,Premium,SMS,8982,584,87,3592.12,2602.11,3.06,6.501892674237364,14.897260273972604
332790,Category Promotion,2023-11-04,New Users,App,3711,266,52,1716.9,6223.46,1.64,7.167879277822689,19.548872180451127
846532,App Push Notification,2023-11-04,Inactive,SMS,3960,423,66,2809.79,4947.09,2.83,10.681818181818182,15.602836879432624
377049,Email Campaign,2023-11-04,New Users,SMS,8586,281,75,1164.36,4435.69,2.81,3.272769624970883,26.690391459074732
300068,Referral Program,2023-11-04,Premium,SMS,4605,863,24,1294.77,8456.87,1.67,18.740499457111834,2.7809965237543453
701528,New User Discount,2023-11-03,Inactive,SMS,4944,990,63,4058.25,7766.38,2.62,20.024271844660195,6.363636363636363
896780,Weekend Special,2023-11-03,All,Social Media,7323,488,80,1994.24,2189.36,3.04,6.663935545541445,16.39344262295082
780352,Festival Offer,2023-11-03,Premium,SMS,4861,515,87,3510.78,8511.78,2.59,10.594527874922855,16.893203883495143
719806,Flash Sale,2023-11-03,New Users,Social Media,5201,451,16,1432.95,7105.28,3.23,8.671409344356855,3.5476718403547673
55745,Membership Drive,2023-11-03,All,App,1467,807,68,3026.45,2772.48,2.47,55.010224948875255,8.426270136307311
988214,Category Promotion,2023-11-03,Premium,Email,6455,507,26,1378.74,6897.51,3.76,7.85437645236251,5.128205128205128
185180,App Push Notification,2023-11-03,Premium,Email,7549,444,22,3644.01,8899.62,2.2,5.881573718373295,4.954954954954955
932229,Email Campaign,2023-11-03,All,SMS,4167,459,12,3010.49,9370.47,3.64,11.01511879049676,2.6143790849673203
520821,Referral Program,2023-11-03,Premium,Social Media,1834,299,70,2936.92,3978.66,3.66,16.303162486368596,23.411371237458194
386205,New User Discount,2023-11-02,All,Email,9640,451,53,3828.98,8550.64,3.98,4.678423236514523,11.751662971175167
738123,Weekend Special,2023-11-02,New Users,App,9550,257,81,3875.15,9731.08,1.86,2.6910994764397906,31.517509727626457
194159,Festival Offer,2023-11-02,Premium,Email,7482,153,22,1167.19,2605.53,2.77,2.0449077786688052,14.37908496732026
934330,Flash Sale,2023-11-02,All,Email,1004,824,90,3054.06,7189.41,3.59,82.07171314741036,10.922330097087379
532241,Membership Drive,2023-11-02,New Users,Email,8379,604,99,4506.85,8998.71,3.6,7.208497434061344,16.39072847682119
768546,Category Promotion,2023-11-02,Premium,Email,5944,994,54,1288.37,3024.21,2.41,16.722745625841185,5.432595573440644
281887,App Push Notification,2023-11-02,New Users,Email,5265,765,84,1810.21,7630.52,1.76,14.529914529914532,10.980392156862745
229401,Email Campaign,2023-11-02,All,SMS,3632,709,51,2978.36,4481.77,3.26,19.520925110132158,7.193229901269394
406912,Referral Program,2023-11-02,All,Social Media,9177,659,46,2347.14,7206.93,2.11,7.180995968181322,6.980273141122914
439442,New User Discount,2023-11-01,All,App,4881,932,20,3335.87,4093.69,1.6,19.094447859045278,2.1459227467811157
142218,Weekend Special,2023-11-01,Premium,Email,7797,613,66,4729.9,3650.63,1.62,7.8619982044376036,10.766721044045676
350135,Festival Offer,2023-11-01,Premium,Email,2523,888,68,2697.8,4145.36,3.13,35.1961950059453,7.657657657657657
859758,Flash Sale,2023-11-01,All,SMS,3659,751,10,4232.8,6568.46,2.02,20.52473353375239,1.3315579227696404
990509,Membership Drive,2023-11-01,Inactive,SMS,1529,889,15,3434.16,9057.33,3.65,58.142576847612816,1.687289088863892
494048,Category Promotion,2023-11-01,Premium,Social Media,9384,236,15,2754.7,6078.22,2.22,2.514919011082694,6.3559322033898304
489774,App Push Notification,2023-11-01,New Users,App,7006,464,29,1777.3,8981.2,2.54,6.622894661718528,6.25
390492,Email Campaign,2023-11-01,All,Email,7535,603,24,4009.07,7308.53,2.63,8.002654280026542,3.9800995024875623
649128,Referral Program,2023-11-01,Inactive,Social Media,1788,371,10,3840.1,7241.91,2.69,20.74944071588367,2.6954177897574128
984354,New User Discount,2023-10-31,Inactive,Email,7712,619,80,3472.67,4819.29,2.48,8.026452282157678,12.924071082390952
683460,Weekend Special,2023-10-31,Inactive,SMS,2007,350,18,4758.97,2956.53,3.04,17.438963627304435,5.142857142857142
472639,Festival Offer,2023-10-31,Premium,Email,1532,831,67,2447.79,9609.89,1.59,54.24281984334204,8.062575210589651
621287,Flash Sale,2023-10-31,Inactive,App,2695,713,49,2134.56,5025.08,1.73,26.456400742115026,6.872370266479663
299687,Membership Drive,2023-10-31,New Users,Email,3063,411,26,2779.58,9650.95,2.96,13.418217433888344,6.326034063260341
21518,Category Promotion,2023-10-31,Inactive,App,8017,305,55,1223.86,7713.38,3.93,3.8044156168142695,18.0327868852459
359808,App Push Notification,2023-10-31,Inactive,SMS,8487,746,12,3479.69,7298.83,2.05,8.789913986096384,1.6085790884718498
791493,Email Campaign,2023-10-31,Premium,Social Media,4600,201,94,4686.33,4654.82,3.82,4.369565217391305,46.766169154228855
926216,Referral Program,2023-10-31,Premium,Email,4347,286,18,1915.43,4007.16,2.21,6.579250057510927,6.293706293706294
359569,New User Discount,2023-10-30,All,SMS,6137,186,31,4430.36,3170.83,2.58,3.030796806257129,16.666666666666664
694883,Weekend Special,2023-10-30,New Users,SMS,8200,893,78,2870.49,5253.21,2.35,10.890243902439025,8.734602463605823
556220,Festival Offer,2023-10-30,All,Email,6674,860,96,2876.34,7211.52,1.71,12.885825591848965,11.162790697674419
351643,Flash Sale,2023-10-30,New Users,Email,6791,142,86,3165.85,5341.35,2.35,2.091002797820645,60.56338028169014
742224,Membership Drive,2023-10-30,Inactive,App,8938,678,36,3026.57,2740.97,3.87,7.585589617364064,5.3097345132743365
128374,Category Promotion,2023-10-30,New Users,Social Media,8444,602,99,2021.55,3618.1,2.2,7.1293225959261015,16.44518272425249
86194,App Push Notification,2023-10-30,Premium,Social Media,8320,539,22,3977.44,2918.56,3.94,6.478365384615385,4.081632653061225
51074,Email Campaign,2023-10-30,Premium,SMS,9043,836,10,3959.28,9558.27,3.59,9.244719672674998,1.1961722488038278
351794,Referral Program,2023-10-30,New Users,App,5674,947,45,1962.61,7909.33,2.58,16.69016566795911,4.7518479408658925
105859,New User Discount,2023-10-29,Inactive,SMS,1352,450,66,3695.61,2658.31,3.88,33.28402366863905,14.666666666666666
397750,Weekend Special,2023-10-29,Inactive,App,3647,174,68,3884.72,6652.54,3.03,4.771044694269262,39.08045977011494
402134,Festival Offer,2023-10-29,Inactive,App,2804,713,80,4381.83,7968.65,2.2,25.427960057061338,11.220196353436185
102991,Flash Sale,2023-10-29,Premium,Social Media,5717,494,47,2281.7,5680.55,3.43,8.640895574602064,9.51417004048583
443742,Membership Drive,2023-10-29,All,Social Media,4642,194,19,3825.19,3492.9,3.18,4.179233089185696,9.793814432989691
677049,Category Promotion,2023-10-29,Inactive,Social Media,4061,565,77,1440.12,4110.61,3.31,13.912829352376264,13.628318584070797
560039,App Push Notification,2023-10-29,All,App,9868,722,60,1426.56,2306.02,3.24,7.316578840697203,8.310249307479225
655058,Email Campaign,2023-10-29,Premium,Email,7788,165,77,2914.62,6447.33,3.29,2.11864406779661,46.666666666666664
432786,Referral Program,2023-10-29,Premium,Social Media,5299,426,48,4374.83,5281.94,2.32,8.03925268918664,11.267605633802818
796726,New User Discount,2023-10-28,New Users,SMS,4143,758,91,1111.84,2054.55,1.77,18.295920830316195,12.005277044854882
969492,Weekend Special,2023-10-28,New Users,SMS,9090,667,13,1075.69,7092.36,3.2,7.337733773377337,1.9490254872563717
96128,Festival Offer,2023-10-28,Inactive,SMS,6898,955,81,1783.84,4865.4,2.05,13.844592635546535,8.481675392670157
339172,Flash Sale,2023-10-28,Inactive,App,8745,772,79,4467.8,4835.48,1.73,8.827901658090337,10.233160621761659
421722,Membership Drive,2023-10-28,All,App,4428,294,69,3221.76,5772.47,1.53,6.639566395663957,23.46938775510204
82195,Category Promotion,2023-10-28,Inactive,App,8617,533,85,1291.78,5143.67,3.81,6.185447371474991,15.947467166979362
501370,App Push Notification,2023-10-28,Inactive,Email,9475,305,57,3473.25,3775.96,2.68,3.2189973614775726,18.688524590163937
117625,Email Campaign,2023-10-28,Premium,SMS,9841,849,83,2383.25,9540.5,2.73,8.62717203536226,9.77620730270907
893019,Referral Program,2023-10-28,All,SMS,8975,915,62,2086.05,4634.25,1.86,10.194986072423399,6.775956284153005
138286,New User Discount,2023-10-27,Inactive,Social Media,3898,763,48,4726.29,5580.93,2.79,19.57414058491534,6.290956749672345
388493,Weekend Special,2023-10-27,Premium,Social Media,7578,631,10,1221.44,7522.03,2.65,8.32673528635524,1.5847860538827259
124156,Festival Offer,2023-10-27,All,Social Media,5020,528,78,4437.17,9460.81,1.65,10.517928286852591,14.772727272727273
782136,Flash Sale,2023-10-27,Premium,App,4320,874,18,4028.71,4396.37,2.41,20.23148148148148,2.059496567505721
848455,Membership Drive,2023-10-27,All,Social Media,8491,288,38,2706.43,5319.87,1.6,3.3918266399717343,13.194444444444445
43641,Category Promotion,2023-10-27,Inactive,App,9512,880,20,3062.47,8516.35,2.76,9.251471825063078,2.272727272727273
166190,App Push Notification,2023-10-27,Premium,Social Media,4370,396,83,2331.53,5467.0,3.43,9.061784897025172,20.95959595959596
602034,Email Campaign,2023-10-27,Premium,SMS,7518,704,53,3969.09,7021.08,2.12,9.364192604416068,7.528409090909091
495855,Referral Program,2023-10-27,Premium,SMS,2565,700,38,3358.2,3391.34,1.63,27.29044834307992,5.428571428571429
134280,New User Discount,2023-10-26,Inactive,Social Media,7741,515,82,1522.6,7913.2,3.55,6.6528872238728844,15.922330097087379
924166,Weekend Special,2023-10-26,All,App,5952,432,88,1446.27,5050.1,2.59,7.258064516129033,20.37037037037037
915118,Festival Offer,2023-10-26,All,Email,8827,790,93,3467.06,5272.98,2.51,8.949813073524414,11.772151898734178
281361,Flash Sale,2023-10-26,All,App,8664,905,100,3204.04,2331.9,1.67,10.445521698984303,11.049723756906078
658183,Membership Drive,2023-10-26,All,Social Media,7088,221,80,2988.11,8595.98,3.39,3.1179458239277653,36.199095022624434
120767,Category Promotion,2023-10-26,Premium,SMS,5313,656,81,2124.54,7062.21,3.87,12.347073216638433,12.347560975609756
552750,App Push Notification,2023-10-26,New Users,Social Media,6833,525,88,1006.73,9745.83,3.13,7.683301624469487,16.761904761904763
879756,Email Campaign,2023-10-26,Inactive,Email,7533,304,53,4595.09,6565.29,2.69,4.0355767954334265,17.434210526315788
330492,Referral Program,2023-10-26,Premium,Email,1223,299,96,2672.1,8778.42,2.2,24.448078495502862,32.10702341137124
688584,New User Discount,2023-10-25,Premium,SMS,7904,728,73,1248.79,8646.48,2.75,9.210526315789473,10.027472527472527
249230,Weekend Special,2023-10-25,All,App,4609,171,28,2216.43,7013.44,3.17,3.7101323497504883,16.374269005847953
950306,Festival Offer,2023-10-25,Inactive,App,5482,561,64,1838.61,4239.47,3.73,10.233491426486683,11.408199643493761
713035,Flash Sale,2023-10-25,Inactive,SMS,1101,157,26,1742.81,8934.51,2.32,14.259763851044504,16.560509554140125
308116,Membership Drive,2023-10-25,Premium,Email,2741,324,56,4356.62,4950.15,2.72,11.820503465888361,17.28395061728395
803114,Category Promotion,2023-10-25,Premium,Social Media,1932,744,94,1501.4,3493.22,1.53,38.50931677018634,12.634408602150538
781965,App Push Notification,2023-10-25,All,Email,6508,353,82,3635.57,9579.9,2.71,5.424093423478795,23.229461756373937
173278,Email Campaign,2023-10-25,All,App,9618,484,100,1683.51,9644.49,2.47,5.0322312331045955,20.66115702479339
515371,Referral Program,2023-10-25,All,Social Media,8493,888,55,2321.24,4304.32,3.86,10.45566937477923,6.193693693693693
859740,New User Discount,2023-10-24,All,Social Media,4630,428,66,3358.99,9236.38,3.2,9.244060475161987,15.42056074766355
921445,Weekend Special,2023-10-24,All,SMS,6502,598,41,3799.81,8991.54,3.39,9.197170101507227,6.856187290969899
193185,Festival Offer,2023-10-24,Inactive,Email,6004,534,23,2346.3,4030.6,3.56,8.894070619586943,4.307116104868914
752276,Flash Sale,2023-10-24,New Users,Email,2750,385,18,1925.82,8278.47,3.12,14.000000000000002,4.675324675324675
989261,Membership Drive,2023-10-24,Inactive,App,2333,934,88,1047.58,2452.23,2.79,40.03429061294471,9.421841541755889
349173,Category Promotion,2023-10-24,New Users,Email,9660,668,66,3464.13,8003.46,2.9,6.9151138716356115,9.880239520958083
614329,App Push Notification,2023-10-24,New Users,Email,9257,855,91,2880.17,4656.8,2.29,9.236253645889597,10.64327485380117
856438,Email Campaign,2023-10-24,Inactive,Social Media,4519,985,89,1682.7,8438.89,2.19,21.79685771188316,9.035532994923857
433393,Referral Program,2023-10-24,Inactive,App,6358,928,23,4832.81,9156.92,3.6,14.595784837999371,2.478448275862069
792493,New User Discount,2023-10-23,Inactive,App,6785,455,29,1608.0,7007.06,1.53,6.705969049373619,6.373626373626373
637050,Weekend Special,2023-10-23,Premium,App,1706,647,15,4560.17,2177.39,1.92,37.924970691676435,2.3183925811437405
599471,Festival Offer,2023-10-23,New Users,SMS,8168,287,61,2804.57,9964.33,1.62,3.5137120470127328,21.254355400696863
903968,Flash Sale,2023-10-23,Inactive,App,6877,876,66,1944.27,4541.74,3.02,12.738112549076632,7.534246575342466
118633,Membership Drive,2023-10-23,Premium,SMS,7839,861,90,4991.34,5272.46,3.97,10.983543819364714,10.452961672473867
170409,Category Promotion,2023-10-23,All,Email,3918,391,33,3442.95,9500.4,3.37,9.979581419091373,8.439897698209718
404539,App Push Notification,2023-10-23,Premium,SMS,4057,663,36,1006.5,2238.69,2.36,16.342124722701502,5.429864253393665
95773,Email Campaign,2023-10-23,Premium,Social Media,6342,417,33,4337.06,7538.93,2.88,6.575212866603596,7.913669064748201
948318,Referral Program,2023-10-23,Inactive,App,9214,763,65,3433.13,2923.93,2.82,8.280876926416322,8.51900393184797
577637,New User Discount,2023-10-22,Inactive,Social Media,2357,725,63,4507.71,9011.83,3.45,30.75943996605855,8.689655172413794
363056,Weekend Special,2023-10-22,Premium,Social Media,6439,283,45,4598.93,8645.6,3.75,4.395092405653052,15.901060070671377
102055,Festival Offer,2023-10-22,New Users,SMS,1668,872,65,4747.59,2307.55,2.24,52.27817745803357,7.454128440366972
829450,Flash Sale,2023-10-22,Inactive,Email,3846,833,94,2414.84,5962.63,2.31,21.658866354654187,11.28451380552221
658023,Membership Drive,2023-10-22,Inactive,Email,3265,774,89,2903.92,2198.83,2.95,23.705972434915772,11.498708010335918
686121,Category Promotion,2023-10-22,Inactive,Social Media,3952,669,68,4642.38,2775.88,1.68,16.928137651821864,10.164424514200299
425687,App Push Notification,2023-10-22,Premium,Social Media,6518,113,98,2805.34,3163.86,2.54,1.7336606320957348,86.72566371681415
868519,Email Campaign,2023-10-22,Inactive,App,2861,209,84,2482.75,2851.77,3.27,7.3051380636141205,40.19138755980861
280156,Referral Program,2023-10-22,All,SMS,9202,151,18,2278.38,3733.67,3.74,1.6409476200825908,11.920529801324504
990044,New User Discount,2023-10-21,Inactive,Social Media,3342,888,99,2116.86,5814.86,3.88,26.570915619389584,11.14864864864865
385691,Weekend Special,2023-10-21,Inactive,SMS,6435,930,91,1460.35,9495.89,3.28,14.452214452214452,9.78494623655914
583982,Festival Offer,2023-10-21,All,App,9336,646,68,4452.53,4242.89,3.53,6.919451585261354,10.526315789473683
706789,Flash Sale,2023-10-21,New Users,App,2790,703,93,1022.62,4280.64,1.96,25.197132616487455,13.229018492176387
928835,Membership Drive,2023-10-21,Premium,Email,2789,631,63,2164.23,4125.94,2.46,22.62459662961635,9.984152139461171
604151,Category Promotion,2023-10-21,New Users,Social Media,3328,321,71,3940.22,4867.25,1.83,9.645432692307693,22.118380062305295
730601,App Push Notification,2023-10-21,Premium,SMS,3504,861,85,2980.78,2946.3,1.79,24.57191780821918,9.872241579558652
307592,Email Campaign,2023-10-21,New Users,App,6526,801,11,1817.93,2856.3,3.53,12.273980999080601,1.373283395755306
48197,Referral Program,2023-10-21,New Users,SMS,8285,424,12,4175.36,6985.0,2.18,5.117682558841279,2.8301886792452833
115392,New User Discount,2023-10-20,All,SMS,8560,336,84,2454.79,4823.86,3.31,3.925233644859813,25.0
404503,Weekend Special,2023-10-20,Inactive,App,1680,178,28,1400.39,6028.41,2.5,10.595238095238095,15.730337078651685
236107,Festival Offer,2023-10-20,All,Social Media,7578,100,94,3576.6,3074.89,3.54,1.3196093956188968,94.0
89239,Flash Sale,2023-10-20,New Users,App,9414,727,54,3477.23,8898.35,1.95,7.7225408965370725,7.4277854195323245
558473,Membership Drive,2023-10-20,New Users,SMS,6328,363,78,2842.61,5892.73,3.4,5.736409608091024,21.487603305785125
977146,Category Promotion,2023-10-20,Inactive,SMS,1197,507,100,4167.3,4411.8,3.58,42.35588972431078,19.723865877712033
977773,App Push Notification,2023-10-20,New Users,Social Media,4621,921,76,1507.1,6417.35,1.71,19.930750919714345,8.251900108577633
756267,Email Campaign,2023-10-20,New Users,App,9211,898,12,2857.68,7748.35,2.17,9.749212897622408,1.3363028953229399
280564,Referral Program,2023-10-20,New Users,SMS,3275,422,14,3114.28,4977.36,2.44,12.885496183206108,3.3175355450236967
448863,New User Discount,2023-10-19,Premium,SMS,2293,857,63,3587.63,4547.36,3.67,37.374618403837765,7.351225204200699
795679,Weekend Special,2023-10-19,Premium,SMS,1083,366,82,4864.59,2902.65,2.66,33.795013850415515,22.404371584699454
195795,Festival Offer,2023-10-19,Premium,Social Media,5867,539,82,4182.96,5668.93,3.26,9.18697801261292,15.213358070500927
925816,Flash Sale,2023-10-19,All,Social Media,2944,630,17,2579.32,5748.15,3.9,21.39945652173913,2.6984126984126986
798930,Membership Drive,2023-10-19,Inactive,Social Media,5701,509,75,4692.2,3044.9,3.41,8.928258200315733,14.734774066797643
438415,Category Promotion,2023-10-19,Inactive,App,4691,417,15,2268.82,2504.21,1.95,8.889362609251759,3.597122302158273
515075,App Push Notification,2023-10-19,Inactive,App,2098,985,37,1222.01,3757.2,3.41,46.94947569113441,3.7563451776649748
295274,Email Campaign,2023-10-19,Premium,App,6212,461,56,2266.16,3846.51,3.16,7.421120412105601,12.147505422993492
616810,Referral Program,2023-10-19,New Users,Social Media,6851,419,79,2348.35,6499.25,3.3,6.115895489709532,18.85441527446301
666210,New User Discount,2023-10-18,Inactive,SMS,3764,604,47,1818.87,8002.34,2.53,16.046758767268862,7.781456953642383
107173,Weekend Special,2023-10-18,Inactive,Social Media,9234,986,84,1883.33,9698.04,3.64,10.677929391379685,8.519269776876268
532611,Festival Offer,2023-10-18,All,Email,9638,800,77,1960.56,6064.0,3.39,8.300477277443454,9.625
9930,Flash Sale,2023-10-18,New Users,Email,4696,519,84,1887.22,2884.59,3.28,11.051959114139693,16.184971098265898
65370,Membership Drive,2023-10-18,Inactive,App,4163,841,83,1947.88,6572.91,1.61,20.201777564256545,9.869203329369798
47028,Category Promotion,2023-10-18,Premium,App,1119,933,24,4664.37,5759.56,3.82,83.37801608579089,2.572347266881029
906748,App Push Notification,2023-10-18,Inactive,App,2335,727,50,3523.32,6064.86,3.98,31.13490364025696,6.87757909215956
433710,Email Campaign,2023-10-18,Premium,App,9937,314,25,1929.04,8281.76,3.83,3.1599074167253693,7.961783439490445
624176,Referral Program,2023-10-18,New Users,SMS,4201,412,65,3194.18,7923.51,3.11,9.807188764579863,15.776699029126215
974468,New User Discount,2023-10-17,All,SMS,4526,983,11,3852.93,4011.1,1.93,21.718957136544407,1.119023397761953
784116,Weekend Special,2023-10-17,Premium,Social Media,4979,961,79,2543.46,3265.67,1.51,19.301064470777266,8.220603537981269
73931,Festival Offer,2023-10-17,Premium,SMS,5971,608,76,2466.24,2084.92,2.11,10.182548986769385,12.5
97082,Flash Sale,2023-10-17,All,SMS,5076,690,22,4978.84,7640.67,2.2,13.59338061465721,3.1884057971014492
764327,Membership Drive,2023-10-17,Premium,App,9854,892,55,3173.69,2589.24,3.5,9.052161558757865,6.165919282511211
607371,Category Promotion,2023-10-17,Inactive,Social Media,6233,446,18,3720.09,6080.77,3.67,7.155462858976416,4.0358744394618835
513268,App Push Notification,2023-10-17,All,Social Media,7466,483,63,1048.69,9378.61,2.34,6.46932761853737,13.043478260869565
894156,Email Campaign,2023-10-17,Premium,Social Media,6183,918,85,2458.47,9262.81,3.44,14.847161572052403,9.25925925925926
852075,Referral Program,2023-10-17,Inactive,Email,4702,757,86,4227.52,2957.24,3.85,16.099532113994044,11.360634081902246
382040,New User Discount,2023-10-16,Premium,App,7107,326,54,3767.08,2168.87,2.16,4.587026874912058,16.56441717791411
909629,Weekend Special,2023-10-16,Inactive,App,3345,164,38,4081.5,8814.12,3.72,4.902840059790733,23.170731707317074
525544,Festival Offer,2023-10-16,Inactive,Email,1295,563,36,4277.27,3432.54,3.95,43.47490347490348,6.394316163410302
228214,Flash Sale,2023-10-16,New Users,SMS,3277,537,72,2334.01,6296.94,2.73,16.38693927372597,13.40782122905028
799079,Membership Drive,2023-10-16,All,SMS,9669,724,94,2047.9,5625.72,1.63,7.487847760885304,12.98342541436464
807520,Category Promotion,2023-10-16,Inactive,App,5065,616,16,4134.12,9918.54,2.35,12.161895360315892,2.5974025974025974
248283,App Push Notification,2023-10-16,All,Email,5106,288,46,4362.0,3733.61,3.72,5.64042303172738,15.972222222222221
896482,Email Campaign,2023-10-16,All,Social Media,1673,649,31,3629.46,5008.8,3.05,38.792588164973104,4.776579352850539
904139,Referral Program,2023-10-16,New Users,Social Media,3237,205,25,3337.31,7695.72,3.14,6.333024405313561,12.195121951219512
470567,New User Discount,2023-10-15,New Users,App,6576,768,86,2674.85,5872.53,3.91,11.678832116788321,11.197916666666668
938286,Weekend Special,2023-10-15,New Users,SMS,3555,322,72,3186.67,8685.33,2.46,9.057665260196906,22.36024844720497
370252,Festival Offer,2023-10-15,Premium,SMS,1539,399,88,1260.01,2419.18,2.89,25.925925925925924,22.05513784461153
54616,Flash Sale,2023-10-15,New Users,Social Media,8568,283,24,3898.86,9754.25,3.48,3.3029878618113915,8.480565371024735
818218,Membership Drive,2023-10-15,Premium,SMS,5703,476,80,4002.22,8043.33,1.95,8.34648430650535,16.80672268907563
463402,Category Promotion,2023-10-15,Premium,SMS,2883,882,98,2633.79,3800.86,3.32,30.59313215400624,11.11111111111111
894256,App Push Notification,2023-10-15,Premium,SMS,3483,808,15,3760.41,9119.25,1.84,23.198392190640252,1.8564356435643563
466749,Email Campaign,2023-10-15,Inactive,App,5048,445,64,2302.75,3544.85,3.88,8.815372424722662,14.382022471910114
936970,Referral Program,2023-10-15,Premium,SMS,7721,956,60,3691.96,4857.0,3.58,12.381815826965418,6.2761506276150625
286492,New User Discount,2023-10-14,New Users,Email,6382,222,12,3144.79,8664.34,2.22,3.478533375117518,5.405405405405405
932040,Weekend Special,2023-10-14,All,Email,8815,194,46,1702.88,8191.1,3.19,2.2007941009642655,23.711340206185564
301840,Festival Offer,2023-10-14,All,App,2076,580,30,4105.56,5098.46,1.86,27.9383429672447,5.172413793103448
684296,Flash Sale,2023-10-14,Inactive,App,7051,932,87,3059.44,8116.78,1.74,13.217983264785138,9.334763948497853
665183,Membership Drive,2023-10-14,Inactive,Social Media,8289,387,81,2531.96,4053.82,2.07,4.668838219326819,20.930232558139537
249110,Category Promotion,2023-10-14,New Users,Social Media,3204,629,87,4480.6,4243.75,2.9,19.631710362047443,13.831478537360889
237402,App Push Notification,2023-10-14,Premium,Email,2358,126,30,1323.34,5137.61,2.87,5.343511450381679,23.809523809523807
943949,Email Campaign,2023-10-14,Inactive,App,1160,702,75,4415.84,2794.22,1.57,60.51724137931035,10.683760683760683
674642,Referral Program,2023-10-14,Inactive,Social Media,3817,115,97,3612.03,3850.27,3.03,3.0128373067854337,84.34782608695653
173345,New User Discount,2023-10-13,Premium,SMS,7588,940,29,4105.68,4163.72,2.92,12.38798102266737,3.0851063829787235
763499,Weekend Special,2023-10-13,Inactive,SMS,8384,380,64,1417.92,9878.89,2.2,4.5324427480916025,16.842105263157894
529045,Festival Offer,2023-10-13,Premium,Social Media,4287,128,64,3802.51,4164.86,2.97,2.985770935386051,50.0
400698,Flash Sale,2023-10-13,Premium,Email,1856,999,47,4754.8,8008.34,3.96,53.82543103448276,4.704704704704705
341586,Membership Drive,2023-10-13,Inactive,Email,3166,702,51,3505.6,5714.38,2.06,22.17308907138345,7.264957264957266
320655,Category Promotion,2023-10-13,New Users,Social Media,4575,562,45,3181.53,5707.35,2.19,12.28415300546448,8.007117437722421
394220,App Push Notification,2023-10-13,Premium,Social Media,1740,680,70,4291.08,3219.54,2.89,39.08045977011494,10.294117647058822
259392,Email Campaign,2023-10-13,Premium,App,4748,889,65,4795.48,4939.74,2.85,18.72367312552654,7.311586051743532
923630,Referral Program,2023-10-13,All,Email,2561,582,15,3614.58,8615.19,3.64,22.725497852401404,2.5773195876288657
111438,New User Discount,2023-10-12,Inactive,Email,6299,461,36,3072.38,8801.36,3.13,7.318622003492618,7.809110629067245
718343,Weekend Special,2023-10-12,Inactive,Social Media,2446,296,39,3646.85,5524.94,1.7,12.101390024529843,13.175675675675674
600800,Festival Offer,2023-10-12,Premium,SMS,5638,390,99,3271.64,5019.49,3.16,6.917346576800283,25.384615384615383
25760,Flash Sale,2023-10-12,New Users,Email,7077,509,65,1579.72,9678.68,3.74,7.192313127031228,12.770137524557956
699240,Membership Drive,2023-10-12,New Users,App,1640,233,33,3397.95,7764.91,3.71,14.20731707317073,14.163090128755366
500089,Category Promotion,2023-10-12,New Users,App,5967,319,36,3899.78,2058.72,3.26,5.346070051952405,11.285266457680251
901637,App Push Notification,2023-10-12,Inactive,SMS,6570,505,22,1796.62,8020.23,3.94,7.686453576864535,4.356435643564356
720234,Email Campaign,2023-10-12,Inactive,App,2633,306,45,1774.07,3788.25,1.76,11.621724268894797,14.705882352941178
486724,Referral Program,2023-10-12,Premium,App,4487,747,39,4419.18,4570.91,2.47,16.64809449520838,5.220883534136546
696912,New User Discount,2023-10-11,Inactive,Social Media,5141,406,76,4415.72,7809.51,2.03,7.8972962458665625,18.7192118226601
240685,Weekend Special,2023-10-11,All,App,7854,218,36,4807.79,3828.71,3.2,2.7756557168321874,16.51376146788991
930032,Festival Offer,2023-10-11,Inactive,App,6701,277,20,3902.71,5049.16,2.11,4.133711386360245,7.2202166064981945
240191,Flash Sale,2023-10-11,Inactive,Social Media,5542,347,98,4398.66,5280.1,2.94,6.261277517141826,28.24207492795389
242632,Membership Drive,2023-10-11,New Users,Email,1539,598,54,1102.97,4259.04,2.67,38.85640025990903,9.03010033444816
671437,Category Promotion,2023-10-11,All,Social Media,1793,419,26,4088.59,8092.38,3.31,23.36865588399331,6.205250596658711
322506,App Push Notification,2023-10-11,New Users,Email,1006,203,57,4953.11,2989.29,2.51,20.178926441351887,28.078817733990146
273461,Email Campaign,2023-10-11,All,Social Media,3949,229,83,2556.86,2085.07,3.8,5.798936439604963,36.24454148471616
346735,Referral Program,2023-10-11,All,SMS,5780,650,49,3620.74,5575.39,2.42,11.245674740484429,7.538461538461538
541503,New User Discount,2023-10-10,All,Email,7356,138,78,4843.99,2745.43,3.12,1.8760195758564437,56.52173913043478
508703,Weekend Special,2023-10-10,Inactive,Email,4121,937,50,3650.9,4164.52,2.27,22.737199708808543,5.3361792956243335
489148,Festival Offer,2023-10-10,Premium,SMS,4899,250,52,1411.43,8944.18,3.12,5.103082261686058,20.8
769050,Flash Sale,2023-10-10,Inactive,SMS,7013,355,98,4746.8,8015.33,3.51,5.062027662911736,27.605633802816904
572163,Membership Drive,2023-10-10,New Users,Email,2258,425,57,2608.61,7588.6,3.62,18.821966341895482,13.411764705882353
126294,Category Promotion,2023-10-10,All,App,3311,110,77,1155.07,8084.25,3.41,3.322259136212625,70.0
337486,App Push Notification,2023-10-10,New Users,SMS,4265,726,31,4808.75,2768.06,3.47,17.02227432590856,4.2699724517906334
144692,Email Campaign,2023-10-10,New Users,App,5299,115,36,4602.41,3065.26,2.72,2.170220796376675,31.30434782608696
477031,Referral Program,2023-10-10,Premium,App,7713,489,18,2855.12,3520.74,2.8,6.339945546479969,3.6809815950920246
438218,New User Discount,2023-10-09,All,App,3694,595,96,3794.19,8081.6,2.76,16.10720086626963,16.134453781512605
261350,Weekend Special,2023-10-09,All,Social Media,5289,667,75,1774.31,3119.87,3.03,12.611079599168084,11.244377811094452
961100,Festival Offer,2023-10-09,Inactive,Email,2387,768,76,2415.48,3850.76,2.39,32.17427733556766,9.895833333333332
340402,Flash Sale,2023-10-09,Inactive,Email,2466,146,14,4096.32,9436.53,3.3,5.920519059205191,9.58904109589041
260420,Membership Drive,2023-10-09,New Users,Social Media,9062,107,78,3525.37,2916.12,3.41,1.1807548002648423,72.89719626168224
660068,Category Promotion,2023-10-09,New Users,SMS,4157,410,18,2049.48,9886.97,3.89,9.862881885975463,4.390243902439024
465848,App Push Notification,2023-10-09,Premium,Email,7099,477,52,1171.55,7873.61,3.24,6.719256233272292,10.90146750524109
122477,Email Campaign,2023-10-09,New Users,Email,9721,150,36,1315.44,3231.15,1.59,1.5430511264273221,24.0
786272,Referral Program,2023-10-09,All,App,3825,678,69,3318.08,9010.06,3.67,17.725490196078432,10.176991150442479
7684,New User Discount,2023-10-08,Premium,Social Media,9123,982,43,3619.23,5433.81,3.49,10.764003069165845,4.378818737270876
933915,Weekend Special,2023-10-08,All,Email,9982,833,21,3117.07,8968.85,1.73,8.345021037868163,2.5210084033613445
647008,Festival Offer,2023-10-08,New Users,SMS,8578,280,40,3076.88,8757.78,2.96,3.2641641408253674,14.285714285714285
939911,Flash Sale,2023-10-08,All,SMS,9434,734,31,3572.18,2342.48,3.74,7.780368878524486,4.223433242506812
67106,Membership Drive,2023-10-08,Premium,SMS,5400,670,47,4287.7,2612.87,2.08,12.407407407407407,7.014925373134329
917109,Category Promotion,2023-10-08,Premium,SMS,3928,400,57,4352.2,2936.19,3.39,10.183299389002038,14.249999999999998
694362,App Push Notification,2023-10-08,Inactive,SMS,2093,869,80,2543.02,4412.7,1.87,41.51935021500239,9.205983889528193
714236,Email Campaign,2023-10-08,All,SMS,1745,233,47,2655.82,9748.41,3.16,13.352435530085959,20.171673819742487
746332,Referral Program,2023-10-08,New Users,Social Media,6613,125,24,4414.29,6825.72,2.45,1.8902162407379404,19.2
405500,New User Discount,2023-10-07,New Users,Social Media,8266,823,47,4377.54,7146.25,1.83,9.956448100653278,5.710814094775213
658643,Weekend Special,2023-10-07,All,Social Media,4141,271,24,4757.49,4381.74,3.24,6.5443129678821546,8.856088560885608
622417,Festival Offer,2023-10-07,All,SMS,7794,491,22,3557.55,8720.29,2.17,6.299717731588402,4.480651731160896
93963,Flash Sale,2023-10-07,New Users,App,4361,400,78,2513.51,3723.29,3.82,9.172208209126346,19.5
826309,Membership Drive,2023-10-07,Premium,App,1659,201,15,2547.09,6180.29,3.99,12.115732368896925,7.462686567164178
415802,Category Promotion,2023-10-07,Inactive,App,9292,423,97,2506.95,9374.05,1.71,4.552303056392596,22.93144208037825
899135,App Push Notification,2023-10-07,Inactive,Social Media,6237,540,47,2294.55,4216.99,1.89,8.658008658008658,8.703703703703704
598432,Email Campaign,2023-10-07,New Users,Social Media,7183,372,14,3505.62,6982.58,3.41,5.178894612278992,3.763440860215054
642470,Referral Program,2023-10-07,All,Social Media,3927,634,69,2398.72,6760.13,3.78,16.14463967405144,10.883280757097792
356911,New User Discount,2023-10-06,New Users,App,8692,210,90,4362.42,2628.28,2.88,2.4160147261849976,42.857142857142854
499454,Weekend Special,2023-10-06,New Users,Email,3064,340,85,4534.4,9999.54,1.6,11.096605744125327,25.0
37245,Festival Offer,2023-10-06,New Users,SMS,5269,383,27,4700.02,6249.82,2.63,7.268931486050484,7.049608355091384
590766,Flash Sale,2023-10-06,All,App,5944,621,15,4695.81,9744.23,3.97,10.447510094212651,2.4154589371980677
770759,Membership Drive,2023-10-06,New Users,SMS,8840,890,72,2326.94,4384.68,3.16,10.06787330316742,8.089887640449438
177944,Category Promotion,2023-10-06,Premium,SMS,2914,604,78,3580.72,3019.72,1.59,20.727522306108444,12.91390728476821
685617,App Push Notification,2023-10-06,Premium,SMS,1158,814,17,2778.26,8569.78,2.55,70.29360967184802,2.0884520884520885
961249,Email Campaign,2023-10-06,All,SMS,3412,325,44,4544.71,5911.09,2.21,9.525205158264948,13.538461538461538
917998,Referral Program,2023-10-06,New Users,Email,3016,216,43,4436.58,8882.64,3.44,7.161803713527852,19.90740740740741
488912,New User Discount,2023-10-05,Inactive,Email,5891,902,77,2329.85,6945.23,2.97,15.311492106603295,8.536585365853659
805119,Weekend Special,2023-10-05,Inactive,App,5338,130,28,2519.21,7297.71,1.61,2.43536905207943,21.53846153846154
60852,Festival Offer,2023-10-05,New Users,Email,9710,713,86,4501.8,5094.04,3.23,7.342945417095778,12.0617110799439
639163,Flash Sale,2023-10-05,New Users,Email,1018,609,37,4698.07,5350.23,2.86,59.82318271119843,6.075533661740558
438044,Membership Drive,2023-10-05,All,App,4273,692,91,1095.63,7110.06,3.13,16.194710975895156,13.150289017341041
869274,Category Promotion,2023-10-05,Inactive,Social Media,5156,565,83,3555.57,6730.58,2.41,10.95810705973623,14.690265486725664
798418,App Push Notification,2023-10-05,All,Email,7522,498,90,1258.37,5835.75,2.37,6.62057963307631,18.072289156626507
442894,Email Campaign,2023-10-05,New Users,SMS,6480,853,64,2693.92,6287.12,1.78,13.16358024691358,7.502930832356388
421716,Referral Program,2023-10-05,Premium,App,5140,148,30,3139.81,9434.74,1.67,2.8793774319066148,20.27027027027027
294778,New User Discount,2023-10-04,All,Social Media,7511,499,92,1509.59,3368.38,2.24,6.643589402210091,18.43687374749499
17383,Weekend Special,2023-10-04,New Users,SMS,4969,872,21,3731.23,6354.66,2.21,17.54880257597102,2.408256880733945
358484,Festival Offer,2023-10-04,All,Social Media,4946,127,69,3729.71,3991.17,3.97,2.567731500202184,54.330708661417326
202430,Flash Sale,2023-10-04,Inactive,SMS,7278,364,51,1249.6,6809.85,1.57,5.001374003847211,14.010989010989011
420398,Membership Drive,2023-10-04,Premium,Social Media,8359,208,65,3107.62,6088.51,2.31,2.488335925349922,31.25
356512,Category Promotion,2023-10-04,Inactive,Email,6860,632,40,3352.69,8824.69,1.52,9.212827988338192,6.329113924050633
194669,App Push Notification,2023-10-04,Inactive,Social Media,9834,217,42,2814.63,8101.59,1.89,2.2066300589790524,19.35483870967742
635546,Email Campaign,2023-10-04,New Users,Social Media,5441,755,83,1011.61,2690.46,2.14,13.87612571218526,10.993377483443709
792838,Referral Program,2023-10-04,New Users,Social Media,1765,721,56,3210.93,8769.62,3.13,40.84985835694051,7.766990291262135
559527,New User Discount,2023-10-03,Premium,App,7450,496,72,4915.6,4048.84,3.91,6.657718120805368,14.516129032258066
311790,Weekend Special,2023-10-03,Premium,Email,3174,369,40,1840.52,8988.63,3.47,11.625708884688091,10.840108401084011
268984,Festival Offer,2023-10-03,Inactive,App,6315,804,25,1587.02,2219.89,2.81,12.731591448931118,3.109452736318408
745013,Flash Sale,2023-10-03,Inactive,App,3053,901,40,2351.3,4241.79,1.71,29.511955453652146,4.439511653718091
416967,Membership Drive,2023-10-03,Premium,SMS,7544,703,88,2275.47,5615.99,3.22,9.3186638388123,12.51778093883357
15860,Category Promotion,2023-10-03,Premium,SMS,4694,734,89,3472.5,4586.02,3.57,15.636983383042184,12.125340599455042
15660,App Push Notification,2023-10-03,All,App,1474,976,43,2599.02,4530.24,2.77,66.21438263229308,4.405737704918033
142318,Email Campaign,2023-10-03,New Users,SMS,6184,903,43,4171.56,9349.73,2.42,14.602199223803364,4.761904761904762
159094,Referral Program,2023-10-03,New Users,App,2167,111,10,3992.97,6768.54,3.96,5.122288878634056,9.00900900900901
506958,New User Discount,2023-10-02,Premium,Email,3894,263,41,1980.27,4812.11,1.58,6.7539804827940415,15.5893536121673
819244,Weekend Special,2023-10-02,Inactive,Email,3774,374,58,3607.36,5035.98,1.73,9.90990990990991,15.508021390374333
819658,Festival Offer,2023-10-02,Inactive,SMS,3305,713,23,3631.13,6834.51,3.41,21.57337367624811,3.225806451612903
217148,Flash Sale,2023-10-02,Inactive,App,9957,692,25,3621.34,7065.19,3.67,6.949884503364467,3.6127167630057806
27697,Membership Drive,2023-10-02,Inactive,SMS,6610,360,49,2065.56,8499.47,2.47,5.446293494704992,13.61111111111111
971255,Category Promotion,2023-10-02,All,Social Media,2509,572,80,3608.95,8845.85,3.36,22.797927461139896,13.986013986013987
821413,App Push Notification,2023-10-02,Premium,Email,1048,381,25,1641.8,9022.58,3.6,36.354961832061065,6.561679790026247
466346,Email Campaign,2023-10-02,Premium,Social Media,3077,265,30,1423.59,4009.01,3.08,8.612284692882678,11.320754716981133
330568,Referral Program,2023-10-02,Inactive,App,2755,993,93,2611.82,7275.02,3.11,36.04355716878403,9.365558912386707
44615,New User Discount,2023-10-01,New Users,Email,6658,381,59,4296.78,5943.82,2.09,5.722439170922199,15.485564304461944
857414,Weekend Special,2023-10-01,Inactive,SMS,8615,247,18,4315.6,4923.39,1.6,2.8670922809053976,7.28744939271255
451453,Festival Offer,2023-10-01,Premium,Social Media,1738,767,47,2611.46,2744.76,2.41,44.131185270425775,6.127770534550195
491541,Flash Sale,2023-10-01,Premium,Email,9868,751,32,4495.83,7148.13,2.53,7.610458046209971,4.26098535286285
73925,Membership Drive,2023-10-01,Premium,App,5258,287,50,2514.98,6237.68,3.19,5.458349182198555,17.421602787456447
952355,Category Promotion,2023-10-01,Premium,SMS,9395,183,60,2861.38,3836.8,2.7,1.947844598190527,32.78688524590164
569095,App Push Notification,2023-10-01,Premium,App,5744,398,39,2607.19,5011.32,2.57,6.928969359331476,9.798994974874372
649508,Email Campaign,2023-10-01,Premium,Social Media,7856,230,58,3620.05,5752.46,3.67,2.9276985743380854,25.217391304347824
817700,Referral Program,2023-10-01,Inactive,Email,2858,862,39,1299.73,8449.27,3.08,30.160951714485655,4.524361948955916
523946,New User Discount,2023-09-30,Inactive,Social Media,2531,261,44,4537.86,6758.61,1.92,10.312129593046226,16.85823754789272
726077,Weekend Special,2023-09-30,Inactive,SMS,2918,319,79,3889.38,2232.25,1.62,10.932145305003427,24.76489028213166
533319,Festival Offer,2023-09-30,Premium,SMS,4960,256,36,2932.21,5731.34,2.24,5.161290322580645,14.0625
887233,Flash Sale,2023-09-30,Inactive,App,6922,960,69,1972.39,4974.48,2.86,13.868824039295003,7.187499999999999
829888,Membership Drive,2023-09-30,New Users,App,7147,402,49,4645.15,6671.83,3.68,5.624737652161746,12.189054726368159
487623,Category Promotion,2023-09-30,All,App,4966,613,23,3175.43,4100.4,3.48,12.34393878372936,3.7520391517128875
533481,App Push Notification,2023-09-30,New Users,SMS,7360,489,77,2505.92,9861.55,2.6,6.644021739130435,15.746421267893659
656110,Email Campaign,2023-09-30,Inactive,Email,9978,169,23,1102.61,2613.25,1.9,1.6937261976347966,13.609467455621301
7450,Referral Program,2023-09-30,Inactive,Social Media,7410,440,36,2976.65,2069.15,2.63,5.937921727395412,8.181818181818182
371815,New User Discount,2023-09-29,Premium,Social Media,1438,665,52,2268.66,5101.46,1.91,46.24478442280946,7.819548872180452
240982,Weekend Special,2023-09-29,Premium,SMS,8329,212,49,4137.67,4891.14,1.64,2.5453235682554927,23.11320754716981
370635,Festival Offer,2023-09-29,Inactive,App,7977,746,35,4406.44,4962.95,1.96,9.351886674188291,4.6916890080428955
51245,Flash Sale,2023-09-29,Premium,Email,3708,768,74,2190.6,4829.86,2.93,20.711974110032365,9.635416666666668
913411,Membership Drive,2023-09-29,Premium,SMS,8808,436,11,2833.01,8364.79,1.54,4.950045413260672,2.522935779816514
805249,Category Promotion,2023-09-29,All,Social Media,5808,525,61,2330.67,4764.17,3.19,9.039256198347108,11.619047619047619
103671,App Push Notification,2023-09-29,New Users,Email,1415,422,89,3466.07,9358.9,1.71,29.823321554770317,21.09004739336493
344719,Email Campaign,2023-09-29,New Users,Social Media,7275,807,85,3548.65,8484.47,2.08,11.092783505154639,10.532837670384138
183776,Referral Program,2023-09-29,Premium,Email,8988,374,19,1511.96,7910.37,1.87,4.161103693813974,5.080213903743315
857631,New User Discount,2023-09-28,Premium,Social Media,1592,326,54,2971.73,3094.33,3.42,20.477386934673365,16.56441717791411
372845,Weekend Special,2023-09-28,Premium,App,2673,535,81,1047.98,8987.26,3.22,20.014964459408905,15.14018691588785
373662,Festival Offer,2023-09-28,Premium,Email,9484,369,53,3689.93,5837.76,1.91,3.8907633909742723,14.363143631436316
567647,Flash Sale,2023-09-28,All,Email,8385,688,37,3813.64,7611.66,2.85,8.205128205128204,5.377906976744186
133038,Membership Drive,2023-09-28,All,Social Media,3146,992,89,2392.36,7242.33,2.35,31.532104259376986,8.971774193548388
711128,Category Promotion,2023-09-28,New Users,Email,6599,226,56,1515.22,7965.19,2.8,3.4247613274738598,24.778761061946902
689380,App Push Notification,2023-09-28,Inactive,Email,7749,623,85,3278.93,7426.39,3.15,8.039747064137307,13.643659711075443
305455,Email Campaign,2023-09-28,New Users,Email,8376,503,29,1665.36,8535.43,3.72,6.0052531041069726,5.7654075546719685
523211,Referral Program,2023-09-28,New Users,Email,3044,340,38,2894.58,8792.72,3.97,11.169513797634691,11.176470588235295
191653,New User Discount,2023-09-27,Inactive,SMS,6376,596,37,3035.07,2597.84,2.31,9.347553324968633,6.208053691275168
720036,Weekend Special,2023-09-27,Premium,Social Media,8886,375,97,2198.74,3263.4,3.88,4.2201215395003375,25.866666666666667
472262,Festival Offer,2023-09-27,All,App,9093,706,85,4347.6,9824.32,2.9,7.7642142307269335,12.039660056657224
259306,Flash Sale,2023-09-27,All,App,8291,516,88,4535.01,8213.28,3.74,6.223615969123145,17.05426356589147
210103,Membership Drive,2023-09-27,Inactive,App,6238,627,32,4167.54,2014.75,2.29,10.051298493106765,5.103668261562999
361559,Category Promotion,2023-09-27,Inactive,Social Media,1684,199,84,3245.54,6591.24,3.8,11.817102137767222,42.211055276381906
828490,App Push Notification,2023-09-27,New Users,Social Media,9266,198,88,3798.04,8385.26,2.07,2.1368443772933303,44.44444444444444
87705,Email Campaign,2023-09-27,All,App,5409,685,74,4367.23,5698.87,3.11,12.664078387872065,10.802919708029197
244717,Referral Program,2023-09-27,Inactive,SMS,7487,815,37,4451.31,8111.03,1.61,10.885534927207159,4.539877300613497
152438,New User Discount,2023-09-26,Inactive,SMS,6286,233,36,2792.95,9230.36,1.53,3.7066496977410117,15.450643776824036
935419,Weekend Special,2023-09-26,All,App,8399,978,42,1627.07,5691.92,1.89,11.644243362305035,4.294478527607362
401995,Festival Offer,2023-09-26,New Users,SMS,3233,901,29,3355.46,4984.1,3.88,27.86885245901639,3.218645948945616
909602,Flash Sale,2023-09-26,Premium,App,3328,446,83,4192.51,4603.68,3.41,13.401442307692307,18.609865470852018
332297,Membership Drive,2023-09-26,All,App,5234,944,60,4283.0,7529.54,3.45,18.03591899121131,6.3559322033898304
553413,Category Promotion,2023-09-26,Premium,SMS,7300,338,19,2409.09,7309.71,2.77,4.63013698630137,5.621301775147929
920097,App Push Notification,2023-09-26,New Users,App,6266,354,46,4519.14,9293.08,2.25,5.649537184806895,12.994350282485875
960996,Email Campaign,2023-09-26,All,SMS,6592,465,47,3220.16,4059.7,3.39,7.054004854368932,10.10752688172043
311423,Referral Program,2023-09-26,Inactive,Email,5890,627,69,1653.07,5904.06,3.09,10.64516129032258,11.004784688995215
273900,New User Discount,2023-09-25,Inactive,SMS,8831,427,27,3070.19,5615.18,1.65,4.8352394972256825,6.323185011709602
691069,Weekend Special,2023-09-25,Inactive,Email,5768,257,78,4700.02,2090.88,3.58,4.455617198335645,30.35019455252918
219636,Festival Offer,2023-09-25,Premium,Email,9732,945,40,1486.31,4675.05,1.97,9.71023427866831,4.232804232804233
899753,Flash Sale,2023-09-25,New Users,Social Media,2904,748,33,2578.82,6961.38,3.61,25.757575757575758,4.411764705882353
623757,Membership Drive,2023-09-25,Inactive,Social Media,8845,755,66,2083.04,2047.33,3.66,8.535895986433014,8.741721854304636
109283,Category Promotion,2023-09-25,All,App,7753,815,69,3195.07,8878.88,1.96,10.512059847800852,8.466257668711656
678020,App Push Notification,2023-09-25,All,Social Media,7934,694,91,4946.48,3988.51,2.29,8.74716410385682,13.112391930835734
293108,Email Campaign,2023-09-25,New Users,Social Media,9107,377,60,4101.75,9741.65,2.32,4.1396727791808505,15.915119363395224
822767,Referral Program,2023-09-25,Premium,Social Media,7812,318,59,4973.42,9287.13,3.06,4.070660522273426,18.553459119496853
5009,New User Discount,2023-09-24,New Users,Email,1066,506,32,1900.04,9289.71,2.36,47.467166979362105,6.324110671936759
283507,Weekend Special,2023-09-24,Inactive,App,3299,350,76,1882.93,3016.55,2.23,10.60927553804183,21.714285714285715
141055,Festival Offer,2023-09-24,All,Social Media,1458,218,22,4653.2,6922.61,3.57,14.951989026063101,10.091743119266056
457586,Flash Sale,2023-09-24,All,App,1030,318,90,2814.43,6927.1,2.04,30.87378640776699,28.30188679245283
417052,Membership Drive,2023-09-24,Premium,SMS,1144,624,99,4256.07,9166.57,1.97,54.54545454545454,15.865384615384615
528450,Category Promotion,2023-09-24,All,SMS,9281,436,60,4476.15,5322.08,2.43,4.697769636892576,13.761467889908257
611110,App Push Notification,2023-09-24,New Users,SMS,5082,922,50,2583.16,8175.61,1.69,18.14246359700905,5.42299349240781
343853,Email Campaign,2023-09-24,New Users,SMS,8557,694,40,1558.07,4113.91,3.78,8.110319037045693,5.763688760806916
218058,Referral Program,2023-09-24,Premium,App,7150,937,56,2293.81,4724.02,1.67,13.104895104895107,5.9765208110992525
724228,New User Discount,2023-09-23,All,SMS,8390,953,71,2335.26,8354.27,3.9,11.35876042908224,7.450157397691501
465420,Weekend Special,2023-09-23,All,App,7509,345,21,1912.33,2299.67,2.33,4.594486616060727,6.086956521739131
73593,Festival Offer,2023-09-23,All,App,1252,650,63,2237.22,9018.39,3.5,51.91693290734825,9.692307692307692
873905,Flash Sale,2023-09-23,All,App,5620,289,48,1822.25,7104.05,2.22,5.142348754448398,16.608996539792386
397138,Membership Drive,2023-09-23,New Users,SMS,9179,142,51,3204.77,8568.71,2.08,1.547009478156662,35.91549295774648
873524,Category Promotion,2023-09-23,All,SMS,1269,423,67,4252.13,9509.05,2.98,33.33333333333333,15.839243498817968
700400,App Push Notification,2023-09-23,Inactive,Email,6922,706,48,1194.61,9937.89,2.71,10.199364345564865,6.79886685552408
130912,Email Campaign,2023-09-23,New Users,App,8804,123,42,2684.62,7633.9,3.58,1.39709223080418,34.146341463414636
270023,Referral Program,2023-09-23,All,Email,9577,724,38,4556.92,9411.59,1.63,7.559778636316174,5.248618784530387
72707,New User Discount,2023-09-22,Premium,Social Media,4545,184,54,3936.27,4590.02,2.27,4.048404840484048,29.347826086956523
865026,Weekend Special,2023-09-22,New Users,App,8115,129,82,2671.42,8602.41,2.01,1.5896487985212568,63.565891472868216
703175,Festival Offer,2023-09-22,Inactive,Email,6265,287,29,4190.2,4449.9,2.04,4.581005586592179,10.104529616724738
130969,Flash Sale,2023-09-22,Premium,Social Media,7646,250,95,2558.33,6067.1,3.22,3.2696834946377193,38.0
712911,Membership Drive,2023-09-22,Premium,SMS,7432,300,42,4154.82,9153.65,1.63,4.036598493003229,14.000000000000002
837810,Category Promotion,2023-09-22,All,App,3636,636,32,3487.57,5601.75,1.56,17.491749174917494,5.031446540880504
304899,App Push Notification,2023-09-22,Premium,Email,5581,383,37,4209.83,2997.92,2.36,6.862569432001433,9.660574412532636
203277,Email Campaign,2023-09-22,Premium,Email,2441,995,19,3466.14,7721.03,2.84,40.761982793936916,1.9095477386934674
73720,Referral Program,2023-09-22,Inactive,SMS,1842,427,23,3148.16,5496.73,1.87,23.181324647122693,5.386416861826698
990282,New User Discount,2023-09-21,Premium,Email,7472,329,71,2610.18,5936.39,1.6,4.403104925053533,21.580547112462007
762504,Weekend Special,2023-09-21,Premium,App,4442,480,16,4716.76,8012.83,1.52,10.80594326879784,3.3333333333333335
553929,Festival Offer,2023-09-21,All,Email,5281,563,15,2368.21,4182.52,3.95,10.660859685665594,2.664298401420959
411382,Flash Sale,2023-09-21,Premium,SMS,3455,913,73,2575.15,9273.1,2.39,26.425470332850942,7.995618838992333
792265,Membership Drive,2023-09-21,Premium,App,2894,463,79,1548.98,8995.97,1.89,15.998617829993089,17.062634989200866
860415,Category Promotion,2023-09-21,All,App,7654,664,97,1909.58,8125.58,3.7,8.67520250849229,14.60843373493976
341195,App Push Notification,2023-09-21,Inactive,Social Media,2875,840,30,1017.74,7807.46,3.34,29.217391304347828,3.571428571428571
138944,Email Campaign,2023-09-21,New Users,Email,3792,326,73,1009.36,4797.79,3.2,8.59704641350211,22.392638036809817
645367,Referral Program,2023-09-21,New Users,Social Media,8208,423,10,2765.69,2045.1,1.78,5.1535087719298245,2.3640661938534278
944034,New User Discount,2023-09-20,New Users,App,1670,674,78,3016.52,5492.54,1.8,40.35928143712575,11.572700296735905
770168,Weekend Special,2023-09-20,New Users,SMS,8690,387,31,2945.63,5267.31,2.02,4.453394706559263,8.010335917312661
433432,Festival Offer,2023-09-20,New Users,Social Media,7529,385,66,3000.69,3955.31,2.67,5.113560897861602,17.142857142857142
901632,Flash Sale,2023-09-20,Inactive,Email,7183,423,13,3191.31,9123.26,2.53,5.888904357510789,3.0732860520094563
165727,Membership Drive,2023-09-20,All,Email,8506,623,98,1149.31,7871.14,2.98,7.324241711732895,15.730337078651685
466313,Category Promotion,2023-09-20,New Users,Social Media,7657,743,11,4179.26,2108.18,3.02,9.70353924513517,1.4804845222072678
656257,App Push Notification,2023-09-20,New Users,Social Media,2528,378,43,1217.39,3480.06,3.76,14.95253164556962,11.375661375661375
538099,Email Campaign,2023-09-20,Inactive,App,1332,120,38,4989.93,8395.57,2.5,9.00900900900901,31.666666666666664
182847,Referral Program,2023-09-20,All,App,7072,549,51,4935.6,7600.24,2.24,7.763009049773756,9.289617486338798
734562,New User Discount,2023-09-19,New Users,Social Media,2384,642,74,4830.91,2796.21,3.2,26.929530201342285,11.526479750778815
641537,Weekend Special,2023-09-19,Inactive,SMS,4308,443,83,4228.09,6547.66,1.51,10.283194057567318,18.735891647855528
430088,Festival Offer,2023-09-19,New Users,Social Media,6777,237,32,2378.39,5975.62,2.52,3.497122620628597,13.502109704641349
386121,Flash Sale,2023-09-19,Premium,App,9881,338,54,3902.27,4397.78,2.25,3.420706406234187,15.976331360946746
133097,Membership Drive,2023-09-19,New Users,Social Media,4302,302,21,3683.4,2469.31,3.13,7.0199907019990695,6.95364238410596
701161,Category Promotion,2023-09-19,New Users,Social Media,7977,142,11,3171.63,2419.79,3.99,1.7801178387865113,7.746478873239436
629442,App Push Notification,2023-09-19,New Users,App,6265,683,51,1798.33,5411.68,2.66,10.901835594573024,7.46705710102489
702096,Email Campaign,2023-09-19,Inactive,Email,8071,197,46,1964.97,9702.2,3.76,2.4408375665964566,23.3502538071066
132811,Referral Program,2023-09-19,New Users,SMS,3117,489,52,1423.56,3719.34,2.14,15.688161693936479,10.633946830265849
966763,New User Discount,2023-09-18,Inactive,Email,9038,388,39,1364.75,4214.09,2.84,4.292985173710998,10.051546391752577
663316,Weekend Special,2023-09-18,New Users,Email,7972,744,34,3909.56,9260.19,2.16,9.332664325137983,4.56989247311828
704588,Festival Offer,2023-09-18,Inactive,SMS,1999,301,100,3494.61,9689.49,2.55,15.057528764382191,33.222591362126245
507865,Flash Sale,2023-09-18,New Users,Email,6489,212,13,4692.11,5191.81,2.15,3.2670673447372476,6.132075471698113
765187,Membership Drive,2023-09-18,Premium,App,6523,413,55,3264.83,6831.44,2.83,6.331442587766365,13.317191283292978
763904,Category Promotion,2023-09-18,All,Email,8504,735,91,1360.45,6448.09,3.97,8.64299153339605,12.380952380952381
130120,App Push Notification,2023-09-18,All,Email,6748,893,89,1847.83,3624.38,3.98,13.233550681683463,9.966405375139978
268553,Email Campaign,2023-09-18,Inactive,Social Media,4767,365,97,4084.0,8398.66,1.57,7.656807216278581,26.575342465753426
743704,Referral Program,2023-09-18,Premium,Social Media,2933,393,88,4588.58,3347.53,3.5,13.399249914763042,22.391857506361323
464709,New User Discount,2023-09-17,New Users,SMS,1584,382,83,2575.59,2758.36,1.7,24.116161616161616,21.727748691099478
10864,Weekend Special,2023-09-17,All,Social Media,2756,890,12,4138.23,6336.74,3.95,32.29317851959361,1.348314606741573
599825,Festival Offer,2023-09-17,Inactive,App,1436,860,54,1775.99,7390.3,1.59,59.888579387186624,6.279069767441861
834305,Flash Sale,2023-09-17,Premium,SMS,4558,446,23,1487.36,2602.22,1.61,9.784993418165861,5.15695067264574
708794,Membership Drive,2023-09-17,New Users,App,7078,520,57,1498.05,3086.03,2.45,7.34670810963549,10.961538461538462
507353,Category Promotion,2023-09-17,Premium,Social Media,4096,872,61,2236.95,2989.48,2.56,21.2890625,6.9954128440366965
131363,App Push Notification,2023-09-17,Premium,SMS,9654,970,71,3882.37,2434.83,1.51,10.047648643049513,7.31958762886598
282323,Email Campaign,2023-09-17,All,SMS,2684,634,77,1381.49,7412.17,2.98,23.621460506706406,12.145110410094636
581921,Referral Program,2023-09-17,All,App,8257,301,93,2340.8,6268.27,3.76,3.645391788785273,30.89700996677741
538096,New User Discount,2023-09-16,All,SMS,2194,601,44,2122.59,8653.61,3.34,27.39288969917958,7.321131447587355
181751,Weekend Special,2023-09-16,Premium,SMS,7832,873,83,1352.41,7661.11,2.09,11.146578140960163,9.507445589919817
624288,Festival Offer,2023-09-16,Inactive,App,4102,276,65,3676.72,5272.74,1.66,6.728425158459288,23.55072463768116
754350,Flash Sale,2023-09-16,All,App,1204,307,67,3580.95,3967.18,1.58,25.49833887043189,21.824104234527688
808067,Membership Drive,2023-09-16,Premium,SMS,5507,416,100,3269.93,8768.33,2.55,7.554022153622662,24.03846153846154
461849,Category Promotion,2023-09-16,All,App,6331,672,73,4634.59,2307.9,2.34,10.614436897804454,10.863095238095239
76274,App Push Notification,2023-09-16,Premium,Social Media,2107,422,67,1757.53,9869.78,2.62,20.028476506881823,15.876777251184834
315136,Email Campaign,2023-09-16,All,SMS,9216,190,29,1101.27,3183.29,3.79,2.061631944444444,15.263157894736842
656489,Referral Program,2023-09-16,New Users,Email,2083,390,30,4085.22,5183.44,1.91,18.722995679308692,7.6923076923076925
631731,New User Discount,2023-09-15,Premium,Social Media,9614,737,81,3476.2,8163.83,2.46,7.665903890160183,10.990502035278155
95038,Weekend Special,2023-09-15,Inactive,Email,5847,478,35,1492.12,3837.79,3.04,8.175132546605097,7.322175732217573
827380,Festival Offer,2023-09-15,Premium,Social Media,4342,811,81,4639.26,9020.46,1.72,18.67802855826808,9.98766954377312
231967,Flash Sale,2023-09-15,Premium,Social Media,4334,565,63,4565.7,4129.96,1.68,13.036455929856944,11.150442477876107
180610,Membership Drive,2023-09-15,New Users,Social Media,2423,168,55,1524.3,9705.87,2.61,6.933553446141147,32.73809523809524
20729,Category Promotion,2023-09-15,Inactive,Email,5849,884,25,2724.69,3724.69,3.54,15.11369464865789,2.828054298642534
795984,App Push Notification,2023-09-15,New Users,Email,8926,490,87,3292.96,4884.42,1.72,5.489580999327806,17.755102040816325
919371,Email Campaign,2023-09-15,Premium,Email,6148,760,47,4867.8,5283.38,2.44,12.361743656473651,6.184210526315789
962692,Referral Program,2023-09-15,New Users,Email,9966,561,90,1762.57,5567.77,2.33,5.629139072847682,16.0427807486631
867363,New User Discount,2023-09-14,Inactive,Social Media,4362,839,57,1050.26,6854.74,3.7,19.234296194406237,6.793802145411204
663952,Weekend Special,2023-09-14,Inactive,App,8151,761,57,4947.69,2418.21,1.82,9.336277757330388,7.490144546649145
361285,Festival Offer,2023-09-14,Premium,App,1563,603,87,4234.98,2769.46,2.91,38.57965451055662,14.427860696517413
387493,Flash Sale,2023-09-14,Premium,SMS,4738,191,65,4865.93,6502.28,3.26,4.0312368087800765,34.031413612565444
249412,Membership Drive,2023-09-14,Inactive,App,5524,502,36,4489.85,3597.33,2.79,9.087617668356264,7.171314741035857
222022,Category Promotion,2023-09-14,Premium,Email,5983,305,50,3211.33,8337.15,1.99,5.097777034932308,16.39344262295082
836766,App Push Notification,2023-09-14,All,Social Media,7819,834,37,2848.9,8234.26,3.68,10.666325617086583,4.436450839328537
767899,Email Campaign,2023-09-14,Premium,App,3801,247,60,4856.98,5933.08,3.17,6.498289923704288,24.291497975708502
796588,Referral Program,2023-09-14,New Users,App,8684,817,16,2561.97,8821.08,3.81,9.408106863196682,1.9583843329253363
274398,New User Discount,2023-09-13,Premium,SMS,8514,947,16,2634.33,6667.96,1.68,11.12285647169368,1.689545934530095
34071,Weekend Special,2023-09-13,New Users,SMS,6493,345,19,1264.38,5396.85,1.65,5.313414446326814,5.507246376811594
431617,Festival Offer,2023-09-13,Inactive,Email,5842,141,89,3026.83,3738.15,3.48,2.4135570010270455,63.12056737588653
755406,Flash Sale,2023-09-13,New Users,SMS,7421,151,43,1377.09,8465.83,3.89,2.0347662040156314,28.47682119205298
446826,Membership Drive,2023-09-13,All,SMS,9810,725,10,4323.84,2725.81,2.04,7.390417940876656,1.3793103448275863
173976,Category Promotion,2023-09-13,New Users,Email,5401,515,51,4991.76,3085.4,3.69,9.535271246065543,9.902912621359224
202989,App Push Notification,2023-09-13,New Users,Social Media,5747,142,99,3242.12,8723.4,3.63,2.4708543587958935,69.71830985915493
376939,Email Campaign,2023-09-13,All,Email,9843,155,35,1752.14,8194.2,2.35,1.5747231535101085,22.58064516129032
326452,Referral Program,2023-09-13,New Users,App,7729,945,56,4283.0,8404.1,1.98,12.226678742398759,5.9259259259259265
715540,New User Discount,2023-09-12,New Users,App,2190,687,12,1562.73,7094.93,3.93,31.36986301369863,1.7467248908296942
984391,Weekend Special,2023-09-12,New Users,App,6767,174,43,2472.11,2346.01,3.36,2.571301906310034,24.71264367816092
29787,Festival Offer,2023-09-12,Premium,Email,3440,213,95,4657.41,4284.15,1.61,6.191860465116279,44.60093896713615
494886,Flash Sale,2023-09-12,Premium,SMS,3435,752,29,4511.87,2128.05,3.6,21.892285298398836,3.856382978723404
749817,Membership Drive,2023-09-12,Inactive,SMS,2082,622,88,4654.37,4717.28,2.01,29.875120076849182,14.14790996784566
270717,Category Promotion,2023-09-12,New Users,Email,8415,150,34,2935.21,3977.18,2.13,1.7825311942959003,22.666666666666664
103909,App Push Notification,2023-09-12,Inactive,Email,6525,243,58,3761.21,2580.37,2.37,3.724137931034482,23.868312757201647
198073,Email Campaign,2023-09-12,All,Social Media,5175,174,75,1811.74,3229.92,3.4,3.3623188405797104,43.103448275862064
142635,Referral Program,2023-09-12,New Users,SMS,8052,210,24,4623.82,2589.98,2.65,2.608047690014903,11.428571428571429
409740,New User Discount,2023-09-11,New Users,App,8492,826,88,2409.29,7709.26,2.06,9.726801695713613,10.653753026634384
646037,Weekend Special,2023-09-11,Inactive,Email,4434,597,68,1213.69,9679.76,2.56,13.464140730717187,11.390284757118927
592071,Festival Offer,2023-09-11,Inactive,SMS,4443,812,32,1567.5,5494.87,1.9,18.275939680396128,3.9408866995073892
274580,Flash Sale,2023-09-11,Inactive,App,5973,703,75,3900.65,8081.03,3.21,11.7696300016742,10.668563300142248
881630,Membership Drive,2023-09-11,Premium,Social Media,5809,117,72,4902.4,3821.27,2.78,2.01411602685488,61.53846153846154
284113,Category Promotion,2023-09-11,Inactive,Social Media,7838,305,72,4127.05,9333.6,1.94,3.8912988007144684,23.60655737704918
814073,App Push Notification,2023-09-11,New Users,SMS,4148,125,30,2888.55,5143.96,3.64,3.013500482160077,24.0
871316,Email Campaign,2023-09-11,New Users,Social Media,4009,784,73,3738.55,5406.34,3.0,19.55599900224495,9.311224489795919
884401,Referral Program,2023-09-11,New Users,Email,1952,962,99,1325.1,8207.6,2.64,49.2827868852459,10.291060291060292
952995,New User Discount,2023-09-10,Inactive,Social Media,8307,876,80,2485.34,7925.12,2.68,10.54532322137956,9.1324200913242
410897,Weekend Special,2023-09-10,Premium,App,2730,125,39,4378.08,8606.81,2.59,4.5787545787545785,31.2
452360,Festival Offer,2023-09-10,Premium,Social Media,9119,238,11,3218.78,3661.71,3.21,2.6099352999232375,4.621848739495799
704194,Flash Sale,2023-09-10,Inactive,Email,7783,475,82,2926.19,8825.58,2.76,6.1030450982911475,17.263157894736842
156450,Membership Drive,2023-09-10,Premium,SMS,2148,362,38,4644.66,5320.85,2.18,16.85288640595903,10.497237569060774
124963,Category Promotion,2023-09-10,New Users,SMS,9214,349,100,3266.85,4929.18,3.53,3.7877143477317126,28.653295128939828
416177,App Push Notification,2023-09-10,All,SMS,5239,272,24,3674.11,5127.94,3.34,5.1918305020041995,8.823529411764707
198356,Email Campaign,2023-09-10,Premium,Email,5035,439,19,4247.24,4089.19,3.76,8.718967229394242,4.328018223234624
311927,Referral Program,2023-09-10,Inactive,Social Media,9603,502,99,4530.72,9542.64,2.0,5.227533062584609,19.721115537848604
936730,New User Discount,2023-09-09,Premium,SMS,7413,688,87,1966.07,4769.63,2.58,9.280992850397949,12.645348837209303
486795,Weekend Special,2023-09-09,Premium,Email,1413,359,83,1392.02,7184.13,3.82,25.4069355980184,23.119777158774372
655982,Festival Offer,2023-09-09,New Users,Email,2999,655,71,3307.38,9749.16,3.33,21.84061353784595,10.839694656488549
838608,Flash Sale,2023-09-09,Inactive,SMS,9773,659,87,1486.87,8289.34,3.37,6.743067635321805,13.201820940819422
821994,Membership Drive,2023-09-09,Inactive,SMS,9768,1000,35,3214.3,7067.1,2.76,10.237510237510238,3.5000000000000004
119462,Category Promotion,2023-09-09,All,Email,7293,938,11,3132.63,5847.76,1.82,12.861648155765803,1.1727078891257996
208761,App Push Notification,2023-09-09,Inactive,SMS,4582,568,99,1974.02,9198.19,2.48,12.396333478830206,17.429577464788732
727819,Email Campaign,2023-09-09,Premium,SMS,8973,753,34,3502.23,5244.77,3.77,8.391842193246406,4.51527224435591
623432,Referral Program,2023-09-09,All,SMS,9912,997,44,2227.26,6789.33,2.3,10.058514931396287,4.413239719157472
218865,New User Discount,2023-09-08,All,SMS,7291,580,15,1494.68,5250.79,1.56,7.955013029762721,2.586206896551724
400663,Weekend Special,2023-09-08,Inactive,App,7353,272,64,3827.02,7901.52,1.7,3.6991704066367466,23.52941176470588
309015,Festival Offer,2023-09-08,All,Email,4146,540,45,3428.32,5069.8,2.71,13.024602026049203,8.333333333333332
472032,Flash Sale,2023-09-08,All,SMS,8532,105,81,2293.41,7597.15,3.77,1.230661040787623,77.14285714285715
479479,Membership Drive,2023-09-08,Inactive,Social Media,9557,316,95,4513.64,8338.6,2.79,3.306476927906247,30.063291139240505
959686,Category Promotion,2023-09-08,All,App,8510,941,98,3544.88,6404.5,1.59,11.057579318448884,10.414452709883102
247980,App Push Notification,2023-09-08,Inactive,Email,2680,724,62,4261.69,3792.91,2.44,27.01492537313433,8.56353591160221
418087,Email Campaign,2023-09-08,Inactive,Social Media,3889,886,93,3448.18,8946.34,2.9,22.782206222679353,10.496613995485328
62385,Referral Program,2023-09-08,New Users,Social Media,7562,727,37,4518.36,6445.74,3.58,9.613858767521819,5.089408528198074
303346,New User Discount,2023-09-07,Inactive,App,7320,598,99,2607.78,4783.07,3.21,8.169398907103826,16.555183946488295
646049,Weekend Special,2023-09-07,New Users,Email,2091,474,46,4759.49,3624.31,2.8,22.66857962697274,9.70464135021097
344451,Festival Offer,2023-09-07,All,SMS,7621,144,15,4338.46,8636.23,2.86,1.8895158115732842,10.416666666666668
667552,Flash Sale,2023-09-07,All,SMS,3129,321,65,3958.22,9151.0,1.92,10.258868648130392,20.24922118380062
592170,Membership Drive,2023-09-07,Inactive,SMS,5682,206,98,2482.29,5869.94,1.53,3.6254839845124955,47.57281553398058
301416,Category Promotion,2023-09-07,Inactive,Social Media,2071,780,27,1973.17,3076.52,2.84,37.66296475132786,3.4615384615384617
460882,App Push Notification,2023-09-07,Premium,Email,8744,732,85,3175.86,6528.68,3.76,8.371454711802379,11.612021857923498
813257,Email Campaign,2023-09-07,Premium,SMS,7478,933,14,1401.31,6015.47,1.93,12.476598020861193,1.5005359056806002
936078,Referral Program,2023-09-07,Premium,Social Media,3082,449,82,4893.32,7134.67,2.5,14.568462037637897,18.262806236080177
197914,New User Discount,2023-09-06,New Users,Email,2059,943,92,3814.3,5596.62,1.52,45.79893152015542,9.75609756097561
344824,Weekend Special,2023-09-06,Premium,SMS,4982,810,51,3617.12,9175.68,1.55,16.25853071055801,6.296296296296296
982285,Festival Offer,2023-09-06,All,SMS,6668,688,95,1540.71,5149.74,2.32,10.317936412717456,13.80813953488372
29571,Flash Sale,2023-09-06,Inactive,Email,4541,651,58,3104.47,5570.72,2.41,14.336049328341774,8.90937019969278
988307,Membership Drive,2023-09-06,New Users,SMS,7831,858,38,2432.78,5498.28,1.68,10.956455114289362,4.428904428904429
972517,Category Promotion,2023-09-06,Inactive,App,2500,323,66,4559.98,8433.06,2.36,12.920000000000002,20.43343653250774
116331,App Push Notification,2023-09-06,New Users,SMS,5713,750,31,4653.64,6835.62,3.72,13.127953789602662,4.133333333333333
850573,Email Campaign,2023-09-06,Premium,Email,5231,170,28,4040.88,3352.7,3.7,3.2498566239724718,16.470588235294116
540866,Referral Program,2023-09-06,All,Social Media,6999,865,73,3065.54,7062.68,3.79,12.358908415487926,8.439306358381502
721231,New User Discount,2023-09-05,Inactive,App,5489,578,42,1939.01,9584.54,1.53,10.530151211513937,7.26643598615917
455126,Weekend Special,2023-09-05,Inactive,Social Media,2191,632,14,4562.51,7901.47,1.73,28.845276129621176,2.2151898734177213
861996,Festival Offer,2023-09-05,Inactive,Social Media,5825,742,84,1356.25,5142.69,3.85,12.738197424892702,11.320754716981133
326300,Flash Sale,2023-09-05,Inactive,SMS,5412,498,86,2095.4,4682.45,3.1,9.201773835920177,17.269076305220885
751090,Membership Drive,2023-09-05,All,Social Media,1768,894,15,1047.5,2190.78,1.66,50.56561085972851,1.6778523489932886
930945,Category Promotion,2023-09-05,All,App,5160,647,84,4704.62,4262.66,2.86,12.538759689922479,12.982998454404946
204831,App Push Notification,2023-09-05,New Users,Social Media,2351,872,91,2037.52,3856.05,2.38,37.09059974478945,10.435779816513762
767059,Email Campaign,2023-09-05,All,Social Media,8159,679,30,2911.55,6278.61,2.04,8.322098296359847,4.418262150220913
24677,Referral Program,2023-09-05,Inactive,Social Media,1952,346,45,3176.97,9135.1,2.27,17.725409836065573,13.005780346820808
319266,New User Discount,2023-09-04,Inactive,App,3805,756,39,1387.99,9900.82,1.74,19.868593955321945,5.158730158730158
485029,Weekend Special,2023-09-04,New Users,Email,2702,302,24,4433.0,5816.42,1.69,11.176905995558846,7.9470198675496695
47508,Festival Offer,2023-09-04,New Users,Social Media,6027,844,45,1737.08,4557.93,1.58,14.00365024058404,5.33175355450237
628327,Flash Sale,2023-09-04,Inactive,App,8069,260,23,3798.22,5103.01,1.93,3.222208452100632,8.846153846153847
238629,Membership Drive,2023-09-04,Premium,Social Media,6571,985,76,2533.96,2538.48,3.99,14.990108050525034,7.715736040609138
800943,Category Promotion,2023-09-04,Inactive,SMS,1450,663,99,3943.03,8586.35,2.31,45.724137931034484,14.93212669683258
909955,App Push Notification,2023-09-04,Premium,App,4038,955,47,1136.0,7418.11,3.23,23.650321941555223,4.9214659685863875
352877,Email Campaign,2023-09-04,Inactive,Social Media,5497,551,64,3466.9,5508.21,2.99,10.023649263234491,11.61524500907441
317661,Referral Program,2023-09-04,New Users,SMS,2745,247,36,3000.92,5781.56,3.23,8.998178506375227,14.5748987854251
702630,New User Discount,2023-09-03,All,Social Media,4316,937,68,1274.02,9046.37,2.95,21.70991658943466,7.257203842049092
605300,Weekend Special,2023-09-03,New Users,Social Media,9885,630,68,2514.31,5877.53,3.49,6.373292867981791,10.793650793650794
611553,Festival Offer,2023-09-03,Inactive,Email,4332,313,25,4140.24,6738.96,3.85,7.225300092336104,7.987220447284344
761584,Flash Sale,2023-09-03,Premium,Social Media,5609,952,30,4382.82,9429.18,2.07,16.97272241041184,3.1512605042016806
504203,Membership Drive,2023-09-03,All,Email,3667,163,30,3682.21,8139.3,3.95,4.445050449959095,18.404907975460123
969274,Category Promotion,2023-09-03,New Users,Social Media,4588,559,94,3949.35,9575.99,2.06,12.183958151700088,16.815742397137747
906335,App Push Notification,2023-09-03,New Users,App,1340,415,42,2663.37,9462.34,3.57,30.970149253731343,10.120481927710843
237870,Email Campaign,2023-09-03,Premium,Email,3423,507,29,2395.56,3193.57,2.61,14.811568799298861,5.719921104536489
256474,Referral Program,2023-09-03,New Users,Social Media,4339,483,16,3644.89,5838.22,3.53,11.131597142198665,3.3126293995859215
161360,New User Discount,2023-09-02,Inactive,Email,3836,191,42,1925.11,6039.37,2.37,4.979144942648593,21.98952879581152
650528,Weekend Special,2023-09-02,New Users,Social Media,3295,903,56,2830.0,4604.21,1.62,27.4051593323217,6.2015503875969
86830,Festival Offer,2023-09-02,Inactive,App,5856,749,48,4608.58,9997.7,3.11,12.790300546448089,6.408544726301736
882779,Flash Sale,2023-09-02,New Users,SMS,9910,666,60,2890.97,7406.48,2.64,6.720484359233097,9.00900900900901
587668,Membership Drive,2023-09-02,Inactive,SMS,1032,531,81,4889.66,4458.8,2.05,51.45348837209303,15.254237288135593
229514,Category Promotion,2023-09-02,Inactive,App,1448,598,24,3628.87,8317.05,3.51,41.29834254143646,4.013377926421405
856812,App Push Notification,2023-09-02,All,App,7791,655,80,4892.46,4098.05,2.53,8.407136439481452,12.213740458015266
87168,Email Campaign,2023-09-02,Premium,Social Media,4986,907,38,2794.01,2460.74,3.04,18.190934616927397,4.189636163175303
105122,Referral Program,2023-09-02,Premium,Email,7670,281,71,1554.87,2259.0,3.95,3.6636245110821384,25.26690391459075
80123,New User Discount,2023-09-01,New Users,Social Media,5915,500,20,3919.81,9103.51,1.99,8.4530853761623,4.0
283304,Weekend Special,2023-09-01,Premium,SMS,6818,605,73,4533.01,5054.01,3.68,8.87356996186565,12.066115702479339
509107,Festival Offer,2023-09-01,Inactive,Social Media,7806,187,87,4346.98,5141.73,3.23,2.3955931334870613,46.524064171122994
976425,Flash Sale,2023-09-01,New Users,App,2479,608,85,3233.46,2779.27,3.16,24.526018555869303,13.980263157894738
703372,Membership Drive,2023-09-01,New Users,Social Media,8770,361,70,1719.42,7768.21,2.86,4.11630558722919,19.390581717451525
30302,Category Promotion,2023-09-01,All,Email,5265,375,37,4831.55,4258.9,2.49,7.122507122507122,9.866666666666667
317158,App Push Notification,2023-09-01,New Users,App,1359,266,45,4858.51,3911.23,2.49,19.573215599705666,16.917293233082706
422515,Email Campaign,2023-09-01,All,Social Media,1573,665,68,3419.96,3331.68,1.95,42.27590591226955,10.225563909774436
686065,Referral Program,2023-09-01,All,Social Media,7542,320,49,3579.45,5235.52,3.0,4.242906390877751,15.312500000000002
572929,New User Discount,2023-08-31,Inactive,SMS,1693,413,22,4279.74,6535.86,1.79,24.394565859421146,5.326876513317192
861155,Weekend Special,2023-08-31,New Users,Social Media,2228,458,59,2077.29,7680.8,3.54,20.556552962298024,12.882096069868995
760043,Festival Offer,2023-08-31,Inactive,App,1952,488,64,3332.46,2614.02,3.08,25.0,13.114754098360656
891736,Flash Sale,2023-08-31,Inactive,Email,1626,867,91,3874.21,7546.12,3.42,53.321033210332104,10.4959630911188
825646,Membership Drive,2023-08-31,All,App,2919,219,58,3574.94,5808.01,3.46,7.50256937307297,26.48401826484018
839285,Category Promotion,2023-08-31,Premium,SMS,5906,202,31,2462.65,5386.51,1.59,3.420250592617677,15.346534653465346
55142,App Push Notification,2023-08-31,Inactive,Social Media,1386,117,55,3348.97,5297.35,3.99,8.441558441558442,47.008547008547005
200660,Email Campaign,2023-08-31,Premium,Email,3995,680,67,2318.83,9913.99,2.82,17.02127659574468,9.852941176470589
773923,Referral Program,2023-08-31,Premium,Social Media,4487,317,19,2760.46,7388.63,3.36,7.064854022732338,5.993690851735016
194106,New User Discount,2023-08-30,Premium,App,2119,242,17,1619.6,2406.62,2.3,11.420481359131667,7.024793388429752
162830,Weekend Special,2023-08-30,New Users,Email,6017,487,72,4328.26,2841.93,1.67,8.093734419145754,14.784394250513348
124902,Festival Offer,2023-08-30,Premium,SMS,5771,489,30,3234.95,9176.67,2.3,8.47340149020967,6.134969325153374
154428,Flash Sale,2023-08-30,New Users,Social Media,6248,871,49,2633.53,9145.57,3.83,13.9404609475032,5.625717566016074
430606,Membership Drive,2023-08-30,Inactive,App,3369,599,100,4661.71,2642.93,1.91,17.77975660433363,16.69449081803005
425494,Category Promotion,2023-08-30,New Users,Social Media,8648,790,72,4581.84,5509.36,2.67,9.135060129509712,9.113924050632912
154348,App Push Notification,2023-08-30,New Users,Social Media,1286,385,23,2358.77,6025.82,2.86,29.937791601866255,5.974025974025974
215459,Email Campaign,2023-08-30,All,Social Media,2800,900,60,4334.2,3074.38,1.87,32.142857142857146,6.666666666666667
203812,Referral Program,2023-08-30,Inactive,Email,3531,965,55,3488.64,9934.26,1.51,27.32936845086378,5.699481865284974
103345,New User Discount,2023-08-29,All,Social Media,7032,592,44,1387.31,6623.74,3.36,8.418657565415245,7.4324324324324325
829169,Weekend Special,2023-08-29,New Users,SMS,4739,522,31,1403.91,3915.71,1.89,11.014982063726524,5.938697318007663
880618,Festival Offer,2023-08-29,New Users,App,5419,367,72,2517.43,4337.99,2.64,6.772467244879129,19.618528610354225
360335,Flash Sale,2023-08-29,All,SMS,5288,697,57,2111.86,5190.13,2.01,13.180786686838125,8.17790530846485
684280,Membership Drive,2023-08-29,Premium,Email,7166,535,90,1052.86,9528.82,2.22,7.465810773095171,16.822429906542055
411722,Category Promotion,2023-08-29,New Users,Social Media,5104,786,79,1124.87,7328.83,1.73,15.399686520376177,10.05089058524173
150996,App Push Notification,2023-08-29,New Users,Social Media,8946,692,52,3978.74,2476.27,1.86,7.735300693047171,7.514450867052023
412461,Email Campaign,2023-08-29,Premium,SMS,5916,435,43,1894.16,6400.34,2.52,7.352941176470589,9.885057471264368
660077,Referral Program,2023-08-29,Premium,Email,4435,211,67,2858.43,5458.02,2.61,4.7576099210823,31.753554502369667
393050,New User Discount,2023-08-28,New Users,App,7398,192,31,3417.07,5464.42,3.4,2.5952960259529605,16.145833333333336
714585,Weekend Special,2023-08-28,Premium,App,9554,320,35,4342.04,7017.7,3.23,3.3493824576093782,10.9375
690136,Festival Offer,2023-08-28,New Users,SMS,3315,852,49,4864.26,2740.43,3.73,25.701357466063346,5.751173708920188
741002,Flash Sale,2023-08-28,Inactive,SMS,4621,844,76,4537.48,9463.52,1.7,18.264444925340836,9.004739336492891
27481,Membership Drive,2023-08-28,Inactive,App,5332,613,63,3368.16,6807.1,2.0,11.49662415603901,10.277324632952691
981294,Category Promotion,2023-08-28,New Users,Email,2727,431,88,3155.94,7180.35,2.13,15.804913824715804,20.417633410672853
957924,App Push Notification,2023-08-28,All,Social Media,2317,401,13,1000.63,6444.48,3.61,17.30686232196806,3.2418952618453867
695839,Email Campaign,2023-08-28,All,Email,4456,260,86,4739.19,4918.62,3.16,5.834829443447038,33.07692307692307
706792,Referral Program,2023-08-28,New Users,Social Media,5353,803,99,3304.96,5685.07,3.9,15.000934055669719,12.32876712328767
430217,New User Discount,2023-08-27,Premium,SMS,8328,885,40,4517.52,9471.13,2.33,10.626801152737752,4.519774011299435
337480,Weekend Special,2023-08-27,New Users,SMS,1324,339,21,3910.95,4408.03,3.43,25.604229607250755,6.1946902654867255
561344,Festival Offer,2023-08-27,Inactive,SMS,9734,994,48,3256.52,2572.14,3.6,10.211629340456133,4.82897384305835
140583,Flash Sale,2023-08-27,Inactive,SMS,4579,473,60,1561.47,2918.8,2.24,10.329766324525005,12.684989429175475
415616,Membership Drive,2023-08-27,All,App,8239,368,88,2381.57,3230.69,3.63,4.46656147590727,23.91304347826087
519264,Category Promotion,2023-08-27,Premium,SMS,8700,598,37,2492.1,7021.86,2.23,6.873563218390805,6.187290969899665
556631,App Push Notification,2023-08-27,Premium,SMS,5793,301,12,2783.96,5975.3,1.68,5.195926117728293,3.9867109634551494
753766,Email Campaign,2023-08-27,New Users,SMS,6045,978,20,1220.0,2159.15,2.69,16.17866004962779,2.044989775051125
996107,Referral Program,2023-08-27,Premium,App,4018,959,72,2634.45,2478.36,2.57,23.86759581881533,7.5078206465067785
271129,New User Discount,2023-08-26,New Users,Social Media,8873,623,90,2695.32,8170.46,2.69,7.021300574777414,14.446227929373997
930029,Weekend Special,2023-08-26,Premium,Social Media,6337,222,24,4168.52,8798.19,3.19,3.5032349692283415,10.81081081081081
412610,Festival Offer,2023-08-26,Inactive,Email,6990,518,15,3303.48,2832.59,2.99,7.410586552217453,2.8957528957528957
57826,Flash Sale,2023-08-26,Inactive,App,9963,378,65,3456.51,6331.38,1.91,3.7940379403794036,17.195767195767196
91928,Membership Drive,2023-08-26,Premium,Email,2307,932,49,3722.31,6958.92,3.09,40.39878630255743,5.257510729613734
12026,Category Promotion,2023-08-26,All,SMS,5024,902,52,4855.37,2766.15,3.47,17.953821656050955,5.764966740576496
284949,App Push Notification,2023-08-26,Premium,SMS,3721,764,35,1857.89,8825.54,3.54,20.53211502284332,4.5811518324607325
987272,Email Campaign,2023-08-26,Premium,Email,2381,879,93,1079.14,3374.52,2.11,36.917261654766904,10.580204778156997
513464,Referral Program,2023-08-26,All,SMS,4174,822,71,1449.28,7741.35,3.37,19.693339722089124,8.637469586374696
137315,New User Discount,2023-08-25,Inactive,SMS,6830,341,35,2386.12,3053.62,2.07,4.992679355783309,10.263929618768328
818907,Weekend Special,2023-08-25,All,Social Media,2062,406,43,2181.33,2479.41,2.21,19.689621726479146,10.591133004926109
631938,Festival Offer,2023-08-25,New Users,Social Media,8811,429,24,1351.88,8169.17,3.99,4.868913857677903,5.594405594405594
374941,Flash Sale,2023-08-25,Inactive,Social Media,2943,354,30,3319.28,9849.21,3.14,12.028542303771662,8.47457627118644
85521,Membership Drive,2023-08-25,All,App,2409,419,71,2333.39,8086.16,1.79,17.393109173931094,16.94510739856802
670167,Category Promotion,2023-08-25,Inactive,App,1790,696,40,1231.51,8373.48,3.37,38.88268156424581,5.747126436781609
51227,App Push Notification,2023-08-25,Inactive,App,8679,337,78,2001.44,9570.07,2.51,3.8829358220993204,23.14540059347181
746943,Email Campaign,2023-08-25,New Users,SMS,4460,655,27,2331.31,3872.05,3.85,14.686098654708521,4.122137404580153
396352,Referral Program,2023-08-25,Inactive,Email,2923,266,12,1480.41,2450.8,2.41,9.100239479986314,4.511278195488721
947325,New User Discount,2023-08-24,New Users,App,2053,650,73,1460.27,4472.37,3.02,31.660983925962004,11.23076923076923
127643,Weekend Special,2023-08-24,Inactive,SMS,6510,325,82,2874.48,6035.6,3.55,4.992319508448541,25.23076923076923
788458,Festival Offer,2023-08-24,Premium,App,1921,884,26,4017.66,2171.45,3.81,46.017699115044245,2.941176470588235
385414,Flash Sale,2023-08-24,New Users,App,5230,727,71,3359.51,6451.21,1.87,13.900573613766731,9.766162310866575
586222,Membership Drive,2023-08-24,New Users,SMS,8250,452,76,3007.8,5360.43,2.74,5.4787878787878785,16.8141592920354
222959,Category Promotion,2023-08-24,Premium,Email,2722,148,11,1428.35,6360.14,3.1,5.437178545187362,7.4324324324324325
59171,App Push Notification,2023-08-24,New Users,Social Media,1664,322,65,3118.5,6727.77,3.89,19.35096153846154,20.18633540372671
521349,Email Campaign,2023-08-24,Inactive,SMS,5393,305,99,1031.78,6586.7,3.94,5.655479325050992,32.459016393442624
851845,Referral Program,2023-08-24,Inactive,SMS,7262,317,41,4082.7,2086.26,2.71,4.365188653263564,12.933753943217665
910968,New User Discount,2023-08-23,Premium,SMS,6960,612,14,3670.76,8807.53,2.66,8.793103448275861,2.287581699346405
533817,Weekend Special,2023-08-23,Premium,SMS,9258,385,33,1751.4,9605.41,3.75,4.158565564916829,8.571428571428571
987117,Festival Offer,2023-08-23,All,App,9103,465,63,1468.23,3638.79,2.86,5.108206085905746,13.548387096774196
608518,Flash Sale,2023-08-23,Premium,Social Media,1464,613,42,3138.87,3012.84,2.02,41.87158469945355,6.851549755301795
646137,Membership Drive,2023-08-23,Inactive,SMS,4939,612,86,3682.44,2933.37,3.48,12.391172302085444,14.052287581699346
132207,Category Promotion,2023-08-23,All,Social Media,9930,339,87,3666.47,7439.04,2.1,3.4138972809667676,25.663716814159294
984926,App Push Notification,2023-08-23,All,Email,3493,151,45,3492.56,8335.5,3.84,4.322931577440595,29.80132450331126
579259,Email Campaign,2023-08-23,All,SMS,1587,503,22,4865.85,4875.06,2.12,31.695022054190297,4.3737574552683895
447219,Referral Program,2023-08-23,Inactive,App,2281,466,41,1256.32,5274.74,2.45,20.429636124506796,8.798283261802576
334105,New User Discount,2023-08-22,Inactive,App,3988,475,40,1510.27,9806.78,3.5,11.91073219658977,8.421052631578947
150592,Weekend Special,2023-08-22,Inactive,App,9300,358,64,2321.67,2070.92,2.03,3.849462365591398,17.877094972067038
129727,Festival Offer,2023-08-22,Inactive,App,3776,778,14,1093.74,6764.11,1.58,20.603813559322035,1.7994858611825193
191098,Flash Sale,2023-08-22,Premium,Email,9402,856,24,1117.84,2818.65,2.98,9.104445862582429,2.803738317757009
64010,Membership Drive,2023-08-22,Inactive,Email,5172,334,38,4124.97,4857.37,2.25,6.457849961330239,11.377245508982035
669008,Category Promotion,2023-08-22,Premium,Email,5257,830,40,1473.3,5570.11,2.11,15.788472512840023,4.819277108433735
34023,App Push Notification,2023-08-22,Inactive,App,9525,838,36,2764.83,6599.28,2.68,8.797900262467191,4.295942720763723
597394,Email Campaign,2023-08-22,Premium,Social Media,3164,217,59,4075.72,8149.88,1.8,6.8584070796460175,27.188940092165897
873522,Referral Program,2023-08-22,Inactive,App,7418,504,29,4140.24,7467.03,2.66,6.794284173631707,5.753968253968254
472255,New User Discount,2023-08-21,Premium,Social Media,4608,975,66,2032.97,2351.02,3.74,21.158854166666664,6.769230769230769
157365,Weekend Special,2023-08-21,Inactive,SMS,9529,142,52,2021.16,5152.99,2.12,1.4901878476230455,36.61971830985916
998178,Festival Offer,2023-08-21,All,Social Media,8159,623,61,4361.27,7463.45,3.54,7.6357396739796535,9.791332263242374
528128,Flash Sale,2023-08-21,New Users,Social Media,2165,707,72,4340.43,9642.86,3.4,32.65588914549654,10.183875530410184
831864,Membership Drive,2023-08-21,Premium,Social Media,8545,724,86,2978.52,2882.95,2.28,8.472791105909888,11.878453038674033
413620,Category Promotion,2023-08-21,Premium,App,9427,944,17,1370.09,2840.27,2.23,10.013790177150737,1.8008474576271187
926807,App Push Notification,2023-08-21,Inactive,SMS,3827,967,46,2355.46,3802.1,2.69,25.267833812385682,4.756980351602896
677917,Email Campaign,2023-08-21,New Users,Email,8699,636,75,2514.31,5311.97,1.76,7.3111851937004255,11.79245283018868
429935,Referral Program,2023-08-21,All,SMS,7253,995,32,3694.09,9026.21,2.99,13.71846132634772,3.2160804020100504
136959,New User Discount,2023-08-20,Premium,Email,3441,802,36,1837.83,3310.66,2.75,23.307178145887825,4.488778054862843
729669,Weekend Special,2023-08-20,Premium,SMS,3578,584,27,2500.34,6201.55,3.14,16.32196757965344,4.623287671232877
681350,Festival Offer,2023-08-20,Inactive,Social Media,6261,772,23,2235.3,9223.4,3.06,12.330298674333173,2.9792746113989637
801601,Flash Sale,2023-08-20,Premium,Email,4655,134,68,3724.59,5057.9,3.58,2.878625134264232,50.74626865671642
625499,Membership Drive,2023-08-20,New Users,App,8594,637,78,4311.64,9672.83,3.91,7.412148010239703,12.244897959183673
72339,Category Promotion,2023-08-20,Inactive,SMS,1553,700,54,1819.45,5355.32,2.54,45.07405022537025,7.7142857142857135
54688,App Push Notification,2023-08-20,Inactive,Email,7507,824,77,2677.33,2505.37,2.47,10.976422006127615,9.344660194174757
401119,Email Campaign,2023-08-20,All,Email,9064,373,61,2231.94,5789.21,2.27,4.115180935569285,16.353887399463808
14119,Referral Program,2023-08-20,All,App,6316,636,32,4317.64,7810.08,1.97,10.069664344521849,5.031446540880504
793911,New User Discount,2023-08-19,Inactive,SMS,4204,151,75,1246.11,8361.56,1.81,3.591817316841104,49.668874172185426
781150,Weekend Special,2023-08-19,Premium,Social Media,6832,882,93,4679.47,6198.03,1.6,12.90983606557377,10.54421768707483
238524,Festival Offer,2023-08-19,All,Social Media,4639,438,23,3256.5,8640.18,2.12,9.441690019400733,5.251141552511415
84654,Flash Sale,2023-08-19,All,App,5840,384,81,1923.51,5169.6,3.08,6.575342465753424,21.09375
416404,Membership Drive,2023-08-19,New Users,Social Media,6449,141,41,4317.71,7867.67,2.61,2.186385486121879,29.078014184397162
57578,Category Promotion,2023-08-19,Inactive,Social Media,2159,866,83,1404.28,8691.79,2.13,40.11116257526633,9.584295612009237
270672,App Push Notification,2023-08-19,All,Email,2556,687,33,1108.34,2393.88,2.82,26.877934272300468,4.8034934497816595
660276,Email Campaign,2023-08-19,All,Email,9373,943,37,2416.12,4615.16,3.23,10.060812973434333,3.923647932131495
953508,Referral Program,2023-08-19,All,Social Media,6278,370,84,2908.68,4366.14,3.51,5.893596686842944,22.702702702702705
847370,New User Discount,2023-08-18,Premium,Email,2381,900,44,4340.1,2027.37,2.68,37.7992440151197,4.888888888888889
299460,Weekend Special,2023-08-18,New Users,Social Media,1676,938,72,4299.94,5669.64,2.77,55.96658711217184,7.675906183368871
555322,Festival Offer,2023-08-18,New Users,App,1881,159,43,3015.23,9463.13,2.39,8.452950558213717,27.044025157232703
967086,Flash Sale,2023-08-18,New Users,Social Media,5098,907,11,3093.04,4832.68,3.39,17.79129070223617,1.2127894156560088
372123,Membership Drive,2023-08-18,Inactive,Social Media,2065,340,55,4051.39,2457.87,3.41,16.46489104116223,16.176470588235293
153926,Category Promotion,2023-08-18,All,Social Media,2410,828,85,2030.76,2821.65,2.75,34.356846473029044,10.265700483091788
506275,App Push Notification,2023-08-18,All,SMS,5446,646,94,2235.85,7334.36,3.52,11.861917003305178,14.551083591331269
592006,Email Campaign,2023-08-18,Premium,SMS,1590,664,64,1977.13,3210.89,2.18,41.76100628930818,9.63855421686747
690314,Referral Program,2023-08-18,Inactive,App,4114,501,18,2356.75,3196.24,3.25,12.177929022848808,3.592814371257485
165951,New User Discount,2023-08-17,All,Social Media,2869,464,86,1908.74,5719.19,3.2,16.1728825374695,18.53448275862069
784961,Weekend Special,2023-08-17,Inactive,App,6324,506,17,4352.2,2991.84,3.28,8.001265022137888,3.3596837944664033
619617,Festival Offer,2023-08-17,New Users,Social Media,8367,574,41,1538.52,7531.27,3.52,6.860284450818692,7.142857142857142
592050,Flash Sale,2023-08-17,Premium,SMS,7435,989,81,2662.49,5962.38,1.77,13.301950235373235,8.190091001011123
852423,Membership Drive,2023-08-17,All,Email,8938,402,66,2832.76,8463.65,3.08,4.497650481091967,16.417910447761194
790005,Category Promotion,2023-08-17,Inactive,Social Media,6334,313,16,1568.47,3259.63,3.21,4.941585096305652,5.111821086261981
685868,App Push Notification,2023-08-17,Premium,Social Media,7343,747,95,1440.9,2053.47,3.58,10.172953833583003,12.717536813922356
481246,Email Campaign,2023-08-17,All,SMS,2778,575,49,1093.5,2021.55,2.29,20.6983441324694,8.521739130434783
844990,Referral Program,2023-08-17,Inactive,SMS,7887,298,82,4905.28,2286.68,2.04,3.778369468746038,27.516778523489933
313781,New User Discount,2023-08-16,All,Email,8091,787,34,3474.53,3155.86,3.01,9.726857001606723,4.320203303684879
78015,Weekend Special,2023-08-16,All,App,5670,495,74,3211.97,4958.56,3.61,8.73015873015873,14.949494949494948
578359,Festival Offer,2023-08-16,Premium,Social Media,6110,250,28,1634.68,9896.85,2.69,4.091653027823241,11.200000000000001
911645,Flash Sale,2023-08-16,Inactive,App,6322,691,68,3482.46,9269.22,1.65,10.930085416007593,9.84081041968162
991861,Membership Drive,2023-08-16,All,SMS,4694,790,32,1185.26,2972.0,3.29,16.829995739241586,4.050632911392405
615466,Category Promotion,2023-08-16,New Users,Social Media,8050,147,20,3559.0,4562.43,1.61,1.8260869565217392,13.60544217687075
212347,App Push Notification,2023-08-16,Inactive,Social Media,9821,539,93,3033.82,3984.66,2.1,5.48823948681397,17.25417439703154
246787,Email Campaign,2023-08-16,All,Email,9711,775,66,2326.47,7646.81,2.37,7.980640510760993,8.516129032258064
458854,Referral Program,2023-08-16,Premium,Email,2371,902,45,3577.08,6019.16,1.96,38.043019822859556,4.988913525498892
32945,New User Discount,2023-08-15,Inactive,Social Media,6291,259,30,4143.86,9811.63,2.34,4.116992529009696,11.583011583011583
559729,Weekend Special,2023-08-15,New Users,App,8091,493,70,1716.52,2860.72,2.9,6.093189964157706,14.198782961460447
272663,Festival Offer,2023-08-15,New Users,Email,6951,595,41,1389.26,2671.0,1.82,8.559919436052366,6.890756302521009
474425,Flash Sale,2023-08-15,Premium,App,2036,724,49,2680.23,7202.1,1.51,35.55992141453831,6.767955801104971
523854,Membership Drive,2023-08-15,Inactive,Social Media,1163,742,88,2688.15,7755.84,2.25,63.80051590713671,11.859838274932615
947389,Category Promotion,2023-08-15,New Users,App,8771,134,100,3701.46,9617.18,1.8,1.5277619427659332,74.6268656716418
326770,App Push Notification,2023-08-15,All,App,8155,360,67,1816.43,9496.53,3.92,4.414469650521153,18.61111111111111
222822,Email Campaign,2023-08-15,All,Social Media,3401,705,76,3055.59,2323.13,3.83,20.72919729491326,10.78014184397163
218348,Referral Program,2023-08-15,All,Social Media,3359,395,10,4341.71,6635.9,3.53,11.759452217922,2.5316455696202533
769223,New User Discount,2023-08-14,All,Social Media,2292,542,77,3200.69,8130.42,3.1,23.647469458987782,14.206642066420663
379895,Weekend Special,2023-08-14,Inactive,Social Media,9167,548,47,4404.67,2770.87,1.8,5.977964437656812,8.576642335766424
450475,Festival Offer,2023-08-14,New Users,Email,9492,131,91,3233.9,3478.3,2.65,1.380109565950274,69.46564885496184
292828,Flash Sale,2023-08-14,New Users,Social Media,5381,315,28,4401.26,9106.69,3.78,5.8539304961903,8.88888888888889
520071,Membership Drive,2023-08-14,All,App,9556,585,33,4563.92,6708.94,3.41,6.121808287986606,5.641025641025641
245952,Category Promotion,2023-08-14,All,Social Media,4104,796,46,1690.16,5000.69,3.19,19.39571150097466,5.778894472361809
808280,App Push Notification,2023-08-14,New Users,App,2759,109,98,4967.12,2558.98,3.89,3.95070677781805,89.90825688073394
31613,Email Campaign,2023-08-14,All,Email,4449,179,15,4941.74,5093.66,3.08,4.0233760395594516,8.379888268156424
331708,Referral Program,2023-08-14,New Users,Email,3899,598,89,1965.68,5216.7,1.52,15.337265965632213,14.88294314381271
163963,New User Discount,2023-08-13,New Users,App,3396,281,42,4140.55,5358.68,2.66,8.274440518256773,14.94661921708185
160462,Weekend Special,2023-08-13,New Users,App,6929,254,86,3471.27,8306.67,3.97,3.6657526338576996,33.85826771653544
38843,Festival Offer,2023-08-13,Inactive,SMS,9048,829,44,3993.33,4005.01,3.49,9.162245800176835,5.307599517490953
801917,Flash Sale,2023-08-13,New Users,Email,7561,922,41,4793.8,4058.88,1.85,12.194154212405767,4.4468546637744035
126647,Membership Drive,2023-08-13,Inactive,App,5634,901,57,4438.87,6195.07,3.91,15.992190273340434,6.326304106548279
490143,Category Promotion,2023-08-13,New Users,SMS,9843,808,52,3089.55,6218.62,2.57,8.208879406684954,6.435643564356436
746785,App Push Notification,2023-08-13,All,App,5783,424,69,3608.57,9343.6,1.51,7.331834687878263,16.27358490566038
589241,Email Campaign,2023-08-13,New Users,SMS,6496,370,28,4102.73,9390.05,2.01,5.695812807881773,7.567567567567568
905565,Referral Program,2023-08-13,New Users,Email,4145,174,45,3326.39,2633.95,2.71,4.197828709288299,25.862068965517242
217989,New User Discount,2023-08-12,New Users,Email,6867,556,20,4054.28,3646.23,3.14,8.096694335226445,3.597122302158273
771245,Weekend Special,2023-08-12,Inactive,Social Media,8313,294,77,4696.57,3360.12,3.49,3.536629375676651,26.190476190476193
410330,Festival Offer,2023-08-12,New Users,Email,1915,214,20,1270.59,5950.52,3.73,11.174934725848564,9.345794392523365
691771,Flash Sale,2023-08-12,All,SMS,7088,863,60,4075.48,3468.76,2.46,12.175507900677202,6.952491309385864
988286,Membership Drive,2023-08-12,New Users,SMS,4805,981,73,2049.84,3734.38,1.55,20.416233090530696,7.44138634046891
398697,Category Promotion,2023-08-12,All,Email,9881,730,91,1534.22,7932.63,3.15,7.3879162028134795,12.465753424657535
76606,App Push Notification,2023-08-12,New Users,Social Media,8123,413,79,3282.08,2134.85,1.57,5.08432845008002,19.128329297820823
834760,Email Campaign,2023-08-12,All,SMS,4895,234,75,1753.65,4052.43,2.8,4.780388151174668,32.05128205128205
419977,Referral Program,2023-08-12,New Users,Email,2849,339,94,4542.97,5136.8,3.85,11.898911898911898,27.728613569321535
580064,New User Discount,2023-08-11,Premium,Social Media,7135,519,16,1519.15,9709.16,3.83,7.274001401541696,3.0828516377649327
570143,Weekend Special,2023-08-11,New Users,App,4271,482,19,4232.01,2789.59,3.42,11.28541325216577,3.941908713692946
341388,Festival Offer,2023-08-11,New Users,Email,1322,387,95,4808.4,8510.07,3.19,29.27382753403933,24.54780361757106
468655,Flash Sale,2023-08-11,All,Email,8302,777,69,3357.2,6681.98,3.11,9.359190556492411,8.880308880308881
382977,Membership Drive,2023-08-11,Inactive,Social Media,3763,560,32,3609.68,3380.03,2.44,14.881743289928249,5.714285714285714
54478,Category Promotion,2023-08-11,All,Email,1554,250,34,4320.04,6871.28,1.75,16.08751608751609,13.600000000000001
54804,App Push Notification,2023-08-11,All,SMS,1376,559,33,2535.0,6952.36,3.89,40.625,5.903398926654741
735377,Email Campaign,2023-08-11,New Users,Social Media,4887,850,86,4925.8,5271.34,1.93,17.393083691426234,10.117647058823529
162178,Referral Program,2023-08-11,Premium,App,1793,722,87,3745.09,2785.86,3.47,40.26770775237033,12.049861495844876
279346,New User Discount,2023-08-10,New Users,SMS,9320,779,33,1776.11,6003.37,2.63,8.358369098712446,4.2362002567394095
624863,Weekend Special,2023-08-10,New Users,App,1300,371,84,3295.4,5681.37,2.8,28.53846153846154,22.641509433962266
563698,Festival Offer,2023-08-10,Premium,SMS,4537,555,76,2162.83,2867.1,2.38,12.232752920432004,13.693693693693692
410130,Flash Sale,2023-08-10,Inactive,Social Media,9469,790,71,3840.21,3600.14,2.7,8.343014045833772,8.987341772151899
893886,Membership Drive,2023-08-10,Inactive,Social Media,3342,677,84,3650.81,5499.66,2.89,20.257330939557153,12.40768094534712
458622,Category Promotion,2023-08-10,All,Email,9661,485,15,4573.44,6586.53,2.58,5.020184245937274,3.0927835051546393
960222,App Push Notification,2023-08-10,Inactive,Social Media,1630,519,25,1931.79,3896.74,3.71,31.84049079754601,4.8169556840077075
896548,Email Campaign,2023-08-10,Inactive,App,3928,381,34,2256.14,8824.29,3.79,9.69959266802444,8.923884514435695
123626,Referral Program,2023-08-10,Premium,App,6959,646,56,3557.13,6057.6,3.55,9.282942951573501,8.6687306501548
842644,New User Discount,2023-08-09,Premium,SMS,2898,252,83,1013.78,5049.05,1.71,8.695652173913043,32.93650793650794
65073,Weekend Special,2023-08-09,All,App,7298,356,54,1554.1,5678.05,3.07,4.878048780487805,15.168539325842698
287582,Festival Offer,2023-08-09,Inactive,App,2836,350,24,4675.14,9241.76,2.88,12.341325811001411,6.857142857142858
701871,Flash Sale,2023-08-09,All,App,8950,193,24,1831.04,4424.03,1.95,2.1564245810055866,12.435233160621761
706486,Membership Drive,2023-08-09,Premium,App,2090,979,34,2575.58,2933.72,3.52,46.8421052631579,3.472931562819203
105015,Category Promotion,2023-08-09,Inactive,App,6088,504,21,1001.72,2793.26,1.84,8.278580814717477,4.166666666666666
543841,App Push Notification,2023-08-09,New Users,SMS,1777,516,97,1848.09,2921.51,3.49,29.03770399549803,18.7984496124031
578542,Email Campaign,2023-08-09,Premium,SMS,7798,975,79,2237.73,2240.52,2.33,12.50320595024365,8.102564102564102
812201,Referral Program,2023-08-09,Premium,Social Media,6501,948,62,4170.25,8293.45,3.33,14.582371942778034,6.5400843881856545
79956,New User Discount,2023-08-08,Premium,App,7471,645,17,1878.52,9074.59,2.46,8.63338241199304,2.635658914728682
286922,Weekend Special,2023-08-08,Inactive,Email,4611,123,36,1818.72,3706.82,2.37,2.6675341574495772,29.268292682926827
121438,Festival Offer,2023-08-08,All,Email,7547,935,85,3932.22,5921.09,2.97,12.389028753146945,9.090909090909092
342,Flash Sale,2023-08-08,New Users,Social Media,6335,277,43,2900.46,7711.31,2.34,4.372533543804262,15.523465703971121
44688,Membership Drive,2023-08-08,New Users,SMS,8947,553,33,4927.43,5439.27,1.69,6.180842740583436,5.967450271247739
990057,Category Promotion,2023-08-08,New Users,App,2835,296,44,1908.19,2900.03,1.71,10.440917107583775,14.864864864864865
892504,App Push Notification,2023-08-08,Inactive,SMS,6475,239,37,4464.94,9041.61,3.46,3.691119691119691,15.481171548117153
1676,Email Campaign,2023-08-08,Inactive,SMS,8311,894,73,3911.44,4606.78,1.67,10.756828299843582,8.165548098434003
203186,Referral Program,2023-08-08,Inactive,Email,1831,626,60,2250.59,6282.18,2.76,34.188967777170944,9.584664536741213
865174,New User Discount,2023-08-07,Premium,Email,2657,189,72,4458.07,9381.62,1.72,7.1132856605193835,38.095238095238095
815641,Weekend Special,2023-08-07,New Users,Email,4570,562,25,1753.52,3412.55,3.09,12.297592997811817,4.448398576512456
908905,Festival Offer,2023-08-07,Premium,SMS,5140,782,26,2969.52,2188.62,3.02,15.214007782101167,3.324808184143223
296871,Flash Sale,2023-08-07,Inactive,Email,8428,721,54,4303.18,2280.54,3.5,8.554817275747508,7.489597780859916
2257,Membership Drive,2023-08-07,All,SMS,8313,563,92,3118.89,6790.26,3.35,6.772524960904608,16.341030195381883
147242,Category Promotion,2023-08-07,New Users,SMS,4133,946,31,3272.29,2319.46,3.97,22.888942656665858,3.276955602536998
881795,App Push Notification,2023-08-07,New Users,App,4292,736,33,4990.53,5971.19,2.57,17.148182665424045,4.483695652173913
36599,Email Campaign,2023-08-07,All,SMS,6856,624,24,1352.03,5185.23,3.42,9.101516919486581,3.8461538461538463
454884,Referral Program,2023-08-07,New Users,SMS,5771,600,79,3443.96,8600.59,2.18,10.396811644429043,13.166666666666666
789958,New User Discount,2023-08-06,Premium,Email,5820,179,24,4021.15,8011.69,1.83,3.0756013745704465,13.40782122905028
331583,Weekend Special,2023-08-06,Inactive,Email,6494,573,19,1003.75,5794.51,1.52,8.823529411764707,3.315881326352531
264152,Festival Offer,2023-08-06,Premium,App,7776,507,68,4873.0,8722.95,1.5,6.520061728395062,13.41222879684418
663338,Flash Sale,2023-08-06,Premium,Social Media,8498,282,67,1182.47,2249.43,3.5,3.318427865380089,23.75886524822695
292613,Membership Drive,2023-08-06,Inactive,App,7615,306,86,2602.97,9814.64,2.11,4.0183847669074195,28.104575163398692
165721,Category Promotion,2023-08-06,Premium,Email,5440,548,33,3339.81,8838.86,2.64,10.073529411764707,6.021897810218978
291690,App Push Notification,2023-08-06,New Users,Email,9646,230,46,4147.91,3456.48,3.32,2.384408044785403,20.0
141912,Email Campaign,2023-08-06,New Users,Social Media,6280,490,29,3297.65,3612.51,2.06,7.802547770700636,5.918367346938775
951802,Referral Program,2023-08-06,All,App,6427,908,88,2898.03,6362.94,2.64,14.12789793060526,9.691629955947137
956866,New User Discount,2023-08-05,New Users,App,2795,314,53,2589.78,7130.22,1.85,11.234347048300537,16.878980891719745
958651,Weekend Special,2023-08-05,Premium,SMS,5991,177,44,1136.34,9857.59,3.37,2.954431647471207,24.858757062146893
824269,Festival Offer,2023-08-05,Premium,Email,1461,238,89,3581.12,6797.19,2.75,16.290212183436005,37.39495798319328
469496,Flash Sale,2023-08-05,All,App,5835,528,82,4361.38,3264.48,3.6,9.048843187660669,15.530303030303031
391514,Membership Drive,2023-08-05,All,SMS,9987,165,84,3531.2,3449.87,2.26,1.6521477921297687,50.90909090909091
855731,Category Promotion,2023-08-05,Inactive,App,6188,127,47,4520.91,8288.16,3.91,2.0523594053005816,37.00787401574803
921583,App Push Notification,2023-08-05,New Users,Social Media,8265,439,44,4903.17,4904.57,2.01,5.311554748941319,10.022779043280181
543753,Email Campaign,2023-08-05,New Users,SMS,5041,412,64,4690.66,6420.49,3.39,8.172981551279507,15.53398058252427
117821,Referral Program,2023-08-05,Premium,Social Media,2309,101,86,4051.48,6889.28,1.66,4.374187960155912,85.14851485148515
68222,New User Discount,2023-08-04,New Users,Email,9199,522,45,4995.9,5574.35,3.71,5.674529840200022,8.620689655172415
197166,Weekend Special,2023-08-04,Inactive,SMS,1468,856,59,1832.01,5603.77,3.27,58.31062670299727,6.892523364485981
150537,Festival Offer,2023-08-04,New Users,SMS,2493,197,57,3063.6,9969.7,2.96,7.902125952667468,28.934010152284262
198711,Flash Sale,2023-08-04,Premium,Social Media,3577,657,86,1703.35,5200.17,2.69,18.367346938775512,13.08980213089802
726780,Membership Drive,2023-08-04,New Users,Email,4068,925,20,3395.34,8207.71,2.85,22.738446411012784,2.1621621621621623
18837,Category Promotion,2023-08-04,Inactive,Social Media,2576,489,45,2551.26,8846.3,3.99,18.982919254658384,9.202453987730062
783017,App Push Notification,2023-08-04,Inactive,SMS,9581,361,64,2069.52,5656.45,2.83,3.7678739171276483,17.72853185595568
823879,Email Campaign,2023-08-04,Inactive,SMS,8132,597,45,4404.77,8670.97,3.41,7.341367437284801,7.537688442211055
840586,Referral Program,2023-08-04,New Users,App,4054,969,75,3460.48,3480.02,3.41,23.902318697582633,7.739938080495357
249931,New User Discount,2023-08-03,Premium,App,6830,572,11,4011.57,5470.49,3.48,8.374816983894583,1.9230769230769231
48952,Weekend Special,2023-08-03,Inactive,SMS,4288,129,46,3144.36,5980.38,2.22,3.0083955223880596,35.65891472868217
452030,Festival Offer,2023-08-03,Premium,App,2781,461,11,2077.21,7737.86,2.56,16.576770945702986,2.386117136659436
384985,Flash Sale,2023-08-03,Premium,App,2049,717,77,4751.78,8056.5,2.75,34.99267935578331,10.739191073919107
729474,Membership Drive,2023-08-03,All,Social Media,8057,721,91,1263.36,8646.38,2.89,8.94874022589053,12.62135922330097
770958,Category Promotion,2023-08-03,Inactive,Email,2095,664,90,1621.55,9543.15,2.51,31.694510739856803,13.55421686746988
865740,App Push Notification,2023-08-03,Premium,Social Media,2694,982,31,2482.71,5165.02,3.39,36.45137342242019,3.1568228105906315
809079,Email Campaign,2023-08-03,All,App,5473,453,91,4787.42,2986.92,2.14,8.276996162981911,20.08830022075055
673098,Referral Program,2023-08-03,Inactive,App,8293,414,27,2193.55,3194.41,2.3,4.992162064391656,6.521739130434782
575227,New User Discount,2023-08-02,All,Social Media,5756,533,83,1175.61,4256.58,2.72,9.259902710215426,15.572232645403378
550157,Weekend Special,2023-08-02,New Users,App,3272,546,69,1575.0,3341.41,3.16,16.687041564792178,12.637362637362637
124795,Festival Offer,2023-08-02,All,App,8556,554,13,1973.62,4164.0,1.51,6.474988312295466,2.3465703971119134
250024,Flash Sale,2023-08-02,New Users,App,6714,229,57,1685.86,8313.28,1.67,3.410783437593089,24.890829694323145
832565,Membership Drive,2023-08-02,Inactive,SMS,6265,400,14,1326.6,2162.16,2.02,6.384676775738228,3.5000000000000004
111047,Category Promotion,2023-08-02,Inactive,App,5700,788,20,3021.39,3166.68,3.58,13.824561403508772,2.5380710659898478
790072,App Push Notification,2023-08-02,Inactive,App,2519,366,32,1760.01,9702.24,2.96,14.529575228265184,8.743169398907105
417,Email Campaign,2023-08-02,New Users,Social Media,9896,840,53,2704.17,5202.3,2.92,8.488278092158447,6.309523809523809
911644,Referral Program,2023-08-02,All,Social Media,2909,665,28,4228.37,8422.92,2.5,22.860089377793056,4.2105263157894735
268949,New User Discount,2023-08-01,All,Email,8150,182,85,4325.42,5286.96,3.92,2.233128834355828,46.7032967032967
223600,Weekend Special,2023-08-01,Inactive,Email,1528,621,66,1814.77,8426.13,1.9,40.6413612565445,10.628019323671497
652261,Festival Offer,2023-08-01,Inactive,Email,8511,534,52,1697.29,8654.12,1.76,6.274233345082834,9.737827715355806
790684,Flash Sale,2023-08-01,New Users,Email,5631,933,28,2616.86,4026.83,2.46,16.56899307405434,3.0010718113612005
354778,Membership Drive,2023-08-01,Premium,Social Media,2579,131,99,3717.08,8925.91,3.69,5.0794881737107405,75.57251908396947
967464,Category Promotion,2023-08-01,All,Email,1788,702,62,4638.16,3321.06,3.8,39.261744966442954,8.831908831908832
300803,App Push Notification,2023-08-01,Premium,Social Media,4730,870,36,1403.01,3411.19,1.86,18.39323467230444,4.137931034482759
590042,Email Campaign,2023-08-01,Premium,Social Media,6002,575,19,2608.95,8589.69,2.57,9.580139953348883,3.304347826086956
821248,Referral Program,2023-08-01,Premium,Social Media,1149,200,74,3156.26,2369.64,2.11,17.40644038294169,37.0
742575,New User Discount,2023-07-31,All,SMS,1364,802,64,3121.67,6726.77,2.08,58.79765395894429,7.98004987531172
153789,Weekend Special,2023-07-31,Premium,Email,6464,239,95,2142.17,9516.25,2.13,3.69740099009901,39.74895397489539
19885,Festival Offer,2023-07-31,New Users,Social Media,2772,596,48,2741.13,2018.93,2.47,21.5007215007215,8.053691275167784
644099,Flash Sale,2023-07-31,New Users,Social Media,8051,460,34,1398.06,5402.09,1.88,5.713575953297727,7.391304347826087
613679,Membership Drive,2023-07-31,Inactive,App,1328,196,70,1706.3,5032.02,2.22,14.759036144578314,35.714285714285715
391498,Category Promotion,2023-07-31,New Users,Social Media,2049,597,65,3711.64,7993.48,1.67,29.136163982430453,10.887772194304858
51236,App Push Notification,2023-07-31,New Users,Email,2375,841,54,2294.13,4025.88,3.0,35.410526315789475,6.4209274673008325
722177,Email Campaign,2023-07-31,New Users,Email,6664,942,62,1603.61,8410.08,2.2,14.135654261704683,6.581740976645436
775797,Referral Program,2023-07-31,Premium,App,7790,478,46,4367.8,2316.66,3.09,6.136071887034659,9.623430962343097
20892,New User Discount,2023-07-30,All,SMS,5649,657,13,1171.52,2935.22,2.8,11.630377057886351,1.97869101978691
824772,Weekend Special,2023-07-30,All,SMS,4658,100,41,3362.03,3292.14,3.38,2.1468441391155,41.0
185571,Festival Offer,2023-07-30,All,Email,2188,296,69,3452.33,9361.19,3.79,13.528336380255942,23.31081081081081
9300,Flash Sale,2023-07-30,New Users,Social Media,5596,654,53,3439.01,2287.96,3.82,11.686919228020013,8.103975535168196
562591,Membership Drive,2023-07-30,Premium,Social Media,2422,307,42,1043.87,6985.49,2.05,12.675474814203138,13.680781758957655
894214,Category Promotion,2023-07-30,All,App,8349,489,43,4210.88,4849.77,3.98,5.8569888609414305,8.793456032719837
342900,App Push Notification,2023-07-30,Inactive,App,6110,445,46,2839.61,6425.96,2.17,7.283142389525368,10.337078651685392
694471,Email Campaign,2023-07-30,New Users,Email,2988,289,79,1232.73,8910.04,3.32,9.67202141900937,27.33564013840831
500998,Referral Program,2023-07-30,New Users,App,8564,784,47,3532.05,7205.69,2.81,9.154600653900047,5.994897959183673
360591,New User Discount,2023-07-29,All,Email,5151,204,99,3382.61,6883.55,2.28,3.9603960396039604,48.529411764705884
613015,Weekend Special,2023-07-29,New Users,Social Media,3220,608,57,3945.77,3248.37,1.6,18.88198757763975,9.375
377510,Festival Offer,2023-07-29,New Users,Email,3952,223,59,3169.71,4777.37,1.66,5.642712550607287,26.45739910313901
818935,Flash Sale,2023-07-29,All,SMS,5257,854,86,2171.13,3278.71,2.96,16.245006657789617,10.070257611241217
443054,Membership Drive,2023-07-29,All,SMS,5715,763,32,1476.88,7345.3,2.78,13.350831146106737,4.193971166448231
828821,Category Promotion,2023-07-29,All,SMS,6933,108,26,1927.15,5314.31,2.35,1.5577672003461707,24.074074074074073
659238,App Push Notification,2023-07-29,All,App,1979,474,55,2827.36,4627.01,2.63,23.951490651844367,11.60337552742616
813439,Email Campaign,2023-07-29,New Users,App,7338,401,87,4646.83,9743.22,2.8,5.4647042790951215,21.695760598503743
736525,Referral Program,2023-07-29,Premium,Email,5726,107,99,2465.46,6855.28,3.53,1.8686692280824309,92.5233644859813
555539,New User Discount,2023-07-28,All,Social Media,5614,776,58,1847.47,3339.6,3.5,13.822586391164945,7.474226804123711
522108,Weekend Special,2023-07-28,All,App,8073,143,59,4609.26,8888.74,3.45,1.7713365539452495,41.25874125874126
239873,Festival Offer,2023-07-28,All,SMS,3612,451,13,4496.22,3227.31,2.14,12.486157253599114,2.882483370288248
235536,Flash Sale,2023-07-28,Premium,Email,6030,491,12,4583.31,2529.41,2.02,8.14262023217247,2.4439918533604885
950754,Membership Drive,2023-07-28,Premium,Email,5519,533,61,3860.78,3479.32,2.6,9.65754665700308,11.44465290806754
29162,Category Promotion,2023-07-28,Inactive,App,8376,211,84,1613.46,2642.69,3.21,2.5191021967526264,39.81042654028436
60762,App Push Notification,2023-07-28,Inactive,Social Media,3770,331,29,2698.36,2225.9,2.64,8.779840848806368,8.761329305135952
519197,Email Campaign,2023-07-28,All,Email,5884,641,33,4545.52,3248.18,2.8,10.893949694085656,5.14820592823713
787853,Referral Program,2023-07-28,New Users,Social Media,5265,963,49,4882.19,8546.74,3.95,18.29059829059829,5.088265835929388
45754,New User Discount,2023-07-27,Premium,App,9055,580,100,1210.2,6346.57,2.13,6.405300938707896,17.24137931034483
590734,Weekend Special,2023-07-27,New Users,Social Media,1230,314,61,1518.59,7053.8,2.91,25.528455284552848,19.426751592356688
610627,Festival Offer,2023-07-27,New Users,SMS,7911,800,41,3025.45,5452.05,2.4,10.112501580078371,5.125
432858,Flash Sale,2023-07-27,New Users,Social Media,5371,262,50,1306.58,3395.6,3.22,4.878048780487805,19.083969465648856
446694,Membership Drive,2023-07-27,Inactive,SMS,9910,646,29,2046.93,7452.3,2.51,6.51866801210898,4.489164086687306
453934,Category Promotion,2023-07-27,Inactive,Social Media,6662,407,76,3597.93,8648.46,3.07,6.109276493545482,18.67321867321867
182600,App Push Notification,2023-07-27,Inactive,App,7448,496,85,3137.31,2076.57,1.94,6.659505907626208,17.137096774193548
595995,Email Campaign,2023-07-27,Premium,Social Media,9892,652,70,2897.69,5691.01,2.8,6.5911847957945815,10.736196319018406
350371,Referral Program,2023-07-27,Inactive,SMS,8853,436,34,1337.05,8631.41,2.14,4.924884220038405,7.79816513761468
535428,New User Discount,2023-07-26,All,App,9581,972,94,3510.67,9106.66,2.3,10.14507880179522,9.670781893004115
131922,Weekend Special,2023-07-26,Premium,SMS,5883,244,99,4872.54,6322.76,3.11,4.14754377018528,40.57377049180328
558554,Festival Offer,2023-07-26,Inactive,App,8126,224,16,3897.31,5156.83,3.07,2.756583805070145,7.142857142857142
139283,Flash Sale,2023-07-26,Premium,Email,5199,138,67,2757.21,5454.07,2.45,2.6543566070398152,48.55072463768116
992210,Membership Drive,2023-07-26,Inactive,SMS,8175,888,92,3027.98,4109.95,2.54,10.862385321100918,10.36036036036036
232474,Category Promotion,2023-07-26,All,SMS,2933,900,52,1462.6,8092.31,1.74,30.68530514831231,5.777777777777778
377325,App Push Notification,2023-07-26,Inactive,Social Media,3820,656,13,2863.38,9944.19,2.44,17.172774869109947,1.9817073170731707
377283,Email Campaign,2023-07-26,Inactive,App,5277,212,74,4816.04,6521.95,1.77,4.01743414819026,34.90566037735849
359256,Referral Program,2023-07-26,Premium,Social Media,8723,659,15,3066.26,3118.24,2.95,7.554740341625587,2.2761760242792106
297312,New User Discount,2023-07-25,Inactive,Email,7702,135,66,2483.1,3088.8,2.25,1.752791482731758,48.888888888888886
88101,Weekend Special,2023-07-25,New Users,Social Media,1345,862,70,3538.32,2591.78,2.22,64.08921933085502,8.120649651972158
949009,Festival Offer,2023-07-25,Inactive,Email,9845,270,36,3761.62,7712.94,2.76,2.7425088877602843,13.333333333333334
70208,Flash Sale,2023-07-25,Premium,Email,7490,394,37,4436.24,9422.68,3.93,5.260347129506008,9.390862944162437
343929,Membership Drive,2023-07-25,Premium,Social Media,4803,974,51,2978.64,4729.65,2.65,20.278992296481366,5.236139630390143
200610,Category Promotion,2023-07-25,Premium,App,3795,216,62,4123.04,4148.42,1.93,5.691699604743083,28.703703703703702
556828,App Push Notification,2023-07-25,All,SMS,2290,610,60,3496.61,3905.34,1.53,26.637554585152838,9.836065573770492
913614,Email Campaign,2023-07-25,New Users,Social Media,9738,606,46,3510.95,8496.38,3.06,6.223043746149107,7.590759075907591
308994,Referral Program,2023-07-25,New Users,Social Media,3635,977,26,1479.26,7813.21,1.72,26.87757909215956,2.6612077789150463
621999,New User Discount,2023-07-24,Premium,SMS,9363,898,55,1673.9,5647.13,1.53,9.590943073801132,6.124721603563475
533296,Weekend Special,2023-07-24,Premium,Email,6799,802,48,2762.33,5754.37,1.52,11.79585233122518,5.985037406483791
912516,Festival Offer,2023-07-24,Inactive,Social Media,5254,778,34,1293.52,8603.76,1.52,14.807765511990864,4.370179948586118
456161,Flash Sale,2023-07-24,New Users,Email,8532,630,73,1073.63,9159.4,2.02,7.383966244725738,11.587301587301587
263411,Membership Drive,2023-07-24,New Users,Social Media,9488,323,61,4396.56,2270.33,2.93,3.404300168634064,18.885448916408667
652842,Category Promotion,2023-07-24,Inactive,Social Media,5814,733,21,1554.86,6441.04,3.12,12.607499140006881,2.8649386084583903
149709,App Push Notification,2023-07-24,Premium,Social Media,2863,728,67,1517.39,9286.68,3.8,25.4278728606357,9.203296703296704
55629,Email Campaign,2023-07-24,New Users,Social Media,9304,202,80,2119.36,3657.34,2.8,2.1711092003439383,39.603960396039604
646733,Referral Program,2023-07-24,Premium,App,9769,712,41,4016.96,9104.25,2.42,7.288361142389191,5.758426966292135
715632,New User Discount,2023-07-23,New Users,Email,8690,894,53,3092.87,5010.88,3.23,10.287686996547755,5.9284116331096195
623840,Weekend Special,2023-07-23,Inactive,SMS,1651,807,16,3030.36,4383.37,3.26,48.87946698970321,1.982651796778191
905536,Festival Offer,2023-07-23,Premium,SMS,8975,480,92,1966.38,6197.67,1.71,5.348189415041783,19.166666666666668
246767,Flash Sale,2023-07-23,New Users,App,9603,297,73,4632.78,4430.23,1.58,3.0927835051546393,24.579124579124578
768389,Membership Drive,2023-07-23,New Users,Email,1205,225,35,3418.92,9155.88,3.66,18.672199170124482,15.555555555555555
825949,Category Promotion,2023-07-23,Inactive,Social Media,4477,587,39,3594.79,8245.22,2.62,13.11145856600402,6.643952299829642
962687,App Push Notification,2023-07-23,Premium,SMS,1238,294,29,1842.05,9955.25,1.71,23.747980613893375,9.863945578231291
872779,Email Campaign,2023-07-23,Inactive,Email,9083,219,92,2440.48,6047.75,3.62,2.411097654959815,42.00913242009132
494982,Referral Program,2023-07-23,Premium,Social Media,3232,144,79,3628.8,2660.81,3.91,4.455445544554455,54.861111111111114
291029,New User Discount,2023-07-22,Inactive,Social Media,7776,772,52,4923.01,6117.92,3.02,9.927983539094651,6.7357512953367875
46129,Weekend Special,2023-07-22,Premium,Email,6093,702,40,1769.62,9296.35,1.76,11.521418020679468,5.698005698005698
555340,Festival Offer,2023-07-22,Inactive,Email,7962,955,90,4409.68,2072.5,1.58,11.994473750313992,9.424083769633508
460399,Flash Sale,2023-07-22,Premium,Email,5466,433,36,3896.95,3969.75,2.2,7.92169776802049,8.314087759815243
367700,Membership Drive,2023-07-22,Premium,Email,2925,353,98,4549.5,2569.64,2.72,12.068376068376068,27.762039660056658
824305,Category Promotion,2023-07-22,All,Email,3548,640,40,3330.64,3176.68,3.24,18.038331454340472,6.25
127410,App Push Notification,2023-07-22,New Users,Social Media,8897,707,66,3544.84,4805.49,1.77,7.946498819826909,9.335219236209335
680105,Email Campaign,2023-07-22,Inactive,SMS,5929,984,54,1227.91,2085.86,2.71,16.59639062236465,5.487804878048781
528268,Referral Program,2023-07-22,New Users,App,9886,698,20,2392.91,3665.42,1.82,7.060489581225976,2.865329512893983
652556,New User Discount,2023-07-21,All,Email,9823,657,100,3338.27,9564.85,3.71,6.688384403949914,15.220700152207002
211997,Weekend Special,2023-07-21,Inactive,Social Media,2596,993,12,2686.1,7885.52,1.96,38.25115562403698,1.2084592145015105
191230,Festival Offer,2023-07-21,Premium,SMS,6640,331,47,2369.26,2520.96,2.37,4.984939759036145,14.19939577039275
798870,Flash Sale,2023-07-21,All,Email,8836,438,90,1225.95,9540.27,2.08,4.956994114984155,20.54794520547945
23792,Membership Drive,2023-07-21,New Users,Email,9305,688,84,4922.4,3501.28,1.58,7.39387426114992,12.209302325581394
815224,Category Promotion,2023-07-21,Inactive,Social Media,6446,558,20,2141.61,8695.71,3.48,8.656531182128452,3.584229390681003
287650,App Push Notification,2023-07-21,All,Email,8076,407,12,1658.73,3805.85,3.3,5.039623576027736,2.9484029484029484
471367,Email Campaign,2023-07-21,Premium,SMS,7792,249,50,4589.55,5300.5,2.72,3.195585215605749,20.080321285140563
145230,Referral Program,2023-07-21,Premium,Social Media,4113,512,100,2088.15,2439.71,1.61,12.448334548991005,19.53125
273428,New User Discount,2023-07-20,Inactive,App,7951,816,35,2037.67,3290.67,3.18,10.26286001760785,4.28921568627451
118526,Weekend Special,2023-07-20,Premium,App,6558,489,34,3046.48,4898.05,3.03,7.456541628545288,6.952965235173824
125391,Festival Offer,2023-07-20,Inactive,SMS,8469,993,44,3828.32,9918.04,1.91,11.725115125752746,4.431017119838873
816594,Flash Sale,2023-07-20,New Users,Social Media,8815,154,82,1347.97,4415.38,2.68,1.7470221213840045,53.246753246753244
783347,Membership Drive,2023-07-20,New Users,App,2323,714,39,2849.91,6184.94,3.03,30.736117089969866,5.46218487394958
41762,Category Promotion,2023-07-20,New Users,App,7390,105,25,4256.97,7543.56,2.36,1.4208389715832206,23.809523809523807
608714,App Push Notification,2023-07-20,Premium,Social Media,7394,945,70,1154.59,6865.54,3.33,12.780632945631593,7.4074074074074066
883065,Email Campaign,2023-07-20,Inactive,SMS,7344,278,57,3321.56,6249.26,2.93,3.7854030501089326,20.503597122302157
782917,Referral Program,2023-07-20,Inactive,Email,8644,486,85,3466.04,9606.6,3.05,5.6223970384081445,17.48971193415638
323589,New User Discount,2023-07-19,Premium,App,4702,683,11,1296.31,2209.81,3.94,14.52573373032752,1.610541727672035
668340,Weekend Special,2023-07-19,Premium,App,4218,271,69,3389.78,6049.12,1.97,6.4248458985301085,25.461254612546124
789923,Festival Offer,2023-07-19,New Users,App,1568,580,56,4400.99,5908.17,3.28,36.98979591836735,9.655172413793103
760251,Flash Sale,2023-07-19,All,Social Media,8400,524,68,2702.92,6477.14,1.56,6.238095238095238,12.977099236641221
209896,Membership Drive,2023-07-19,All,App,8258,805,24,4777.76,4019.71,3.87,9.74812303221119,2.981366459627329
468176,Category Promotion,2023-07-19,All,App,4047,937,94,2269.36,3907.29,1.55,23.15295280454658,10.032017075773746
204402,App Push Notification,2023-07-19,Premium,Email,8776,470,49,2244.92,7621.46,2.09,5.355515041020966,10.425531914893616
547767,Email Campaign,2023-07-19,New Users,App,1600,552,77,2445.85,4268.77,1.7,34.5,13.949275362318842
241083,Referral Program,2023-07-19,All,App,9760,950,29,1440.64,5308.83,2.53,9.73360655737705,3.052631578947368
319718,New User Discount,2023-07-18,Inactive,Social Media,6221,761,74,4555.46,8368.44,3.53,12.232760006429833,9.724047306176084
804979,Weekend Special,2023-07-18,New Users,App,6702,260,54,3494.17,6939.61,3.16,3.879438973440764,20.76923076923077
194155,Festival Offer,2023-07-18,Premium,Social Media,3906,799,28,3342.04,7592.73,1.95,20.455709165386583,3.504380475594493
538191,Flash Sale,2023-07-18,All,App,5117,511,91,2041.99,4759.65,2.3,9.986320109439124,17.80821917808219
779790,Membership Drive,2023-07-18,New Users,Social Media,9125,708,76,4318.84,7863.08,1.85,7.75890410958904,10.734463276836157
657228,Category Promotion,2023-07-18,New Users,Social Media,1716,115,71,4953.44,7477.99,2.95,6.701631701631702,61.73913043478261
452388,App Push Notification,2023-07-18,Premium,SMS,3887,774,91,4840.78,5814.28,2.16,19.912528942629276,11.757105943152455
584348,Email Campaign,2023-07-18,All,SMS,5325,399,17,4593.91,8585.46,3.96,7.492957746478873,4.260651629072681
960952,Referral Program,2023-07-18,New Users,SMS,9786,913,15,1383.06,4990.0,1.56,9.329654608624566,1.642935377875137
11218,New User Discount,2023-07-17,Inactive,SMS,4971,771,41,4256.15,3786.13,2.84,15.50995775497888,5.317769130998703
989650,Weekend Special,2023-07-17,Inactive,Email,3071,973,81,3950.92,9845.22,1.74,31.683490719635298,8.324768756423433
594333,Festival Offer,2023-07-17,All,App,1180,316,82,2440.55,6268.52,2.68,26.779661016949152,25.949367088607595
693548,Flash Sale,2023-07-17,New Users,App,5241,163,91,3842.32,9372.34,2.85,3.11009349360809,55.828220858895705
797131,Membership Drive,2023-07-17,Inactive,App,8589,623,15,3470.65,4037.69,2.93,7.253463732681337,2.4077046548956664
596239,Category Promotion,2023-07-17,All,Email,1112,428,23,3880.69,7362.99,3.02,38.489208633093526,5.373831775700935
898709,App Push Notification,2023-07-17,All,Email,3485,429,89,2118.36,4079.88,2.26,12.30989956958393,20.745920745920746
317129,Email Campaign,2023-07-17,New Users,Social Media,5502,792,65,3878.63,9862.89,2.0,14.394765539803709,8.207070707070708
199222,Referral Program,2023-07-17,Premium,Email,8933,939,85,4416.1,4978.69,2.01,10.511586253218404,9.052183173588926
627131,New User Discount,2023-07-16,Premium,Email,7454,884,96,3762.2,4249.1,3.61,11.859404346659511,10.85972850678733
606358,Weekend Special,2023-07-16,New Users,Email,6477,578,85,3973.26,8902.57,2.63,8.923884514435695,14.705882352941178
391266,Festival Offer,2023-07-16,New Users,SMS,3426,703,86,3701.3,5150.94,3.4,20.519556333917105,12.233285917496444
303014,Flash Sale,2023-07-16,Premium,Social Media,3018,988,89,2779.12,9178.88,1.86,32.736911862160376,9.008097165991904
583600,Membership Drive,2023-07-16,All,App,5548,446,68,2215.86,7047.87,3.92,8.038932948810382,15.246636771300448
586488,Category Promotion,2023-07-16,All,App,2991,340,59,4472.45,2003.4,2.73,11.367435640254095,17.352941176470587
712352,App Push Notification,2023-07-16,All,App,6042,331,69,4024.46,8310.67,2.49,5.478318437603442,20.84592145015106
49888,Email Campaign,2023-07-16,All,SMS,4427,361,56,1865.28,7137.2,1.82,8.15450643776824,15.512465373961218
220584,Referral Program,2023-07-16,All,Social Media,7197,774,45,3953.95,7591.19,2.65,10.754481033764069,5.813953488372093
106891,New User Discount,2023-07-15,Inactive,SMS,1510,289,93,1651.71,2168.58,2.55,19.13907284768212,32.17993079584775
213689,Weekend Special,2023-07-15,All,Email,8209,122,96,3370.3,3068.0,3.01,1.486173711779754,78.68852459016394
423400,Festival Offer,2023-07-15,Inactive,SMS,9187,761,36,2159.06,8869.57,2.95,8.283443996952215,4.730617608409987
657452,Flash Sale,2023-07-15,Premium,Social Media,7153,317,36,2016.31,9806.44,3.05,4.431706976093946,11.35646687697161
887333,Membership Drive,2023-07-15,Inactive,App,9984,226,13,3533.03,8919.7,2.52,2.2636217948717947,5.752212389380531
305950,Category Promotion,2023-07-15,All,Email,4255,619,84,2276.84,9208.86,2.32,14.547591069330199,13.5702746365105
661714,App Push Notification,2023-07-15,Premium,SMS,3753,777,64,2350.89,8812.09,3.38,20.70343725019984,8.236808236808237
972551,Email Campaign,2023-07-15,Inactive,Email,8852,916,55,4331.7,6232.51,1.77,10.34794396746498,6.004366812227074
68051,Referral Program,2023-07-15,New Users,SMS,1221,370,100,3246.3,3523.6,3.61,30.303030303030305,27.027027027027028
306984,New User Discount,2023-07-14,New Users,SMS,8196,134,97,3213.56,3250.7,3.73,1.6349438750610055,72.38805970149254
493848,Weekend Special,2023-07-14,New Users,App,8602,958,90,1964.28,4369.61,3.45,11.136944896535688,9.394572025052192
972640,Festival Offer,2023-07-14,Premium,SMS,5512,553,60,4142.86,4813.64,3.63,10.032656023222062,10.849909584086799
754665,Flash Sale,2023-07-14,Premium,App,1478,673,71,2062.1,4821.1,3.72,45.53450608930988,10.549777117384844
178824,Membership Drive,2023-07-14,All,Email,5858,664,100,3842.09,3792.75,2.5,11.334926596107886,15.060240963855422
499501,Category Promotion,2023-07-14,New Users,Social Media,3931,754,27,4332.72,6614.49,2.52,19.180870007631647,3.580901856763926
749308,App Push Notification,2023-07-14,Inactive,Social Media,3362,986,11,4260.64,3219.45,2.04,29.327781082688876,1.1156186612576064
795205,Email Campaign,2023-07-14,All,Email,8204,656,82,3964.53,3924.21,1.67,7.996099463676256,12.5
660894,Referral Program,2023-07-14,New Users,SMS,4502,141,79,3196.43,2660.05,2.74,3.131941359395824,56.02836879432624
393135,New User Discount,2023-07-13,New Users,SMS,5279,669,31,2196.04,9389.84,2.68,12.672854707330933,4.633781763826607
125548,Weekend Special,2023-07-13,Premium,Email,6045,921,66,4797.31,7265.5,1.99,15.23573200992556,7.166123778501629
36165,Festival Offer,2023-07-13,All,Social Media,3027,142,71,3470.92,3886.22,3.32,4.691113313511728,50.0
25152,Flash Sale,2023-07-13,Premium,Social Media,3917,904,71,4815.28,5667.03,2.06,23.078886903242278,7.853982300884955
591537,Membership Drive,2023-07-13,Inactive,Social Media,9769,164,86,1987.75,2422.76,3.35,1.6787798136963867,52.4390243902439
274625,Category Promotion,2023-07-13,Inactive,App,3531,996,80,4304.59,8202.98,3.86,28.20730671197961,8.032128514056225
306318,App Push Notification,2023-07-13,Inactive,Email,7293,720,59,4228.67,3596.5,1.64,9.872480460715755,8.194444444444445
73767,Email Campaign,2023-07-13,Inactive,SMS,5257,386,76,2884.06,7874.56,1.69,7.342590831272588,19.689119170984455
584170,Referral Program,2023-07-13,All,Email,7325,828,89,4996.63,5116.13,2.97,11.303754266211605,10.748792270531402
566146,New User Discount,2023-07-12,All,Social Media,6607,924,11,4683.64,6103.83,4.0,13.985167246859392,1.1904761904761905
51111,Weekend Special,2023-07-12,New Users,Social Media,1643,111,16,1865.19,2020.16,3.57,6.755934266585514,14.414414414414415
891422,Festival Offer,2023-07-12,New Users,Social Media,9961,475,81,2162.22,7878.03,2.62,4.768597530368437,17.05263157894737
133960,Flash Sale,2023-07-12,New Users,SMS,6937,730,74,3662.89,8203.02,2.66,10.523280957186104,10.136986301369863
824502,Membership Drive,2023-07-12,Inactive,App,7982,315,67,2214.56,9071.28,1.64,3.9463793535454776,21.26984126984127
983206,Category Promotion,2023-07-12,Inactive,Social Media,2426,154,83,2038.58,2045.48,2.81,6.347897774113767,53.896103896103895
387796,App Push Notification,2023-07-12,All,Email,3554,533,68,3967.92,5040.3,3.36,14.997186268992685,12.757973733583489
458781,Email Campaign,2023-07-12,Premium,Email,2916,469,63,1847.14,5549.8,3.1,16.083676268861456,13.432835820895523
93233,Referral Program,2023-07-12,Premium,App,2004,301,16,4868.16,9433.0,1.57,15.019960079840319,5.3156146179401995
546714,New User Discount,2023-07-11,Premium,Email,9767,802,87,4676.8,4823.1,1.7,8.21132384560254,10.847880299251871
536321,Weekend Special,2023-07-11,Inactive,Email,5826,387,78,3214.92,6382.87,1.86,6.642636457260556,20.155038759689923
67981,Festival Offer,2023-07-11,New Users,SMS,8022,515,74,4262.09,5994.99,1.51,6.419845425081028,14.36893203883495
981958,Flash Sale,2023-07-11,New Users,App,8128,908,15,2476.03,4180.4,1.52,11.171259842519685,1.6519823788546255
262210,Membership Drive,2023-07-11,All,Social Media,4746,576,53,3508.13,7355.88,1.95,12.13653603034134,9.20138888888889
2609,Category Promotion,2023-07-11,Premium,SMS,2631,337,61,4370.47,5547.84,2.26,12.808817939946787,18.100890207715135
8397,App Push Notification,2023-07-11,Inactive,App,4737,922,68,1445.99,5592.02,3.5,19.46379565125607,7.37527114967462
355668,Email Campaign,2023-07-11,Premium,App,9207,219,38,4363.03,4507.69,3.87,2.3786249592701205,17.35159817351598
250230,Referral Program,2023-07-11,Inactive,SMS,2067,976,42,3649.51,5570.34,1.73,47.218190614417026,4.30327868852459
791827,New User Discount,2023-07-10,All,App,8877,364,36,4152.65,8956.32,2.39,4.100484397882168,9.89010989010989
163751,Weekend Special,2023-07-10,Premium,Email,2474,318,28,1258.0,9628.79,3.52,12.853678253839934,8.80503144654088
548306,Festival Offer,2023-07-10,Premium,Social Media,4505,335,87,2215.29,2565.74,2.16,7.436182019977802,25.970149253731346
312646,Flash Sale,2023-07-10,Inactive,App,3928,172,92,3838.58,7925.45,2.71,4.378818737270876,53.48837209302325
900404,Membership Drive,2023-07-10,New Users,Email,8221,262,14,2733.68,3848.13,1.99,3.186960223817054,5.343511450381679
397428,Category Promotion,2023-07-10,Premium,Social Media,8228,993,83,3886.84,5196.57,2.55,12.068546426835198,8.358509566968781
84111,App Push Notification,2023-07-10,Inactive,Social Media,2914,232,45,2469.96,4725.15,2.18,7.961564859299932,19.396551724137932
86288,Email Campaign,2023-07-10,Inactive,SMS,5812,875,53,3326.03,6404.98,1.73,15.055058499655885,6.057142857142858
121760,Referral Program,2023-07-10,Premium,SMS,4809,286,44,4945.14,7950.4,3.77,5.947182366396341,15.384615384615385
680748,New User Discount,2023-07-09,All,SMS,1775,779,24,4205.49,8473.31,3.61,43.88732394366197,3.080872913992298
96209,Weekend Special,2023-07-09,New Users,App,9659,946,51,4252.43,6647.21,1.75,9.793974531525002,5.391120507399577
546853,Festival Offer,2023-07-09,New Users,SMS,8120,966,22,1820.33,7287.29,3.57,11.89655172413793,2.2774327122153206
606308,Flash Sale,2023-07-09,Inactive,App,7362,136,61,2794.09,8931.99,3.17,1.8473240967128497,44.85294117647059
592577,Membership Drive,2023-07-09,Inactive,Email,2730,433,89,4602.22,3886.62,1.65,15.86080586080586,20.554272517321014
834630,Category Promotion,2023-07-09,Premium,App,5879,696,84,1391.16,3311.49,2.48,11.838748086409254,12.068965517241379
916636,App Push Notification,2023-07-09,New Users,App,3669,123,50,2880.23,8463.22,1.7,3.3524121013900245,40.65040650406504
624230,Email Campaign,2023-07-09,Inactive,Email,4911,678,78,4253.24,6230.01,1.82,13.805742211362249,11.504424778761061
572706,Referral Program,2023-07-09,All,Email,9759,871,89,4886.45,4480.06,3.39,8.92509478430167,10.218140068886337
649672,New User Discount,2023-07-08,All,SMS,3076,862,88,4472.4,5228.62,3.18,28.023407022106632,10.208816705336426
729466,Weekend Special,2023-07-08,New Users,Email,6856,994,78,3506.31,3139.73,2.41,14.498249708284714,7.847082494969819
66951,Festival Offer,2023-07-08,New Users,App,5606,175,48,2952.1,7487.45,1.94,3.121655369247235,27.42857142857143
503572,Flash Sale,2023-07-08,All,SMS,6403,893,79,1071.64,4367.98,2.75,13.94658753709199,8.846584546472565
445777,Membership Drive,2023-07-08,Inactive,Email,1903,298,32,2610.63,7130.27,2.68,15.659485023646875,10.738255033557047
756003,Category Promotion,2023-07-08,All,Social Media,3529,479,67,2810.58,7165.08,1.94,13.573250212524796,13.987473903966595
52681,App Push Notification,2023-07-08,All,Email,6549,880,48,1623.8,3241.34,2.99,13.437165979538863,5.454545454545454
508911,Email Campaign,2023-07-08,New Users,Social Media,5516,954,85,4614.5,7033.37,3.28,17.295141406816533,8.90985324947589
834359,Referral Program,2023-07-08,All,Social Media,8529,983,61,2587.44,9390.8,2.63,11.525383984054402,6.205493387589013
61544,New User Discount,2023-07-07,Premium,Email,3152,784,23,2896.94,8139.03,3.92,24.873096446700508,2.933673469387755
440767,Weekend Special,2023-07-07,All,Social Media,7059,531,29,3721.46,2583.37,2.23,7.522311942201446,5.4613935969868175
216502,Festival Offer,2023-07-07,Premium,App,7863,504,17,3806.03,5042.61,3.4,6.409767264402899,3.373015873015873
498643,Flash Sale,2023-07-07,Inactive,Social Media,5149,443,12,2947.59,6465.25,3.36,8.603612351912993,2.708803611738149
836506,Membership Drive,2023-07-07,New Users,Email,4746,604,83,2052.97,9466.22,1.76,12.726506531816268,13.741721854304636
806869,Category Promotion,2023-07-07,Inactive,SMS,2247,489,27,4782.35,6806.02,3.08,21.762349799732977,5.521472392638037
510463,App Push Notification,2023-07-07,All,App,3574,850,59,1787.41,8917.64,1.55,23.78287632904309,6.9411764705882355
407752,Email Campaign,2023-07-07,Inactive,Social Media,3775,911,35,4864.2,9444.7,3.18,24.132450331125828,3.841931942919868
654403,Referral Program,2023-07-07,New Users,SMS,9905,147,60,3437.15,5621.05,3.08,1.4840989399293287,40.816326530612244
337733,New User Discount,2023-07-06,New Users,SMS,7912,450,59,1538.03,6384.36,3.03,5.687563195146613,13.111111111111112
237841,Weekend Special,2023-07-06,Premium,Social Media,3034,156,44,2072.19,2237.18,3.67,5.1417270929466055,28.205128205128204
792947,Festival Offer,2023-07-06,Premium,SMS,3954,853,15,1618.02,2701.93,2.24,21.573090541224076,1.7584994138335288
702618,Flash Sale,2023-07-06,New Users,Email,1532,163,38,3374.94,2111.08,1.86,10.639686684073107,23.31288343558282
290811,Membership Drive,2023-07-06,Inactive,Email,7594,302,85,4612.16,9524.85,3.05,3.9768238082696867,28.14569536423841
558205,Category Promotion,2023-07-06,Premium,Email,4883,494,28,3450.1,7891.06,1.5,10.116731517509727,5.668016194331984
131083,App Push Notification,2023-07-06,Premium,Email,6570,274,95,4673.12,7847.89,2.94,4.170471841704718,34.67153284671533
860570,Email Campaign,2023-07-06,New Users,Email,6344,340,80,4170.07,6627.13,2.25,5.359394703656998,23.52941176470588
417084,Referral Program,2023-07-06,New Users,Social Media,7464,876,13,1392.21,3520.83,2.04,11.736334405144696,1.4840182648401825
548350,New User Discount,2023-07-05,Premium,Social Media,7274,900,95,1477.56,2181.85,2.79,12.372834753918065,10.555555555555555
508060,Weekend Special,2023-07-05,All,SMS,8387,502,66,4442.91,6389.7,2.85,5.985453678311673,13.147410358565736
244963,Festival Offer,2023-07-05,Premium,App,3214,786,19,2680.09,2558.92,3.17,24.45550715619166,2.4173027989821882
33033,Flash Sale,2023-07-05,New Users,App,5102,436,84,1549.17,6919.42,1.61,8.545668365346923,19.26605504587156
411612,Membership Drive,2023-07-05,Inactive,Social Media,5109,131,37,1211.35,2649.4,2.67,2.564102564102564,28.24427480916031
820017,Category Promotion,2023-07-05,Premium,App,8266,394,95,2904.48,7943.16,2.48,4.766513428502298,24.111675126903553
57758,App Push Notification,2023-07-05,Premium,Social Media,1561,460,56,4290.31,7458.86,2.05,29.46828955797566,12.173913043478262
207634,Email Campaign,2023-07-05,Premium,Social Media,2710,229,77,3397.7,8539.75,1.57,8.450184501845017,33.624454148471614
307806,Referral Program,2023-07-05,Inactive,App,3720,893,18,3849.71,8762.33,3.81,24.00537634408602,2.015677491601344
440542,New User Discount,2023-07-04,All,SMS,8647,189,72,1521.94,8117.54,2.48,2.1857291546200996,38.095238095238095
998121,Weekend Special,2023-07-04,Inactive,Email,1539,788,93,1877.23,9041.31,3.79,51.20207927225471,11.802030456852792
472849,Festival Offer,2023-07-04,All,SMS,3167,523,73,2135.12,9346.01,2.37,16.514051152510262,13.957934990439771
918923,Flash Sale,2023-07-04,New Users,SMS,5250,755,19,1353.31,4084.68,1.73,14.38095238095238,2.5165562913907285
836915,Membership Drive,2023-07-04,Premium,SMS,9420,701,65,1695.38,2217.26,2.63,7.441613588110403,9.272467902995722
967445,Category Promotion,2023-07-04,New Users,App,1812,820,74,1665.23,2925.88,2.7,45.253863134657834,9.024390243902438
882415,App Push Notification,2023-07-04,New Users,Social Media,8273,667,19,2589.79,4291.35,1.71,8.062371570168017,2.848575712143928
308002,Email Campaign,2023-07-04,All,App,7660,156,41,2689.77,4973.65,2.69,2.0365535248041775,26.282051282051285
843897,Referral Program,2023-07-04,Inactive,Email,8468,342,94,4864.68,3537.64,3.66,4.03873405762872,27.485380116959064
72462,New User Discount,2023-07-03,New Users,App,5425,343,47,2328.86,7766.52,2.15,6.322580645161291,13.702623906705538
531123,Weekend Special,2023-07-03,Premium,Email,8143,406,94,4694.8,4130.98,3.7,4.985877440746654,23.15270935960591
776302,Festival Offer,2023-07-03,New Users,SMS,6115,565,93,3485.33,6150.84,1.78,9.239574816026165,16.460176991150444
366219,Flash Sale,2023-07-03,New Users,Email,1802,370,19,4980.25,6913.78,3.8,20.532741398446174,5.135135135135135
621529,Membership Drive,2023-07-03,Premium,Email,9437,232,40,1341.63,8415.56,3.14,2.4584083924976157,17.24137931034483
695116,Category Promotion,2023-07-03,New Users,SMS,7666,516,45,1754.91,2393.24,2.83,6.7310200887033655,8.720930232558139
424201,App Push Notification,2023-07-03,New Users,SMS,5772,169,70,3390.48,4986.42,1.58,2.9279279279279278,41.42011834319527
485002,Email Campaign,2023-07-03,New Users,SMS,8698,897,15,1880.52,6117.57,1.56,10.312715566796966,1.6722408026755853
267232,Referral Program,2023-07-03,New Users,SMS,4788,997,67,2636.87,8408.7,3.23,20.822890559732667,6.720160481444333
259544,New User Discount,2023-07-02,New Users,App,7919,622,16,3055.9,6126.38,2.3,7.854527086753378,2.572347266881029
588882,Weekend Special,2023-07-02,All,SMS,3285,326,88,2931.88,8566.57,2.65,9.923896499238966,26.993865030674847
592999,Festival Offer,2023-07-02,New Users,App,5644,640,84,1462.52,5259.36,3.2,11.339475549255846,13.125
654723,Flash Sale,2023-07-02,All,Email,1109,749,41,4853.87,3460.4,2.04,67.53832281334536,5.473965287049399
561914,Membership Drive,2023-07-02,All,Social Media,4902,303,49,1910.7,9706.94,3.3,6.181150550795594,16.17161716171617
791526,Category Promotion,2023-07-02,Premium,App,6251,192,52,1466.91,7482.1,2.15,3.0715085586306192,27.083333333333332
877208,App Push Notification,2023-07-02,Premium,Email,5287,342,15,2873.38,9651.04,3.0,6.468696803480234,4.385964912280701
245599,Email Campaign,2023-07-02,All,App,4325,936,78,3017.79,5122.5,2.11,21.641618497109828,8.333333333333332
691470,Referral Program,2023-07-02,Premium,SMS,8217,259,75,1959.42,8699.83,3.8,3.15200194718267,28.957528957528954
744000,New User Discount,2023-07-01,New Users,Email,3662,797,100,2843.71,4166.3,2.63,21.76406335335882,12.547051442910917
286292,Weekend Special,2023-07-01,Inactive,Social Media,8622,524,39,1215.94,4362.77,2.56,6.077476223614011,7.442748091603053
202428,Festival Offer,2023-07-01,Inactive,Social Media,5069,987,70,3150.51,7966.59,2.36,19.47129611363188,7.092198581560284
523953,Flash Sale,2023-07-01,Premium,App,7902,116,54,3415.12,3633.13,3.76,1.4679827891672994,46.55172413793103
937738,Membership Drive,2023-07-01,Premium,App,1299,860,67,1385.92,8249.69,3.44,66.20477290223249,7.790697674418605
262559,Category Promotion,2023-07-01,Inactive,App,5943,700,46,1548.41,9849.99,2.9,11.778563015312132,6.571428571428571
192979,App Push Notification,2023-07-01,All,Social Media,6646,766,91,2477.44,8691.84,2.28,11.525729762263015,11.879895561357703
230032,Email Campaign,2023-07-01,New Users,App,6620,818,30,2651.22,6073.19,2.48,12.356495468277947,3.6674816625916873
375463,Referral Program,2023-07-01,New Users,Social Media,4489,970,47,4054.05,3823.09,3.31,21.60837603029628,4.845360824742269
766133,New User Discount,2023-06-30,Premium,Email,4847,937,55,2635.82,9932.28,2.63,19.331545285743758,5.869797225186766
942536,Weekend Special,2023-06-30,All,SMS,6274,921,81,3831.34,6377.22,3.07,14.679630219955373,8.794788273615636
609852,Festival Offer,2023-06-30,All,Social Media,4977,343,39,4209.04,9701.55,3.77,6.891701828410689,11.370262390670554
215418,Flash Sale,2023-06-30,Premium,App,7196,764,78,1991.59,8584.71,2.44,10.617009449694274,10.209424083769633
97921,Membership Drive,2023-06-30,Premium,SMS,6950,727,75,1469.42,2881.76,2.01,10.46043165467626,10.31636863823934
4443,Category Promotion,2023-06-30,Inactive,App,7651,440,33,2673.38,4999.54,1.58,5.750882237615998,7.5
617245,App Push Notification,2023-06-30,All,App,3158,708,62,4046.83,4435.6,2.11,22.419252691576947,8.757062146892656
430820,Email Campaign,2023-06-30,Inactive,App,2969,370,51,4646.99,9903.43,3.55,12.462108454024925,13.783783783783784
715226,Referral Program,2023-06-30,New Users,Email,3916,717,46,2413.69,7436.89,1.68,18.30949948927477,6.4156206415620645
96180,New User Discount,2023-06-29,Inactive,App,2819,357,95,2540.35,6163.55,3.28,12.664065271372827,26.610644257703083
356176,Weekend Special,2023-06-29,New Users,Email,8569,435,76,1373.53,7561.33,2.5,5.076438324191854,17.47126436781609
513444,Festival Offer,2023-06-29,New Users,Email,1725,938,50,4294.96,4817.69,3.27,54.3768115942029,5.330490405117271
197175,Flash Sale,2023-06-29,Inactive,App,7398,290,78,3813.4,7667.28,3.84,3.919978372533117,26.89655172413793
625996,Membership Drive,2023-06-29,Premium,Social Media,7584,956,56,3928.8,3332.96,3.95,12.60548523206751,5.857740585774058
883394,Category Promotion,2023-06-29,Inactive,App,3004,917,51,1044.49,4136.21,2.4,30.525965379494007,5.561613958560523
106372,App Push Notification,2023-06-29,New Users,Social Media,8988,107,12,1669.84,5948.58,1.6,1.1904761904761905,11.214953271028037
537935,Email Campaign,2023-06-29,Premium,App,8088,576,32,3982.47,2094.12,2.05,7.121661721068249,5.555555555555555
408199,Referral Program,2023-06-29,Premium,App,6260,502,24,3484.66,2410.8,3.21,8.019169329073481,4.780876494023905
465432,New User Discount,2023-06-28,Premium,Email,3987,549,64,4470.49,3372.47,3.35,13.769751693002258,11.657559198542804
15969,Weekend Special,2023-06-28,Inactive,App,1356,209,23,1627.27,7989.47,2.32,15.41297935103245,11.004784688995215
528272,Festival Offer,2023-06-28,Premium,Email,7881,894,54,2936.12,3784.73,2.52,11.343738104301485,6.0402684563758395
298526,Flash Sale,2023-06-28,Inactive,Email,3927,673,45,1965.36,3420.86,3.09,17.137764196587728,6.686478454680535
860847,Membership Drive,2023-06-28,New Users,SMS,6066,632,26,3782.85,9562.16,2.63,10.418727332673921,4.113924050632911
905593,Category Promotion,2023-06-28,Inactive,Email,7688,376,19,3654.01,3672.23,2.99,4.890738813735692,5.053191489361701
457659,App Push Notification,2023-06-28,Premium,SMS,1427,841,79,4081.54,3219.34,3.14,58.934828311142255,9.3935790725327
264110,Email Campaign,2023-06-28,New Users,SMS,4118,881,58,2377.31,7231.53,3.81,21.39388052452647,6.583427922814983
800085,Referral Program,2023-06-28,Inactive,SMS,3118,409,46,3806.92,9102.28,3.47,13.117382937780627,11.246943765281173
699314,New User Discount,2023-06-27,Inactive,SMS,7412,508,91,1017.16,6054.02,3.52,6.853750674581758,17.913385826771652
71778,Weekend Special,2023-06-27,All,Email,1176,743,80,1718.37,9538.98,3.11,63.18027210884354,10.767160161507402
759176,Festival Offer,2023-06-27,Inactive,App,5980,281,20,2393.32,6796.97,3.41,4.698996655518394,7.11743772241993
892121,Flash Sale,2023-06-27,Inactive,Social Media,6499,773,82,2394.0,7431.7,1.59,11.894137559624559,10.608020698576972
587592,Membership Drive,2023-06-27,Premium,Email,7237,874,28,2119.27,8160.47,1.99,12.07682741467459,3.203661327231121
809235,Category Promotion,2023-06-27,All,Social Media,9683,614,84,3420.08,5970.76,2.71,6.341010017556542,13.680781758957655
649342,App Push Notification,2023-06-27,New Users,App,5533,669,17,4350.79,8243.49,2.23,12.091089824688234,2.5411061285500747
379441,Email Campaign,2023-06-27,New Users,App,8793,259,55,1548.43,6501.77,3.85,2.9455248493119526,21.235521235521233
799501,Referral Program,2023-06-27,Inactive,App,8182,779,16,1394.41,7147.8,2.65,9.520899535565876,2.053915275994865
131542,New User Discount,2023-06-26,Premium,SMS,5474,414,79,2286.06,2178.04,2.82,7.563025210084033,19.082125603864732
841811,Weekend Special,2023-06-26,Inactive,SMS,6661,592,46,1745.93,6189.2,2.89,8.887554421258068,7.77027027027027
784708,Festival Offer,2023-06-26,Premium,Social Media,9200,216,55,4790.22,2185.33,2.5,2.3478260869565215,25.462962962962965
433163,Flash Sale,2023-06-26,Inactive,Social Media,8823,820,83,2385.18,6511.46,3.2,9.293890966791341,10.121951219512196
173175,Membership Drive,2023-06-26,Inactive,SMS,8846,109,25,3233.33,8845.91,3.58,1.2321953425276961,22.93577981651376
610353,Category Promotion,2023-06-26,Inactive,App,9809,350,47,1086.76,9649.42,1.92,3.5681516974207366,13.428571428571429
179647,App Push Notification,2023-06-26,New Users,Social Media,6655,148,38,4646.53,3329.47,3.71,2.22389181066867,25.675675675675674
519334,Email Campaign,2023-06-26,New Users,Social Media,7547,913,56,4190.67,5663.62,1.81,12.09752219424937,6.133625410733845
96295,Referral Program,2023-06-26,New Users,App,6243,770,21,3157.51,9238.64,2.09,12.33381387153612,2.727272727272727
961155,New User Discount,2023-06-25,New Users,SMS,3774,778,94,1282.09,6543.77,1.55,20.614732379438262,12.082262210796916
384407,Weekend Special,2023-06-25,New Users,Email,7330,390,90,3462.23,2278.46,3.52,5.320600272851296,23.076923076923077
675622,Festival Offer,2023-06-25,All,App,8185,839,67,1748.48,9445.97,2.5,10.250458155161882,7.985697258641239
597932,Flash Sale,2023-06-25,Inactive,Social Media,9170,948,88,3345.74,8935.63,2.86,10.338058887677208,9.282700421940929
795303,Membership Drive,2023-06-25,New Users,SMS,9573,160,28,4829.63,3353.51,2.47,1.6713673874438524,17.5
810567,Category Promotion,2023-06-25,New Users,App,4586,872,71,3170.87,7199.39,2.52,19.014391626689925,8.142201834862385
17075,App Push Notification,2023-06-25,All,Email,2573,355,40,4220.54,3844.88,2.52,13.797123979790129,11.267605633802818
153725,Email Campaign,2023-06-25,Inactive,Email,3076,113,77,2135.49,3768.9,2.72,3.673602080624187,68.14159292035397
501729,Referral Program,2023-06-25,Premium,SMS,9632,684,67,2021.79,3508.23,3.96,7.101328903654484,9.7953216374269
552500,New User Discount,2023-06-24,New Users,App,7099,151,24,3009.82,3368.11,2.63,2.1270601493168053,15.894039735099339
319181,Weekend Special,2023-06-24,New Users,Email,4854,245,51,1521.9,6297.75,1.72,5.047383601153688,20.816326530612244
978477,Festival Offer,2023-06-24,Premium,Social Media,8682,698,19,2502.06,2814.65,3.72,8.039622206864777,2.722063037249284
489457,Flash Sale,2023-06-24,All,Social Media,4742,749,78,3823.17,5749.47,3.22,15.795023196963307,10.413885180240321
155602,Membership Drive,2023-06-24,Inactive,Social Media,4587,267,23,1630.61,9882.47,1.68,5.820797907128843,8.614232209737828
130713,Category Promotion,2023-06-24,Premium,App,9875,922,92,3578.95,2385.68,2.8,9.336708860759494,9.97830802603037
911600,App Push Notification,2023-06-24,All,App,2547,500,80,3597.84,2329.36,2.36,19.63093835885355,16.0
545644,Email Campaign,2023-06-24,New Users,Email,1351,555,37,1996.55,4125.16,3.51,41.08068097705404,6.666666666666667
827847,Referral Program,2023-06-24,Inactive,App,3389,926,46,4236.61,7057.23,1.95,27.323694305104752,4.967602591792657
628007,New User Discount,2023-06-23,Inactive,Social Media,8851,554,48,2116.01,4058.63,1.77,6.259179753700147,8.664259927797833
537589,Weekend Special,2023-06-23,Inactive,Social Media,8054,449,90,1913.02,7879.92,2.16,5.574869629997517,20.044543429844097
797842,Festival Offer,2023-06-23,All,Social Media,5368,673,80,1549.99,6087.34,3.16,12.537257824143069,11.88707280832095
493290,Flash Sale,2023-06-23,New Users,App,5068,891,48,2854.05,3892.11,3.95,17.580899763220206,5.387205387205387
388211,Membership Drive,2023-06-23,Inactive,SMS,8396,463,57,3632.55,6310.06,2.29,5.514530728918532,12.311015118790497
899257,Category Promotion,2023-06-23,Premium,SMS,1556,207,81,2592.1,5409.91,2.32,13.303341902313626,39.130434782608695
828170,App Push Notification,2023-06-23,Inactive,Email,1206,808,91,2170.74,2661.9,2.55,66.99834162520729,11.262376237623762
331219,Email Campaign,2023-06-23,Inactive,App,4656,179,77,2156.3,9559.4,3.09,3.8445017182130585,43.01675977653631
131311,Referral Program,2023-06-23,New Users,Email,9004,706,85,4567.8,9649.55,3.68,7.84095957352288,12.039660056657224
796615,New User Discount,2023-06-22,All,Email,3091,591,75,2748.32,2050.68,3.86,19.12002588159172,12.690355329949238
927749,Weekend Special,2023-06-22,New Users,Social Media,3228,912,78,3342.97,7083.27,3.52,28.25278810408922,8.552631578947368
88019,Festival Offer,2023-06-22,Inactive,Email,8393,477,50,4940.79,3900.96,2.19,5.6833075181699035,10.482180293501047
843543,Flash Sale,2023-06-22,All,Email,9524,781,77,4819.51,9819.42,2.9,8.200335993280135,9.859154929577464
826856,Membership Drive,2023-06-22,All,SMS,1205,387,59,1763.32,4707.42,3.12,32.11618257261411,15.245478036175712
93990,Category Promotion,2023-06-22,New Users,Social Media,6947,671,44,3857.86,5572.35,2.9,9.6588455448395,6.557377049180328
130334,App Push Notification,2023-06-22,New Users,SMS,8881,756,53,1363.24,3306.94,1.82,8.512554892467064,7.01058201058201
65802,Email Campaign,2023-06-22,Inactive,App,5278,693,37,2136.52,2636.05,3.9,13.12997347480106,5.339105339105339
338074,Referral Program,2023-06-22,New Users,SMS,1435,743,19,4367.37,7128.16,1.56,51.77700348432056,2.557200538358008
252525,New User Discount,2023-06-21,Inactive,Social Media,1846,868,80,4311.02,2609.66,2.48,47.020585048754064,9.216589861751153
629550,Weekend Special,2023-06-21,Inactive,App,5125,193,24,4430.93,6893.49,1.67,3.765853658536585,12.435233160621761
238006,Festival Offer,2023-06-21,Premium,Social Media,1806,251,18,2385.87,8248.1,2.63,13.898117386489481,7.171314741035857
710739,Flash Sale,2023-06-21,Premium,SMS,9045,331,65,1088.95,2003.1,2.57,3.6594803758982866,19.637462235649547
944187,Membership Drive,2023-06-21,Premium,SMS,5472,926,91,4757.36,3082.33,3.25,16.922514619883042,9.827213822894167
172735,Category Promotion,2023-06-21,Inactive,App,7646,689,86,3296.51,3438.95,3.54,9.011247711221554,12.481857764876633
217567,App Push Notification,2023-06-21,Premium,Email,1197,150,84,3484.97,2206.1,1.69,12.531328320802004,56.00000000000001
289478,Email Campaign,2023-06-21,Premium,Social Media,8890,173,81,3012.18,3745.23,3.64,1.9460067491563555,46.82080924855491
409337,Referral Program,2023-06-21,Inactive,Email,4725,765,39,2107.29,3192.44,2.89,16.19047619047619,5.098039215686274
770120,New User Discount,2023-06-20,Inactive,Email,6855,768,26,3923.26,4942.03,1.56,11.203501094091903,3.3854166666666665
776639,Weekend Special,2023-06-20,Inactive,Email,7037,241,76,3665.15,8866.1,3.32,3.4247548671308796,31.535269709543567
653369,Festival Offer,2023-06-20,All,SMS,6951,300,21,3874.36,6691.67,2.02,4.315925766076824,7.000000000000001
843160,Flash Sale,2023-06-20,Inactive,App,9651,170,21,2168.81,5077.02,2.0,1.7614754947673819,12.352941176470589
353433,Membership Drive,2023-06-20,All,Social Media,5735,687,26,2317.7,7423.75,2.31,11.979075850043593,3.7845705967976713
200575,Category Promotion,2023-06-20,All,Email,9372,725,34,3041.04,4303.25,3.05,7.73580879214682,4.689655172413794
141430,App Push Notification,2023-06-20,Premium,SMS,4949,923,48,4548.78,2634.61,2.47,18.650232370175793,5.200433369447454
863124,Email Campaign,2023-06-20,Inactive,App,1686,778,44,2469.48,7043.63,2.14,46.144721233689204,5.655526992287918
641741,Referral Program,2023-06-20,Premium,Social Media,6663,160,61,1639.02,3378.16,2.34,2.4013207263995198,38.125
509893,New User Discount,2023-06-19,Inactive,Email,3461,664,50,2233.06,2025.49,3.57,19.185206587691418,7.530120481927711
942329,Weekend Special,2023-06-19,Inactive,Social Media,1418,637,22,2212.96,7017.8,2.34,44.92242595204514,3.453689167974882
39073,Festival Offer,2023-06-19,Premium,Social Media,8575,280,98,1027.0,5171.33,3.07,3.2653061224489797,35.0
255345,Flash Sale,2023-06-19,Premium,Social Media,5686,141,40,4477.44,5860.49,2.32,2.479774885684136,28.368794326241137
278509,Membership Drive,2023-06-19,Premium,SMS,6374,512,84,2768.06,9936.18,3.22,8.032632569814872,16.40625
893549,Category Promotion,2023-06-19,All,App,3971,616,10,1287.52,3773.01,3.52,15.512465373961218,1.6233766233766231
350266,App Push Notification,2023-06-19,Inactive,SMS,7275,539,85,4805.2,8311.55,3.59,7.40893470790378,15.769944341372913
68120,Email Campaign,2023-06-19,Inactive,Email,9104,478,53,4102.26,9403.92,3.33,5.250439367311072,11.08786610878661
614164,Referral Program,2023-06-19,New Users,Email,9834,473,89,2410.94,7304.83,2.41,4.809843400447427,18.816067653276956
901920,New User Discount,2023-06-18,Premium,App,3968,159,97,3009.26,6627.48,2.56,4.007056451612903,61.0062893081761
905353,Weekend Special,2023-06-18,Inactive,SMS,8019,577,81,2996.62,3718.13,3.85,7.195410899114603,14.038128249566725
700070,Festival Offer,2023-06-18,Premium,Email,6567,452,66,4834.93,8196.0,2.71,6.8828993452109035,14.601769911504425
264139,Flash Sale,2023-06-18,All,SMS,3618,521,95,4515.01,4588.08,2.17,14.400221116639027,18.234165067178505
1005,Membership Drive,2023-06-18,All,Email,8276,793,68,1189.21,9253.77,1.84,9.58192363460609,8.575031525851198
672953,Category Promotion,2023-06-18,New Users,Social Media,6598,187,82,3981.26,6061.99,3.22,2.834192179448318,43.85026737967914
219747,App Push Notification,2023-06-18,All,Social Media,3256,693,16,4803.86,3497.09,3.97,21.283783783783782,2.3088023088023086
888561,Email Campaign,2023-06-18,All,Email,1045,161,31,3843.77,5559.64,2.09,15.406698564593302,19.25465838509317
973863,Referral Program,2023-06-18,Premium,App,8040,867,47,2335.31,2636.65,3.53,10.783582089552239,5.4209919261822375
636228,New User Discount,2023-06-17,Premium,App,6453,999,43,4443.42,9198.15,3.03,15.481171548117153,4.3043043043043046
260171,Weekend Special,2023-06-17,New Users,Social Media,5257,854,78,4266.5,8443.75,3.37,16.245006657789617,9.133489461358314
512165,Festival Offer,2023-06-17,Inactive,Social Media,5095,685,91,1844.88,4132.91,3.63,13.444553483807656,13.284671532846716
675813,Flash Sale,2023-06-17,Premium,Email,2745,293,26,4055.84,3607.14,2.56,10.673952641165755,8.873720136518772
967689,Membership Drive,2023-06-17,Premium,Social Media,2926,259,79,3282.0,2779.42,2.8,8.851674641148326,30.501930501930502
564880,Category Promotion,2023-06-17,All,SMS,6746,929,19,4448.63,4688.52,1.81,13.771123628817078,2.045209903121636
290348,App Push Notification,2023-06-17,All,Email,3044,138,31,1874.37,8126.32,3.08,4.533508541392904,22.463768115942027
860253,Email Campaign,2023-06-17,All,Email,1782,114,21,3976.87,2539.78,2.62,6.397306397306397,18.421052631578945
312956,Referral Program,2023-06-17,Premium,Social Media,6624,156,89,1250.48,2392.61,1.61,2.355072463768116,57.05128205128205
502631,New User Discount,2023-06-16,Inactive,App,4796,522,36,1016.85,6721.73,3.13,10.884070058381985,6.896551724137931
557978,Weekend Special,2023-06-16,Inactive,App,6261,176,68,3301.03,3447.48,3.37,2.811052547516371,38.63636363636363
805876,Festival Offer,2023-06-16,New Users,Social Media,4036,478,29,1472.13,9488.29,2.03,11.84340931615461,6.066945606694561
311414,Flash Sale,2023-06-16,Inactive,Social Media,2573,320,34,1109.28,7966.87,2.62,12.436844150796736,10.625
923137,Membership Drive,2023-06-16,New Users,SMS,2708,356,77,1003.02,6460.01,2.14,13.146233382570163,21.629213483146067
228345,Category Promotion,2023-06-16,Inactive,Social Media,1710,710,54,2806.91,3039.44,2.8,41.52046783625731,7.605633802816901
620123,App Push Notification,2023-06-16,All,Social Media,8697,390,84,4022.76,2446.83,3.67,4.484304932735426,21.53846153846154
575919,Email Campaign,2023-06-16,Premium,SMS,3788,648,74,3904.25,9663.17,3.79,17.106652587117214,11.419753086419753
261678,Referral Program,2023-06-16,New Users,SMS,7390,911,29,2960.98,9497.75,1.85,12.327469553450609,3.1833150384193196
942081,New User Discount,2023-06-15,New Users,Social Media,1925,960,25,2966.34,3250.58,3.7,49.87012987012987,2.604166666666667
852499,Weekend Special,2023-06-15,Inactive,App,5775,931,98,1325.7,6922.75,1.65,16.12121212121212,10.526315789473683
985922,Festival Offer,2023-06-15,Inactive,App,6440,880,49,2928.03,3472.7,2.7,13.664596273291925,5.568181818181818
366234,Flash Sale,2023-06-15,New Users,App,1720,410,31,2967.56,4915.51,3.86,23.837209302325583,7.560975609756097
765417,Membership Drive,2023-06-15,Premium,Social Media,7859,352,51,4064.73,2230.84,3.52,4.47894134113755,14.488636363636365
636604,Category Promotion,2023-06-15,All,Email,5383,322,31,3052.48,9687.54,3.01,5.981794538361508,9.627329192546584
684464,App Push Notification,2023-06-15,Premium,Email,2279,154,87,2602.88,4331.01,2.7,6.757349714787188,56.493506493506494
667257,Email Campaign,2023-06-15,All,Email,3548,808,53,1295.21,2568.02,1.64,22.77339346110485,6.5594059405940595
984732,Referral Program,2023-06-15,Inactive,App,5019,785,22,3146.73,9894.03,3.25,15.640565849770871,2.802547770700637
369759,New User Discount,2023-06-14,Inactive,Email,7167,918,93,3952.12,7022.54,3.89,12.80870657178736,10.130718954248366
83907,Weekend Special,2023-06-14,Premium,Social Media,8305,312,23,2419.43,6245.97,3.84,3.756773028296207,7.371794871794872
500070,Festival Offer,2023-06-14,Premium,App,6217,493,77,2596.57,4209.58,1.72,7.929869712079782,15.618661257606492
57508,Flash Sale,2023-06-14,Inactive,Social Media,4090,605,23,1526.85,3045.82,3.41,14.792176039119804,3.8016528925619832
373659,Membership Drive,2023-06-14,All,Social Media,5839,917,79,4139.86,5312.39,3.52,15.704743963007365,8.615049073064341
798347,Category Promotion,2023-06-14,All,SMS,3330,239,12,2260.27,2263.56,2.07,7.177177177177177,5.02092050209205
912246,App Push Notification,2023-06-14,New Users,Email,5127,279,21,1835.65,2006.13,3.27,5.441778818022235,7.526881720430108
75283,Email Campaign,2023-06-14,Premium,SMS,4151,235,66,2975.34,5299.99,3.21,5.661286437003132,28.085106382978726
809224,Referral Program,2023-06-14,All,SMS,7734,126,12,1867.36,5836.29,2.32,1.6291698991466252,9.523809523809524
896707,New User Discount,2023-06-13,Inactive,Email,4177,213,91,2254.78,7837.21,2.01,5.0993536030644,42.72300469483568
700060,Weekend Special,2023-06-13,New Users,Social Media,7381,747,47,3555.16,7621.48,2.28,10.120579867226663,6.291834002677376
623276,Festival Offer,2023-06-13,All,App,5416,925,31,4861.23,7886.02,3.91,17.079025110782865,3.3513513513513513
152982,Flash Sale,2023-06-13,Premium,SMS,5189,752,20,2286.81,3645.64,2.26,14.492195027943728,2.6595744680851063
807949,Membership Drive,2023-06-13,Premium,Social Media,3091,296,12,1609.31,9197.64,2.3,9.576188935619541,4.054054054054054
468772,Category Promotion,2023-06-13,Inactive,Social Media,8638,249,10,4008.52,2585.21,2.9,2.882611715674925,4.016064257028113
608780,App Push Notification,2023-06-13,All,SMS,5979,102,62,2516.95,7585.38,1.84,1.7059708981435024,60.78431372549019
245337,Email Campaign,2023-06-13,Inactive,Email,3453,870,83,3538.74,3243.24,2.25,25.19548218940052,9.540229885057471
730978,Referral Program,2023-06-13,All,SMS,7873,407,12,4123.63,5917.27,1.55,5.169566874126763,2.9484029484029484
25710,New User Discount,2023-06-12,All,Social Media,7236,704,45,2646.41,3578.14,2.91,9.729132117191819,6.392045454545454
115539,Weekend Special,2023-06-12,All,SMS,6580,723,48,3819.53,6820.09,3.14,10.987841945288753,6.639004149377594
673827,Festival Offer,2023-06-12,All,Email,3736,247,46,4984.88,5744.47,3.0,6.6113490364025695,18.62348178137652
491855,Flash Sale,2023-06-12,New Users,Social Media,4931,935,59,2284.24,2661.21,3.13,18.961671060636785,6.310160427807486
616782,Membership Drive,2023-06-12,All,App,7634,169,44,1604.07,9147.03,3.93,2.213780455855384,26.035502958579883
972675,Category Promotion,2023-06-12,New Users,App,6925,277,20,1008.16,3780.37,1.84,4.0,7.2202166064981945
767837,App Push Notification,2023-06-12,Premium,SMS,6348,885,39,1757.8,4216.96,3.34,13.9413988657845,4.406779661016949
380528,Email Campaign,2023-06-12,Premium,Social Media,9716,789,47,4974.71,5443.38,2.58,8.120625771922601,5.9569074778200255
689654,Referral Program,2023-06-12,New Users,Email,8762,229,48,4223.37,9273.05,2.62,2.6135585482766492,20.96069868995633
683367,New User Discount,2023-06-11,All,Email,8010,620,76,1590.37,8970.86,3.82,7.740324594257178,12.258064516129032
567543,Weekend Special,2023-06-11,New Users,App,9600,168,85,4484.11,6606.25,3.77,1.7500000000000002,50.595238095238095
644154,Festival Offer,2023-06-11,Premium,SMS,3806,180,70,1661.56,8410.05,3.4,4.729374671571204,38.88888888888889
396968,Flash Sale,2023-06-11,Inactive,Social Media,3388,279,11,2532.5,4837.96,3.6,8.234946871310507,3.942652329749104
633944,Membership Drive,2023-06-11,New Users,App,3253,778,27,1503.71,8547.83,3.5,23.91638487549954,3.470437017994859
451132,Category Promotion,2023-06-11,All,Email,2417,717,45,4175.39,3018.22,2.83,29.664873810508897,6.2761506276150625
703847,App Push Notification,2023-06-11,Inactive,SMS,5579,291,46,3716.51,6510.25,2.48,5.21598852841011,15.807560137457044
796512,Email Campaign,2023-06-11,New Users,Social Media,3238,254,25,3629.91,2185.67,3.13,7.8443483631871525,9.84251968503937
674767,Referral Program,2023-06-11,Inactive,SMS,8384,376,94,3637.26,7582.97,3.61,4.484732824427481,25.0
642178,New User Discount,2023-06-10,New Users,App,1642,246,39,3213.01,9571.06,2.84,14.981729598051158,15.853658536585366
17254,Weekend Special,2023-06-10,Inactive,App,9009,599,38,3378.6,9573.46,3.41,6.6489066489066495,6.3439065108514185
753753,Festival Offer,2023-06-10,Premium,SMS,6353,729,65,3055.02,5270.67,3.38,11.474893750983787,8.916323731138547
378111,Flash Sale,2023-06-10,Premium,App,1473,904,26,1558.75,6339.54,3.28,61.37135098438561,2.8761061946902653
269649,Membership Drive,2023-06-10,New Users,App,2292,346,37,2520.85,9149.52,3.74,15.095986038394415,10.69364161849711
795124,Category Promotion,2023-06-10,Premium,Social Media,6741,815,38,3588.59,2006.21,2.21,12.090194333184987,4.662576687116564
917664,App Push Notification,2023-06-10,Inactive,SMS,9059,315,64,2529.12,7126.76,3.01,3.4772049895131913,20.317460317460316
171648,Email Campaign,2023-06-10,New Users,SMS,3087,687,51,3512.53,4414.07,1.54,22.25461613216715,7.423580786026202
837766,Referral Program,2023-06-10,Inactive,Social Media,7616,147,95,4275.82,2986.11,3.26,1.9301470588235294,64.62585034013605
35201,New User Discount,2023-06-09,New Users,App,2094,275,49,2507.89,9695.51,2.96,13.132760267430754,17.81818181818182
707345,Weekend Special,2023-06-09,New Users,SMS,1194,302,53,1206.21,5692.15,3.77,25.29313232830821,17.549668874172188
457791,Festival Offer,2023-06-09,New Users,App,3149,234,11,1315.22,6559.49,1.59,7.430930454112417,4.700854700854701
225199,Flash Sale,2023-06-09,Premium,App,3778,512,83,1351.79,7406.28,1.51,13.552143991529912,16.2109375
956733,Membership Drive,2023-06-09,New Users,App,5807,550,26,3989.78,9582.55,3.68,9.471327707938695,4.7272727272727275
906705,Category Promotion,2023-06-09,All,Social Media,6928,108,31,4835.71,9683.02,1.82,1.558891454965358,28.703703703703702
225007,App Push Notification,2023-06-09,Inactive,Social Media,6875,914,19,1892.68,2233.64,2.33,13.294545454545453,2.0787746170678334
532712,Email Campaign,2023-06-09,All,SMS,4207,387,42,1066.1,5823.31,2.94,9.198954124078917,10.852713178294573
876064,Referral Program,2023-06-09,New Users,Social Media,7303,702,13,2838.83,5063.25,2.19,9.612488018622484,1.8518518518518516
763587,New User Discount,2023-06-08,New Users,Email,1290,837,18,2175.58,5868.02,1.83,64.88372093023256,2.1505376344086025
424584,Weekend Special,2023-06-08,Premium,Email,2297,371,56,3008.85,9441.19,3.64,16.15150195907706,15.09433962264151
182690,Festival Offer,2023-06-08,Premium,App,7433,251,37,2973.35,4816.82,3.55,3.3768330418404413,14.741035856573706
284073,Flash Sale,2023-06-08,Inactive,Email,5697,843,19,2582.57,8482.91,1.68,14.797261716692997,2.2538552787663106
717556,Membership Drive,2023-06-08,Inactive,Email,6945,160,53,4428.9,7078.07,2.07,2.3038156947444204,33.125
976412,Category Promotion,2023-06-08,Premium,Social Media,6231,697,57,4661.65,8804.22,2.55,11.186005456588028,8.17790530846485
744926,App Push Notification,2023-06-08,New Users,SMS,6573,163,85,2220.33,2312.97,3.78,2.479841776966378,52.14723926380368
49757,Email Campaign,2023-06-08,All,App,7805,292,99,1006.57,8402.5,2.86,3.7411915438821266,33.9041095890411
171468,Referral Program,2023-06-08,Premium,SMS,7995,766,44,2717.25,7512.68,3.79,9.580988117573483,5.7441253263707575
485933,New User Discount,2023-06-07,Inactive,Email,1297,583,77,1984.37,9403.3,2.4,44.94988434849653,13.20754716981132
40931,Weekend Special,2023-06-07,Premium,SMS,2369,517,28,4252.68,3323.87,1.94,21.82355424229633,5.415860735009671
326526,Festival Offer,2023-06-07,All,App,7823,712,99,1070.54,5989.36,2.0,9.101367761728238,13.904494382022472
285081,Flash Sale,2023-06-07,Premium,Social Media,1323,746,97,4557.34,5022.52,2.89,56.3869992441421,13.002680965147453
784977,Membership Drive,2023-06-07,Premium,Email,2685,863,94,1566.57,7286.54,2.34,32.141527001862194,10.89223638470452
893735,Category Promotion,2023-06-07,New Users,SMS,8952,648,38,4062.51,2927.1,2.11,7.238605898123325,5.864197530864197
41094,App Push Notification,2023-06-07,New Users,Email,2471,642,64,4045.98,5552.56,3.91,25.981384055038447,9.968847352024921
462395,Email Campaign,2023-06-07,Inactive,SMS,7274,873,98,1153.43,8169.68,3.66,12.001649711300523,11.225658648339062
247777,Referral Program,2023-06-07,Inactive,Email,2509,552,47,1595.51,9398.25,2.56,22.00079713033081,8.51449275362319
411048,New User Discount,2023-06-06,All,App,6635,455,25,2099.3,9378.71,3.57,6.857573474001508,5.4945054945054945
698231,Weekend Special,2023-06-06,Premium,Email,6425,976,57,2806.21,5759.19,3.4,15.190661478599221,5.84016393442623
689019,Festival Offer,2023-06-06,Premium,SMS,7434,418,53,4683.18,4640.34,2.44,5.622814097390369,12.679425837320574
663091,Flash Sale,2023-06-06,All,App,5756,530,14,4207.9,5316.03,1.9,9.207783182765809,2.6415094339622645
721775,Membership Drive,2023-06-06,Inactive,Email,1375,707,65,1649.25,9822.15,3.58,51.41818181818182,9.193776520509193
835356,Category Promotion,2023-06-06,All,Social Media,3237,418,39,4269.68,3217.93,2.87,12.913191226444237,9.330143540669857
893210,App Push Notification,2023-06-06,Inactive,Email,5680,440,76,1360.36,4783.8,3.0,7.746478873239436,17.272727272727273
268419,Email Campaign,2023-06-06,Inactive,Email,8304,919,60,4526.3,5476.0,3.84,11.066955684007706,6.528835690968444
985626,Referral Program,2023-06-06,Premium,SMS,9646,185,41,2985.31,6802.5,1.65,1.9178934273273895,22.162162162162165
636553,New User Discount,2023-06-05,Premium,Email,1709,741,21,4067.01,4039.3,3.71,43.358689291983616,2.834008097165992
948478,Weekend Special,2023-06-05,Inactive,SMS,9971,524,56,3312.09,3390.7,3.56,5.255240196570053,10.687022900763358
595859,Festival Offer,2023-06-05,Inactive,SMS,2570,852,12,2363.86,9723.35,2.15,33.15175097276264,1.4084507042253522
699427,Flash Sale,2023-06-05,New Users,SMS,3072,574,58,4457.72,6890.33,2.46,18.684895833333336,10.104529616724738
800353,Membership Drive,2023-06-05,New Users,App,7831,330,20,4609.61,2173.09,3.13,4.214021197803601,6.0606060606060606
338070,Category Promotion,2023-06-05,Inactive,App,1081,303,42,2049.84,6936.62,1.64,28.02960222016651,13.861386138613863
821806,App Push Notification,2023-06-05,New Users,App,8763,138,46,3480.85,4810.86,1.86,1.574803149606299,33.33333333333333
61068,Email Campaign,2023-06-05,Premium,Email,5700,685,40,4073.06,8323.42,3.63,12.017543859649123,5.839416058394161
486447,Referral Program,2023-06-05,New Users,App,1983,800,54,3361.02,8495.18,1.72,40.34291477559254,6.75
318398,New User Discount,2023-06-04,Inactive,Email,3618,460,49,3417.46,2724.52,2.33,12.71420674405749,10.652173913043478
56958,Weekend Special,2023-06-04,New Users,Email,3044,581,93,1177.56,4539.82,3.81,19.086727989487517,16.00688468158348
130716,Festival Offer,2023-06-04,All,Social Media,4120,115,65,4101.46,7378.76,2.72,2.7912621359223304,56.52173913043478
148626,Flash Sale,2023-06-04,Inactive,Email,9738,418,45,2066.19,6388.15,3.8,4.2924625179708364,10.76555023923445
325150,Membership Drive,2023-06-04,Inactive,Email,6036,246,51,4362.18,2403.82,2.48,4.075546719681909,20.73170731707317
196212,Category Promotion,2023-06-04,Inactive,App,8644,727,74,4223.43,3046.09,2.93,8.410458121240167,10.178817056396149
465873,App Push Notification,2023-06-04,Premium,App,4749,168,97,2996.45,3237.62,2.71,3.5375868603916616,57.738095238095234
717018,Email Campaign,2023-06-04,Inactive,App,2462,988,48,1074.4,7441.01,3.5,40.12997562956945,4.8582995951417
584175,Referral Program,2023-06-04,New Users,Social Media,7061,527,89,3990.71,8065.38,3.83,7.463532077609404,16.888045540796963
905779,New User Discount,2023-06-03,Inactive,Email,6475,815,92,4561.17,5940.69,3.68,12.586872586872586,11.28834355828221
390676,Weekend Special,2023-06-03,New Users,Social Media,3936,489,19,3341.3,5816.26,3.74,12.423780487804878,3.885480572597137
95720,Festival Offer,2023-06-03,New Users,Social Media,2982,789,90,4994.4,2464.03,2.42,26.458752515090545,11.406844106463879
86995,Flash Sale,2023-06-03,Inactive,App,6088,781,66,4076.19,9543.06,3.35,12.828515111695138,8.450704225352112
500656,Membership Drive,2023-06-03,New Users,App,4594,548,42,2595.32,3104.64,2.7,11.928602525032652,7.664233576642336
164983,Category Promotion,2023-06-03,New Users,Email,2100,493,51,3052.21,8986.16,3.32,23.476190476190474,10.344827586206897
698392,App Push Notification,2023-06-03,Premium,Social Media,5745,999,53,3512.61,4534.84,2.4,17.389033942558747,5.305305305305305
888795,Email Campaign,2023-06-03,All,Social Media,1281,239,50,4295.74,3307.01,1.62,18.657298985167838,20.920502092050206
877692,Referral Program,2023-06-03,Inactive,Email,6633,614,89,3646.09,9565.98,1.77,9.256746570179406,14.495114006514658
502324,New User Discount,2023-06-02,Inactive,App,3670,564,42,1794.97,2459.6,2.22,15.36784741144414,7.446808510638298
970084,Weekend Special,2023-06-02,New Users,Email,3703,112,68,3703.4,9735.77,3.54,3.0245746691871456,60.71428571428571
715962,Festival Offer,2023-06-02,Inactive,App,3484,314,63,3056.46,2920.09,2.12,9.012629161882893,20.063694267515924
489080,Flash Sale,2023-06-02,Premium,App,4785,332,76,1890.89,9344.18,2.74,6.938349007314525,22.89156626506024
743717,Membership Drive,2023-06-02,New Users,SMS,4890,533,18,1227.4,9068.41,3.2,10.899795501022496,3.377110694183865
837699,Category Promotion,2023-06-02,Premium,SMS,1527,612,53,3240.11,6536.12,2.71,40.078585461689585,8.660130718954248
153735,App Push Notification,2023-06-02,Premium,SMS,3591,612,90,3503.65,5937.43,3.19,17.042606516290725,14.705882352941178
19412,Email Campaign,2023-06-02,All,App,4784,241,32,3372.36,8273.65,1.84,5.037625418060201,13.278008298755188
18874,Referral Program,2023-06-02,All,Email,6897,236,89,2341.18,2705.61,1.91,3.42177758445701,37.71186440677966
805673,New User Discount,2023-06-01,Inactive,Email,7589,548,93,3874.9,3747.72,2.23,7.220977730926341,16.970802919708028
332876,Weekend Special,2023-06-01,All,Email,6063,733,26,3903.7,6565.62,3.82,12.089724558799274,3.547066848567531
722989,Festival Offer,2023-06-01,New Users,Social Media,5670,471,10,3247.79,7099.74,3.65,8.306878306878307,2.1231422505307855
251406,Flash Sale,2023-06-01,All,Email,1800,493,61,4331.02,9421.91,3.3,27.38888888888889,12.373225152129818
350370,Membership Drive,2023-06-01,All,Email,3446,885,75,4795.86,5077.16,2.39,25.68195008705746,8.47457627118644
138432,Category Promotion,2023-06-01,New Users,SMS,4229,800,26,1416.49,9591.84,3.9,18.917001655237645,3.25
386827,App Push Notification,2023-06-01,Inactive,SMS,5244,112,85,4712.44,8653.29,3.39,2.135774218154081,75.89285714285714
770100,Email Campaign,2023-06-01,Premium,Email,1172,789,69,4737.23,6706.24,2.91,67.32081911262799,8.745247148288973
813461,Referral Program,2023-06-01,All,SMS,9937,323,94,2416.2,2303.77,2.02,3.2504780114722758,29.102167182662537
727793,New User Discount,2023-05-31,Inactive,App,2128,477,79,2142.81,3920.9,2.18,22.415413533834585,16.561844863731658
380443,Weekend Special,2023-05-31,All,App,9542,386,19,3228.72,6145.18,1.99,4.045273527562356,4.922279792746114
850012,Festival Offer,2023-05-31,All,Email,3652,385,63,1465.34,3709.88,2.19,10.542168674698797,16.363636363636363
254918,Flash Sale,2023-05-31,Premium,App,2275,814,30,3896.3,7958.64,1.51,35.78021978021978,3.6855036855036856
447700,Membership Drive,2023-05-31,All,Social Media,6671,803,49,4763.33,5684.55,1.72,12.03717583570679,6.102117061021171
951138,Category Promotion,2023-05-31,Inactive,SMS,1981,741,72,2700.0,5350.12,1.68,37.40535083291267,9.7165991902834
391056,App Push Notification,2023-05-31,New Users,App,1497,854,87,2878.23,5732.71,2.06,57.047428189712754,10.187353629976581
673857,Email Campaign,2023-05-31,New Users,Email,8475,751,63,3744.16,3709.46,2.05,8.861356932153393,8.388814913448735
126509,Referral Program,2023-05-31,Inactive,SMS,8961,407,55,1928.66,7535.75,3.26,4.5419038053788645,13.513513513513514
643416,New User Discount,2023-05-30,Inactive,App,7041,486,12,4702.71,4736.4,1.91,6.902428632296549,2.4691358024691357
167455,Weekend Special,2023-05-30,Inactive,Email,6545,460,88,1055.0,6865.87,2.23,7.028265851795264,19.130434782608695
80814,Festival Offer,2023-05-30,New Users,Email,9761,460,63,4678.02,8689.9,1.8,4.712631902469009,13.695652173913043
922087,Flash Sale,2023-05-30,All,SMS,1616,726,75,3900.24,8308.11,1.71,44.92574257425743,10.330578512396695
235061,Membership Drive,2023-05-30,Inactive,Social Media,3547,191,25,3814.6,5656.97,2.93,5.384832252607838,13.089005235602095
171448,Category Promotion,2023-05-30,Inactive,SMS,2793,332,55,4070.81,3319.26,1.52,11.886860007160758,16.566265060240966
229811,App Push Notification,2023-05-30,All,App,2005,884,82,2318.16,5237.14,2.14,44.089775561097255,9.276018099547512
635603,Email Campaign,2023-05-30,Inactive,Social Media,2494,460,52,4544.56,7422.52,2.84,18.444266238973537,11.304347826086957
642121,Referral Program,2023-05-30,Inactive,SMS,7246,295,57,2682.13,5728.17,3.76,4.071211703008556,19.322033898305087
22916,New User Discount,2023-05-29,Premium,App,3611,533,38,4786.95,5036.45,2.23,14.760454167820548,7.129455909943714
336790,Weekend Special,2023-05-29,All,Email,3173,237,79,2500.72,3972.07,2.07,7.469271982351088,33.33333333333333
954347,Festival Offer,2023-05-29,New Users,Social Media,4934,202,33,3145.79,2408.05,1.84,4.094041345764086,16.33663366336634
828331,Flash Sale,2023-05-29,New Users,SMS,4967,795,66,2471.03,5679.07,2.41,16.005637205556674,8.30188679245283
689707,Membership Drive,2023-05-29,Premium,SMS,2316,800,58,1493.02,3450.01,3.5,34.542314335060446,7.249999999999999
769466,Category Promotion,2023-05-29,Inactive,SMS,7999,953,95,2016.56,2802.87,2.15,11.913989248656081,9.968520461699896
152082,App Push Notification,2023-05-29,New Users,Email,9261,294,93,2337.25,7010.37,3.22,3.1746031746031744,31.63265306122449
103827,Email Campaign,2023-05-29,Premium,Social Media,2912,405,71,1833.72,2287.58,2.84,13.907967032967033,17.530864197530864
387710,Referral Program,2023-05-29,Inactive,Social Media,3932,451,19,2448.26,6924.12,2.09,11.46998982706002,4.212860310421286
104955,New User Discount,2023-05-28,Premium,Email,9262,560,53,1657.42,5616.4,1.51,6.046210321744764,9.464285714285714
529135,Weekend Special,2023-05-28,New Users,Social Media,7513,200,36,4026.88,5110.0,2.17,2.662052442433116,18.0
110811,Festival Offer,2023-05-28,Premium,Social Media,2071,668,27,2354.9,2587.06,2.61,32.25494929985514,4.04191616766467
425660,Flash Sale,2023-05-28,New Users,App,5970,743,70,3235.8,6256.18,2.03,12.445561139028475,9.421265141318976
699355,Membership Drive,2023-05-28,Premium,SMS,7335,318,74,3278.28,2723.44,2.44,4.335378323108385,23.270440251572328
54529,Category Promotion,2023-05-28,Premium,Social Media,8634,825,79,2733.58,2227.59,1.67,9.555246699096594,9.575757575757576
597540,App Push Notification,2023-05-28,Premium,Email,3374,963,94,4855.05,6635.72,3.48,28.54179016004742,9.76116303219107
633594,Email Campaign,2023-05-28,All,SMS,9717,823,44,2500.25,3999.43,2.89,8.469692291859628,5.34629404617254
601834,Referral Program,2023-05-28,New Users,Social Media,5371,688,10,2447.76,8878.31,2.59,12.809532675479426,1.4534883720930232
357256,New User Discount,2023-05-27,Inactive,Email,2924,338,40,3502.88,3431.33,3.48,11.559507523939809,11.834319526627219
128641,Weekend Special,2023-05-27,Premium,Social Media,6567,652,53,2608.26,2392.45,2.99,9.928430028932542,8.128834355828221
821879,Festival Offer,2023-05-27,New Users,Social Media,3401,479,74,4629.14,2655.61,3.36,14.084092913848867,15.44885177453027
8471,Flash Sale,2023-05-27,All,SMS,4776,598,26,4970.87,6411.89,3.9,12.520938023450586,4.3478260869565215
59743,Membership Drive,2023-05-27,All,Email,6728,760,78,4676.56,2483.69,3.88,11.296076099881095,10.263157894736842
669836,Category Promotion,2023-05-27,All,App,8321,536,36,4319.61,7058.1,3.03,6.441533469534912,6.7164179104477615
335030,App Push Notification,2023-05-27,All,App,4547,380,36,2215.34,5468.05,1.72,8.35715856608753,9.473684210526317
224993,Email Campaign,2023-05-27,Inactive,Social Media,3125,575,64,4557.63,3868.44,1.76,18.4,11.130434782608695
593512,Referral Program,2023-05-27,New Users,Email,2125,159,43,3290.98,3615.42,3.29,7.482352941176471,27.044025157232703
271488,New User Discount,2023-05-26,Inactive,App,7884,199,53,2683.61,3963.7,3.2,2.524099441907661,26.633165829145728
757422,Weekend Special,2023-05-26,New Users,App,6078,673,92,1722.81,6445.21,2.03,11.072721289897993,13.670133729569093
929568,Festival Offer,2023-05-26,Premium,App,5965,887,28,3822.58,9317.11,2.57,14.870075440067057,3.1567080045095826
162601,Flash Sale,2023-05-26,New Users,Email,8867,452,58,3225.88,5967.71,2.06,5.0975527235818205,12.831858407079647
998051,Membership Drive,2023-05-26,Premium,Social Media,6555,928,37,3224.24,7077.43,3.1,14.157131960335622,3.9870689655172415
914426,Category Promotion,2023-05-26,New Users,Social Media,1902,908,18,2997.54,9283.65,1.67,47.73922187171398,1.9823788546255507
571933,App Push Notification,2023-05-26,Inactive,Email,7386,176,79,2834.39,9337.1,3.15,2.3828865421066885,44.88636363636363
985926,Email Campaign,2023-05-26,All,Social Media,3698,796,84,4400.21,2105.74,2.22,21.525148729042726,10.552763819095476
172107,Referral Program,2023-05-26,Premium,Email,8074,779,52,4004.93,8535.88,2.59,9.648253653703245,6.675224646983311
585687,New User Discount,2023-05-25,All,App,8366,556,15,4932.54,4414.37,2.78,6.6459478842935695,2.697841726618705
402517,Weekend Special,2023-05-25,New Users,SMS,1553,736,47,3782.54,4133.94,3.94,47.39214423696072,6.385869565217392
92123,Festival Offer,2023-05-25,Inactive,Social Media,2085,688,59,2375.65,2728.75,1.54,32.99760191846523,8.575581395348838
292188,Flash Sale,2023-05-25,New Users,App,7725,570,43,3611.85,3084.04,3.95,7.3786407766990285,7.5438596491228065
741446,Membership Drive,2023-05-25,Premium,Social Media,1320,848,73,3574.15,8044.11,2.62,64.24242424242425,8.608490566037736
540653,Category Promotion,2023-05-25,All,Email,5120,806,98,4287.13,2637.49,3.84,15.742187499999998,12.158808933002481
172859,App Push Notification,2023-05-25,New Users,SMS,5146,176,67,4470.79,9770.5,1.57,3.4201321414691024,38.06818181818182
447102,Email Campaign,2023-05-25,All,Email,6240,245,85,2035.8,7839.12,1.62,3.926282051282051,34.69387755102041
887774,Referral Program,2023-05-25,All,Social Media,5841,672,87,2306.33,9691.95,3.39,11.50487930148947,12.946428571428573
980333,New User Discount,2023-05-24,New Users,Email,9783,858,27,2215.15,9447.09,3.51,8.770315854032505,3.146853146853147
379239,Weekend Special,2023-05-24,Premium,App,5575,194,90,4205.2,5526.17,3.35,3.4798206278026904,46.391752577319586
893923,Festival Offer,2023-05-24,Premium,Email,4060,362,66,3634.07,3803.65,1.86,8.916256157635468,18.23204419889503
689126,Flash Sale,2023-05-24,Inactive,Social Media,3142,342,65,4014.81,6286.45,1.7,10.884786760025461,19.005847953216374
699420,Membership Drive,2023-05-24,Inactive,SMS,2380,574,17,2111.88,9893.35,2.44,24.11764705882353,2.961672473867596
146921,Category Promotion,2023-05-24,All,Social Media,4841,303,30,2839.45,9482.27,2.88,6.2590373889692215,9.900990099009901
304963,App Push Notification,2023-05-24,Inactive,Social Media,7157,531,88,4436.07,9671.04,2.11,7.41930976666201,16.57250470809793
725674,Email Campaign,2023-05-24,Premium,App,6505,420,62,2275.56,2059.29,3.5,6.456571867794005,14.761904761904763
464727,Referral Program,2023-05-24,Inactive,App,4373,686,98,3671.76,4587.09,3.71,15.687171278298651,14.285714285714285
828826,New User Discount,2023-05-23,All,Social Media,3409,250,21,3227.9,4806.4,3.9,7.333528894103843,8.4
163865,Weekend Special,2023-05-23,Premium,Social Media,1635,130,78,1385.45,4387.34,3.37,7.951070336391437,60.0
881609,Festival Offer,2023-05-23,Premium,SMS,8653,481,24,3608.98,9134.47,2.28,5.558765745984052,4.98960498960499
726165,Flash Sale,2023-05-23,Premium,App,9328,384,19,4633.54,3547.82,1.51,4.1166380789022305,4.947916666666666
594913,Membership Drive,2023-05-23,Inactive,Social Media,6876,559,37,2339.56,7800.83,2.97,8.129726585223967,6.618962432915922
424752,Category Promotion,2023-05-23,Inactive,Social Media,5719,920,83,2031.55,5147.51,2.74,16.08672844902955,9.021739130434783
511901,App Push Notification,2023-05-23,New Users,Social Media,1449,461,10,2119.85,9087.87,2.85,31.815044858523116,2.1691973969631237
745710,Email Campaign,2023-05-23,Inactive,Social Media,8922,583,87,4781.54,6043.32,1.76,6.534409325263393,14.922813036020582
443697,Referral Program,2023-05-23,Premium,Email,6922,694,31,2767.91,9151.97,2.76,10.026004045073677,4.46685878962536
725504,New User Discount,2023-05-22,Inactive,Email,1264,865,10,2599.59,7936.39,3.75,68.43354430379746,1.1560693641618496
593696,Weekend Special,2023-05-22,Premium,App,9432,159,38,1055.13,5290.52,3.62,1.6857506361323156,23.89937106918239
861857,Festival Offer,2023-05-22,All,SMS,8367,146,47,4376.09,9735.68,3.66,1.744950400382455,32.19178082191781
332755,Flash Sale,2023-05-22,Premium,Social Media,4619,782,11,2313.35,9280.62,3.28,16.930071444035505,1.4066496163682864
760109,Membership Drive,2023-05-22,New Users,SMS,7742,377,64,4111.23,5638.48,3.51,4.869542753810385,16.976127320954905
146258,Category Promotion,2023-05-22,Premium,Social Media,7729,716,79,3633.66,3503.23,3.39,9.263811618579377,11.033519553072626
199843,App Push Notification,2023-05-22,All,Email,1630,275,58,4160.92,3507.75,3.89,16.87116564417178,21.09090909090909
78089,Email Campaign,2023-05-22,All,Email,3597,323,46,3079.75,9804.79,3.44,8.979705309980538,14.241486068111456
269570,Referral Program,2023-05-22,Premium,App,9200,795,33,3942.72,7479.21,1.59,8.641304347826088,4.150943396226415
767022,New User Discount,2023-05-21,New Users,Social Media,1037,620,45,4608.97,2443.1,3.73,59.787849566055925,7.258064516129033
154831,Weekend Special,2023-05-21,New Users,Social Media,7975,764,12,1143.09,6710.07,3.69,9.579937304075235,1.5706806282722512
655044,Festival Offer,2023-05-21,Premium,SMS,9031,699,39,3407.01,4568.62,2.22,7.740006643782527,5.579399141630901
490094,Flash Sale,2023-05-21,New Users,App,7155,631,56,4854.84,5559.44,3.85,8.819007686932215,8.874801901743265
428168,Membership Drive,2023-05-21,Inactive,SMS,9393,571,16,4693.06,2106.99,1.62,6.0789949962738214,2.8021015761821366
448094,Category Promotion,2023-05-21,All,Email,4837,492,78,2551.81,3954.98,2.63,10.17159396320033,15.853658536585366
52598,App Push Notification,2023-05-21,Premium,Email,4796,897,99,3865.85,3288.22,2.14,18.703085904920766,11.036789297658862
795341,Email Campaign,2023-05-21,Premium,SMS,4450,242,93,2131.65,4179.78,2.12,5.438202247191011,38.429752066115704
786693,Referral Program,2023-05-21,New Users,Social Media,9608,991,46,1449.82,4420.9,1.65,10.314321398834304,4.641775983854692
716080,New User Discount,2023-05-20,Inactive,Social Media,2030,566,63,3198.63,7467.71,2.09,27.88177339901478,11.130742049469964
226542,Weekend Special,2023-05-20,Premium,App,8000,999,24,3815.1,8880.29,3.53,12.4875,2.4024024024024024
852556,Festival Offer,2023-05-20,Inactive,App,7485,158,84,2348.43,3279.72,1.69,2.1108884435537743,53.16455696202531
797926,Flash Sale,2023-05-20,Inactive,SMS,2195,641,73,3647.57,5904.32,2.72,29.202733485193622,11.388455538221528
225311,Membership Drive,2023-05-20,All,App,7308,105,57,1931.97,5372.46,2.84,1.4367816091954022,54.285714285714285
845496,Category Promotion,2023-05-20,Inactive,Social Media,7466,446,31,1462.82,7247.3,3.87,5.973747656040718,6.950672645739911
530817,App Push Notification,2023-05-20,All,Email,8152,865,44,4771.08,6642.73,3.0,10.610893032384691,5.086705202312139
682797,Email Campaign,2023-05-20,New Users,Social Media,4590,546,89,1627.12,9253.4,3.88,11.895424836601306,16.3003663003663
412691,Referral Program,2023-05-20,Premium,App,5998,321,11,4312.75,7287.61,3.73,5.351783927975992,3.4267912772585665
860359,New User Discount,2023-05-19,New Users,SMS,9073,190,93,3194.31,7491.99,3.57,2.0941254270913703,48.94736842105264
966350,Weekend Special,2023-05-19,Premium,Email,8310,936,61,4366.54,5555.01,3.97,11.263537906137184,6.517094017094018
495600,Festival Offer,2023-05-19,All,Email,1871,685,87,2619.39,9943.88,3.11,36.611437733832176,12.700729927007298
998736,Flash Sale,2023-05-19,Inactive,SMS,6061,197,63,3108.63,4748.99,3.2,3.2502887312324704,31.979695431472084
497921,Membership Drive,2023-05-19,New Users,App,5895,475,42,3624.61,6787.74,2.09,8.057675996607294,8.842105263157894
801854,Category Promotion,2023-05-19,New Users,App,1432,100,64,2069.34,2759.29,1.93,6.983240223463687,64.0
696280,App Push Notification,2023-05-19,Inactive,App,4912,984,55,4671.84,4690.73,3.85,20.03257328990228,5.589430894308943
223682,Email Campaign,2023-05-19,All,Email,3897,838,23,3237.0,6154.37,1.78,21.503720810880164,2.7446300715990453
659617,Referral Program,2023-05-19,Premium,SMS,2025,282,66,1895.95,2235.52,3.09,13.925925925925926,23.404255319148938
111755,New User Discount,2023-05-18,All,Email,4901,342,40,2155.78,4051.32,3.64,6.978167720873291,11.695906432748536
152531,Weekend Special,2023-05-18,New Users,Social Media,7779,322,98,4346.54,8552.15,1.75,4.139349530788019,30.434782608695656
198692,Festival Offer,2023-05-18,Inactive,Email,2573,330,26,3661.44,7338.73,2.48,12.825495530509134,7.878787878787878
424620,Flash Sale,2023-05-18,Premium,App,5867,597,41,2342.24,5906.3,2.56,10.175558206920062,6.867671691792294
399294,Membership Drive,2023-05-18,Premium,Email,1833,787,74,3387.71,4482.05,2.75,42.93507910529188,9.40279542566709
573419,Category Promotion,2023-05-18,All,SMS,1419,958,74,3395.06,8425.04,3.45,67.51233262861169,7.724425887265135
652498,App Push Notification,2023-05-18,All,Email,5595,923,32,1951.84,6666.66,3.81,16.49687220732797,3.4669555796316356
476221,Email Campaign,2023-05-18,New Users,Email,8932,868,95,2019.8,8469.72,3.31,9.717868338557993,10.944700460829493
333172,Referral Program,2023-05-18,Premium,App,8099,519,87,3615.69,5282.47,2.69,6.408198543030004,16.76300578034682
836950,New User Discount,2023-05-17,All,SMS,1129,359,77,4383.95,9985.75,3.77,31.798051372896367,21.448467966573816
624461,Weekend Special,2023-05-17,Premium,Email,6041,552,32,3314.93,5418.18,2.73,9.13756000662142,5.797101449275362
524799,Festival Offer,2023-05-17,All,Social Media,3456,862,87,4344.55,9743.25,2.5,24.94212962962963,10.092807424593968
748629,Flash Sale,2023-05-17,Inactive,Email,6892,563,49,3955.82,8077.33,2.02,8.168891468369123,8.703374777975133
160000,Membership Drive,2023-05-17,Inactive,SMS,7740,584,28,3544.44,6340.95,2.79,7.5452196382428935,4.794520547945205
697974,Category Promotion,2023-05-17,New Users,App,5973,188,24,1076.66,4624.89,1.56,3.147497070149004,12.76595744680851
997865,App Push Notification,2023-05-17,Inactive,App,4064,367,34,3256.24,4827.3,2.18,9.030511811023622,9.264305177111716
915584,Email Campaign,2023-05-17,All,Social Media,6515,463,64,2714.06,7829.58,3.54,7.106676899462778,13.822894168466524
696161,Referral Program,2023-05-17,Inactive,Email,8097,257,84,2761.41,4383.74,3.47,3.17401506730888,32.68482490272373
593516,New User Discount,2023-05-16,New Users,SMS,8634,708,30,4965.57,6027.94,2.06,8.200138985406532,4.23728813559322
679337,Weekend Special,2023-05-16,All,SMS,9915,481,57,3713.96,4064.65,2.98,4.851235501765003,11.85031185031185
583577,Festival Offer,2023-05-16,Premium,Email,5138,598,63,1690.7,9992.76,3.45,11.638769949396652,10.535117056856187
448415,Flash Sale,2023-05-16,New Users,App,8967,126,79,4963.72,8440.25,3.85,1.405152224824356,62.698412698412696
934062,Membership Drive,2023-05-16,All,App,5428,567,22,3999.89,4399.76,3.91,10.445836403831981,3.880070546737213
650093,Category Promotion,2023-05-16,Premium,Social Media,9181,894,93,2995.42,6519.68,3.25,9.737501361507462,10.40268456375839
735186,App Push Notification,2023-05-16,All,App,8012,785,26,4604.77,2931.72,3.66,9.797803295057413,3.3121019108280256
336779,Email Campaign,2023-05-16,New Users,Social Media,1436,800,18,1213.86,7146.98,3.34,55.71030640668524,2.25
435981,Referral Program,2023-05-16,Inactive,SMS,2997,256,50,1878.3,7947.33,2.75,8.541875208541876,19.53125
970628,New User Discount,2023-05-15,All,Email,1458,883,96,1667.03,9824.17,3.63,60.56241426611797,10.87202718006795
64454,Weekend Special,2023-05-15,Inactive,Social Media,4536,628,47,3309.39,3421.24,1.9,13.844797178130511,7.484076433121019
989288,Festival Offer,2023-05-15,All,SMS,2666,553,97,1050.76,6751.72,3.61,20.742685671417853,17.540687160940323
17827,Flash Sale,2023-05-15,All,Email,3256,289,91,1968.37,6523.2,2.09,8.875921375921376,31.4878892733564
684574,Membership Drive,2023-05-15,New Users,Email,6471,313,43,1051.0,6833.46,1.57,4.836964920414156,13.738019169329075
187926,Category Promotion,2023-05-15,New Users,Social Media,4778,267,77,2565.27,7402.77,2.82,5.588112180828799,28.83895131086142
115385,App Push Notification,2023-05-15,Inactive,SMS,1128,913,13,1856.37,8250.26,2.1,80.93971631205675,1.4238773274917853
489166,Email Campaign,2023-05-15,All,Social Media,3093,203,78,1610.75,9035.59,3.06,6.563207242159716,38.42364532019704
16774,Referral Program,2023-05-15,New Users,App,7840,315,32,1628.5,6223.44,3.45,4.017857142857143,10.158730158730158
931273,New User Discount,2023-05-14,New Users,SMS,1472,771,13,4904.82,7893.06,2.68,52.377717391304344,1.6861219195849546
824412,Weekend Special,2023-05-14,New Users,App,8099,327,74,2393.83,2682.42,3.52,4.037535498209655,22.629969418960243
558754,Festival Offer,2023-05-14,New Users,SMS,4050,467,80,1447.59,2943.29,1.59,11.530864197530864,17.130620985010705
240519,Flash Sale,2023-05-14,Premium,Email,3894,694,97,1870.39,9762.51,3.42,17.822290703646637,13.976945244956774
933333,Membership Drive,2023-05-14,All,Email,9026,933,79,3755.75,5240.48,2.84,10.336804786173277,8.467309753483388
136074,Category Promotion,2023-05-14,Inactive,Social Media,9292,482,11,4096.0,3484.87,1.89,5.187257856220405,2.2821576763485476
36759,App Push Notification,2023-05-14,New Users,Email,7422,812,57,2883.81,9742.37,1.54,10.940447318782,7.0197044334975365
956541,Email Campaign,2023-05-14,All,App,1790,957,63,4042.33,7574.75,2.15,53.46368715083799,6.583072100313479
849059,Referral Program,2023-05-14,All,SMS,9157,544,12,3730.72,3156.47,3.45,5.940810309053184,2.2058823529411766
163857,New User Discount,2023-05-13,Inactive,Social Media,4659,549,23,2561.63,9141.66,1.88,11.783644558918223,4.189435336976321
21048,Weekend Special,2023-05-13,All,Social Media,6701,715,31,1156.09,7542.31,1.79,10.670049246381136,4.335664335664335
51352,Festival Offer,2023-05-13,New Users,App,2185,157,66,4498.95,5350.64,3.54,7.185354691075514,42.038216560509554
602174,Flash Sale,2023-05-13,Premium,SMS,3197,344,75,2565.9,7676.89,3.63,10.760087582108227,21.802325581395348
470591,Membership Drive,2023-05-13,Premium,Social Media,5111,625,10,2761.91,9749.57,2.01,12.22852670710233,1.6
767585,Category Promotion,2023-05-13,Premium,Email,7895,997,83,4816.44,5470.79,1.76,12.628245725142495,8.324974924774322
483179,App Push Notification,2023-05-13,Inactive,Social Media,8467,947,36,2846.47,6271.59,2.75,11.18459903153419,3.8014783526927136
847895,Email Campaign,2023-05-13,New Users,SMS,2415,838,78,3556.84,7048.13,3.51,34.69979296066252,9.307875894988067
895242,Referral Program,2023-05-13,Premium,App,2241,105,74,1606.96,8635.18,2.34,4.685408299866131,70.47619047619048
924043,New User Discount,2023-05-12,Inactive,App,8550,486,89,2206.49,3029.02,3.82,5.684210526315789,18.31275720164609
127407,Weekend Special,2023-05-12,New Users,Social Media,4679,322,62,2376.58,9638.16,1.86,6.881812353066895,19.25465838509317
550201,Festival Offer,2023-05-12,All,Social Media,1195,153,11,4244.67,9038.57,3.1,12.803347280334728,7.18954248366013
37189,Flash Sale,2023-05-12,New Users,Social Media,3574,237,26,2570.46,3802.92,2.76,6.631225517627308,10.970464135021098
68501,Membership Drive,2023-05-12,Premium,SMS,8379,721,77,2955.57,8980.91,2.74,8.60484544695071,10.679611650485436
275016,Category Promotion,2023-05-12,All,SMS,1181,748,47,1510.24,2351.9,3.05,63.336155800169344,6.283422459893048
506222,App Push Notification,2023-05-12,New Users,App,4647,880,76,2772.02,3812.75,1.61,18.93694856896923,8.636363636363637
524490,Email Campaign,2023-05-12,All,Social Media,7262,268,96,1897.05,7945.95,2.11,3.6904434040209306,35.82089552238806
864140,Referral Program,2023-05-12,All,Email,2879,665,40,1212.32,6783.54,2.12,23.098298020145883,6.015037593984962
733736,New User Discount,2023-05-11,Premium,Social Media,4052,544,75,1319.8,4403.52,3.18,13.425468904244816,13.786764705882353
325390,Weekend Special,2023-05-11,New Users,SMS,4058,329,54,2570.61,8558.83,1.67,8.10744208969936,16.41337386018237
981182,Festival Offer,2023-05-11,Premium,SMS,6182,877,91,4498.48,3360.27,3.0,14.186347460368811,10.376282782212087
465503,Flash Sale,2023-05-11,Premium,Email,1263,154,68,2137.68,4163.69,2.34,12.193190815518607,44.15584415584416
235131,Membership Drive,2023-05-11,New Users,App,3814,608,44,2747.55,9350.96,1.97,15.941269008914524,7.236842105263158
818661,Category Promotion,2023-05-11,Premium,App,7272,363,24,2576.11,6645.25,2.9,4.991749174917492,6.6115702479338845
769087,App Push Notification,2023-05-11,All,SMS,1721,211,20,4935.87,3652.05,2.45,12.260313771063336,9.47867298578199
23763,Email Campaign,2023-05-11,Premium,App,1868,547,92,4430.56,7795.23,2.18,29.282655246252677,16.819012797074954
605119,Referral Program,2023-05-11,All,SMS,3371,439,28,2000.59,2927.71,1.51,13.022841886680512,6.378132118451026
22873,New User Discount,2023-05-10,Premium,Email,4915,238,15,2770.37,9548.93,2.43,4.842319430315361,6.302521008403361
971506,Weekend Special,2023-05-10,Premium,SMS,5574,350,20,4412.98,7725.6,1.66,6.279153211338357,5.714285714285714
954185,Festival Offer,2023-05-10,Premium,App,8489,352,42,2584.65,8080.76,3.21,4.1465425845211445,11.931818181818182
417625,Flash Sale,2023-05-10,New Users,Email,2499,715,78,2583.46,7593.75,2.26,28.61144457783113,10.909090909090908
279189,Membership Drive,2023-05-10,New Users,Social Media,7733,542,79,3201.35,7387.87,2.29,7.008922798396483,14.575645756457565
383252,Category Promotion,2023-05-10,Inactive,Social Media,2173,304,100,4321.09,9490.74,2.62,13.989875747814082,32.89473684210527
341661,App Push Notification,2023-05-10,Inactive,Email,3207,695,84,1010.36,9099.22,1.78,21.671343935141877,12.086330935251798
249341,Email Campaign,2023-05-10,Premium,SMS,6523,817,45,4325.82,4887.38,1.57,12.524911850375595,5.507955936352509
642699,Referral Program,2023-05-10,New Users,App,7830,837,10,3988.21,8273.47,2.8,10.689655172413794,1.1947431302270013
768915,New User Discount,2023-05-09,New Users,SMS,2990,779,96,4311.15,7648.5,2.42,26.053511705685615,12.323491655969192
228887,Weekend Special,2023-05-09,All,SMS,8237,689,17,2201.69,7904.5,3.4,8.364695884423941,2.467343976777939
949625,Festival Offer,2023-05-09,Inactive,SMS,2917,706,70,3192.64,3819.96,3.7,24.202948234487486,9.91501416430595
812143,Flash Sale,2023-05-09,All,Social Media,7690,574,65,2423.35,9125.05,3.5,7.464239271781535,11.32404181184669
354702,Membership Drive,2023-05-09,New Users,Email,6092,899,14,1707.94,7839.92,3.48,14.757058437294813,1.557285873192436
635834,Category Promotion,2023-05-09,Premium,Email,7222,355,30,3911.2,3435.73,2.32,4.915535862641927,8.450704225352112
27094,App Push Notification,2023-05-09,Premium,Email,6290,231,16,3026.27,6913.03,3.71,3.672496025437202,6.926406926406926
691955,Email Campaign,2023-05-09,Premium,SMS,8921,476,19,4150.37,7743.9,1.76,5.33572469454097,3.9915966386554618
294518,Referral Program,2023-05-09,All,Email,9559,589,58,4692.28,9397.17,3.27,6.161732398786484,9.847198641765704
313445,New User Discount,2023-05-08,Premium,App,8648,676,16,2291.51,2415.72,1.74,7.816836262719703,2.366863905325444
574878,Weekend Special,2023-05-08,Inactive,Email,5050,900,95,1766.32,5655.25,3.39,17.82178217821782,10.555555555555555
509547,Festival Offer,2023-05-08,Premium,SMS,5454,512,27,3545.43,7088.76,1.63,9.387605427209387,5.2734375
157620,Flash Sale,2023-05-08,All,Email,8950,646,55,2829.44,9003.92,1.65,7.217877094972066,8.513931888544892
126790,Membership Drive,2023-05-08,All,App,6252,296,95,2488.25,2991.15,2.81,4.73448496481126,32.0945945945946
332833,Category Promotion,2023-05-08,New Users,App,1147,665,11,3562.23,4494.17,3.16,57.97733217088056,1.6541353383458646
680945,App Push Notification,2023-05-08,Inactive,SMS,4448,790,21,1508.5,8223.6,2.71,17.760791366906474,2.6582278481012658
783070,Email Campaign,2023-05-08,New Users,Email,7586,997,11,1925.16,8274.98,1.54,13.142631162668073,1.103309929789368
2127,Referral Program,2023-05-08,Inactive,Social Media,6947,625,57,2830.06,5541.54,2.94,8.99668921836764,9.120000000000001
126382,New User Discount,2023-05-07,All,Social Media,3323,784,75,1856.61,6204.88,2.35,23.593138730063195,9.566326530612244
118442,Weekend Special,2023-05-07,Premium,App,8598,916,17,1896.58,7115.31,3.73,10.653640381484065,1.8558951965065504
298334,Festival Offer,2023-05-07,Inactive,Email,8008,136,69,3536.97,7224.78,2.99,1.6983016983016983,50.73529411764706
267743,Flash Sale,2023-05-07,All,Email,5779,243,72,2532.58,4762.02,1.91,4.204879736978715,29.629629629629626
205249,Membership Drive,2023-05-07,Inactive,SMS,1004,804,37,4011.21,8654.03,2.14,80.0796812749004,4.601990049751244
925862,Category Promotion,2023-05-07,New Users,Email,7569,906,49,4127.7,3752.23,1.54,11.969877130400317,5.408388520971302
168190,App Push Notification,2023-05-07,New Users,App,8687,332,14,3770.41,7258.14,3.02,3.821802693680212,4.216867469879518
230235,Email Campaign,2023-05-07,All,SMS,9057,754,85,3967.16,9205.8,3.32,8.32505244562217,11.273209549071618
860299,Referral Program,2023-05-07,New Users,Social Media,3698,856,13,1556.31,6209.86,3.34,23.14764737696052,1.5186915887850467
76521,New User Discount,2023-05-06,Premium,SMS,5675,722,38,2316.16,2219.3,1.87,12.722466960352422,5.263157894736842
787411,Weekend Special,2023-05-06,All,SMS,5295,972,18,2027.96,7980.62,2.31,18.356940509915017,1.8518518518518516
527274,Festival Offer,2023-05-06,All,SMS,8269,849,65,3321.08,2485.77,2.9,10.267263272463417,7.656065959952886
714997,Flash Sale,2023-05-06,New Users,Social Media,8109,825,80,3970.09,2950.73,1.76,10.17388087310396,9.696969696969697
404213,Membership Drive,2023-05-06,All,Social Media,2169,219,18,2196.53,5040.59,2.3,10.096818810511756,8.21917808219178
334438,Category Promotion,2023-05-06,Inactive,Email,3617,679,16,4131.56,7044.96,2.95,18.772463367431573,2.3564064801178204
903816,App Push Notification,2023-05-06,New Users,App,2128,390,26,4335.38,6926.23,3.98,18.327067669172934,6.666666666666667
487893,Email Campaign,2023-05-06,New Users,Email,1874,845,13,3704.75,5271.18,2.36,45.090715048025615,1.5384615384615385
505743,Referral Program,2023-05-06,Inactive,SMS,7418,751,19,2351.5,6873.12,2.23,10.124022647613911,2.5299600532623168
932860,New User Discount,2023-05-05,Premium,Social Media,2155,819,62,4599.44,9198.45,1.78,38.0046403712297,7.57020757020757
701379,Weekend Special,2023-05-05,Premium,App,4414,290,88,1740.64,8910.38,3.87,6.570004531037607,30.344827586206897
181141,Festival Offer,2023-05-05,All,SMS,8451,312,32,2196.57,5125.65,1.54,3.691870784522542,10.256410256410255
822622,Flash Sale,2023-05-05,New Users,Email,9066,533,98,4267.44,7357.0,1.53,5.879108757996911,18.386491557223263
377827,Membership Drive,2023-05-05,All,App,6100,227,92,1031.21,2440.64,2.91,3.721311475409836,40.52863436123348
719654,Category Promotion,2023-05-05,New Users,SMS,1077,581,42,2297.16,6388.8,3.95,53.946146703806875,7.228915662650602
515134,App Push Notification,2023-05-05,Premium,SMS,1482,165,62,3927.43,9233.1,3.3,11.133603238866396,37.57575757575757
459615,Email Campaign,2023-05-05,Premium,Email,6571,635,91,2183.69,7923.88,3.36,9.663673717851164,14.330708661417324
461552,Referral Program,2023-05-05,All,Email,1897,170,36,2828.31,5297.27,1.78,8.961518186610437,21.176470588235293
993622,New User Discount,2023-05-04,All,SMS,3482,303,98,4095.83,2125.48,2.83,8.701895462377944,32.34323432343234
638364,Weekend Special,2023-05-04,Premium,Email,5049,866,70,2992.47,7641.51,2.92,17.15191126955833,8.083140877598153
768061,Festival Offer,2023-05-04,All,App,1172,496,29,4065.3,7389.65,2.27,42.32081911262799,5.846774193548387
804950,Flash Sale,2023-05-04,All,App,1155,407,89,1133.64,2467.66,2.91,35.23809523809524,21.867321867321866
914035,Membership Drive,2023-05-04,New Users,Social Media,8731,920,71,3251.26,9169.15,2.64,10.537166418508761,7.717391304347826
194588,Category Promotion,2023-05-04,Inactive,Email,8610,118,46,3350.49,9849.44,1.65,1.3704994192799071,38.983050847457626
295179,App Push Notification,2023-05-04,New Users,App,1137,211,43,4203.53,5246.05,3.16,18.557607739665787,20.379146919431278
458372,Email Campaign,2023-05-04,New Users,App,4808,158,26,3325.73,3019.0,2.42,3.2861896838602327,16.455696202531644
437770,Referral Program,2023-05-04,All,SMS,4341,312,44,3753.58,5174.18,2.73,7.18728403593642,14.102564102564102
527629,New User Discount,2023-05-03,All,Social Media,6693,729,98,4007.44,4946.38,2.98,10.891976692066338,13.443072702331962
362529,Weekend Special,2023-05-03,Premium,Social Media,1865,361,98,4700.17,3408.23,1.94,19.35656836461126,27.146814404432135
456116,Festival Offer,2023-05-03,Inactive,Social Media,4998,868,85,3359.48,2183.8,3.89,17.366946778711483,9.7926267281106
846135,Flash Sale,2023-05-03,Premium,App,7863,185,51,4158.5,2650.27,1.59,2.352791555385985,27.56756756756757
218497,Membership Drive,2023-05-03,All,SMS,1768,670,11,3703.38,3450.02,3.89,37.89592760180995,1.6417910447761193
632360,Category Promotion,2023-05-03,All,App,3500,874,20,4916.51,2253.37,1.68,24.97142857142857,2.2883295194508007
840265,App Push Notification,2023-05-03,Inactive,Email,6663,298,15,4955.72,2736.37,3.3,4.472459852919106,5.033557046979865
203842,Email Campaign,2023-05-03,New Users,Email,1516,839,61,1899.54,2384.38,1.52,55.34300791556728,7.270560190703218
147272,Referral Program,2023-05-03,All,Social Media,7768,825,10,3910.75,3783.4,3.28,10.620494335736353,1.2121212121212122
680386,New User Discount,2023-05-02,Inactive,App,6334,376,79,4847.86,6773.88,2.45,5.936217240290496,21.01063829787234
888253,Weekend Special,2023-05-02,New Users,SMS,3608,484,21,4152.65,6404.07,2.64,13.414634146341465,4.338842975206612
781740,Festival Offer,2023-05-02,New Users,Email,6603,859,83,4123.17,3291.99,2.95,13.009238225049218,9.662398137369035
57397,Flash Sale,2023-05-02,Inactive,Social Media,8543,227,44,1371.53,8075.42,2.91,2.6571462015685356,19.383259911894275
810994,Membership Drive,2023-05-02,New Users,App,8932,839,20,4350.29,8068.04,3.31,9.39319301388267,2.3837902264600714
387897,Category Promotion,2023-05-02,Inactive,SMS,1219,619,53,1937.58,4427.59,2.04,50.779327317473346,8.562197092084006
432760,App Push Notification,2023-05-02,New Users,App,2992,417,68,2014.76,2755.88,2.27,13.93716577540107,16.30695443645084
147648,Email Campaign,2023-05-02,All,Email,8093,218,95,2061.9,9766.32,3.22,2.693685901396268,43.57798165137615
860480,Referral Program,2023-05-02,All,Social Media,2026,882,97,1143.15,8138.32,3.57,43.53405725567621,10.997732426303855
288640,New User Discount,2023-05-01,All,Social Media,2236,115,80,2338.12,8799.05,3.87,5.143112701252236,69.56521739130434
773293,Weekend Special,2023-05-01,Premium,SMS,9775,238,86,2093.79,7166.28,2.81,2.4347826086956523,36.134453781512605
426086,Festival Offer,2023-05-01,All,Social Media,4187,497,18,3573.18,5398.09,3.12,11.870074038691188,3.6217303822937628
384946,Flash Sale,2023-05-01,Inactive,App,6335,993,77,1075.96,9185.55,2.9,15.674822415153908,7.754279959718026
479548,Membership Drive,2023-05-01,Premium,App,9198,125,20,3370.41,8731.99,2.52,1.358991085018482,16.0
775539,Category Promotion,2023-05-01,Premium,SMS,9419,876,23,2837.62,3495.72,1.96,9.300350355664083,2.6255707762557075
994496,App Push Notification,2023-05-01,All,SMS,9667,322,72,4537.64,5847.0,3.91,3.33091962346126,22.36024844720497
959200,Email Campaign,2023-05-01,Inactive,SMS,5075,848,65,2325.88,5110.7,2.94,16.70935960591133,7.665094339622641
251405,Referral Program,2023-05-01,Premium,Email,4923,577,49,2400.1,3474.78,3.15,11.720495632744262,8.492201039861353
611913,New User Discount,2023-04-30,Inactive,App,1112,113,41,3242.38,7915.72,1.99,10.161870503597124,36.283185840707965
905847,Weekend Special,2023-04-30,All,App,4374,236,83,3164.56,3144.28,1.84,5.3955189757658895,35.16949152542373
203084,Festival Offer,2023-04-30,All,SMS,4642,980,80,4762.46,5680.11,1.81,21.11158983196898,8.16326530612245
682159,Flash Sale,2023-04-30,Premium,SMS,3097,308,27,3168.95,2350.1,2.01,9.945108169195995,8.766233766233766
513309,Membership Drive,2023-04-30,New Users,App,2397,406,99,2400.48,6194.57,2.0,16.937838965373384,24.38423645320197
278796,Category Promotion,2023-04-30,Premium,Email,3814,746,32,4636.3,5441.7,3.06,19.559517566858943,4.289544235924933
223366,App Push Notification,2023-04-30,New Users,Social Media,7641,512,10,4515.19,9561.4,2.44,6.70069362648868,1.953125
378707,Email Campaign,2023-04-30,Inactive,Social Media,2347,919,32,4792.94,5506.96,1.94,39.156369833830425,3.4820457018498367
796926,Referral Program,2023-04-30,Inactive,App,1560,761,29,2492.53,3711.71,3.66,48.78205128205128,3.8107752956636007
976500,New User Discount,2023-04-29,Premium,App,3018,151,91,3020.85,4867.2,1.59,5.003313452617627,60.264900662251655
409612,Weekend Special,2023-04-29,Premium,Social Media,3181,324,66,2743.83,8970.21,3.1,10.185476265325368,20.37037037037037
9650,Festival Offer,2023-04-29,Premium,Social Media,5010,232,91,1582.17,8900.41,2.18,4.630738522954092,39.224137931034484
519826,Flash Sale,2023-04-29,New Users,SMS,5865,212,94,2221.65,9322.73,2.04,3.6146632566069905,44.339622641509436
929941,Membership Drive,2023-04-29,All,SMS,8856,788,40,3076.29,5633.32,1.71,8.897922312556458,5.0761421319796955
478646,Category Promotion,2023-04-29,Premium,Email,1112,322,64,1715.26,6831.32,2.99,28.9568345323741,19.875776397515526
820037,App Push Notification,2023-04-29,Inactive,SMS,2015,738,40,4032.39,3433.97,3.43,36.62531017369727,5.420054200542006
907515,Email Campaign,2023-04-29,New Users,Email,8751,633,46,1972.16,6814.81,2.33,7.233459033253342,7.266982622432859
139388,Referral Program,2023-04-29,New Users,Email,1213,656,99,2957.67,8154.87,2.51,54.08079142621599,15.091463414634147
807270,New User Discount,2023-04-28,Inactive,Social Media,9827,627,60,1448.96,7026.95,1.83,6.3803805841050165,9.569377990430622
108229,Weekend Special,2023-04-28,New Users,App,8600,221,57,2650.04,7589.09,3.4,2.5697674418604652,25.791855203619914
983126,Festival Offer,2023-04-28,New Users,Social Media,3878,183,100,2116.21,3599.86,2.18,4.718927282104177,54.644808743169406
292097,Flash Sale,2023-04-28,Premium,Email,1987,154,56,2468.2,4483.86,1.7,7.750377453447409,36.36363636363637
843992,Membership Drive,2023-04-28,New Users,Email,3111,764,23,1265.7,8152.75,3.06,24.55801992928319,3.0104712041884816
868947,Category Promotion,2023-04-28,New Users,App,6619,134,62,4405.54,8114.92,3.38,2.0244749962229944,46.26865671641791
390817,App Push Notification,2023-04-28,Premium,Social Media,5939,550,47,2675.93,7084.72,3.11,9.260818319582421,8.545454545454545
126056,Email Campaign,2023-04-28,Premium,Social Media,4735,277,68,1834.31,6566.1,1.52,5.850052798310454,24.548736462093864
272636,Referral Program,2023-04-28,Premium,SMS,9012,277,87,3199.45,4950.54,3.44,3.073679538393254,31.40794223826715
613112,New User Discount,2023-04-27,Inactive,Email,7747,306,36,2953.49,5443.03,3.22,3.9499160965535047,11.76470588235294
418387,Weekend Special,2023-04-27,Inactive,SMS,8823,490,24,3198.19,3477.77,3.21,5.553666553326533,4.8979591836734695
717858,Festival Offer,2023-04-27,All,Email,7381,474,73,1866.17,8215.22,2.14,6.4218940522964365,15.400843881856542
463464,Flash Sale,2023-04-27,Inactive,SMS,6183,918,32,4814.38,6086.32,3.84,14.847161572052403,3.485838779956427
405861,Membership Drive,2023-04-27,All,App,4445,660,50,3757.79,2060.73,2.83,14.848143982002249,7.575757575757576
871327,Category Promotion,2023-04-27,Inactive,Email,7002,293,14,3709.21,6831.3,3.14,4.184518708940303,4.778156996587031
775726,App Push Notification,2023-04-27,Premium,App,7302,180,76,3688.79,6023.25,2.91,2.4650780608052587,42.22222222222222
933013,Email Campaign,2023-04-27,All,App,5635,887,61,4177.0,9459.93,2.91,15.740905057675244,6.877113866967305
961794,Referral Program,2023-04-27,Inactive,SMS,1330,339,19,2989.43,7456.78,1.94,25.48872180451128,5.604719764011799
600097,New User Discount,2023-04-26,Premium,App,8113,530,79,4603.36,6575.42,3.96,6.532725255762356,14.90566037735849
877254,Weekend Special,2023-04-26,Inactive,SMS,4045,472,57,1718.15,4723.34,2.26,11.668726823238567,12.076271186440678
761714,Festival Offer,2023-04-26,All,Social Media,7696,821,22,4575.35,2907.22,2.97,10.667879417879417,2.679658952496955
709793,Flash Sale,2023-04-26,Premium,Social Media,2342,151,57,2804.82,6975.47,3.65,6.447480785653288,37.74834437086093
359615,Membership Drive,2023-04-26,Inactive,App,7172,509,80,2870.11,3214.21,3.43,7.097044060234245,15.717092337917485
769330,Category Promotion,2023-04-26,Premium,Social Media,4243,112,11,2859.77,9781.45,1.65,2.6396417629036057,9.821428571428571
795749,App Push Notification,2023-04-26,Premium,Social Media,8392,219,37,1029.76,6018.12,1.86,2.609628217349857,16.894977168949772
714155,Email Campaign,2023-04-26,Premium,SMS,7110,641,91,2208.24,5015.83,2.01,9.0154711673699,14.19656786271451
576438,Referral Program,2023-04-26,All,Social Media,6544,598,38,4692.28,9638.59,2.19,9.138141809290953,6.354515050167224
667892,New User Discount,2023-04-25,Premium,SMS,8041,524,87,2507.59,2960.87,2.62,6.516602412635245,16.603053435114504
501523,Weekend Special,2023-04-25,New Users,Social Media,5106,538,19,2177.75,7883.2,1.91,10.53662358010184,3.5315985130111525
592539,Festival Offer,2023-04-25,Premium,SMS,9938,839,53,2116.03,2735.69,2.1,8.442342523646609,6.31704410011919
944351,Flash Sale,2023-04-25,Premium,Email,2931,229,98,3971.66,5937.54,2.9,7.813033094506993,42.79475982532751
863399,Membership Drive,2023-04-25,All,SMS,4709,982,51,2212.54,3335.9,2.82,20.853684434062433,5.193482688391039
642380,Category Promotion,2023-04-25,New Users,Email,8991,116,54,1649.92,4039.13,3.38,1.2901790679568457,46.55172413793103
178703,App Push Notification,2023-04-25,Premium,Email,5015,568,26,1472.31,3712.89,2.93,11.326021934197408,4.577464788732395
521134,Email Campaign,2023-04-25,Premium,Social Media,5548,187,24,1236.49,5631.47,2.99,3.3705839942321556,12.834224598930483
492194,Referral Program,2023-04-25,Premium,Social Media,2341,674,70,1363.33,2589.95,2.27,28.791114908158903,10.385756676557865
358779,New User Discount,2023-04-24,Premium,Email,3894,771,63,2580.62,7719.94,2.88,19.79969183359014,8.171206225680933
846164,Weekend Special,2023-04-24,Premium,Email,5555,914,50,3573.35,6055.92,2.28,16.453645364536452,5.470459518599562
977801,Festival Offer,2023-04-24,Premium,App,8793,474,11,2928.88,2978.06,3.79,5.39065165472535,2.320675105485232
702142,Flash Sale,2023-04-24,Premium,SMS,6406,831,58,3113.07,6131.49,2.82,12.972213549797065,6.979542719614922
967776,Membership Drive,2023-04-24,All,App,3989,866,97,3228.59,8028.08,2.41,21.709701679618952,11.200923787528868
272895,Category Promotion,2023-04-24,Inactive,Social Media,7135,813,100,1099.78,8085.2,2.7,11.394533987386126,12.300123001230013
182746,App Push Notification,2023-04-24,All,Email,7710,470,51,1536.87,6137.65,3.63,6.09597924773022,10.851063829787234
585465,Email Campaign,2023-04-24,Inactive,SMS,7953,571,56,2339.56,6799.55,2.11,7.1796806236640265,9.807355516637479
439533,Referral Program,2023-04-24,Inactive,Email,1435,710,43,2460.26,5715.12,3.57,49.47735191637631,6.056338028169014
452054,New User Discount,2023-04-23,Premium,App,4448,846,55,4622.39,4638.01,3.79,19.019784172661872,6.501182033096926
769588,Weekend Special,2023-04-23,New Users,Email,4453,581,73,1020.54,3953.43,2.4,13.047383786211542,12.564543889845096
292667,Festival Offer,2023-04-23,New Users,Email,3840,979,41,4195.22,4568.52,2.85,25.494791666666668,4.187946884576098
290059,Flash Sale,2023-04-23,All,Email,8577,817,78,4918.88,3113.7,2.8,9.525475107846566,9.547123623011016
161129,Membership Drive,2023-04-23,Premium,App,4424,255,53,4342.66,9193.64,3.59,5.764014466546112,20.784313725490197
489367,Category Promotion,2023-04-23,Inactive,Email,5757,670,38,3584.1,3067.07,3.11,11.638005905853744,5.6716417910447765
605188,App Push Notification,2023-04-23,New Users,App,9768,169,27,2502.16,2208.02,2.84,1.7301392301392302,15.976331360946746
705775,Email Campaign,2023-04-23,Inactive,App,6592,101,10,4435.05,5067.37,2.19,1.5321601941747574,9.900990099009901
273217,Referral Program,2023-04-23,Premium,App,8875,910,31,4575.04,7774.59,2.62,10.253521126760564,3.4065934065934065
601617,New User Discount,2023-04-22,All,SMS,6424,918,78,1161.82,5149.61,2.69,14.290161892901617,8.49673202614379
762053,Weekend Special,2023-04-22,Premium,Email,8387,649,84,2245.03,6244.0,3.4,7.73816620961011,12.942989214175654
431436,Festival Offer,2023-04-22,Premium,Email,4659,442,51,1608.02,9395.69,2.17,9.487014380768406,11.538461538461538
621508,Flash Sale,2023-04-22,Inactive,App,2438,543,30,4297.63,6373.14,3.8,22.27235438884331,5.524861878453039
976829,Membership Drive,2023-04-22,All,SMS,8137,112,22,3481.66,5034.83,2.29,1.3764286592110115,19.642857142857142
730085,Category Promotion,2023-04-22,All,Social Media,7079,413,98,2924.16,2414.84,3.34,5.834157366859726,23.728813559322035
21583,App Push Notification,2023-04-22,All,Email,6287,572,18,4799.81,4253.05,2.81,9.098139017019246,3.146853146853147
749734,Email Campaign,2023-04-22,Premium,Social Media,7906,249,97,1698.27,5717.08,2.35,3.149506703769289,38.95582329317269
940610,Referral Program,2023-04-22,Premium,Social Media,3856,267,98,4033.47,8017.89,1.52,6.924273858921162,36.70411985018727
763191,New User Discount,2023-04-21,Premium,App,2244,417,94,2120.49,4531.47,2.07,18.58288770053476,22.54196642685851
227522,Weekend Special,2023-04-21,Inactive,Email,6947,475,99,2458.85,2555.47,2.83,6.837483805959407,20.842105263157894
69342,Festival Offer,2023-04-21,All,App,5630,462,14,3372.27,3064.53,1.81,8.206039076376555,3.0303030303030303
379241,Flash Sale,2023-04-21,Inactive,Social Media,3960,271,98,4337.96,3897.25,3.93,6.843434343434343,36.162361623616235
890911,Membership Drive,2023-04-21,Inactive,Social Media,4785,225,68,4414.5,8979.22,2.61,4.702194357366771,30.22222222222222
839825,Category Promotion,2023-04-21,New Users,App,1647,803,93,4582.52,5311.79,2.38,48.755312689738915,11.581569115815691
931869,App Push Notification,2023-04-21,New Users,App,5499,236,14,3384.98,2388.79,2.58,4.291689398072377,5.932203389830509
741618,Email Campaign,2023-04-21,New Users,App,9349,640,31,1777.09,4003.69,1.59,6.845651941384105,4.84375
586420,Referral Program,2023-04-21,New Users,App,2334,352,52,3231.24,3690.68,2.23,15.081405312767782,14.772727272727273
590957,New User Discount,2023-04-20,Premium,Email,2351,724,18,4056.52,4894.73,3.69,30.79540621012335,2.4861878453038675
491022,Weekend Special,2023-04-20,All,App,2096,582,52,2327.74,4705.85,3.05,27.767175572519083,8.934707903780069
489464,Festival Offer,2023-04-20,Premium,SMS,1309,350,100,2826.88,6372.4,2.18,26.737967914438503,28.57142857142857
513571,Flash Sale,2023-04-20,All,Social Media,6778,416,25,2285.44,2843.67,2.04,6.137503688403659,6.009615384615385
765157,Membership Drive,2023-04-20,Premium,SMS,9581,997,42,2578.4,4447.42,1.66,10.406011898549213,4.212637913741224
276239,Category Promotion,2023-04-20,All,App,8064,759,85,2251.35,9052.54,3.1,9.412202380952381,11.198945981554678
456764,App Push Notification,2023-04-20,Premium,App,9425,243,37,3016.75,8671.94,2.5,2.5782493368700266,15.22633744855967
460778,Email Campaign,2023-04-20,Inactive,Email,7107,734,62,4143.83,5436.41,1.89,10.327845785844941,8.446866485013624
350956,Referral Program,2023-04-20,Inactive,SMS,3667,710,65,4811.1,6180.77,2.79,19.361876193073357,9.15492957746479
580945,New User Discount,2023-04-19,New Users,App,9352,299,99,4878.03,8217.49,1.64,3.1971770744225836,33.11036789297659
722642,Weekend Special,2023-04-19,All,SMS,4350,246,64,1474.35,7618.68,3.5,5.655172413793103,26.01626016260163
854007,Festival Offer,2023-04-19,All,App,9178,649,55,2260.39,3459.7,1.66,7.071257354543474,8.47457627118644
517882,Flash Sale,2023-04-19,New Users,App,8707,905,23,3455.71,7875.24,3.14,10.39393591363271,2.541436464088398
860706,Membership Drive,2023-04-19,Inactive,SMS,8560,530,28,2895.57,8546.35,2.58,6.191588785046729,5.283018867924529
175630,Category Promotion,2023-04-19,New Users,Social Media,7164,241,40,2236.07,6012.69,3.18,3.364042434394193,16.59751037344398
592245,App Push Notification,2023-04-19,All,App,8654,207,75,3616.01,8344.03,3.66,2.3919574763115325,36.231884057971016
901493,Email Campaign,2023-04-19,Premium,Social Media,7263,157,40,1736.23,4790.27,1.54,2.1616411950984444,25.477707006369428
492382,Referral Program,2023-04-19,Premium,Social Media,2893,245,11,4754.62,2937.32,3.72,8.46871759419288,4.489795918367347
425932,New User Discount,2023-04-18,Inactive,SMS,4822,359,63,3853.98,2376.13,1.83,7.445043550394027,17.548746518105848
64743,Weekend Special,2023-04-18,All,Email,7827,866,42,2956.06,7615.61,3.23,11.06426472467101,4.849884526558892
403509,Festival Offer,2023-04-18,Inactive,App,1926,501,100,4887.72,3946.11,2.13,26.012461059190027,19.960079840319363
98114,Flash Sale,2023-04-18,Premium,SMS,7037,457,78,3840.41,4361.92,2.55,6.494244706551087,17.067833698030636
666677,Membership Drive,2023-04-18,Premium,Social Media,5785,217,24,3021.9,6470.08,2.68,3.7510803802938635,11.059907834101383
151163,Category Promotion,2023-04-18,All,Email,1458,682,56,1422.03,9435.14,3.21,46.776406035665296,8.211143695014663
574873,App Push Notification,2023-04-18,All,SMS,9681,634,42,1246.55,3028.84,2.37,6.548910236545812,6.624605678233439
292549,Email Campaign,2023-04-18,All,SMS,8784,271,81,1416.16,8142.02,3.75,3.0851548269581053,29.88929889298893
678124,Referral Program,2023-04-18,New Users,Social Media,2228,250,84,4096.23,3558.65,2.87,11.220825852782765,33.6
350389,New User Discount,2023-04-17,Inactive,App,3538,777,15,2206.96,9897.86,2.11,21.961560203504803,1.9305019305019304
565127,Weekend Special,2023-04-17,Premium,SMS,1656,344,59,2052.13,7427.75,3.54,20.77294685990338,17.151162790697676
933249,Festival Offer,2023-04-17,Premium,App,7878,717,11,3575.32,6148.18,3.9,9.1012947448591,1.5341701534170153
262898,Flash Sale,2023-04-17,All,Social Media,2594,996,57,4756.74,2792.49,2.42,38.396299151888975,5.72289156626506
194090,Membership Drive,2023-04-17,Inactive,SMS,9374,522,13,3939.8,6900.26,1.84,5.568593983358225,2.490421455938697
356409,Category Promotion,2023-04-17,Inactive,Social Media,2576,580,63,3491.13,4789.0,3.48,22.51552795031056,10.86206896551724
596915,App Push Notification,2023-04-17,Premium,Social Media,3386,789,46,1782.13,8154.42,3.08,23.301831069108093,5.830164765525982
432127,Email Campaign,2023-04-17,All,Social Media,2552,267,86,2402.89,6134.39,1.63,10.462382445141067,32.20973782771536
958437,Referral Program,2023-04-17,Inactive,SMS,4941,596,80,1826.15,3855.28,2.5,12.06233555960332,13.422818791946309
379633,New User Discount,2023-04-16,All,App,9641,489,25,4510.43,8415.9,3.58,5.072087957680738,5.112474437627812
114071,Weekend Special,2023-04-16,New Users,App,7055,468,60,4000.89,5940.12,3.06,6.633593196314671,12.82051282051282
545750,Festival Offer,2023-04-16,Premium,Social Media,4577,938,31,3481.5,8542.15,3.25,20.493773213895565,3.304904051172708
976657,Flash Sale,2023-04-16,New Users,SMS,7694,439,85,2024.19,6005.19,1.87,5.705744736158045,19.362186788154897
337633,Membership Drive,2023-04-16,Inactive,SMS,9758,517,41,4354.3,7552.45,1.68,5.298216847714696,7.930367504835589
953661,Category Promotion,2023-04-16,Inactive,App,9562,682,60,1641.26,5992.35,3.33,7.13239907969044,8.797653958944283
314738,App Push Notification,2023-04-16,Inactive,SMS,5776,665,49,4563.33,7201.74,2.33,11.513157894736842,7.368421052631578
712505,Email Campaign,2023-04-16,Inactive,SMS,1913,625,93,4740.54,9242.25,2.58,32.67119707266074,14.879999999999999
768168,Referral Program,2023-04-16,New Users,SMS,8603,995,99,2933.06,4409.47,2.77,11.565732883877718,9.949748743718594
509467,New User Discount,2023-04-15,New Users,Email,5271,423,34,3168.18,8776.82,3.94,8.025042686397269,8.037825059101655
393654,Weekend Special,2023-04-15,New Users,App,4666,201,93,4868.23,3181.23,3.83,4.30775825117874,46.26865671641791
415708,Festival Offer,2023-04-15,Inactive,Email,6067,422,84,3522.37,8178.42,2.38,6.9556617768254485,19.90521327014218
120812,Flash Sale,2023-04-15,Inactive,Email,1872,386,45,4122.33,2991.89,2.39,20.61965811965812,11.658031088082902
224487,Membership Drive,2023-04-15,Premium,App,5837,386,77,2230.47,5876.68,2.27,6.612986123008395,19.94818652849741
575516,Category Promotion,2023-04-15,Premium,Email,1630,255,76,1894.59,9935.59,1.66,15.644171779141105,29.80392156862745
859693,App Push Notification,2023-04-15,Inactive,Social Media,4696,413,97,4479.25,8137.79,3.99,8.794718909710392,23.486682808716708
836553,Email Campaign,2023-04-15,New Users,SMS,6925,666,36,4068.72,8087.81,2.0,9.617328519855596,5.405405405405405
601966,Referral Program,2023-04-15,All,SMS,1050,997,38,1550.31,3171.49,2.68,94.95238095238095,3.8114343029087263
811435,New User Discount,2023-04-14,New Users,Email,5662,124,88,2275.81,7033.22,3.98,2.190038855528082,70.96774193548387
773570,Weekend Special,2023-04-14,Premium,App,4915,900,10,3667.09,9303.79,2.24,18.311291963377414,1.1111111111111112
991848,Festival Offer,2023-04-14,New Users,SMS,3195,914,90,4085.11,4280.95,2.43,28.607198748043817,9.846827133479213
341725,Flash Sale,2023-04-14,New Users,App,7511,272,46,4031.61,5289.69,3.6,3.621355345493277,16.911764705882355
891576,Membership Drive,2023-04-14,New Users,App,6440,437,40,4331.58,4130.48,3.81,6.785714285714286,9.153318077803203
771295,Category Promotion,2023-04-14,All,SMS,4457,530,55,1835.35,5808.48,2.73,11.8914067758582,10.377358490566039
176606,App Push Notification,2023-04-14,New Users,Social Media,5120,513,39,3777.84,8997.78,3.13,10.01953125,7.602339181286549
670546,Email Campaign,2023-04-14,Inactive,App,2683,821,62,3545.74,9962.45,1.64,30.60007454342154,7.551766138855055
212680,Referral Program,2023-04-14,All,App,2520,197,83,2689.71,3524.07,2.68,7.817460317460317,42.13197969543147
328135,New User Discount,2023-04-13,All,App,5833,156,78,2917.95,5899.36,2.09,2.6744385393451053,50.0
585057,Weekend Special,2023-04-13,Inactive,Social Media,9712,305,10,1327.54,4883.8,1.76,3.140444810543657,3.278688524590164
523780,Festival Offer,2023-04-13,All,Email,3631,257,11,2967.62,4735.87,2.53,7.077939961443129,4.280155642023346
870335,Flash Sale,2023-04-13,Premium,Email,3708,697,10,1784.11,5207.17,3.51,18.797195253505933,1.4347202295552368
1836,Membership Drive,2023-04-13,All,App,4198,926,88,3265.42,7039.53,2.89,22.05812291567413,9.503239740820735
435597,Category Promotion,2023-04-13,All,SMS,9282,647,74,3637.49,8327.82,3.67,6.970480499892265,11.437403400309119
110926,App Push Notification,2023-04-13,Premium,App,7076,760,41,2419.99,4756.83,2.57,10.740531373657433,5.394736842105264
937264,Email Campaign,2023-04-13,All,App,6308,481,69,4422.93,2197.34,2.92,7.625237793278377,14.345114345114347
54476,Referral Program,2023-04-13,Premium,SMS,1211,935,99,3091.76,3766.76,3.83,77.20891824938067,10.588235294117647
369077,New User Discount,2023-04-12,All,Social Media,1905,564,42,3361.55,5003.01,3.71,29.606299212598426,7.446808510638298
350914,Weekend Special,2023-04-12,Premium,Social Media,9488,354,39,3685.71,5152.89,3.11,3.7310286677908935,11.016949152542372
137049,Festival Offer,2023-04-12,All,SMS,4453,770,56,2491.75,7993.02,3.01,17.29171345160566,7.2727272727272725
736163,Flash Sale,2023-04-12,Premium,Social Media,3942,604,72,2875.7,2616.97,2.68,15.322171486555048,11.920529801324504
458871,Membership Drive,2023-04-12,Premium,Email,3564,633,12,1458.28,6504.13,2.32,17.76094276094276,1.8957345971563981
881790,Category Promotion,2023-04-12,Premium,SMS,1715,733,35,1401.25,5272.33,3.58,42.74052478134111,4.774897680763983
704949,App Push Notification,2023-04-12,Premium,Social Media,6877,943,52,2374.55,6040.92,1.56,13.712374581939798,5.514316012725344
496238,Email Campaign,2023-04-12,All,App,4938,657,81,4955.58,2649.51,3.08,13.304981773997572,12.32876712328767
691355,Referral Program,2023-04-12,All,Email,8021,464,16,3246.1,2130.42,2.04,5.7848148609899015,3.4482758620689653
542979,New User Discount,2023-04-11,All,SMS,2887,535,50,3410.67,6461.03,1.53,18.531347419466574,9.345794392523365
718585,Weekend Special,2023-04-11,Premium,App,9499,131,57,1913.48,6887.1,2.15,1.379092536056427,43.51145038167939
542200,Festival Offer,2023-04-11,All,Social Media,9920,666,15,1246.61,3534.43,1.87,6.713709677419355,2.2522522522522523
55061,Flash Sale,2023-04-11,Inactive,SMS,9905,575,43,1377.87,7318.25,3.04,5.805148914689551,7.478260869565218
609208,Membership Drive,2023-04-11,Premium,Social Media,6238,475,69,4647.28,5720.01,2.99,7.6146200705354286,14.526315789473685
588500,Category Promotion,2023-04-11,Premium,Email,3743,295,68,4638.37,9110.79,2.99,7.881378573336896,23.050847457627118
895468,App Push Notification,2023-04-11,New Users,Email,2741,891,81,4097.76,4017.56,3.64,32.50638453119299,9.090909090909092
234128,Email Campaign,2023-04-11,All,SMS,6688,315,16,3255.99,7359.21,1.66,4.7099282296650715,5.079365079365079
219946,Referral Program,2023-04-11,Inactive,SMS,7785,285,93,2843.66,4366.85,2.04,3.6608863198458574,32.631578947368425
705949,New User Discount,2023-04-10,All,Social Media,9221,106,70,2141.32,5650.53,3.93,1.1495499403535407,66.0377358490566
271358,Weekend Special,2023-04-10,All,Email,5495,897,63,1860.21,8585.32,2.56,16.32393084622384,7.023411371237458
467919,Festival Offer,2023-04-10,Premium,App,7596,500,58,4690.29,3764.12,2.29,6.582411795681938,11.600000000000001
479178,Flash Sale,2023-04-10,Inactive,App,4037,401,14,2404.75,7676.71,2.9,9.933118652464701,3.4912718204488775
324254,Membership Drive,2023-04-10,Inactive,SMS,9756,162,89,4006.37,4930.31,2.18,1.6605166051660518,54.93827160493827
228000,Category Promotion,2023-04-10,All,Email,3411,895,89,3497.26,2786.06,3.83,26.238639695104077,9.944134078212292
553566,App Push Notification,2023-04-10,Premium,Email,3789,575,88,2485.95,5839.97,1.99,15.175508049617314,15.304347826086955
808912,Email Campaign,2023-04-10,Premium,Social Media,5490,485,89,3655.44,5802.17,2.96,8.83424408014572,18.350515463917525
34479,Referral Program,2023-04-10,New Users,SMS,8100,801,84,1934.35,5040.8,2.94,9.88888888888889,10.486891385767791
804902,New User Discount,2023-04-09,Premium,SMS,9653,452,61,3429.33,8343.56,2.47,4.682482129907801,13.495575221238937
178137,Weekend Special,2023-04-09,Inactive,Social Media,4705,578,38,3796.73,6764.18,2.8,12.28480340063762,6.5743944636678195
688255,Festival Offer,2023-04-09,Premium,Social Media,4826,689,21,4126.58,5222.03,3.83,14.27683381682553,3.0478955007256894
189210,Flash Sale,2023-04-09,All,SMS,9325,732,90,3843.93,9037.68,1.94,7.849865951742626,12.295081967213115
363455,Membership Drive,2023-04-09,New Users,Email,1221,365,82,2263.96,7378.56,2.89,29.89352989352989,22.465753424657535
355933,Category Promotion,2023-04-09,All,Social Media,6882,653,74,2665.84,6708.83,2.23,9.488520778843359,11.3323124042879
695492,App Push Notification,2023-04-09,New Users,App,4714,946,98,3149.49,9236.8,1.74,20.06788290199406,10.359408033826638
233201,Email Campaign,2023-04-09,Inactive,SMS,1889,195,75,1141.53,9069.01,3.52,10.322922181048174,38.46153846153847
907773,Referral Program,2023-04-09,Inactive,App,6220,163,55,4938.44,2118.01,2.53,2.620578778135048,33.74233128834356
955492,New User Discount,2023-04-08,Premium,Social Media,5814,302,24,4207.31,8538.37,2.69,5.194358445132439,7.9470198675496695
565634,Weekend Special,2023-04-08,All,Email,6667,127,87,1401.4,7050.13,2.11,1.904904754762262,68.50393700787401
832376,Festival Offer,2023-04-08,Inactive,App,6081,453,21,1913.55,4301.5,3.1,7.449432659102122,4.635761589403973
48515,Flash Sale,2023-04-08,New Users,Social Media,9969,985,66,4713.06,5157.51,3.51,9.880629952853846,6.7005076142131985
413148,Membership Drive,2023-04-08,All,Email,1695,911,99,2981.81,9680.96,2.01,53.74631268436578,10.867178924259056
268743,Category Promotion,2023-04-08,Premium,SMS,6482,464,85,1297.2,5269.53,2.44,7.158284480098735,18.318965517241377
545556,App Push Notification,2023-04-08,Premium,Social Media,7293,430,24,3428.23,4994.9,2.22,5.896064719594132,5.5813953488372094
336935,Email Campaign,2023-04-08,New Users,App,4972,684,66,3356.86,7895.98,3.41,13.757039420756234,9.649122807017543
182260,Referral Program,2023-04-08,All,SMS,5127,218,18,3980.61,7601.79,1.6,4.251999219816657,8.256880733944955
524447,New User Discount,2023-04-07,Inactive,Social Media,6558,630,74,3233.39,4216.39,2.21,9.606587374199451,11.746031746031745
163962,Weekend Special,2023-04-07,New Users,SMS,5940,157,61,4353.75,2476.51,2.76,2.643097643097643,38.853503184713375
106401,Festival Offer,2023-04-07,Premium,SMS,7906,800,84,2279.22,5312.62,2.15,10.118897040222615,10.5
848154,Flash Sale,2023-04-07,All,SMS,4640,275,27,2380.65,7555.88,2.36,5.926724137931035,9.818181818181818
438903,Membership Drive,2023-04-07,All,SMS,6787,776,20,4189.85,6658.06,3.68,11.433623102991012,2.5773195876288657
254296,Category Promotion,2023-04-07,Premium,Social Media,7164,906,77,2895.95,3459.66,3.49,12.646566164154105,8.49889624724062
294088,App Push Notification,2023-04-07,Premium,Social Media,2713,203,31,2378.54,3510.08,2.24,7.482491706597862,15.270935960591133
902106,Email Campaign,2023-04-07,All,App,5209,992,56,3532.78,8219.88,2.56,19.043962372816278,5.64516129032258
417894,Referral Program,2023-04-07,Premium,Social Media,9439,659,79,1836.98,7774.9,3.84,6.981671787265601,11.987860394537178
458783,New User Discount,2023-04-06,New Users,Email,2005,226,46,2727.19,3898.02,3.89,11.271820448877804,20.353982300884958
381347,Weekend Special,2023-04-06,New Users,SMS,3852,442,98,1743.38,9520.66,2.83,11.474558670820354,22.171945701357465
872964,Festival Offer,2023-04-06,Inactive,Email,7024,872,78,2302.55,5192.68,1.61,12.414578587699317,8.944954128440367
952584,Flash Sale,2023-04-06,Inactive,Email,5728,847,26,2662.2,7112.61,1.68,14.787011173184359,3.0696576151121606
55131,Membership Drive,2023-04-06,New Users,Email,4990,746,21,3226.93,5352.11,1.52,14.949899799599198,2.8150134048257374
137461,Category Promotion,2023-04-06,New Users,App,5414,690,58,4849.92,6865.5,2.36,12.744735869966753,8.405797101449275
13677,App Push Notification,2023-04-06,Premium,App,5698,744,99,3873.04,5814.04,3.76,13.057213057213058,13.306451612903224
412891,Email Campaign,2023-04-06,Inactive,SMS,5064,881,62,2570.22,6222.32,2.06,17.39731437598736,7.037457434733257
320308,Referral Program,2023-04-06,All,Social Media,1864,690,52,3695.71,9724.87,2.47,37.01716738197425,7.536231884057972
262320,New User Discount,2023-04-05,All,Social Media,4187,927,82,4754.69,4866.84,2.48,22.139957009792212,8.845738942826321
221023,Weekend Special,2023-04-05,All,Email,5300,301,77,1913.78,9351.66,2.7,5.679245283018868,25.581395348837212
95809,Festival Offer,2023-04-05,Premium,Social Media,7272,706,96,2800.01,9179.48,3.85,9.708470847084708,13.59773371104816
467722,Flash Sale,2023-04-05,New Users,SMS,3655,280,53,4906.1,7788.79,1.61,7.660738714090288,18.928571428571427
759562,Membership Drive,2023-04-05,All,Social Media,6323,782,20,4336.85,3994.19,3.57,12.367547050450735,2.557544757033248
556108,Category Promotion,2023-04-05,All,App,5089,475,14,3669.8,8122.74,3.96,9.333857339359403,2.9473684210526314
746123,App Push Notification,2023-04-05,Premium,App,8629,397,76,1873.02,7239.5,2.74,4.600764862672384,19.143576826196472
689759,Email Campaign,2023-04-05,All,Email,2187,460,40,4454.92,7995.66,1.51,21.033379058070416,8.695652173913043
449091,Referral Program,2023-04-05,Inactive,SMS,9999,712,69,1239.22,9901.62,2.45,7.12071207120712,9.691011235955056
167941,New User Discount,2023-04-04,All,Social Media,3648,518,59,2039.34,5897.25,2.15,14.199561403508772,11.389961389961389
529073,Weekend Special,2023-04-04,All,Social Media,2604,950,48,4661.81,4031.15,3.06,36.48233486943164,5.052631578947368
273357,Festival Offer,2023-04-04,Inactive,SMS,2331,411,50,2996.79,7260.03,2.35,17.63191763191763,12.165450121654501
208085,Flash Sale,2023-04-04,New Users,Email,8729,599,97,3266.41,4890.52,3.96,6.862183526177111,16.193656093489146
193199,Membership Drive,2023-04-04,All,Email,1201,352,53,2753.95,3038.88,1.6,29.308909242298085,15.056818181818182
937642,Category Promotion,2023-04-04,Premium,Email,2550,684,33,2725.61,7262.73,1.67,26.823529411764707,4.824561403508771
469575,App Push Notification,2023-04-04,New Users,Email,5340,226,93,2312.99,8791.84,1.7,4.2322097378277155,41.150442477876105
175791,Email Campaign,2023-04-04,Inactive,Social Media,5452,579,50,1988.75,7141.62,1.76,10.61995597945708,8.635578583765112
325854,Referral Program,2023-04-04,Premium,SMS,7036,465,62,3597.51,6452.14,3.05,6.60886867538374,13.333333333333334
625299,New User Discount,2023-04-03,All,App,1814,370,46,4990.65,4224.52,3.6,20.39691289966924,12.432432432432433
77364,Weekend Special,2023-04-03,Premium,Social Media,9810,153,97,3459.95,3258.79,3.04,1.5596330275229358,63.39869281045751
337961,Festival Offer,2023-04-03,All,App,7960,214,66,1764.94,3109.38,1.54,2.688442211055276,30.8411214953271
31741,Flash Sale,2023-04-03,All,App,8803,629,21,1692.28,8811.75,3.55,7.145291377939339,3.338632750397456
725385,Membership Drive,2023-04-03,Inactive,SMS,4414,704,17,3751.18,3299.71,1.66,15.949252378794743,2.414772727272727
833546,Category Promotion,2023-04-03,Inactive,Email,8045,263,58,2276.2,4167.68,1.68,3.26911124922312,22.0532319391635
260737,App Push Notification,2023-04-03,New Users,Social Media,3693,151,77,3418.02,7337.66,2.52,4.088816680205794,50.993377483443716
904089,Email Campaign,2023-04-03,All,SMS,7069,267,79,4027.71,5202.95,1.6,3.77705474607441,29.588014981273407
211473,Referral Program,2023-04-03,Premium,App,6711,960,12,1727.22,9750.26,1.61,14.30487259722843,1.25
123265,New User Discount,2023-04-02,All,App,5344,808,81,3865.49,4650.29,2.29,15.119760479041917,10.024752475247526
717154,Weekend Special,2023-04-02,Inactive,App,8668,883,65,3581.02,7202.22,3.13,10.186894323950161,7.361268403171008
731136,Festival Offer,2023-04-02,Inactive,App,3368,381,20,2798.5,2926.03,2.03,11.312351543942993,5.2493438320209975
923434,Flash Sale,2023-04-02,New Users,SMS,3753,665,62,4954.56,6691.3,2.21,17.719158006927792,9.323308270676693
569999,Membership Drive,2023-04-02,Inactive,SMS,6647,231,84,1138.22,4570.85,3.29,3.475251993380472,36.36363636363637
432920,Category Promotion,2023-04-02,New Users,App,5007,389,76,1379.33,2906.82,3.82,7.769123227481526,19.53727506426735
350572,App Push Notification,2023-04-02,All,Email,9689,823,12,1464.18,4749.32,3.5,8.494168644854991,1.4580801944106925
398153,Email Campaign,2023-04-02,New Users,App,7939,792,42,4165.22,2196.74,1.56,9.976067514800354,5.303030303030303
443885,Referral Program,2023-04-02,Inactive,Social Media,3520,102,78,3314.57,9933.94,1.95,2.8977272727272725,76.47058823529412
352798,New User Discount,2023-04-01,Premium,App,9872,738,83,4036.72,7549.84,2.74,7.475688816855754,11.246612466124661
645782,Weekend Special,2023-04-01,Inactive,App,3514,796,25,4117.71,7046.68,2.67,22.652248150256117,3.1407035175879394
533892,Festival Offer,2023-04-01,Premium,Social Media,9798,706,41,3727.11,3669.94,2.57,7.205552153500714,5.807365439093484
941479,Flash Sale,2023-04-01,New Users,SMS,3633,222,91,2162.37,5409.96,2.1,6.11065235342692,40.99099099099099
204569,Membership Drive,2023-04-01,Premium,Social Media,9581,336,20,4465.4,8748.32,1.87,3.506940820373656,5.952380952380952
656675,Category Promotion,2023-04-01,Inactive,Email,1377,587,79,4314.61,6890.15,3.54,42.62890341321714,13.458262350936966
16552,App Push Notification,2023-04-01,Premium,Social Media,5791,466,38,3477.78,6151.75,3.76,8.046969435330684,8.15450643776824
644736,Email Campaign,2023-04-01,All,Email,9101,381,12,4617.46,8721.38,2.64,4.186353148005714,3.149606299212598
22573,Referral Program,2023-04-01,All,Social Media,2166,546,22,3019.56,2248.48,2.86,25.20775623268698,4.029304029304029
276546,New User Discount,2023-03-31,New Users,SMS,3911,844,74,2361.64,3959.62,3.92,21.580158527230886,8.767772511848342
171017,Weekend Special,2023-03-31,Inactive,Social Media,2642,607,14,2754.4,5412.99,1.99,22.975018925056776,2.3064250411861615
410776,Festival Offer,2023-03-31,Premium,Social Media,2677,871,44,4177.77,5813.68,3.73,32.53642136720209,5.05166475315729
260088,Flash Sale,2023-03-31,New Users,App,5124,627,77,4041.52,2385.37,3.78,12.236533957845433,12.280701754385964
569767,Membership Drive,2023-03-31,New Users,SMS,3306,321,82,1184.56,7495.76,3.88,9.709618874773138,25.54517133956386
310654,Category Promotion,2023-03-31,All,Email,9458,834,26,2352.62,4444.8,1.84,8.817931909494607,3.117505995203837
752351,App Push Notification,2023-03-31,All,Email,2580,472,95,3725.26,5458.71,1.83,18.294573643410853,20.127118644067796
790611,Email Campaign,2023-03-31,New Users,App,6135,881,26,2317.4,4012.86,3.14,14.360228198859007,2.9511918274687856
826193,Referral Program,2023-03-31,Premium,App,9396,655,83,2128.82,2492.54,2.43,6.971051511281397,12.67175572519084
27431,New User Discount,2023-03-30,All,SMS,7902,167,99,2021.45,5977.6,1.53,2.1133890154391293,59.2814371257485
257323,Weekend Special,2023-03-30,All,Email,8929,294,98,1369.45,5560.78,2.4,3.292641953186247,33.33333333333333
946149,Festival Offer,2023-03-30,New Users,Email,4391,498,41,1318.85,2947.82,4.0,11.341380095650194,8.23293172690763
241483,Flash Sale,2023-03-30,Inactive,SMS,8892,686,46,4883.96,8800.23,2.73,7.714799820062979,6.705539358600583
665011,Membership Drive,2023-03-30,All,Email,1976,569,16,1843.14,4728.41,1.91,28.795546558704455,2.8119507908611596
5957,Category Promotion,2023-03-30,Premium,SMS,3916,775,96,3366.67,6669.28,1.77,19.790602655771195,12.387096774193548
919079,App Push Notification,2023-03-30,New Users,App,4489,648,96,3199.57,8519.89,2.61,14.43528625529071,14.814814814814813
111429,Email Campaign,2023-03-30,All,SMS,3672,172,16,4188.2,6808.85,2.65,4.684095860566448,9.30232558139535
436899,Referral Program,2023-03-30,New Users,Social Media,4993,143,87,2684.33,5713.54,1.59,2.864009613458842,60.83916083916085
374635,New User Discount,2023-03-29,Premium,Email,1864,674,75,4081.7,5808.31,1.58,36.1587982832618,11.127596439169139
151395,Weekend Special,2023-03-29,Premium,SMS,4834,408,89,1574.27,5312.99,1.84,8.440215142738932,21.813725490196077
65159,Festival Offer,2023-03-29,Premium,App,3011,896,71,3345.6,4694.52,2.63,29.757555629359018,7.924107142857142
60990,Flash Sale,2023-03-29,New Users,App,7888,798,61,3170.66,4184.41,2.32,10.116632860040568,7.644110275689223
736093,Membership Drive,2023-03-29,All,Social Media,4671,547,96,4821.81,5426.91,1.99,11.710554485120959,17.550274223034734
164441,Category Promotion,2023-03-29,All,SMS,5091,298,76,4098.68,9981.75,2.45,5.853466902376743,25.503355704697988
619606,App Push Notification,2023-03-29,All,Social Media,5439,267,50,1138.46,3606.7,3.11,4.908990623276337,18.726591760299627
204858,Email Campaign,2023-03-29,Inactive,Email,8009,487,22,2485.6,9232.8,3.23,6.080659258334374,4.517453798767967
896959,Referral Program,2023-03-29,All,Email,4563,826,40,3132.83,9986.03,3.97,18.102125794433487,4.842615012106537
750763,New User Discount,2023-03-28,Premium,Email,4839,196,99,2856.05,3628.72,3.8,4.050423641248192,50.51020408163265
225908,Weekend Special,2023-03-28,Inactive,SMS,1404,578,22,3003.2,5171.68,1.93,41.168091168091166,3.8062283737024223
346502,Festival Offer,2023-03-28,All,Email,7055,492,69,1250.01,6591.15,3.8,6.973777462792345,14.02439024390244
141742,Flash Sale,2023-03-28,Premium,Email,4433,601,35,3808.59,6844.83,1.99,13.557410331603881,5.823627287853577
432100,Membership Drive,2023-03-28,Premium,SMS,2415,959,54,3156.4,9044.93,2.42,39.710144927536234,5.630865484880084
631902,Category Promotion,2023-03-28,Premium,SMS,1983,714,96,3018.52,2258.47,2.41,36.00605143721634,13.445378151260504
129327,App Push Notification,2023-03-28,Inactive,SMS,3877,644,77,2547.18,6142.99,2.49,16.61078153211246,11.956521739130435
546333,Email Campaign,2023-03-28,Premium,SMS,7778,339,22,4590.96,3003.48,2.98,4.3584469015171,6.489675516224189
887772,Referral Program,2023-03-28,New Users,Email,1746,812,54,4129.05,5963.97,3.25,46.506300114547535,6.65024630541872
177980,New User Discount,2023-03-27,Inactive,Social Media,2168,995,14,3727.85,3882.81,3.43,45.89483394833948,1.407035175879397
261332,Weekend Special,2023-03-27,New Users,SMS,7627,409,95,2902.6,4870.49,3.85,5.362527861544513,23.227383863080682
380639,Festival Offer,2023-03-27,Inactive,Social Media,9877,120,79,1004.12,5988.75,2.92,1.2149438088488407,65.83333333333333
343368,Flash Sale,2023-03-27,All,SMS,8626,897,72,3849.1,7433.42,3.2,10.398794342684905,8.02675585284281
337843,Membership Drive,2023-03-27,Premium,App,4331,933,57,3852.99,6865.78,3.71,21.542368967905794,6.109324758842444
431817,Category Promotion,2023-03-27,Inactive,App,8936,383,55,4651.77,4537.64,2.56,4.286034019695614,14.360313315926893
269931,App Push Notification,2023-03-27,Premium,SMS,5962,635,40,4000.94,6108.74,3.91,10.65078832606508,6.299212598425196
733494,Email Campaign,2023-03-27,Premium,App,4960,221,32,1653.52,6389.35,3.87,4.455645161290322,14.479638009049776
13895,Referral Program,2023-03-27,Inactive,Email,3684,212,75,1743.39,4131.25,3.83,5.754614549402823,35.37735849056604
184976,New User Discount,2023-03-26,All,Email,6515,978,55,3612.4,4154.15,1.57,15.011511895625478,5.623721881390593
449708,Weekend Special,2023-03-26,All,Email,9486,982,82,3393.15,6056.88,3.8,10.352097828378664,8.350305498981669
888800,Festival Offer,2023-03-26,Inactive,SMS,8840,738,97,1710.93,7613.05,3.48,8.348416289592759,13.143631436314362
571129,Flash Sale,2023-03-26,New Users,App,6557,713,36,2739.57,2195.17,1.54,10.873875247826751,5.049088359046284
537138,Membership Drive,2023-03-26,Inactive,Social Media,1217,844,81,2935.02,4996.5,3.84,69.35086277732128,9.597156398104266
144627,Category Promotion,2023-03-26,Premium,App,3264,377,33,4434.81,5948.99,2.85,11.550245098039216,8.753315649867375
715064,App Push Notification,2023-03-26,Inactive,Email,8272,145,74,3268.34,3453.24,2.45,1.7529013539651837,51.03448275862069
566531,Email Campaign,2023-03-26,All,App,4892,778,11,1978.81,6047.43,3.28,15.903515944399018,1.4138817480719794
529770,Referral Program,2023-03-26,All,SMS,4302,838,54,1396.97,7959.1,3.46,19.479311947931194,6.443914081145586
884998,New User Discount,2023-03-25,Premium,Email,8006,917,36,2916.87,8987.84,2.03,11.453909567824132,3.925845147219193
387367,Weekend Special,2023-03-25,All,Social Media,1095,198,42,1462.65,3268.92,2.97,18.08219178082192,21.21212121212121
608627,Festival Offer,2023-03-25,New Users,Social Media,9996,400,21,4550.92,2914.84,3.57,4.001600640256102,5.25
815677,Flash Sale,2023-03-25,All,Social Media,1794,579,67,1090.48,8166.84,3.3,32.274247491638796,11.57167530224525
925829,Membership Drive,2023-03-25,All,Email,9953,756,30,3901.92,7255.43,2.06,7.595699789008339,3.968253968253968
759139,Category Promotion,2023-03-25,New Users,Email,8528,144,67,4893.44,6130.27,3.89,1.6885553470919326,46.52777777777778
351976,App Push Notification,2023-03-25,Inactive,Social Media,5652,203,91,1347.57,6147.63,3.66,3.591648973814579,44.827586206896555
594757,Email Campaign,2023-03-25,New Users,App,2404,104,92,4924.35,2998.0,2.5,4.326123128119801,88.46153846153845
532658,Referral Program,2023-03-25,Inactive,Email,1191,707,18,4311.66,4300.83,3.43,59.36188077246012,2.545968882602546
237122,New User Discount,2023-03-24,New Users,Email,8879,713,65,3229.43,8042.72,2.16,8.030183579231895,9.1164095371669
137772,Weekend Special,2023-03-24,New Users,App,8611,382,19,2805.98,4678.44,1.75,4.436186273371269,4.973821989528796
79888,Festival Offer,2023-03-24,All,App,5606,385,43,4112.18,9159.18,1.88,6.867641812343918,11.168831168831169
879401,Flash Sale,2023-03-24,New Users,SMS,2054,917,78,3599.31,9439.85,3.0,44.644595910418694,8.505997818974919
142451,Membership Drive,2023-03-24,Premium,Email,4372,118,21,3685.58,6105.73,2.72,2.6989935956084175,17.796610169491526
589818,Category Promotion,2023-03-24,Inactive,Social Media,6810,662,63,1873.15,2188.86,2.85,9.720998531571219,9.516616314199396
306347,App Push Notification,2023-03-24,New Users,Social Media,2471,517,87,2787.53,7948.75,3.09,20.922703358963982,16.827852998065765
487032,Email Campaign,2023-03-24,All,Social Media,1305,912,44,3755.14,3285.47,3.93,69.88505747126436,4.824561403508771
390374,Referral Program,2023-03-24,All,App,4211,161,60,2952.92,8978.51,3.6,3.8233198765138923,37.267080745341616
717115,New User Discount,2023-03-23,Inactive,SMS,6417,746,97,3803.8,4861.21,2.48,11.625370110643603,13.002680965147453
26051,Weekend Special,2023-03-23,Inactive,Email,5924,472,87,1948.25,5118.53,3.12,7.967589466576637,18.43220338983051
804432,Festival Offer,2023-03-23,Inactive,Email,7763,980,55,4171.25,8898.51,3.36,12.623985572587918,5.612244897959184
654370,Flash Sale,2023-03-23,Inactive,SMS,1080,996,39,1190.48,3395.94,1.82,92.22222222222223,3.91566265060241
322843,Membership Drive,2023-03-23,All,App,5130,225,62,4271.84,2663.9,2.04,4.385964912280701,27.555555555555557
255650,Category Promotion,2023-03-23,Inactive,Email,7752,720,88,2303.66,9979.12,3.27,9.287925696594428,12.222222222222221
999950,App Push Notification,2023-03-23,New Users,SMS,2362,388,82,2454.03,4993.38,2.23,16.42675698560542,21.1340206185567
370006,Email Campaign,2023-03-23,Inactive,App,9564,313,54,2459.63,8632.89,3.35,3.2726892513592643,17.252396166134183
114549,Referral Program,2023-03-23,Inactive,SMS,3612,410,98,4443.02,9532.87,2.52,11.351052048726467,23.902439024390244
765659,New User Discount,2023-03-22,Inactive,Email,9215,917,95,4078.9,6369.96,3.19,9.951166576234401,10.359869138495092
676110,Weekend Special,2023-03-22,New Users,Email,7296,407,63,2263.28,3328.71,2.87,5.578399122807018,15.47911547911548
531108,Festival Offer,2023-03-22,New Users,Email,3693,660,89,4290.94,6730.95,2.19,17.871649065800163,13.484848484848486
137436,Flash Sale,2023-03-22,Premium,Social Media,8985,810,30,1490.98,2104.12,3.33,9.015025041736227,3.7037037037037033
451408,Membership Drive,2023-03-22,Premium,Email,7310,380,78,2233.48,7492.12,1.8,5.198358413132695,20.526315789473685
362757,Category Promotion,2023-03-22,New Users,SMS,5909,107,64,4053.48,3118.41,2.49,1.8107970891859875,59.813084112149525
188504,App Push Notification,2023-03-22,New Users,Social Media,3868,219,37,2023.12,6476.34,2.49,5.661840744570838,16.894977168949772
348603,Email Campaign,2023-03-22,All,Email,4130,221,30,3163.3,2518.13,3.84,5.351089588377724,13.574660633484163
840229,Referral Program,2023-03-22,All,Social Media,3057,693,37,4725.78,7802.92,3.52,22.669283611383708,5.339105339105339
212103,New User Discount,2023-03-21,All,SMS,5647,442,86,2316.72,7813.91,2.19,7.827164866300691,19.457013574660635
881442,Weekend Special,2023-03-21,Inactive,App,5608,334,72,3777.41,9756.74,3.66,5.955777460770328,21.55688622754491
503022,Festival Offer,2023-03-21,Premium,SMS,9415,384,61,2329.08,3584.95,1.83,4.078597981943707,15.885416666666666
436226,Flash Sale,2023-03-21,Premium,Email,2826,658,52,4616.28,4606.87,2.04,23.283793347487617,7.90273556231003
594172,Membership Drive,2023-03-21,Inactive,Social Media,8466,969,77,1266.57,2736.82,3.0,11.44578313253012,7.946336429308566
126693,Category Promotion,2023-03-21,Premium,App,1164,147,59,3786.03,7929.31,3.15,12.628865979381443,40.136054421768705
716248,App Push Notification,2023-03-21,All,App,7627,955,28,4079.72,9578.43,2.25,12.521305886980464,2.931937172774869
466271,Email Campaign,2023-03-21,Premium,SMS,9879,537,85,1389.99,8628.28,1.55,5.435772851503189,15.828677839851025
805336,Referral Program,2023-03-21,Premium,Email,2173,954,76,3455.25,7399.09,3.51,43.90243902439025,7.966457023060797
876637,New User Discount,2023-03-20,Inactive,SMS,8310,599,37,3778.57,8332.14,2.73,7.208182912154032,6.176961602671119
631745,Weekend Special,2023-03-20,New Users,Email,3127,865,61,1234.31,4913.44,3.77,27.662296130476495,7.0520231213872835
253182,Festival Offer,2023-03-20,Premium,App,1839,771,47,1400.73,6713.5,3.46,41.92495921696574,6.09597924773022
757989,Flash Sale,2023-03-20,New Users,SMS,2285,752,32,4078.77,5962.47,2.54,32.91028446389497,4.25531914893617
899836,Membership Drive,2023-03-20,Inactive,SMS,5898,183,84,4545.14,2224.39,1.59,3.1027466937945065,45.90163934426229
479353,Category Promotion,2023-03-20,New Users,Email,5989,799,46,2310.46,3576.48,2.19,13.341125396560361,5.7571964956195245
281551,App Push Notification,2023-03-20,New Users,SMS,1175,258,79,4582.31,6159.5,3.25,21.95744680851064,30.620155038759687
515671,Email Campaign,2023-03-20,Inactive,SMS,3668,265,43,4647.18,6848.41,2.19,7.224645583424209,16.22641509433962
792914,Referral Program,2023-03-20,Premium,SMS,5805,751,80,4487.51,4496.41,3.25,12.937123169681309,10.652463382157123
828749,New User Discount,2023-03-19,All,App,6482,303,98,2965.25,4747.72,3.47,4.674483184202407,32.34323432343234
549810,Weekend Special,2023-03-19,Inactive,Email,6361,873,70,2707.96,9365.24,3.69,13.724257192265368,8.018327605956472
510065,Festival Offer,2023-03-19,All,Social Media,4263,315,92,2919.33,8142.55,1.64,7.389162561576355,29.20634920634921
259079,Flash Sale,2023-03-19,All,App,6838,552,54,4228.31,5697.99,3.0,8.072535829189821,9.782608695652174
910029,Membership Drive,2023-03-19,Premium,SMS,4705,950,35,3550.33,7567.43,3.33,20.191285866099896,3.684210526315789
670217,Category Promotion,2023-03-19,Inactive,Social Media,6884,281,21,3833.74,9876.77,1.68,4.081929110981987,7.473309608540925
844588,App Push Notification,2023-03-19,Inactive,Email,2064,240,98,3006.57,9905.9,2.72,11.627906976744185,40.833333333333336
203042,Email Campaign,2023-03-19,Premium,App,8554,434,85,1912.22,5526.85,1.78,5.073649754500818,19.5852534562212
448908,Referral Program,2023-03-19,All,SMS,9662,957,10,2782.62,8041.16,3.63,9.904781618712482,1.044932079414838
851380,New User Discount,2023-03-18,New Users,App,8830,925,63,2094.05,3707.31,2.14,10.475651189127973,6.8108108108108105
273056,Weekend Special,2023-03-18,Inactive,App,9471,348,56,4403.58,6769.76,3.75,3.6743744060817236,16.091954022988507
897138,Festival Offer,2023-03-18,Inactive,Email,2376,406,36,3217.48,9245.6,2.88,17.087542087542086,8.866995073891626
179349,Flash Sale,2023-03-18,New Users,Social Media,7518,588,10,2842.07,4104.47,2.27,7.82122905027933,1.7006802721088436
105008,Membership Drive,2023-03-18,All,App,8437,154,73,1114.55,3681.73,1.55,1.8252933507170794,47.4025974025974
415387,Category Promotion,2023-03-18,All,App,4678,933,93,3764.66,9022.56,1.57,19.944420692603675,9.967845659163988
307671,App Push Notification,2023-03-18,New Users,Social Media,5143,877,72,4980.21,5334.19,3.54,17.052304102663815,8.209806157354619
438000,Email Campaign,2023-03-18,All,Social Media,2983,112,41,3073.32,9767.38,2.53,3.754609453570231,36.607142857142854
835474,Referral Program,2023-03-18,Inactive,Social Media,2333,671,92,1673.17,2489.65,1.53,28.761251607372486,13.710879284649776
196046,New User Discount,2023-03-17,Inactive,SMS,8489,529,45,1090.49,2050.84,3.82,6.231593827305925,8.506616257088846
77754,Weekend Special,2023-03-17,New Users,Social Media,5675,404,64,3685.09,6883.28,3.89,7.118942731277533,15.841584158415841
640799,Festival Offer,2023-03-17,New Users,Email,7462,639,47,2322.43,4769.51,3.57,8.563387831680515,7.355242566510173
119887,Flash Sale,2023-03-17,All,App,9057,167,97,4493.34,3860.26,2.84,1.8438776636855472,58.08383233532935
381623,Membership Drive,2023-03-17,New Users,Email,8331,809,92,2363.07,3710.79,1.64,9.71071900132037,11.372064276885045
493317,Category Promotion,2023-03-17,Premium,Social Media,5216,860,34,3922.53,7701.25,2.01,16.487730061349694,3.953488372093023
879292,App Push Notification,2023-03-17,All,App,8480,734,20,1990.75,6650.41,3.98,8.65566037735849,2.7247956403269753
461129,Email Campaign,2023-03-17,New Users,Email,3569,568,10,4246.47,5880.42,2.5,15.91482207901373,1.7605633802816902
282514,Referral Program,2023-03-17,New Users,Social Media,5967,439,78,1511.93,8322.01,3.08,7.357130886542651,17.76765375854214
