order_id,product_id,quantity,unit_price,product_name,category,brand,price,mrp,margin_percentage,shelf_life_days,min_stock_level,max_stock_level,line_revenue,line_margin_value
1961864118,642612,3,517.03,Pet Treats,Pet Care,Pillay-Ahuja,517.03,795.43,35.0,365,16,57,1551.09,542.8815
1549769649,378676,1,881.42,Orange Juice,Cold Drinks & Juices,Baral-Kamdar,881.42,1259.17,30.0,180,19,65,881.42,264.426
9185164487,741341,2,923.84,Eggs,Dairy & Breakfast,Prasad LLC,923.84,1154.8,20.0,7,13,62,1847.68,369.53600000000006
9644738826,561860,1,874.78,Orange Juice,Cold Drinks & Juices,Gupta Ltd,874.78,1249.69,30.0,180,21,90,874.78,262.43399999999997
5427684290,602241,2,976.55,Nuts,Snacks & Munchies,Bahl-Pau,976.55,1502.38,35.0,90,12,75,1953.1,683.5849999999999
3265154092,681063,1,321.28,Mango Drink,Cold Drinks & Juices,Dass and Sons,321.28,458.97,30.0,180,20,91,321.28,96.38399999999999
4898355547,56589,3,517.77,Vitamins,Pharmacy,"Pai, Kashyap and Ramachandran",517.77,647.21,20.0,365,16,85,1553.31,310.66200000000003
6568151549,500739,2,359.98,Bread,Dairy & Breakfast,Aggarwal Group,359.98,449.98,20.0,7,18,81,719.96,143.99200000000002
6006693867,490939,1,80.25,Lotion,Personal Care,"Roy, Barad and De",80.25,123.46,35.0,365,12,67,80.25,28.0875
374186990,760828,2,563.45,Pet Treats,Pet Care,"Khurana, Khosla and Yohannan",563.45,866.85,35.0,365,23,93,1126.9,394.415
4455336265,753354,3,423.56,Shampoo,Personal Care,Sant-Mahajan,423.56,651.63,35.0,365,20,52,1270.68,444.738
3539286337,684939,1,727.95,Lotion,Personal Care,"Sibal, Bhatnagar and Rajan",727.95,1119.92,35.0,365,22,50,727.95,254.7825
9171116867,500739,3,359.98,Bread,Dairy & Breakfast,Aggarwal Group,359.98,449.98,20.0,7,18,81,1079.94,215.98800000000003
5504941865,540618,1,317.05,Popcorn,Snacks & Munchies,Golla-Luthra,317.05,487.77,35.0,90,28,87,317.05,110.9675
5868326481,53833,3,134.69,Rice,Grocery & Staples,Tella-Master,134.69,158.46,15.0,365,26,89,404.07,60.610499999999995
2137046916,455755,2,44.09,Detergent,Household Care,Mangal-Sathe,44.09,58.79,25.0,365,23,53,88.18,22.045
8195544338,131937,1,287.81,Frozen Pizza,Instant & Frozen Food,"Varkey, Devi and Ganguly",287.81,479.68,40.0,180,18,68,287.81,115.12400000000001
2889700050,798639,1,211.25,Eggs,Dairy & Breakfast,Subramaniam LLC,211.25,264.06,20.0,7,12,78,211.25,42.25
65827885,324809,3,608.0,Bread,Dairy & Breakfast,Sidhu PLC,608.0,760.0,20.0,7,26,76,1824.0,364.8
4656471694,679284,1,877.89,Cough Syrup,Pharmacy,Pant LLC,877.89,1097.36,20.0,365,28,95,877.89,175.578
6625178717,952168,3,236.95,Popcorn,Snacks & Munchies,"Krishnamurthy, Sibal and Das",236.95,364.54,35.0,90,28,79,710.8499999999999,248.79749999999996
7169557514,706112,2,478.79,Vitamins,Pharmacy,"Magar, Gara and Garg",478.79,598.49,20.0,365,12,77,957.58,191.51600000000002
2268306684,812607,2,416.65,Potatoes,Fruits & Vegetables,Rege Group,416.65,555.53,25.0,3,11,63,833.3,208.325
6905293278,799952,1,922.64,Cheese,Dairy & Breakfast,Padmanabhan-Virk,922.64,1153.3,20.0,7,13,66,922.64,184.52800000000002
1769493463,709916,3,33.76,Detergent,Household Care,Varkey LLC,33.76,45.01,25.0,365,30,88,101.28,25.32
5003387344,67197,3,552.2,Butter,Dairy & Breakfast,Shetty-Bora,552.2,690.25,20.0,7,20,79,1656.6000000000001,331.32000000000005
2064484752,937542,3,97.04,Wheat Flour,Grocery & Staples,Khurana and Sons,97.04,114.16,15.0,365,28,93,291.12,43.668
964822979,455755,2,44.09,Detergent,Household Care,Mangal-Sathe,44.09,58.79,25.0,365,23,53,88.18,22.045
6037899648,669378,1,212.14,Potatoes,Fruits & Vegetables,Chadha and Sons,212.14,282.85,25.0,3,23,70,212.14,53.035
9347571484,112390,2,877.98,Toothpaste,Personal Care,"Kibe, Contractor and Randhawa",877.98,1350.74,35.0,365,23,85,1755.96,614.586
3286177534,891833,1,493.19,Curd,Dairy & Breakfast,Mani PLC,493.19,616.49,20.0,7,11,69,493.19,98.638
9073572548,60619,1,726.41,Iced Tea,Cold Drinks & Juices,Bhasin LLC,726.41,1037.73,30.0,180,10,97,726.41,217.92299999999997
8395583761,561860,3,874.78,Orange Juice,Cold Drinks & Juices,Gupta Ltd,874.78,1249.69,30.0,180,21,90,2624.34,787.302
6355378227,993331,1,102.44,Pulses,Grocery & Staples,"Parmer, Gola and Yogi",102.44,120.52,15.0,365,28,86,102.44,15.366
277376321,94225,3,77.11,Toilet Cleaner,Household Care,"Gulati, Ram and Sarkar",77.11,102.81,25.0,365,13,70,231.32999999999998,57.832499999999996
8559748526,552496,1,508.0,Dish Soap,Household Care,Dhar PLC,508.0,677.33,25.0,365,17,59,508.0,127.0
1458051433,57405,3,607.67,Baby Food,Baby Care,Srinivas PLC,607.67,868.1,30.0,365,21,64,1823.0099999999998,546.9029999999999
5838302640,240179,3,90.56,Cough Syrup,Pharmacy,Ram-Suri,90.56,113.2,20.0,365,20,56,271.68,54.336000000000006
1380971977,602241,3,976.55,Nuts,Snacks & Munchies,Bahl-Pau,976.55,1502.38,35.0,90,12,75,2929.6499999999996,1025.3774999999998
1221099013,131937,1,287.81,Frozen Pizza,Instant & Frozen Food,"Varkey, Devi and Ganguly",287.81,479.68,40.0,180,18,68,287.81,115.12400000000001
6771166303,677542,3,212.61,Toilet Cleaner,Household Care,Thaman-Lanka,212.61,283.48,25.0,365,10,52,637.83,159.4575
7111337755,888807,3,230.58,Bread,Dairy & Breakfast,Arya Group,230.58,288.23,20.0,7,13,91,691.74,138.348
5562922993,540618,1,317.05,Popcorn,Snacks & Munchies,Golla-Luthra,317.05,487.77,35.0,90,28,87,317.05,110.9675
5630957897,876139,2,415.75,Pulses,Grocery & Staples,Cherian-Dara,415.75,489.12,15.0,365,14,83,831.5,124.725
1787380558,444361,3,822.63,Pain Reliever,Pharmacy,"Prakash, Bawa and Kale",822.63,1028.29,20.0,365,20,71,2467.89,493.578
32613017,451812,1,530.85,Pain Reliever,Pharmacy,"Batra, Sant and Mandal",530.85,663.56,20.0,365,29,63,530.85,106.17000000000002
2039041670,287070,1,443.17,Wheat Flour,Grocery & Staples,"Gala, Magar and Rajagopal",443.17,521.38,15.0,365,20,93,443.17,66.4755
210693801,432617,3,863.18,Baby Wipes,Baby Care,Dora-Pillai,863.18,1233.11,30.0,365,17,97,2589.54,776.862
8120002258,131937,1,287.81,Frozen Pizza,Instant & Frozen Food,"Varkey, Devi and Ganguly",287.81,479.68,40.0,180,18,68,287.81,115.12400000000001
2177917034,144124,2,162.67,Detergent,Household Care,Lalla-Srinivasan,162.67,216.89,25.0,365,11,82,325.34,81.335
4254814926,324809,1,608.0,Bread,Dairy & Breakfast,Sidhu PLC,608.0,760.0,20.0,7,26,76,608.0,121.60000000000001
6074172790,888807,2,230.58,Bread,Dairy & Breakfast,Arya Group,230.58,288.23,20.0,7,13,91,461.16,92.23200000000001
3381573131,684939,1,727.95,Lotion,Personal Care,"Sibal, Bhatnagar and Rajan",727.95,1119.92,35.0,365,22,50,727.95,254.7825
3773745777,734789,1,395.82,Popcorn,Snacks & Munchies,"Chaudhari, Pant and Singh",395.82,608.95,35.0,90,22,66,395.82,138.53699999999998
9251939156,876139,3,415.75,Pulses,Grocery & Staples,Cherian-Dara,415.75,489.12,15.0,365,14,83,1247.25,187.0875
3872982303,56589,2,517.77,Vitamins,Pharmacy,"Pai, Kashyap and Ramachandran",517.77,647.21,20.0,365,16,85,1035.54,207.108
2625987757,890232,1,432.0,Mango Drink,Cold Drinks & Juices,Jha Group,432.0,617.14,30.0,180,20,91,432.0,129.6
3162249401,432617,1,863.18,Baby Wipes,Baby Care,Dora-Pillai,863.18,1233.11,30.0,365,17,97,863.18,258.95399999999995
3108986741,687218,3,317.82,Mango Drink,Cold Drinks & Juices,"Sankaran, Pall and Gola",317.82,454.03,30.0,180,22,58,953.46,286.038
1851474741,970529,3,827.44,Diapers,Baby Care,"Kurian, Patla and Sanghvi",827.44,1182.06,30.0,365,19,84,2482.32,744.696
2425099132,604184,2,397.55,Toilet Cleaner,Household Care,"Gaba, Sodhi and Choudhary",397.55,530.07,25.0,365,24,84,795.1,198.775
6706793332,615545,2,448.16,Soap,Personal Care,Barman Inc,448.16,689.48,35.0,365,20,67,896.32,313.712
2149289255,567671,3,418.48,Biscuits,Snacks & Munchies,Nagar LLC,418.48,643.82,35.0,90,12,90,1255.44,439.404
1971008155,222892,1,869.22,Tomatoes,Fruits & Vegetables,Ramakrishnan-Ghose,869.22,1158.96,25.0,3,28,88,869.22,217.305
2087093460,34186,2,925.65,Mangoes,Fruits & Vegetables,Mandal-Kar,925.65,1234.2,25.0,3,27,74,1851.3,462.825
2116712588,891833,1,493.19,Curd,Dairy & Breakfast,Mani PLC,493.19,616.49,20.0,7,11,69,493.19,98.638
6054358790,532965,1,307.23,Frozen Pizza,Instant & Frozen Food,Sachdev Inc,307.23,512.05,40.0,180,20,94,307.23,122.89200000000001
532660797,962054,2,16.86,Orange Juice,Cold Drinks & Juices,Toor-Nagar,16.86,24.09,30.0,180,11,74,33.72,10.116
1491991005,33955,1,186.08,Frozen Pizza,Instant & Frozen Food,Baral Group,186.08,310.13,40.0,180,29,84,186.08,74.432
4136019599,644847,3,622.81,Salt,Grocery & Staples,"Jhaveri, Kata and Kapur",622.81,732.72,15.0,365,24,52,1868.4299999999998,280.26449999999994
2122832513,954722,1,616.45,Ice Cream,Instant & Frozen Food,Mohan-Virk,616.45,1027.42,40.0,180,11,58,616.45,246.58000000000004
3717703595,500633,3,154.5,Cereal,Dairy & Breakfast,Trivedi-Ahluwalia,154.5,193.12,20.0,7,24,87,463.5,92.7
3194733693,240179,2,90.56,Cough Syrup,Pharmacy,Ram-Suri,90.56,113.2,20.0,365,20,56,181.12,36.224000000000004
4471162437,820973,1,114.52,Baby Wipes,Baby Care,Lall LLC,114.52,163.6,30.0,365,29,56,114.52,34.355999999999995
1609331948,490602,3,549.47,Sugar,Grocery & Staples,Raghavan Inc,549.47,646.44,15.0,365,20,71,1648.41,247.2615
6920030794,256783,2,906.54,Pet Treats,Pet Care,"Basu, Thakur and Rege",906.54,1394.68,35.0,365,16,98,1813.08,634.578
5127172657,913428,2,392.22,Pet Treats,Pet Care,Narayanan-Kumar,392.22,603.42,35.0,365,30,98,784.44,274.554
8607115856,324809,1,608.0,Bread,Dairy & Breakfast,Sidhu PLC,608.0,760.0,20.0,7,26,76,608.0,121.60000000000001
7154957395,516376,1,877.43,Onions,Fruits & Vegetables,Agarwal-Dhar,877.43,1169.91,25.0,3,21,71,877.43,219.3575
2070762702,566052,3,87.3,Pain Reliever,Pharmacy,"Apte, Soman and Raju",87.3,109.12,20.0,365,14,53,261.9,52.379999999999995
3697242439,897083,2,972.69,Detergent,Household Care,Dutta-Halder,972.69,1296.92,25.0,365,10,100,1945.38,486.345
3063427913,799952,2,922.64,Cheese,Dairy & Breakfast,Padmanabhan-Virk,922.64,1153.3,20.0,7,13,66,1845.28,369.05600000000004
2060061337,690565,1,951.27,Cookies,Snacks & Munchies,"Roy, Seth and Patla",951.27,1463.49,35.0,90,15,56,951.27,332.94449999999995
4625892678,317242,1,198.15,Pulses,Grocery & Staples,Rastogi Group,198.15,233.12,15.0,365,22,63,198.15,29.7225
6045698170,965755,3,532.57,Bananas,Fruits & Vegetables,"Doshi, Sarraf and Sama",532.57,710.09,25.0,3,21,91,1597.71,399.4275
7876289647,863930,1,242.57,Shampoo,Personal Care,"Sathe, Agarwal and Dhar",242.57,373.18,35.0,365,26,72,242.57,84.89949999999999
3434084714,264803,2,995.98,Vitamins,Pharmacy,Gole-Doshi,995.98,1244.97,20.0,365,17,69,1991.96,398.39200000000005
9031695663,697683,1,123.74,Toilet Cleaner,Household Care,"Murty, Varghese and Saxena",123.74,164.99,25.0,365,14,82,123.74,30.935
1955989715,679284,1,877.89,Cough Syrup,Pharmacy,Pant LLC,877.89,1097.36,20.0,365,28,95,877.89,175.578
3459500455,992178,1,632.43,Pain Reliever,Pharmacy,Basu and Sons,632.43,790.54,20.0,365,16,89,632.43,126.48599999999999
5953376503,300159,1,44.35,Cola,Cold Drinks & Juices,"Basu, Rout and Mistry",44.35,63.36,30.0,180,20,93,44.35,13.305
121874867,952124,3,127.08,Onions,Fruits & Vegetables,"Wali, Sood and Bala",127.08,169.44,25.0,3,15,50,381.24,95.31
2460545397,925482,1,475.04,Frozen Biryani,Instant & Frozen Food,Viswanathan-Sha,475.04,791.73,40.0,180,23,66,475.04,190.01600000000002
9690050839,500633,2,154.5,Cereal,Dairy & Breakfast,Trivedi-Ahluwalia,154.5,193.12,20.0,7,24,87,309.0,61.800000000000004
2574349065,123983,3,785.67,Cough Syrup,Pharmacy,Kurian-Chhabra,785.67,982.09,20.0,365,25,72,2357.0099999999998,471.402
2461936988,272170,2,140.8,Ice Cream,Instant & Frozen Food,Purohit Group,140.8,234.67,40.0,180,10,92,281.6,112.64000000000001
6447596416,70969,1,631.7,Carrots,Fruits & Vegetables,Mohan Group,631.7,842.27,25.0,3,25,96,631.7,157.925
7228452275,757274,2,98.32,Pet Treats,Pet Care,"Minhas, Kapoor and Sethi",98.32,151.26,35.0,365,27,95,196.64,68.82399999999998
6696750742,14145,2,630.84,Spinach,Fruits & Vegetables,"Thakur, Shah and Pingle",630.84,841.12,25.0,3,14,53,1261.68,315.42
822235931,611575,3,482.06,Frozen Pizza,Instant & Frozen Food,"Bhat, Nigam and Hayer",482.06,803.43,40.0,180,25,87,1446.18,578.4720000000001
7678251499,704868,1,193.46,Detergent,Household Care,"Parikh, Oak and Kara",193.46,257.95,25.0,365,24,58,193.46,48.365
2497341976,451933,1,568.94,Wheat Flour,Grocery & Staples,Nadig Ltd,568.94,669.34,15.0,365,28,98,568.94,85.34100000000001
9107314128,820541,3,576.22,Toilet Cleaner,Household Care,"Borde, Peri and Upadhyay",576.22,768.29,25.0,365,19,71,1728.66,432.165
9855726256,349294,2,934.75,Onions,Fruits & Vegetables,Ganesan Ltd,934.75,1246.33,25.0,3,25,70,1869.5,467.375
9398719862,615545,2,448.16,Soap,Personal Care,Barman Inc,448.16,689.48,35.0,365,20,67,896.32,313.712
379494532,654297,3,13.25,Potatoes,Fruits & Vegetables,Chandran-Dass,13.25,17.67,25.0,3,20,86,39.75,9.9375
1048784963,451933,2,568.94,Wheat Flour,Grocery & Staples,Nadig Ltd,568.94,669.34,15.0,365,28,98,1137.88,170.68200000000002
4386246924,613942,2,545.0,Pet Treats,Pet Care,"Dyal, Saraf and Goel",545.0,838.46,35.0,365,28,72,1090.0,381.5
2050362692,366066,1,918.58,Soap,Personal Care,Mandal LLC,918.58,1413.2,35.0,365,16,52,918.58,321.503
4142963293,287070,1,443.17,Wheat Flour,Grocery & Staples,"Gala, Magar and Rajagopal",443.17,521.38,15.0,365,20,93,443.17,66.4755
9753528654,137909,1,864.3,Cough Syrup,Pharmacy,Dalal PLC,864.3,1080.37,20.0,365,23,65,864.3,172.86
8126970833,700048,3,141.28,Dish Soap,Household Care,Khalsa-Bhavsar,141.28,188.37,25.0,365,25,98,423.84000000000003,105.96000000000001
9747814712,256783,2,906.54,Pet Treats,Pet Care,"Basu, Thakur and Rege",906.54,1394.68,35.0,365,16,98,1813.08,634.578
6281619403,131136,2,37.8,Salt,Grocery & Staples,Deshpande-Rama,37.8,44.47,15.0,365,29,95,75.6,11.339999999999998
436184281,15314,3,578.85,Cheese,Dairy & Breakfast,Banik-Ratta,578.85,723.56,20.0,7,30,91,1736.5500000000002,347.31000000000006
9799231260,39154,3,946.86,Mangoes,Fruits & Vegetables,"Suresh, Bose and Bajwa",946.86,1262.48,25.0,3,21,84,2840.58,710.145
4071811527,661577,1,720.95,Cat Food,Pet Care,Majumdar PLC,720.95,1109.15,35.0,365,28,95,720.95,252.3325
5645359563,723678,3,675.46,Dog Food,Pet Care,"Lall, Datta and Swamy",675.46,1039.17,35.0,365,14,97,2026.38,709.233
9411813703,557908,3,942.37,Vitamins,Pharmacy,Sundaram Inc,942.37,1177.96,20.0,365,14,53,2827.11,565.422
4270217473,336847,2,936.98,Toilet Cleaner,Household Care,"Dayal, Mammen and More",936.98,1249.31,25.0,365,17,55,1873.96,468.49
279851011,34186,3,925.65,Mangoes,Fruits & Vegetables,Mandal-Kar,925.65,1234.2,25.0,3,27,74,2776.95,694.2375
6260524887,94225,2,77.11,Toilet Cleaner,Household Care,"Gulati, Ram and Sarkar",77.11,102.81,25.0,365,13,70,154.22,38.555
5853998391,257719,2,281.73,Eggs,Dairy & Breakfast,Chaudhuri PLC,281.73,352.16,20.0,7,17,93,563.46,112.69200000000001
9931976872,118820,3,12.32,Iced Tea,Cold Drinks & Juices,"Warrior, Ravel and Amble",12.32,17.6,30.0,180,12,61,36.96,11.088
8432209832,336847,1,936.98,Toilet Cleaner,Household Care,"Dayal, Mammen and More",936.98,1249.31,25.0,365,17,55,936.98,234.245
6023721507,327290,1,862.28,Sugar,Grocery & Staples,Nadkarni Inc,862.28,1014.45,15.0,365,22,65,862.28,129.34199999999998
3042338919,679284,3,877.89,Cough Syrup,Pharmacy,Pant LLC,877.89,1097.36,20.0,365,28,95,2633.67,526.734
233646065,803607,1,949.73,Soap,Personal Care,"Kadakia, Mohan and Sathe",949.73,1461.12,35.0,365,21,98,949.73,332.40549999999996
9870610018,615545,2,448.16,Soap,Personal Care,Barman Inc,448.16,689.48,35.0,365,20,67,896.32,313.712
1398230967,951463,3,787.4,Pet Treats,Pet Care,Balakrishnan-Kaur,787.4,1211.38,35.0,365,16,82,2362.2,826.7699999999999
8615488922,566052,3,87.3,Pain Reliever,Pharmacy,"Apte, Soman and Raju",87.3,109.12,20.0,365,14,53,261.9,52.379999999999995
2748841057,552496,2,508.0,Dish Soap,Household Care,Dhar PLC,508.0,677.33,25.0,365,17,59,1016.0,254.0
1375867721,500633,3,154.5,Cereal,Dairy & Breakfast,Trivedi-Ahluwalia,154.5,193.12,20.0,7,24,87,463.5,92.7
8595141097,274207,1,328.51,Cough Syrup,Pharmacy,"Savant, Batta and Mander",328.51,410.64,20.0,365,25,51,328.51,65.702
4673382071,256783,1,906.54,Pet Treats,Pet Care,"Basu, Thakur and Rege",906.54,1394.68,35.0,365,16,98,906.54,317.289
2948696008,131937,2,287.81,Frozen Pizza,Instant & Frozen Food,"Varkey, Devi and Ganguly",287.81,479.68,40.0,180,18,68,575.62,230.24800000000002
6839692624,67197,2,552.2,Butter,Dairy & Breakfast,Shetty-Bora,552.2,690.25,20.0,7,20,79,1104.4,220.88000000000002
5770951298,329351,3,310.87,Cheese,Dairy & Breakfast,"Lala, Kalita and Sathe",310.87,388.59,20.0,7,23,95,932.61,186.52200000000002
5084771819,154179,2,582.87,Pain Reliever,Pharmacy,"Barad, Devi and Andra",582.87,728.59,20.0,365,10,59,1165.74,233.14800000000002
422403644,317242,1,198.15,Pulses,Grocery & Staples,Rastogi Group,198.15,233.12,15.0,365,22,63,198.15,29.7225
7176758896,492958,2,84.2,Lotion,Personal Care,Acharya PLC,84.2,129.54,35.0,365,26,88,168.4,58.94
8252905093,647462,3,326.42,Lotion,Personal Care,"Balan, Samra and Sekhon",326.42,502.18,35.0,365,22,64,979.26,342.741
1488561572,585299,1,799.46,Pet Treats,Pet Care,"Sharma, Chandra and Prashad",799.46,1229.94,35.0,365,13,50,799.46,279.811
6212984517,853932,1,941.19,Baby Wipes,Baby Care,Ranganathan-Peri,941.19,1344.56,30.0,365,21,94,941.19,282.357
6309784337,120532,1,697.53,Wheat Flour,Grocery & Staples,Nazareth Ltd,697.53,820.62,15.0,365,29,95,697.53,104.6295
4613890018,490602,1,549.47,Sugar,Grocery & Staples,Raghavan Inc,549.47,646.44,15.0,365,20,71,549.47,82.4205
3429728472,851978,1,715.72,Vitamins,Pharmacy,Parsa-Bala,715.72,894.65,20.0,365,28,92,715.72,143.144
267738904,606256,2,369.28,Frozen Biryani,Instant & Frozen Food,Agate Ltd,369.28,615.47,40.0,180,16,57,738.56,295.424
3850416839,697683,3,123.74,Toilet Cleaner,Household Care,"Murty, Varghese and Saxena",123.74,164.99,25.0,365,14,82,371.21999999999997,92.80499999999999
3412702479,444361,3,822.63,Pain Reliever,Pharmacy,"Prakash, Bawa and Kale",822.63,1028.29,20.0,365,20,71,2467.89,493.578
2016183232,14145,3,630.84,Spinach,Fruits & Vegetables,"Thakur, Shah and Pingle",630.84,841.12,25.0,3,14,53,1892.52,473.13
3810280204,880510,3,951.43,Bread,Dairy & Breakfast,Roy-Char,951.43,1189.29,20.0,7,29,54,2854.29,570.8580000000001
2416767295,284460,1,505.95,Potatoes,Fruits & Vegetables,"Ramakrishnan, Anand and Khare",505.95,674.6,25.0,3,21,85,505.95,126.4875
2283439407,376447,1,724.84,Butter,Dairy & Breakfast,Gara and Sons,724.84,906.05,20.0,7,17,64,724.84,144.96800000000002
4328802292,378676,2,881.42,Orange Juice,Cold Drinks & Juices,Baral-Kamdar,881.42,1259.17,30.0,180,19,65,1762.84,528.852
7072715691,863930,2,242.57,Shampoo,Personal Care,"Sathe, Agarwal and Dhar",242.57,373.18,35.0,365,26,72,485.14,169.79899999999998
5640741373,89084,2,598.83,Milk,Dairy & Breakfast,"Wali, Virk and Iyer",598.83,748.54,20.0,7,27,74,1197.66,239.53200000000004
6931094066,461804,3,310.69,Sugar,Grocery & Staples,"Ghose, Ben and Divan",310.69,365.52,15.0,365,15,97,932.0699999999999,139.8105
3417088709,366066,3,918.58,Soap,Personal Care,Mandal LLC,918.58,1413.2,35.0,365,16,52,2755.7400000000002,964.509
4424404315,313754,2,136.6,Biscuits,Snacks & Munchies,"Swaminathan, Mahal and Dara",136.6,210.15,35.0,90,25,67,273.2,95.61999999999999
2444087306,366066,1,918.58,Soap,Personal Care,Mandal LLC,918.58,1413.2,35.0,365,16,52,918.58,321.503
486085268,354409,3,325.08,Pulses,Grocery & Staples,Bose-Pandit,325.08,382.45,15.0,365,24,60,975.24,146.286
1731312620,589812,1,163.03,Detergent,Household Care,Bir PLC,163.03,217.37,25.0,365,22,52,163.03,40.7575
6475582506,140489,2,650.2,Soap,Personal Care,"Biswas, Kapoor and Patel",650.2,1000.31,35.0,365,28,95,1300.4,455.14
1868581378,552883,3,888.16,Potatoes,Fruits & Vegetables,"Balan, Patel and Mall",888.16,1184.21,25.0,3,18,94,2664.48,666.12
8884235937,859361,2,432.39,Shampoo,Personal Care,Mitter Group,432.39,665.22,35.0,365,25,77,864.78,302.67299999999994
4590662628,131937,2,287.81,Frozen Pizza,Instant & Frozen Food,"Varkey, Devi and Ganguly",287.81,479.68,40.0,180,18,68,575.62,230.24800000000002
992302540,993331,2,102.44,Pulses,Grocery & Staples,"Parmer, Gola and Yogi",102.44,120.52,15.0,365,28,86,204.88,30.732
7169974633,153019,2,947.95,Onions,Fruits & Vegetables,Aurora LLC,947.95,1263.93,25.0,3,13,88,1895.9,473.975
6703651257,954722,1,616.45,Ice Cream,Instant & Frozen Food,Mohan-Virk,616.45,1027.42,40.0,180,11,58,616.45,246.58000000000004
7180810221,659290,3,319.34,Cheese,Dairy & Breakfast,Kapadia-D’Alia,319.34,399.17,20.0,7,18,66,958.02,191.604
7875587578,832348,1,831.43,Biscuits,Snacks & Munchies,Jani-Ram,831.43,1279.12,35.0,90,10,79,831.43,291.0005
2578671497,118820,2,12.32,Iced Tea,Cold Drinks & Juices,"Warrior, Ravel and Amble",12.32,17.6,30.0,180,12,61,24.64,7.3919999999999995
6284350691,112390,2,877.98,Toothpaste,Personal Care,"Kibe, Contractor and Randhawa",877.98,1350.74,35.0,365,23,85,1755.96,614.586
5383261788,557908,2,942.37,Vitamins,Pharmacy,Sundaram Inc,942.37,1177.96,20.0,365,14,53,1884.74,376.94800000000004
6590867973,712307,2,264.89,Orange Juice,Cold Drinks & Juices,Chana LLC,264.89,378.41,30.0,180,16,73,529.78,158.934
8787105023,398340,1,651.93,Instant Noodles,Instant & Frozen Food,"Nadig, Zachariah and Soni",651.93,1086.55,40.0,180,11,56,651.93,260.772
1402916311,516376,2,877.43,Onions,Fruits & Vegetables,Agarwal-Dhar,877.43,1169.91,25.0,3,21,71,1754.86,438.715
9715205272,440875,2,275.03,Baby Wipes,Baby Care,Loyal Inc,275.03,392.9,30.0,365,15,80,550.06,165.01799999999997
3946852375,894539,3,445.48,Dish Soap,Household Care,"Pall, Sule and Sood",445.48,593.97,25.0,365,14,93,1336.44,334.11
3367039425,385113,1,816.38,Lotion,Personal Care,"Sampath, Mane and Mody",816.38,1255.97,35.0,365,21,50,816.38,285.733
687711388,542300,3,255.35,Popcorn,Snacks & Munchies,Gulati-Tandon,255.35,392.85,35.0,90,11,66,766.05,268.11749999999995
647012431,18035,2,968.94,Dish Soap,Household Care,Ramesh Inc,968.94,1291.92,25.0,365,12,87,1937.88,484.47
7143278295,647462,1,326.42,Lotion,Personal Care,"Balan, Samra and Sekhon",326.42,502.18,35.0,365,22,64,326.42,114.247
9736844695,564692,1,215.65,Cat Food,Pet Care,"Krishna, Bail and Dyal",215.65,331.77,35.0,365,25,82,215.65,75.47749999999999
5933289680,747801,2,277.76,Toilet Cleaner,Household Care,Saha-Vora,277.76,370.35,25.0,365,23,71,555.52,138.88
9494303116,336847,3,936.98,Toilet Cleaner,Household Care,"Dayal, Mammen and More",936.98,1249.31,25.0,365,17,55,2810.94,702.735
9337878102,654623,3,422.14,Chips,Snacks & Munchies,Pradhan and Sons,422.14,649.45,35.0,90,18,76,1266.42,443.247
6872621077,228286,2,179.08,Cola,Cold Drinks & Juices,Bhattacharyya PLC,179.08,255.83,30.0,180,26,79,358.16,107.44800000000001
7330237253,677169,1,261.03,Cough Syrup,Pharmacy,Char-Divan,261.03,326.29,20.0,365,12,77,261.03,52.205999999999996
7942616242,970529,3,827.44,Diapers,Baby Care,"Kurian, Patla and Sanghvi",827.44,1182.06,30.0,365,19,84,2482.32,744.696
238520071,537274,2,702.71,Pet Treats,Pet Care,Lal-Chauhan,702.71,1081.09,35.0,365,17,67,1405.42,491.897
5812379362,833557,1,422.87,Cereal,Dairy & Breakfast,"Gole, Chand and Dada",422.87,528.59,20.0,7,27,69,422.87,84.57400000000001
2616623847,853932,3,941.19,Baby Wipes,Baby Care,Ranganathan-Peri,941.19,1344.56,30.0,365,21,94,2823.57,847.071
2040854480,684939,1,727.95,Lotion,Personal Care,"Sibal, Bhatnagar and Rajan",727.95,1119.92,35.0,365,22,50,727.95,254.7825
5456484560,324809,1,608.0,Bread,Dairy & Breakfast,Sidhu PLC,608.0,760.0,20.0,7,26,76,608.0,121.60000000000001
883309006,131748,1,81.35,Dog Food,Pet Care,"Shroff, Wason and Dugar",81.35,125.15,35.0,365,30,53,81.35,28.472499999999997
6528341992,336847,2,936.98,Toilet Cleaner,Household Care,"Dayal, Mammen and More",936.98,1249.31,25.0,365,17,55,1873.96,468.49
3263203775,563740,1,96.33,Chips,Snacks & Munchies,Mann-Kapadia,96.33,148.2,35.0,90,20,61,96.33,33.7155
3660010934,613942,3,545.0,Pet Treats,Pet Care,"Dyal, Saraf and Goel",545.0,838.46,35.0,365,28,72,1635.0,572.25
7944885043,760828,1,563.45,Pet Treats,Pet Care,"Khurana, Khosla and Yohannan",563.45,866.85,35.0,365,23,93,563.45,197.2075
2506369831,144124,2,162.67,Detergent,Household Care,Lalla-Srinivasan,162.67,216.89,25.0,365,11,82,325.34,81.335
697061213,398340,2,651.93,Instant Noodles,Instant & Frozen Food,"Nadig, Zachariah and Soni",651.93,1086.55,40.0,180,11,56,1303.86,521.544
7079057004,714999,2,882.51,Bread,Dairy & Breakfast,Kala Group,882.51,1103.14,20.0,7,27,81,1765.02,353.004
1556153632,739448,3,755.66,Dish Soap,Household Care,Mand-Choudhry,755.66,1007.55,25.0,365,24,79,2266.98,566.745
2161235338,704868,3,193.46,Detergent,Household Care,"Parikh, Oak and Kara",193.46,257.95,25.0,365,24,58,580.38,145.095
1247978468,712003,1,671.68,Cola,Cold Drinks & Juices,"Karan, Bandi and Acharya",671.68,959.54,30.0,180,30,54,671.68,201.504
5437627061,679865,1,347.91,Wheat Flour,Grocery & Staples,Memon-Barad,347.91,409.31,15.0,365,14,85,347.91,52.1865
9091960039,689769,1,46.62,Frozen Vegetables,Instant & Frozen Food,Kothari-Datta,46.62,77.7,40.0,180,17,51,46.62,18.648
619198317,194682,1,912.29,Iced Tea,Cold Drinks & Juices,Sastry-Issac,912.29,1303.27,30.0,180,11,86,912.29,273.68699999999995
9833179291,272170,2,140.8,Ice Cream,Instant & Frozen Food,Purohit Group,140.8,234.67,40.0,180,10,92,281.6,112.64000000000001
4148760273,51036,2,931.61,Baby Food,Baby Care,Karnik PLC,931.61,1330.87,30.0,365,12,86,1863.22,558.966
7206041763,124290,3,39.65,Lotion,Personal Care,Sachdev Group,39.65,61.0,35.0,365,23,71,118.94999999999999,41.63249999999999
690097648,291238,2,746.03,Chocolates,Snacks & Munchies,"Sinha, Pau and Chhabra",746.03,1147.74,35.0,90,16,68,1492.06,522.221
4197061567,621677,3,317.8,Frozen Biryani,Instant & Frozen Food,Sabharwal-Mital,317.8,529.67,40.0,180,15,71,953.4000000000001,381.36000000000007
2009394836,237083,3,577.13,Cough Syrup,Pharmacy,Hayer-Banerjee,577.13,721.41,20.0,365,24,86,1731.3899999999999,346.278
277502363,667163,1,441.2,Orange Juice,Cold Drinks & Juices,Palla LLC,441.2,630.29,30.0,180,25,72,441.2,132.35999999999999
4356959622,91670,2,439.24,Dish Soap,Household Care,Barman-Ahluwalia,439.24,585.65,25.0,365,27,88,878.48,219.62
174306009,832348,1,831.43,Biscuits,Snacks & Munchies,Jani-Ram,831.43,1279.12,35.0,90,10,79,831.43,291.0005
9582674091,433521,2,321.33,Diapers,Baby Care,Mahal Group,321.33,459.04,30.0,365,27,58,642.66,192.79799999999997
8675579025,317242,1,198.15,Pulses,Grocery & Staples,Rastogi Group,198.15,233.12,15.0,365,22,63,198.15,29.7225
5195999941,34186,3,925.65,Mangoes,Fruits & Vegetables,Mandal-Kar,925.65,1234.2,25.0,3,27,74,2776.95,694.2375
5210007923,492958,1,84.2,Lotion,Personal Care,Acharya PLC,84.2,129.54,35.0,365,26,88,84.2,29.47
6595771960,949818,3,483.05,Biscuits,Snacks & Munchies,Yohannan Inc,483.05,743.15,35.0,90,21,76,1449.15,507.2025
4247338382,354409,1,325.08,Pulses,Grocery & Staples,Bose-Pandit,325.08,382.45,15.0,365,24,60,325.08,48.76199999999999
819143326,891833,2,493.19,Curd,Dairy & Breakfast,Mani PLC,493.19,616.49,20.0,7,11,69,986.38,197.276
3830844750,487065,3,374.68,Chips,Snacks & Munchies,Kadakia-Yadav,374.68,576.43,35.0,90,27,87,1124.04,393.414
1687314172,378287,2,332.84,Lemonade,Cold Drinks & Juices,Ramesh-Jain,332.84,475.49,30.0,180,22,51,665.68,199.70399999999998
6756007265,820973,1,114.52,Baby Wipes,Baby Care,Lall LLC,114.52,163.6,30.0,365,29,56,114.52,34.355999999999995
489762747,349294,2,934.75,Onions,Fruits & Vegetables,Ganesan Ltd,934.75,1246.33,25.0,3,25,70,1869.5,467.375
7509195875,704868,1,193.46,Detergent,Household Care,"Parikh, Oak and Kara",193.46,257.95,25.0,365,24,58,193.46,48.365
2370917070,500739,1,359.98,Bread,Dairy & Breakfast,Aggarwal Group,359.98,449.98,20.0,7,18,81,359.98,71.99600000000001
2055388266,107548,1,891.6,Cola,Cold Drinks & Juices,"Bhandari, Bhasin and Palan",891.6,1273.71,30.0,180,27,53,891.6,267.48
8969304162,9436,2,88.43,Toothpaste,Personal Care,Naidu PLC,88.43,136.05,35.0,365,19,76,176.86,61.901
5412674107,644847,2,622.81,Salt,Grocery & Staples,"Jhaveri, Kata and Kapur",622.81,732.72,15.0,365,24,52,1245.62,186.843
1536516619,313754,3,136.6,Biscuits,Snacks & Munchies,"Swaminathan, Mahal and Dara",136.6,210.15,35.0,90,25,67,409.79999999999995,143.42999999999998
3858907413,51036,1,931.61,Baby Food,Baby Care,Karnik PLC,931.61,1330.87,30.0,365,12,86,931.61,279.483
4976389251,4452,1,169.88,Baby Wipes,Baby Care,Morar-Mistry,169.88,242.69,30.0,365,27,100,169.88,50.964
2218319201,378287,1,332.84,Lemonade,Cold Drinks & Juices,Ramesh-Jain,332.84,475.49,30.0,180,22,51,332.84,99.85199999999999
6729422433,552496,2,508.0,Dish Soap,Household Care,Dhar PLC,508.0,677.33,25.0,365,17,59,1016.0,254.0
1354097448,15314,2,578.85,Cheese,Dairy & Breakfast,Banik-Ratta,578.85,723.56,20.0,7,30,91,1157.7,231.54000000000002
8952275304,757274,3,98.32,Pet Treats,Pet Care,"Minhas, Kapoor and Sethi",98.32,151.26,35.0,365,27,95,294.96,103.23599999999999
436603801,557908,2,942.37,Vitamins,Pharmacy,Sundaram Inc,942.37,1177.96,20.0,365,14,53,1884.74,376.94800000000004
5273875984,859361,1,432.39,Shampoo,Personal Care,Mitter Group,432.39,665.22,35.0,365,25,77,432.39,151.33649999999997
9290203003,714999,1,882.51,Bread,Dairy & Breakfast,Kala Group,882.51,1103.14,20.0,7,27,81,882.51,176.502
6240982373,70969,3,631.7,Carrots,Fruits & Vegetables,Mohan Group,631.7,842.27,25.0,3,25,96,1895.1000000000001,473.77500000000003
2718348206,243235,2,109.03,Cat Food,Pet Care,Batta Inc,109.03,167.74,35.0,365,14,71,218.06,76.321
4903544026,470449,3,827.77,Frozen Biryani,Instant & Frozen Food,Kohli-Sawhney,827.77,1379.62,40.0,180,27,57,2483.31,993.3240000000001
2827266949,937542,3,97.04,Wheat Flour,Grocery & Staples,Khurana and Sons,97.04,114.16,15.0,365,28,93,291.12,43.668
4278423074,880510,2,951.43,Bread,Dairy & Breakfast,Roy-Char,951.43,1189.29,20.0,7,29,54,1902.86,380.572
645916247,812607,1,416.65,Potatoes,Fruits & Vegetables,Rege Group,416.65,555.53,25.0,3,11,63,416.65,104.1625
5816647866,432617,2,863.18,Baby Wipes,Baby Care,Dora-Pillai,863.18,1233.11,30.0,365,17,97,1726.36,517.9079999999999
7282397914,600767,1,722.42,Toothpaste,Personal Care,Balan Group,722.42,1111.42,35.0,365,22,68,722.42,252.84699999999998
3260611473,712307,1,264.89,Orange Juice,Cold Drinks & Juices,Chana LLC,264.89,378.41,30.0,180,16,73,264.89,79.467
8638163868,832348,1,831.43,Biscuits,Snacks & Munchies,Jani-Ram,831.43,1279.12,35.0,90,10,79,831.43,291.0005
177850987,237083,2,577.13,Cough Syrup,Pharmacy,Hayer-Banerjee,577.13,721.41,20.0,365,24,86,1154.26,230.852
9653859166,272170,1,140.8,Ice Cream,Instant & Frozen Food,Purohit Group,140.8,234.67,40.0,180,10,92,140.8,56.32000000000001
9991338690,26060,1,342.94,Vitamins,Pharmacy,Shah and Sons,342.94,428.67,20.0,365,25,57,342.94,68.58800000000001
1714593246,613942,3,545.0,Pet Treats,Pet Care,"Dyal, Saraf and Goel",545.0,838.46,35.0,365,28,72,1635.0,572.25
9742461226,478531,3,825.46,Carrots,Fruits & Vegetables,Uppal Group,825.46,1100.61,25.0,3,24,90,2476.38,619.095
3314393477,901144,3,340.36,Sugar,Grocery & Staples,Deo-Kamdar,340.36,400.42,15.0,365,12,71,1021.08,153.162
4188317986,951463,1,787.4,Pet Treats,Pet Care,Balakrishnan-Kaur,787.4,1211.38,35.0,365,16,82,787.4,275.59
1646665366,654297,3,13.25,Potatoes,Fruits & Vegetables,Chandran-Dass,13.25,17.67,25.0,3,20,86,39.75,9.9375
9558804585,953175,2,225.21,Baby Food,Baby Care,Sehgal-Nagarajan,225.21,321.73,30.0,365,11,73,450.42,135.126
9047652469,319388,3,657.8,Orange Juice,Cold Drinks & Juices,D’Alia-Dey,657.8,939.71,30.0,180,26,56,1973.3999999999999,592.02
2893800377,187399,1,53.49,Frozen Pizza,Instant & Frozen Food,Chauhan Inc,53.49,89.15,40.0,180,14,73,53.49,21.396
6139157985,753354,3,423.56,Shampoo,Personal Care,Sant-Mahajan,423.56,651.63,35.0,365,20,52,1270.68,444.738
6029394789,803607,1,949.73,Soap,Personal Care,"Kadakia, Mohan and Sathe",949.73,1461.12,35.0,365,21,98,949.73,332.40549999999996
5874940276,91670,1,439.24,Dish Soap,Household Care,Barman-Ahluwalia,439.24,585.65,25.0,365,27,88,439.24,109.81
5205211911,561860,2,874.78,Orange Juice,Cold Drinks & Juices,Gupta Ltd,874.78,1249.69,30.0,180,21,90,1749.56,524.8679999999999
5314758068,552883,3,888.16,Potatoes,Fruits & Vegetables,"Balan, Patel and Mall",888.16,1184.21,25.0,3,18,94,2664.48,666.12
484869710,15314,2,578.85,Cheese,Dairy & Breakfast,Banik-Ratta,578.85,723.56,20.0,7,30,91,1157.7,231.54000000000002
9957728938,455755,2,44.09,Detergent,Household Care,Mangal-Sathe,44.09,58.79,25.0,365,23,53,88.18,22.045
3136056666,555121,1,354.91,Carrots,Fruits & Vegetables,"Subramanian, Chaudhuri and Dora",354.91,473.21,25.0,3,30,67,354.91,88.7275
4926104391,642612,2,517.03,Pet Treats,Pet Care,Pillay-Ahuja,517.03,795.43,35.0,365,16,57,1034.06,361.92099999999994
1827844756,681063,1,321.28,Mango Drink,Cold Drinks & Juices,Dass and Sons,321.28,458.97,30.0,180,20,91,321.28,96.38399999999999
7032037874,491314,3,973.44,Ice Cream,Instant & Frozen Food,Banerjee Inc,973.44,1622.4,40.0,180,11,71,2920.32,1168.1280000000002
3779230503,82484,3,914.88,Baby Food,Baby Care,Mallick PLC,914.88,1306.97,30.0,365,12,73,2744.64,823.3919999999999
3473012553,951463,2,787.4,Pet Treats,Pet Care,Balakrishnan-Kaur,787.4,1211.38,35.0,365,16,82,1574.8,551.18
7988504487,91670,3,439.24,Dish Soap,Household Care,Barman-Ahluwalia,439.24,585.65,25.0,365,27,88,1317.72,329.43
7193792738,500633,3,154.5,Cereal,Dairy & Breakfast,Trivedi-Ahluwalia,154.5,193.12,20.0,7,24,87,463.5,92.7
1533583386,240179,1,90.56,Cough Syrup,Pharmacy,Ram-Suri,90.56,113.2,20.0,365,20,56,90.56,18.112000000000002
7750989397,300159,1,44.35,Cola,Cold Drinks & Juices,"Basu, Rout and Mistry",44.35,63.36,30.0,180,20,93,44.35,13.305
4434816229,537274,1,702.71,Pet Treats,Pet Care,Lal-Chauhan,702.71,1081.09,35.0,365,17,67,702.71,245.9485
6896732047,187399,3,53.49,Frozen Pizza,Instant & Frozen Food,Chauhan Inc,53.49,89.15,40.0,180,14,73,160.47,64.188
4740837071,833557,3,422.87,Cereal,Dairy & Breakfast,"Gole, Chand and Dada",422.87,528.59,20.0,7,27,69,1268.6100000000001,253.72200000000004
6649631729,863930,3,242.57,Shampoo,Personal Care,"Sathe, Agarwal and Dhar",242.57,373.18,35.0,365,26,72,727.71,254.6985
5351526726,962054,2,16.86,Orange Juice,Cold Drinks & Juices,Toor-Nagar,16.86,24.09,30.0,180,11,74,33.72,10.116
1506082041,880510,1,951.43,Bread,Dairy & Breakfast,Roy-Char,951.43,1189.29,20.0,7,29,54,951.43,190.286
1023260165,470449,1,827.77,Frozen Biryani,Instant & Frozen Food,Kohli-Sawhney,827.77,1379.62,40.0,180,27,57,827.77,331.108
8257032403,859361,1,432.39,Shampoo,Personal Care,Mitter Group,432.39,665.22,35.0,365,25,77,432.39,151.33649999999997
7216524192,15314,2,578.85,Cheese,Dairy & Breakfast,Banik-Ratta,578.85,723.56,20.0,7,30,91,1157.7,231.54000000000002
8619795820,449106,2,48.55,Soap,Personal Care,"Shere, Thakur and Naik",48.55,74.69,35.0,365,30,95,97.1,33.98499999999999
6494708839,140154,2,171.2,Shampoo,Personal Care,Malhotra LLC,171.2,263.38,35.0,365,24,59,342.4,119.83999999999999
9859249765,600767,3,722.42,Toothpaste,Personal Care,Balan Group,722.42,1111.42,35.0,365,22,68,2167.2599999999998,758.5409999999998
3528020011,592784,2,280.35,Biscuits,Snacks & Munchies,"Andra, Mander and Kari",280.35,431.31,35.0,90,27,64,560.7,196.245
5937934264,462526,3,449.97,Curd,Dairy & Breakfast,Pau and Sons,449.97,562.46,20.0,7,25,69,1349.91,269.982
2976477423,585299,2,799.46,Pet Treats,Pet Care,"Sharma, Chandra and Prashad",799.46,1229.94,35.0,365,13,50,1598.92,559.622
1002438039,709916,3,33.76,Detergent,Household Care,Varkey LLC,33.76,45.01,25.0,365,30,88,101.28,25.32
2571163022,487931,3,709.08,Sugar,Grocery & Staples,"Bahl, Jaggi and Nath",709.08,834.21,15.0,365,27,68,2127.2400000000002,319.086
6850221497,812607,3,416.65,Potatoes,Fruits & Vegetables,Rege Group,416.65,555.53,25.0,3,11,63,1249.9499999999998,312.48749999999995
4706569127,15314,1,578.85,Cheese,Dairy & Breakfast,Banik-Ratta,578.85,723.56,20.0,7,30,91,578.85,115.77000000000001
8168261752,349294,2,934.75,Onions,Fruits & Vegetables,Ganesan Ltd,934.75,1246.33,25.0,3,25,70,1869.5,467.375
5828325906,15314,2,578.85,Cheese,Dairy & Breakfast,Banik-Ratta,578.85,723.56,20.0,7,30,91,1157.7,231.54000000000002
5012271549,67197,1,552.2,Butter,Dairy & Breakfast,Shetty-Bora,552.2,690.25,20.0,7,20,79,552.2,110.44000000000001
8110316958,451812,3,530.85,Pain Reliever,Pharmacy,"Batra, Sant and Mandal",530.85,663.56,20.0,365,29,63,1592.5500000000002,318.51000000000005
3190808443,140489,3,650.2,Soap,Personal Care,"Biswas, Kapoor and Patel",650.2,1000.31,35.0,365,28,95,1950.6000000000001,682.71
7175472728,435929,2,856.89,Toilet Cleaner,Household Care,Memon Ltd,856.89,1142.52,25.0,365,13,71,1713.78,428.445
6011117738,658389,3,152.55,Popcorn,Snacks & Munchies,"Chanda, Som and Vohra",152.55,234.69,35.0,90,22,68,457.65000000000003,160.1775
5592928753,992178,2,632.43,Pain Reliever,Pharmacy,Basu and Sons,632.43,790.54,20.0,365,16,89,1264.86,252.97199999999998
3952040848,927651,2,426.72,Baby Wipes,Baby Care,Narula Group,426.72,609.6,30.0,365,15,60,853.44,256.032
7026479520,613942,1,545.0,Pet Treats,Pet Care,"Dyal, Saraf and Goel",545.0,838.46,35.0,365,28,72,545.0,190.75
6572695161,70969,1,631.7,Carrots,Fruits & Vegetables,Mohan Group,631.7,842.27,25.0,3,25,96,631.7,157.925
9090769419,305754,1,979.99,Frozen Vegetables,Instant & Frozen Food,Mammen-Hegde,979.99,1633.32,40.0,180,22,81,979.99,391.99600000000004
5979489110,853932,1,941.19,Baby Wipes,Baby Care,Ranganathan-Peri,941.19,1344.56,30.0,365,21,94,941.19,282.357
964698323,257719,3,281.73,Eggs,Dairy & Breakfast,Chaudhuri PLC,281.73,352.16,20.0,7,17,93,845.19,169.038
2304242664,516376,3,877.43,Onions,Fruits & Vegetables,Agarwal-Dhar,877.43,1169.91,25.0,3,21,71,2632.29,658.0725
2483843748,812607,3,416.65,Potatoes,Fruits & Vegetables,Rege Group,416.65,555.53,25.0,3,11,63,1249.9499999999998,312.48749999999995
2560588609,186168,1,878.8,Dog Food,Pet Care,"Parekh, Lad and Kadakia",878.8,1352.0,35.0,365,13,75,878.8,307.58
9268920928,9436,2,88.43,Toothpaste,Personal Care,Naidu PLC,88.43,136.05,35.0,365,19,76,176.86,61.901
9554019312,578097,1,267.61,Nuts,Snacks & Munchies,Jha Group,267.61,411.71,35.0,90,22,75,267.61,93.6635
3749174258,613942,3,545.0,Pet Treats,Pet Care,"Dyal, Saraf and Goel",545.0,838.46,35.0,365,28,72,1635.0,572.25
3947164241,131136,2,37.8,Salt,Grocery & Staples,Deshpande-Rama,37.8,44.47,15.0,365,29,95,75.6,11.339999999999998
487327038,673058,3,765.76,Cough Syrup,Pharmacy,Balan-Madan,765.76,957.2,20.0,365,30,94,2297.2799999999997,459.45599999999996
8830321199,894539,2,445.48,Dish Soap,Household Care,"Pall, Sule and Sood",445.48,593.97,25.0,365,14,93,890.96,222.74
3811318591,585299,1,799.46,Pet Treats,Pet Care,"Sharma, Chandra and Prashad",799.46,1229.94,35.0,365,13,50,799.46,279.811
6795601573,677542,1,212.61,Toilet Cleaner,Household Care,Thaman-Lanka,212.61,283.48,25.0,365,10,52,212.61,53.1525
2348495717,709916,3,33.76,Detergent,Household Care,Varkey LLC,33.76,45.01,25.0,365,30,88,101.28,25.32
9505736584,667163,1,441.2,Orange Juice,Cold Drinks & Juices,Palla LLC,441.2,630.29,30.0,180,25,72,441.2,132.35999999999999
1857227304,194682,1,912.29,Iced Tea,Cold Drinks & Juices,Sastry-Issac,912.29,1303.27,30.0,180,11,86,912.29,273.68699999999995
5506485302,491521,1,556.35,Nuts,Snacks & Munchies,Karpe Inc,556.35,855.92,35.0,90,28,98,556.35,194.7225
6074837981,373536,3,494.17,Dog Food,Pet Care,Chauhan-Sabharwal,494.17,760.26,35.0,365,14,64,1482.51,518.8784999999999
4150569633,820973,2,114.52,Baby Wipes,Baby Care,Lall LLC,114.52,163.6,30.0,365,29,56,229.04,68.71199999999999
609838437,382511,3,702.54,Butter,Dairy & Breakfast,Bora-Thakkar,702.54,878.17,20.0,7,26,88,2107.62,421.524
5229657139,487931,1,709.08,Sugar,Grocery & Staples,"Bahl, Jaggi and Nath",709.08,834.21,15.0,365,27,68,709.08,106.36200000000001
2589639350,500739,3,359.98,Bread,Dairy & Breakfast,Aggarwal Group,359.98,449.98,20.0,7,18,81,1079.94,215.98800000000003
7656948165,901144,3,340.36,Sugar,Grocery & Staples,Deo-Kamdar,340.36,400.42,15.0,365,12,71,1021.08,153.162
1806563605,183929,1,738.74,Bread,Dairy & Breakfast,"Nagi, Sampath and Khurana",738.74,923.42,20.0,7,20,73,738.74,147.74800000000002
359819834,952168,2,236.95,Popcorn,Snacks & Munchies,"Krishnamurthy, Sibal and Das",236.95,364.54,35.0,90,28,79,473.9,165.86499999999998
1908423841,449106,2,48.55,Soap,Personal Care,"Shere, Thakur and Naik",48.55,74.69,35.0,365,30,95,97.1,33.98499999999999
299859815,707935,2,820.9,Cat Food,Pet Care,"Anne, Mammen and Khatri",820.9,1262.92,35.0,365,30,97,1641.8,574.63
923659418,217710,1,58.59,Eggs,Dairy & Breakfast,Rout-Sarna,58.59,73.24,20.0,7,19,53,58.59,11.718000000000002
3560625119,679865,3,347.91,Wheat Flour,Grocery & Staples,Memon-Barad,347.91,409.31,15.0,365,14,85,1043.73,156.55949999999999
7111490680,317242,3,198.15,Pulses,Grocery & Staples,Rastogi Group,198.15,233.12,15.0,365,22,63,594.45,89.1675
5766981431,53833,2,134.69,Rice,Grocery & Staples,Tella-Master,134.69,158.46,15.0,365,26,89,269.38,40.407
8609945311,853932,3,941.19,Baby Wipes,Baby Care,Ranganathan-Peri,941.19,1344.56,30.0,365,21,94,2823.57,847.071
1691260635,707935,1,820.9,Cat Food,Pet Care,"Anne, Mammen and Khatri",820.9,1262.92,35.0,365,30,97,820.9,287.315
8742091504,349294,3,934.75,Onions,Fruits & Vegetables,Ganesan Ltd,934.75,1246.33,25.0,3,25,70,2804.25,701.0625
1997833025,123983,1,785.67,Cough Syrup,Pharmacy,Kurian-Chhabra,785.67,982.09,20.0,365,25,72,785.67,157.13400000000001
3588296877,757274,2,98.32,Pet Treats,Pet Care,"Minhas, Kapoor and Sethi",98.32,151.26,35.0,365,27,95,196.64,68.82399999999998
2404804990,557908,1,942.37,Vitamins,Pharmacy,Sundaram Inc,942.37,1177.96,20.0,365,14,53,942.37,188.47400000000002
8091385479,14145,1,630.84,Spinach,Fruits & Vegetables,"Thakur, Shah and Pingle",630.84,841.12,25.0,3,14,53,630.84,157.71
7133174424,264803,1,995.98,Vitamins,Pharmacy,Gole-Doshi,995.98,1244.97,20.0,365,17,69,995.98,199.19600000000003
6110446321,272170,1,140.8,Ice Cream,Instant & Frozen Food,Purohit Group,140.8,234.67,40.0,180,10,92,140.8,56.32000000000001
6964586050,378230,1,166.42,Nuts,Snacks & Munchies,Kala-Vig,166.42,256.03,35.0,90,13,76,166.42,58.24699999999999
2351986014,589812,2,163.03,Detergent,Household Care,Bir PLC,163.03,217.37,25.0,365,22,52,326.06,81.515
352569720,757274,1,98.32,Pet Treats,Pet Care,"Minhas, Kapoor and Sethi",98.32,151.26,35.0,365,27,95,98.32,34.41199999999999
1235280275,491521,2,556.35,Nuts,Snacks & Munchies,Karpe Inc,556.35,855.92,35.0,90,28,98,1112.7,389.445
9399859705,217710,1,58.59,Eggs,Dairy & Breakfast,Rout-Sarna,58.59,73.24,20.0,7,19,53,58.59,11.718000000000002
7530379037,952168,3,236.95,Popcorn,Snacks & Munchies,"Krishnamurthy, Sibal and Das",236.95,364.54,35.0,90,28,79,710.8499999999999,248.79749999999996
5952886441,328457,3,858.57,Mango Drink,Cold Drinks & Juices,Hayre-Shere,858.57,1226.53,30.0,180,12,76,2575.71,772.713
5815833211,373536,2,494.17,Dog Food,Pet Care,Chauhan-Sabharwal,494.17,760.26,35.0,365,14,64,988.34,345.919
7307394687,739448,2,755.66,Dish Soap,Household Care,Mand-Choudhry,755.66,1007.55,25.0,365,24,79,1511.32,377.83
6033014029,587645,1,801.81,Vitamins,Pharmacy,"Sura, Pillay and Mammen",801.81,1002.26,20.0,365,18,90,801.81,160.362
1409944718,153019,3,947.95,Onions,Fruits & Vegetables,Aurora LLC,947.95,1263.93,25.0,3,13,88,2843.8500000000004,710.9625000000001
1811382200,131748,3,81.35,Dog Food,Pet Care,"Shroff, Wason and Dugar",81.35,125.15,35.0,365,30,53,244.04999999999998,85.41749999999999
4485391413,863930,3,242.57,Shampoo,Personal Care,"Sathe, Agarwal and Dhar",242.57,373.18,35.0,365,26,72,727.71,254.6985
4076279641,684939,3,727.95,Lotion,Personal Care,"Sibal, Bhatnagar and Rajan",727.95,1119.92,35.0,365,22,50,2183.8500000000004,764.3475000000001
2965387566,615545,2,448.16,Soap,Personal Care,Barman Inc,448.16,689.48,35.0,365,20,67,896.32,313.712
9397774189,112390,2,877.98,Toothpaste,Personal Care,"Kibe, Contractor and Randhawa",877.98,1350.74,35.0,365,23,85,1755.96,614.586
1437159967,803607,3,949.73,Soap,Personal Care,"Kadakia, Mohan and Sathe",949.73,1461.12,35.0,365,21,98,2849.19,997.2165
8397785448,131136,2,37.8,Salt,Grocery & Staples,Deshpande-Rama,37.8,44.47,15.0,365,29,95,75.6,11.339999999999998
2778606949,654623,2,422.14,Chips,Snacks & Munchies,Pradhan and Sons,422.14,649.45,35.0,90,18,76,844.28,295.498
1774096863,784827,1,274.25,Baby Wipes,Baby Care,Balakrishnan Ltd,274.25,391.79,30.0,365,26,77,274.25,82.27499999999999
1497256618,853932,1,941.19,Baby Wipes,Baby Care,Ranganathan-Peri,941.19,1344.56,30.0,365,21,94,941.19,282.357
734095510,313754,1,136.6,Biscuits,Snacks & Munchies,"Swaminathan, Mahal and Dara",136.6,210.15,35.0,90,25,67,136.6,47.809999999999995
5755859055,473929,3,440.19,Carrots,Fruits & Vegetables,"Bhardwaj, Bhatia and Deshmukh",440.19,586.92,25.0,3,19,70,1320.57,330.1425
5840290569,760828,1,563.45,Pet Treats,Pet Care,"Khurana, Khosla and Yohannan",563.45,866.85,35.0,365,23,93,563.45,197.2075
8200985533,555121,2,354.91,Carrots,Fruits & Vegetables,"Subramanian, Chaudhuri and Dora",354.91,473.21,25.0,3,30,67,709.82,177.455
3255590064,709916,1,33.76,Detergent,Household Care,Varkey LLC,33.76,45.01,25.0,365,30,88,33.76,8.44
4258404747,272170,1,140.8,Ice Cream,Instant & Frozen Food,Purohit Group,140.8,234.67,40.0,180,10,92,140.8,56.32000000000001
2455161115,131748,2,81.35,Dog Food,Pet Care,"Shroff, Wason and Dugar",81.35,125.15,35.0,365,30,53,162.7,56.94499999999999
4448004569,455083,2,959.01,Butter,Dairy & Breakfast,Dutta Inc,959.01,1198.76,20.0,7,29,63,1918.02,383.60400000000004
5951090793,615545,1,448.16,Soap,Personal Care,Barman Inc,448.16,689.48,35.0,365,20,67,448.16,156.856
7402491996,672059,2,672.73,Toothpaste,Personal Care,Kaur-Gola,672.73,1034.97,35.0,365,25,81,1345.46,470.911
8532411923,77308,3,223.27,Onions,Fruits & Vegetables,Ratta-Sagar,223.27,297.69,25.0,3,29,91,669.8100000000001,167.45250000000001
7130555385,365133,3,915.45,Dish Soap,Household Care,Hans Inc,915.45,1220.6,25.0,365,25,60,2746.3500000000004,686.5875000000001
4338197132,107548,3,891.6,Cola,Cold Drinks & Juices,"Bhandari, Bhasin and Palan",891.6,1273.71,30.0,180,27,53,2674.8,802.44
8044366071,131937,3,287.81,Frozen Pizza,Instant & Frozen Food,"Varkey, Devi and Ganguly",287.81,479.68,40.0,180,18,68,863.4300000000001,345.37200000000007
4135251774,114414,2,832.06,Vitamins,Pharmacy,Kara-Golla,832.06,1040.07,20.0,365,26,66,1664.12,332.824
6331483812,291238,1,746.03,Chocolates,Snacks & Munchies,"Sinha, Pau and Chhabra",746.03,1147.74,35.0,90,16,68,746.03,261.1105
6705171000,9436,3,88.43,Toothpaste,Personal Care,Naidu PLC,88.43,136.05,35.0,365,19,76,265.29,92.8515
7850128898,962054,1,16.86,Orange Juice,Cold Drinks & Juices,Toor-Nagar,16.86,24.09,30.0,180,11,74,16.86,5.058
3602554049,818522,3,96.09,Cheese,Dairy & Breakfast,Hora-Roy,96.09,120.11,20.0,7,12,90,288.27,57.653999999999996
1070259187,949818,1,483.05,Biscuits,Snacks & Munchies,Yohannan Inc,483.05,743.15,35.0,90,21,76,483.05,169.0675
8412338399,187399,2,53.49,Frozen Pizza,Instant & Frozen Food,Chauhan Inc,53.49,89.15,40.0,180,14,73,106.98,42.792
1478022303,600767,2,722.42,Toothpaste,Personal Care,Balan Group,722.42,1111.42,35.0,365,22,68,1444.84,505.69399999999996
2376108199,564692,2,215.65,Cat Food,Pet Care,"Krishna, Bail and Dyal",215.65,331.77,35.0,365,25,82,431.3,150.95499999999998
5243035202,991434,3,237.62,Cookies,Snacks & Munchies,Mital-Oza,237.62,365.57,35.0,90,12,87,712.86,249.50099999999998
3687581971,739448,2,755.66,Dish Soap,Household Care,Mand-Choudhry,755.66,1007.55,25.0,365,24,79,1511.32,377.83
7008586055,839170,1,481.63,Curd,Dairy & Breakfast,Shetty and Sons,481.63,602.04,20.0,7,11,59,481.63,96.32600000000001
5142069216,734789,2,395.82,Popcorn,Snacks & Munchies,"Chaudhari, Pant and Singh",395.82,608.95,35.0,90,22,66,791.64,277.07399999999996
4152441944,712307,2,264.89,Orange Juice,Cold Drinks & Juices,Chana LLC,264.89,378.41,30.0,180,16,73,529.78,158.934
5601670348,491521,1,556.35,Nuts,Snacks & Munchies,Karpe Inc,556.35,855.92,35.0,90,28,98,556.35,194.7225
605105099,542300,1,255.35,Popcorn,Snacks & Munchies,Gulati-Tandon,255.35,392.85,35.0,90,11,66,255.35,89.37249999999999
4054936140,461804,1,310.69,Sugar,Grocery & Staples,"Ghose, Ben and Divan",310.69,365.52,15.0,365,15,97,310.69,46.6035
8741892156,540618,2,317.05,Popcorn,Snacks & Munchies,Golla-Luthra,317.05,487.77,35.0,90,28,87,634.1,221.935
9143640828,140489,2,650.2,Soap,Personal Care,"Biswas, Kapoor and Patel",650.2,1000.31,35.0,365,28,95,1300.4,455.14
6900876252,367391,2,939.55,Baby Wipes,Baby Care,Talwar and Sons,939.55,1342.21,30.0,365,18,52,1879.1,563.7299999999999
9801174908,837480,1,217.4,Cough Syrup,Pharmacy,Edwin and Sons,217.4,271.75,20.0,365,22,82,217.4,43.480000000000004
551343632,272170,3,140.8,Ice Cream,Instant & Frozen Food,Purohit Group,140.8,234.67,40.0,180,10,92,422.40000000000003,168.96000000000004
7961173808,131937,3,287.81,Frozen Pizza,Instant & Frozen Food,"Varkey, Devi and Ganguly",287.81,479.68,40.0,180,18,68,863.4300000000001,345.37200000000007
328909145,681063,3,321.28,Mango Drink,Cold Drinks & Juices,Dass and Sons,321.28,458.97,30.0,180,20,91,963.8399999999999,289.152
5551173528,762527,2,690.08,Biscuits,Snacks & Munchies,"Chad, Yohannan and Chopra",690.08,1061.66,35.0,90,23,71,1380.16,483.056
4461788759,876139,2,415.75,Pulses,Grocery & Staples,Cherian-Dara,415.75,489.12,15.0,365,14,83,831.5,124.725
7256212429,217710,3,58.59,Eggs,Dairy & Breakfast,Rout-Sarna,58.59,73.24,20.0,7,19,53,175.77,35.154
9104077642,118820,2,12.32,Iced Tea,Cold Drinks & Juices,"Warrior, Ravel and Amble",12.32,17.6,30.0,180,12,61,24.64,7.3919999999999995
2914056235,930284,3,189.47,Baby Food,Baby Care,"Garg, Saraf and Dutta",189.47,270.67,30.0,365,20,58,568.41,170.523
9127632807,681063,3,321.28,Mango Drink,Cold Drinks & Juices,Dass and Sons,321.28,458.97,30.0,180,20,91,963.8399999999999,289.152
6070154414,784827,1,274.25,Baby Wipes,Baby Care,Balakrishnan Ltd,274.25,391.79,30.0,365,26,77,274.25,82.27499999999999
2318969828,123983,1,785.67,Cough Syrup,Pharmacy,Kurian-Chhabra,785.67,982.09,20.0,365,25,72,785.67,157.13400000000001
3813047994,18035,2,968.94,Dish Soap,Household Care,Ramesh Inc,968.94,1291.92,25.0,365,12,87,1937.88,484.47
1416102774,56589,2,517.77,Vitamins,Pharmacy,"Pai, Kashyap and Ramachandran",517.77,647.21,20.0,365,16,85,1035.54,207.108
8086834412,566052,2,87.3,Pain Reliever,Pharmacy,"Apte, Soman and Raju",87.3,109.12,20.0,365,14,53,174.6,34.92
6193826826,478531,3,825.46,Carrots,Fruits & Vegetables,Uppal Group,825.46,1100.61,25.0,3,24,90,2476.38,619.095
8444509148,853932,3,941.19,Baby Wipes,Baby Care,Ranganathan-Peri,941.19,1344.56,30.0,365,21,94,2823.57,847.071
42332130,365133,1,915.45,Dish Soap,Household Care,Hans Inc,915.45,1220.6,25.0,365,25,60,915.45,228.8625
6009342120,272170,2,140.8,Ice Cream,Instant & Frozen Food,Purohit Group,140.8,234.67,40.0,180,10,92,281.6,112.64000000000001
4818516411,367391,3,939.55,Baby Wipes,Baby Care,Talwar and Sons,939.55,1342.21,30.0,365,18,52,2818.6499999999996,845.5949999999999
1039229544,243235,3,109.03,Cat Food,Pet Care,Batta Inc,109.03,167.74,35.0,365,14,71,327.09000000000003,114.4815
1515943657,760684,3,71.6,Rice,Grocery & Staples,Kanda-Gupta,71.6,84.24,15.0,365,14,64,214.79999999999998,32.22
9183547951,461804,2,310.69,Sugar,Grocery & Staples,"Ghose, Ben and Divan",310.69,365.52,15.0,365,15,97,621.38,93.207
8478376092,952168,1,236.95,Popcorn,Snacks & Munchies,"Krishnamurthy, Sibal and Das",236.95,364.54,35.0,90,28,79,236.95,82.93249999999999
1454073903,34186,3,925.65,Mangoes,Fruits & Vegetables,Mandal-Kar,925.65,1234.2,25.0,3,27,74,2776.95,694.2375
2855402284,451812,2,530.85,Pain Reliever,Pharmacy,"Batra, Sant and Mandal",530.85,663.56,20.0,365,29,63,1061.7,212.34000000000003
7245730533,647462,2,326.42,Lotion,Personal Care,"Balan, Samra and Sekhon",326.42,502.18,35.0,365,22,64,652.84,228.494
2272892659,51036,3,931.61,Baby Food,Baby Care,Karnik PLC,931.61,1330.87,30.0,365,12,86,2794.83,838.449
9087377568,432617,1,863.18,Baby Wipes,Baby Care,Dora-Pillai,863.18,1233.11,30.0,365,17,97,863.18,258.95399999999995
8443685057,525531,1,831.1,Dog Food,Pet Care,Sandal PLC,831.1,1278.62,35.0,365,28,65,831.1,290.885
1590988730,764014,3,612.04,Salt,Grocery & Staples,"Grewal, Swamy and Dayal",612.04,720.05,15.0,365,30,100,1836.12,275.41799999999995
7357811417,692985,2,197.39,Pulses,Grocery & Staples,"Wable, Sankaran and Hari",197.39,232.22,15.0,365,30,86,394.78,59.21699999999999
394951937,63769,1,878.07,Lotion,Personal Care,Dalal-Shan,878.07,1350.88,35.0,365,27,69,878.07,307.3245
3967445448,832348,3,831.43,Biscuits,Snacks & Munchies,Jani-Ram,831.43,1279.12,35.0,90,10,79,2494.29,873.0015
6101022928,256783,3,906.54,Pet Treats,Pet Care,"Basu, Thakur and Rege",906.54,1394.68,35.0,365,16,98,2719.62,951.8669999999998
6322372546,613942,3,545.0,Pet Treats,Pet Care,"Dyal, Saraf and Goel",545.0,838.46,35.0,365,28,72,1635.0,572.25
9778782281,818990,3,163.55,Tomatoes,Fruits & Vegetables,Dugar Group,163.55,218.07,25.0,3,22,92,490.65000000000003,122.66250000000001
3867563962,647462,1,326.42,Lotion,Personal Care,"Balan, Samra and Sekhon",326.42,502.18,35.0,365,22,64,326.42,114.247
9277710098,542300,2,255.35,Popcorn,Snacks & Munchies,Gulati-Tandon,255.35,392.85,35.0,90,11,66,510.7,178.74499999999998
7669322773,77308,2,223.27,Onions,Fruits & Vegetables,Ratta-Sagar,223.27,297.69,25.0,3,29,91,446.54,111.635
3917427529,771228,2,83.18,Pet Treats,Pet Care,Raja and Sons,83.18,127.97,35.0,365,25,73,166.36,58.226
1934158144,120532,1,697.53,Wheat Flour,Grocery & Staples,Nazareth Ltd,697.53,820.62,15.0,365,29,95,697.53,104.6295
3157338466,847349,2,781.08,Potatoes,Fruits & Vegetables,Chhabra-Agrawal,781.08,1041.44,25.0,3,26,69,1562.16,390.54
9640662474,760684,3,71.6,Rice,Grocery & Staples,Kanda-Gupta,71.6,84.24,15.0,365,14,64,214.79999999999998,32.22
2356272189,604184,3,397.55,Toilet Cleaner,Household Care,"Gaba, Sodhi and Choudhary",397.55,530.07,25.0,365,24,84,1192.65,298.1625
1380510406,602241,1,976.55,Nuts,Snacks & Munchies,Bahl-Pau,976.55,1502.38,35.0,90,12,75,976.55,341.79249999999996
8008377895,349294,2,934.75,Onions,Fruits & Vegetables,Ganesan Ltd,934.75,1246.33,25.0,3,25,70,1869.5,467.375
3680678403,313754,3,136.6,Biscuits,Snacks & Munchies,"Swaminathan, Mahal and Dara",136.6,210.15,35.0,90,25,67,409.79999999999995,143.42999999999998
2847236502,871592,1,870.29,Carrots,Fruits & Vegetables,"Shankar, Nadkarni and Kumer",870.29,1160.39,25.0,3,25,50,870.29,217.5725
5212392063,532965,1,307.23,Frozen Pizza,Instant & Frozen Food,Sachdev Inc,307.23,512.05,40.0,180,20,94,307.23,122.89200000000001
3804024939,57405,2,607.67,Baby Food,Baby Care,Srinivas PLC,607.67,868.1,30.0,365,21,64,1215.34,364.602
5395870775,432617,3,863.18,Baby Wipes,Baby Care,Dora-Pillai,863.18,1233.11,30.0,365,17,97,2589.54,776.862
511736499,4452,1,169.88,Baby Wipes,Baby Care,Morar-Mistry,169.88,242.69,30.0,365,27,100,169.88,50.964
2895886759,949818,1,483.05,Biscuits,Snacks & Munchies,Yohannan Inc,483.05,743.15,35.0,90,21,76,483.05,169.0675
6638513435,306177,3,769.24,Frozen Biryani,Instant & Frozen Food,Som Inc,769.24,1282.07,40.0,180,11,54,2307.7200000000003,923.0880000000002
4168083780,187399,1,53.49,Frozen Pizza,Instant & Frozen Food,Chauhan Inc,53.49,89.15,40.0,180,14,73,53.49,21.396
2501516144,652118,3,22.04,Frozen Biryani,Instant & Frozen Food,Agate and Sons,22.04,36.73,40.0,180,19,55,66.12,26.448000000000004
7141387557,349294,3,934.75,Onions,Fruits & Vegetables,Ganesan Ltd,934.75,1246.33,25.0,3,25,70,2804.25,701.0625
2747350024,186168,3,878.8,Dog Food,Pet Care,"Parekh, Lad and Kadakia",878.8,1352.0,35.0,365,13,75,2636.3999999999996,922.7399999999998
9503407492,764014,2,612.04,Salt,Grocery & Staples,"Grewal, Swamy and Dayal",612.04,720.05,15.0,365,30,100,1224.08,183.612
4845607487,513199,1,422.23,Cola,Cold Drinks & Juices,Rastogi Inc,422.23,603.19,30.0,180,26,52,422.23,126.669
2051769691,890232,1,432.0,Mango Drink,Cold Drinks & Juices,Jha Group,432.0,617.14,30.0,180,20,91,432.0,129.6
1092990139,820973,2,114.52,Baby Wipes,Baby Care,Lall LLC,114.52,163.6,30.0,365,29,56,229.04,68.71199999999999
5527612319,690565,3,951.27,Cookies,Snacks & Munchies,"Roy, Seth and Patla",951.27,1463.49,35.0,90,15,56,2853.81,998.8335
8852367079,714999,3,882.51,Bread,Dairy & Breakfast,Kala Group,882.51,1103.14,20.0,7,27,81,2647.5299999999997,529.506
1666202264,337168,2,545.49,Eggs,Dairy & Breakfast,Dasgupta PLC,545.49,681.86,20.0,7,25,98,1090.98,218.19600000000003
8606484804,654297,1,13.25,Potatoes,Fruits & Vegetables,Chandran-Dass,13.25,17.67,25.0,3,20,86,13.25,3.3125
8905341102,937542,2,97.04,Wheat Flour,Grocery & Staples,Khurana and Sons,97.04,114.16,15.0,365,28,93,194.08,29.112000000000002
5418735913,606256,1,369.28,Frozen Biryani,Instant & Frozen Food,Agate Ltd,369.28,615.47,40.0,180,16,57,369.28,147.712
970377475,734789,2,395.82,Popcorn,Snacks & Munchies,"Chaudhari, Pant and Singh",395.82,608.95,35.0,90,22,66,791.64,277.07399999999996
7320527109,291238,2,746.03,Chocolates,Snacks & Munchies,"Sinha, Pau and Chhabra",746.03,1147.74,35.0,90,16,68,1492.06,522.221
5120698,187399,1,53.49,Frozen Pizza,Instant & Frozen Food,Chauhan Inc,53.49,89.15,40.0,180,14,73,53.49,21.396
3812396179,114414,3,832.06,Vitamins,Pharmacy,Kara-Golla,832.06,1040.07,20.0,365,26,66,2496.18,499.236
8178951021,18035,3,968.94,Dish Soap,Household Care,Ramesh Inc,968.94,1291.92,25.0,365,12,87,2906.82,726.705
2479115586,532965,2,307.23,Frozen Pizza,Instant & Frozen Food,Sachdev Inc,307.23,512.05,40.0,180,20,94,614.46,245.78400000000002
6239453389,880510,2,951.43,Bread,Dairy & Breakfast,Roy-Char,951.43,1189.29,20.0,7,29,54,1902.86,380.572
3136508414,435929,3,856.89,Toilet Cleaner,Household Care,Memon Ltd,856.89,1142.52,25.0,365,13,71,2570.67,642.6675
5521273487,18035,2,968.94,Dish Soap,Household Care,Ramesh Inc,968.94,1291.92,25.0,365,12,87,1937.88,484.47
5445047872,723678,3,675.46,Dog Food,Pet Care,"Lall, Datta and Swamy",675.46,1039.17,35.0,365,14,97,2026.38,709.233
3678525130,451812,1,530.85,Pain Reliever,Pharmacy,"Batra, Sant and Mandal",530.85,663.56,20.0,365,29,63,530.85,106.17000000000002
9328056960,237083,2,577.13,Cough Syrup,Pharmacy,Hayer-Banerjee,577.13,721.41,20.0,365,24,86,1154.26,230.852
2109203997,131937,1,287.81,Frozen Pizza,Instant & Frozen Food,"Varkey, Devi and Ganguly",287.81,479.68,40.0,180,18,68,287.81,115.12400000000001
556665455,876139,3,415.75,Pulses,Grocery & Staples,Cherian-Dara,415.75,489.12,15.0,365,14,83,1247.25,187.0875
6573705785,567671,2,418.48,Biscuits,Snacks & Munchies,Nagar LLC,418.48,643.82,35.0,90,12,90,836.96,292.936
2609502403,131136,1,37.8,Salt,Grocery & Staples,Deshpande-Rama,37.8,44.47,15.0,365,29,95,37.8,5.669999999999999
1463293930,689769,1,46.62,Frozen Vegetables,Instant & Frozen Food,Kothari-Datta,46.62,77.7,40.0,180,17,51,46.62,18.648
8132887999,433521,2,321.33,Diapers,Baby Care,Mahal Group,321.33,459.04,30.0,365,27,58,642.66,192.79799999999997
7178789018,112390,1,877.98,Toothpaste,Personal Care,"Kibe, Contractor and Randhawa",877.98,1350.74,35.0,365,23,85,877.98,307.293
2295700159,760828,3,563.45,Pet Treats,Pet Care,"Khurana, Khosla and Yohannan",563.45,866.85,35.0,365,23,93,1690.3500000000001,591.6225000000001
9277089038,837480,2,217.4,Cough Syrup,Pharmacy,Edwin and Sons,217.4,271.75,20.0,365,22,82,434.8,86.96000000000001
145057465,26060,3,342.94,Vitamins,Pharmacy,Shah and Sons,342.94,428.67,20.0,365,25,57,1028.82,205.764
9452353274,34186,1,925.65,Mangoes,Fruits & Vegetables,Mandal-Kar,925.65,1234.2,25.0,3,27,74,925.65,231.4125
5434328922,837480,2,217.4,Cough Syrup,Pharmacy,Edwin and Sons,217.4,271.75,20.0,365,22,82,434.8,86.96000000000001
3327051807,516376,3,877.43,Onions,Fruits & Vegetables,Agarwal-Dhar,877.43,1169.91,25.0,3,21,71,2632.29,658.0725
1461604569,812607,1,416.65,Potatoes,Fruits & Vegetables,Rege Group,416.65,555.53,25.0,3,11,63,416.65,104.1625
606518084,60619,1,726.41,Iced Tea,Cold Drinks & Juices,Bhasin LLC,726.41,1037.73,30.0,180,10,97,726.41,217.92299999999997
7637625389,585299,1,799.46,Pet Treats,Pet Care,"Sharma, Chandra and Prashad",799.46,1229.94,35.0,365,13,50,799.46,279.811
7311621328,317242,3,198.15,Pulses,Grocery & Staples,Rastogi Group,198.15,233.12,15.0,365,22,63,594.45,89.1675
8790217194,589812,2,163.03,Detergent,Household Care,Bir PLC,163.03,217.37,25.0,365,22,52,326.06,81.515
1772445313,557908,3,942.37,Vitamins,Pharmacy,Sundaram Inc,942.37,1177.96,20.0,365,14,53,2827.11,565.422
159394992,473929,1,440.19,Carrots,Fruits & Vegetables,"Bhardwaj, Bhatia and Deshmukh",440.19,586.92,25.0,3,19,70,440.19,110.0475
7992910755,243235,1,109.03,Cat Food,Pet Care,Batta Inc,109.03,167.74,35.0,365,14,71,109.03,38.1605
1786931285,679321,1,738.46,Cola,Cold Drinks & Juices,Khurana-Dewan,738.46,1054.94,30.0,180,20,68,738.46,221.538
2225520858,448752,3,160.07,Toilet Cleaner,Household Care,Batta-Doctor,160.07,213.43,25.0,365,23,96,480.21,120.0525
5635738740,319388,2,657.8,Orange Juice,Cold Drinks & Juices,D’Alia-Dey,657.8,939.71,30.0,180,26,56,1315.6,394.67999999999995
2230824358,679284,1,877.89,Cough Syrup,Pharmacy,Pant LLC,877.89,1097.36,20.0,365,28,95,877.89,175.578
9217211301,681063,2,321.28,Mango Drink,Cold Drinks & Juices,Dass and Sons,321.28,458.97,30.0,180,20,91,642.56,192.76799999999997
4501870609,839170,2,481.63,Curd,Dairy & Breakfast,Shetty and Sons,481.63,602.04,20.0,7,11,59,963.26,192.65200000000002
838401679,832348,3,831.43,Biscuits,Snacks & Munchies,Jani-Ram,831.43,1279.12,35.0,90,10,79,2494.29,873.0015
9587315528,623234,3,329.79,Frozen Biryani,Instant & Frozen Food,Chakrabarti-Batra,329.79,549.65,40.0,180,13,72,989.3700000000001,395.74800000000005
3122936945,880510,1,951.43,Bread,Dairy & Breakfast,Roy-Char,951.43,1189.29,20.0,7,29,54,951.43,190.286
6093390755,337168,1,545.49,Eggs,Dairy & Breakfast,Dasgupta PLC,545.49,681.86,20.0,7,25,98,545.49,109.09800000000001
2032956677,993331,1,102.44,Pulses,Grocery & Staples,"Parmer, Gola and Yogi",102.44,120.52,15.0,365,28,86,102.44,15.366
1488430001,807452,3,144.19,Pulses,Grocery & Staples,Naik Ltd,144.19,169.64,15.0,365,27,61,432.57,64.8855
615391848,284460,1,505.95,Potatoes,Fruits & Vegetables,"Ramakrishnan, Anand and Khare",505.95,674.6,25.0,3,21,85,505.95,126.4875
8686093533,492958,2,84.2,Lotion,Personal Care,Acharya PLC,84.2,129.54,35.0,365,26,88,168.4,58.94
7038758506,51036,2,931.61,Baby Food,Baby Care,Karnik PLC,931.61,1330.87,30.0,365,12,86,1863.22,558.966
2385966456,451933,3,568.94,Wheat Flour,Grocery & Staples,Nadig Ltd,568.94,669.34,15.0,365,28,98,1706.8200000000002,256.023
259622674,154179,2,582.87,Pain Reliever,Pharmacy,"Barad, Devi and Andra",582.87,728.59,20.0,365,10,59,1165.74,233.14800000000002
2580381935,137909,2,864.3,Cough Syrup,Pharmacy,Dalal PLC,864.3,1080.37,20.0,365,23,65,1728.6,345.72
5035471587,927651,2,426.72,Baby Wipes,Baby Care,Narula Group,426.72,609.6,30.0,365,15,60,853.44,256.032
9421270813,154179,1,582.87,Pain Reliever,Pharmacy,"Barad, Devi and Andra",582.87,728.59,20.0,365,10,59,582.87,116.57400000000001
1831516625,264803,3,995.98,Vitamins,Pharmacy,Gole-Doshi,995.98,1244.97,20.0,365,17,69,2987.94,597.5880000000001
1918841793,256051,1,400.92,Lotion,Personal Care,"Mannan, Naidu and Sama",400.92,616.8,35.0,365,17,100,400.92,140.322
1757159071,589812,2,163.03,Detergent,Household Care,Bir PLC,163.03,217.37,25.0,365,22,52,326.06,81.515
7589464630,961614,1,227.22,Chocolates,Snacks & Munchies,Goda Inc,227.22,349.57,35.0,90,26,99,227.22,79.527
1577085460,723678,3,675.46,Dog Food,Pet Care,"Lall, Datta and Swamy",675.46,1039.17,35.0,365,14,97,2026.38,709.233
2279018877,993331,2,102.44,Pulses,Grocery & Staples,"Parmer, Gola and Yogi",102.44,120.52,15.0,365,28,86,204.88,30.732
7431412128,136533,2,826.21,Eggs,Dairy & Breakfast,"Raghavan, Magar and Shanker",826.21,1032.76,20.0,7,15,75,1652.42,330.48400000000004
8781520615,689769,2,46.62,Frozen Vegetables,Instant & Frozen Food,Kothari-Datta,46.62,77.7,40.0,180,17,51,93.24,37.296
1276192882,853932,1,941.19,Baby Wipes,Baby Care,Ranganathan-Peri,941.19,1344.56,30.0,365,21,94,941.19,282.357
4065794921,120385,3,597.91,Pet Treats,Pet Care,Dubey-Sarin,597.91,919.86,35.0,365,28,73,1793.73,627.8054999999999
1690800946,589812,1,163.03,Detergent,Household Care,Bir PLC,163.03,217.37,25.0,365,22,52,163.03,40.7575
877883470,4452,2,169.88,Baby Wipes,Baby Care,Morar-Mistry,169.88,242.69,30.0,365,27,100,339.76,101.928
7322044533,382511,3,702.54,Butter,Dairy & Breakfast,Bora-Thakkar,702.54,878.17,20.0,7,26,88,2107.62,421.524
5243163885,833557,1,422.87,Cereal,Dairy & Breakfast,"Gole, Chand and Dada",422.87,528.59,20.0,7,27,69,422.87,84.57400000000001
4360255357,91670,3,439.24,Dish Soap,Household Care,Barman-Ahluwalia,439.24,585.65,25.0,365,27,88,1317.72,329.43
9623306038,365133,2,915.45,Dish Soap,Household Care,Hans Inc,915.45,1220.6,25.0,365,25,60,1830.9,457.725
6282385286,807452,2,144.19,Pulses,Grocery & Staples,Naik Ltd,144.19,169.64,15.0,365,27,61,288.38,43.257
1001900652,217710,2,58.59,Eggs,Dairy & Breakfast,Rout-Sarna,58.59,73.24,20.0,7,19,53,117.18,23.436000000000003
5161988291,82484,2,914.88,Baby Food,Baby Care,Mallick PLC,914.88,1306.97,30.0,365,12,73,1829.76,548.928
3597752998,376447,1,724.84,Butter,Dairy & Breakfast,Gara and Sons,724.84,906.05,20.0,7,17,64,724.84,144.96800000000002
9074325310,11422,2,127.16,Potatoes,Fruits & Vegetables,Ramaswamy-Tata,127.16,169.55,25.0,3,20,65,254.32,63.58
8875965392,361361,3,826.21,Biscuits,Snacks & Munchies,"Kunda, Dave and Sahni",826.21,1271.09,35.0,90,20,64,2478.63,867.5205
971081962,673058,3,765.76,Cough Syrup,Pharmacy,Balan-Madan,765.76,957.2,20.0,365,30,94,2297.2799999999997,459.45599999999996
1948332638,18035,2,968.94,Dish Soap,Household Care,Ramesh Inc,968.94,1291.92,25.0,365,12,87,1937.88,484.47
1785558780,689769,1,46.62,Frozen Vegetables,Instant & Frozen Food,Kothari-Datta,46.62,77.7,40.0,180,17,51,46.62,18.648
7590462053,228286,3,179.08,Cola,Cold Drinks & Juices,Bhattacharyya PLC,179.08,255.83,30.0,180,26,79,537.24,161.172
2135743860,647462,1,326.42,Lotion,Personal Care,"Balan, Samra and Sekhon",326.42,502.18,35.0,365,22,64,326.42,114.247
9851365751,222892,3,869.22,Tomatoes,Fruits & Vegetables,Ramakrishnan-Ghose,869.22,1158.96,25.0,3,28,88,2607.66,651.915
9243090480,385113,3,816.38,Lotion,Personal Care,"Sampath, Mane and Mody",816.38,1255.97,35.0,365,21,50,2449.14,857.199
7168596454,563740,2,96.33,Chips,Snacks & Munchies,Mann-Kapadia,96.33,148.2,35.0,90,20,61,192.66,67.431
2483565595,52729,1,316.02,Cat Food,Pet Care,Saini LLC,316.02,486.18,35.0,365,25,100,316.02,110.60699999999999
2484470052,721521,2,417.39,Rice,Grocery & Staples,"Ramanathan, Agarwal and Baria",417.39,491.05,15.0,365,20,72,834.78,125.21699999999998
7702588270,305754,2,979.99,Frozen Vegetables,Instant & Frozen Food,Mammen-Hegde,979.99,1633.32,40.0,180,22,81,1959.98,783.9920000000001
5992338333,63769,2,878.07,Lotion,Personal Care,Dalal-Shan,878.07,1350.88,35.0,365,27,69,1756.14,614.649
9196796718,965755,1,532.57,Bananas,Fruits & Vegetables,"Doshi, Sarraf and Sama",532.57,710.09,25.0,3,21,91,532.57,133.1425
3291765954,171602,2,883.44,Cola,Cold Drinks & Juices,Pal-Sehgal,883.44,1262.06,30.0,180,28,58,1766.88,530.064
652616858,589812,3,163.03,Detergent,Household Care,Bir PLC,163.03,217.37,25.0,365,22,52,489.09000000000003,122.27250000000001
2613508245,123983,3,785.67,Cough Syrup,Pharmacy,Kurian-Chhabra,785.67,982.09,20.0,365,25,72,2357.0099999999998,471.402
8169361928,818990,2,163.55,Tomatoes,Fruits & Vegetables,Dugar Group,163.55,218.07,25.0,3,22,92,327.1,81.775
9395982132,891833,2,493.19,Curd,Dairy & Breakfast,Mani PLC,493.19,616.49,20.0,7,11,69,986.38,197.276
1914701538,962591,1,130.01,Orange Juice,Cold Drinks & Juices,Murthy-Kaul,130.01,185.73,30.0,180,24,74,130.01,39.00299999999999
6236279358,77308,1,223.27,Onions,Fruits & Vegetables,Ratta-Sagar,223.27,297.69,25.0,3,29,91,223.27,55.8175
2288561509,968887,3,40.7,Dish Soap,Household Care,Keer-Gill,40.7,54.27,25.0,365,18,92,122.10000000000001,30.525000000000002
2010415757,820973,3,114.52,Baby Wipes,Baby Care,Lall LLC,114.52,163.6,30.0,365,29,56,343.56,103.068
7164827734,9436,2,88.43,Toothpaste,Personal Care,Naidu PLC,88.43,136.05,35.0,365,19,76,176.86,61.901
7971819985,764014,3,612.04,Salt,Grocery & Staples,"Grewal, Swamy and Dayal",612.04,720.05,15.0,365,30,100,1836.12,275.41799999999995
8234021674,123983,3,785.67,Cough Syrup,Pharmacy,Kurian-Chhabra,785.67,982.09,20.0,365,25,72,2357.0099999999998,471.402
4274404843,803607,1,949.73,Soap,Personal Care,"Kadakia, Mohan and Sathe",949.73,1461.12,35.0,365,21,98,949.73,332.40549999999996
7353519273,927651,1,426.72,Baby Wipes,Baby Care,Narula Group,426.72,609.6,30.0,365,15,60,426.72,128.016
8539612501,707935,1,820.9,Cat Food,Pet Care,"Anne, Mammen and Khatri",820.9,1262.92,35.0,365,30,97,820.9,287.315
5894327065,953175,3,225.21,Baby Food,Baby Care,Sehgal-Nagarajan,225.21,321.73,30.0,365,11,73,675.63,202.689
77053363,883013,3,989.88,Eggs,Dairy & Breakfast,Chahal Group,989.88,1237.35,20.0,7,13,98,2969.64,593.928
4467084478,833557,2,422.87,Cereal,Dairy & Breakfast,"Gole, Chand and Dada",422.87,528.59,20.0,7,27,69,845.74,169.14800000000002
3514036230,107548,2,891.6,Cola,Cold Drinks & Juices,"Bhandari, Bhasin and Palan",891.6,1273.71,30.0,180,27,53,1783.2,534.96
4720421794,532965,2,307.23,Frozen Pizza,Instant & Frozen Food,Sachdev Inc,307.23,512.05,40.0,180,20,94,614.46,245.78400000000002
3202903413,140489,3,650.2,Soap,Personal Care,"Biswas, Kapoor and Patel",650.2,1000.31,35.0,365,28,95,1950.6000000000001,682.71
6938082428,764014,2,612.04,Salt,Grocery & Staples,"Grewal, Swamy and Dayal",612.04,720.05,15.0,365,30,100,1224.08,183.612
9202941711,144124,2,162.67,Detergent,Household Care,Lalla-Srinivasan,162.67,216.89,25.0,365,11,82,325.34,81.335
8963522960,264803,2,995.98,Vitamins,Pharmacy,Gole-Doshi,995.98,1244.97,20.0,365,17,69,1991.96,398.39200000000005
9266835891,243235,2,109.03,Cat Food,Pet Care,Batta Inc,109.03,167.74,35.0,365,14,71,218.06,76.321
5265722064,672059,3,672.73,Toothpaste,Personal Care,Kaur-Gola,672.73,1034.97,35.0,365,25,81,2018.19,706.3665
5514326011,677542,1,212.61,Toilet Cleaner,Household Care,Thaman-Lanka,212.61,283.48,25.0,365,10,52,212.61,53.1525
9578652103,15314,1,578.85,Cheese,Dairy & Breakfast,Banik-Ratta,578.85,723.56,20.0,7,30,91,578.85,115.77000000000001
3559061334,706112,3,478.79,Vitamins,Pharmacy,"Magar, Gara and Garg",478.79,598.49,20.0,365,12,77,1436.3700000000001,287.27400000000006
637944734,4452,3,169.88,Baby Wipes,Baby Care,Morar-Mistry,169.88,242.69,30.0,365,27,100,509.64,152.892
7454643275,365132,3,229.38,Instant Noodles,Instant & Frozen Food,Dar-Kumar,229.38,382.3,40.0,180,19,70,688.14,275.25600000000003
4319342350,951463,2,787.4,Pet Treats,Pet Care,Balakrishnan-Kaur,787.4,1211.38,35.0,365,16,82,1574.8,551.18
7568450733,871592,2,870.29,Carrots,Fruits & Vegetables,"Shankar, Nadkarni and Kumer",870.29,1160.39,25.0,3,25,50,1740.58,435.145
734744305,77308,3,223.27,Onions,Fruits & Vegetables,Ratta-Sagar,223.27,297.69,25.0,3,29,91,669.8100000000001,167.45250000000001
5233331050,171602,3,883.44,Cola,Cold Drinks & Juices,Pal-Sehgal,883.44,1262.06,30.0,180,28,58,2650.32,795.096
8326867788,798639,3,211.25,Eggs,Dairy & Breakfast,Subramaniam LLC,211.25,264.06,20.0,7,12,78,633.75,126.75
8368819094,968887,3,40.7,Dish Soap,Household Care,Keer-Gill,40.7,54.27,25.0,365,18,92,122.10000000000001,30.525000000000002
8700151605,820541,2,576.22,Toilet Cleaner,Household Care,"Borde, Peri and Upadhyay",576.22,768.29,25.0,365,19,71,1152.44,288.11
6269179048,700048,3,141.28,Dish Soap,Household Care,Khalsa-Bhavsar,141.28,188.37,25.0,365,25,98,423.84000000000003,105.96000000000001
1265254177,435929,1,856.89,Toilet Cleaner,Household Care,Memon Ltd,856.89,1142.52,25.0,365,13,71,856.89,214.2225
9858963919,140489,3,650.2,Soap,Personal Care,"Biswas, Kapoor and Patel",650.2,1000.31,35.0,365,28,95,1950.6000000000001,682.71
7279564594,336847,2,936.98,Toilet Cleaner,Household Care,"Dayal, Mammen and More",936.98,1249.31,25.0,365,17,55,1873.96,468.49
6983253839,913428,3,392.22,Pet Treats,Pet Care,Narayanan-Kumar,392.22,603.42,35.0,365,30,98,1176.66,411.831
9479808024,712307,2,264.89,Orange Juice,Cold Drinks & Juices,Chana LLC,264.89,378.41,30.0,180,16,73,529.78,158.934
3583522679,712003,1,671.68,Cola,Cold Drinks & Juices,"Karan, Bandi and Acharya",671.68,959.54,30.0,180,30,54,671.68,201.504
1923226423,365133,2,915.45,Dish Soap,Household Care,Hans Inc,915.45,1220.6,25.0,365,25,60,1830.9,457.725
664198080,615545,1,448.16,Soap,Personal Care,Barman Inc,448.16,689.48,35.0,365,20,67,448.16,156.856
4224700084,305754,1,979.99,Frozen Vegetables,Instant & Frozen Food,Mammen-Hegde,979.99,1633.32,40.0,180,22,81,979.99,391.99600000000004
969621016,540618,3,317.05,Popcorn,Snacks & Munchies,Golla-Luthra,317.05,487.77,35.0,90,28,87,951.1500000000001,332.90250000000003
8178275820,136533,2,826.21,Eggs,Dairy & Breakfast,"Raghavan, Magar and Shanker",826.21,1032.76,20.0,7,15,75,1652.42,330.48400000000004
4949766982,490602,2,549.47,Sugar,Grocery & Staples,Raghavan Inc,549.47,646.44,15.0,365,20,71,1098.94,164.841
5258344385,712307,3,264.89,Orange Juice,Cold Drinks & Juices,Chana LLC,264.89,378.41,30.0,180,16,73,794.67,238.40099999999998
8101930640,833557,1,422.87,Cereal,Dairy & Breakfast,"Gole, Chand and Dada",422.87,528.59,20.0,7,27,69,422.87,84.57400000000001
6703316563,365132,1,229.38,Instant Noodles,Instant & Frozen Food,Dar-Kumar,229.38,382.3,40.0,180,19,70,229.38,91.75200000000001
7680297690,970529,2,827.44,Diapers,Baby Care,"Kurian, Patla and Sanghvi",827.44,1182.06,30.0,365,19,84,1654.88,496.464
7256340388,673058,3,765.76,Cough Syrup,Pharmacy,Balan-Madan,765.76,957.2,20.0,365,30,94,2297.2799999999997,459.45599999999996
2538269668,557908,1,942.37,Vitamins,Pharmacy,Sundaram Inc,942.37,1177.96,20.0,365,14,53,942.37,188.47400000000002
7506762237,700048,1,141.28,Dish Soap,Household Care,Khalsa-Bhavsar,141.28,188.37,25.0,365,25,98,141.28,35.32
6585436114,652118,1,22.04,Frozen Biryani,Instant & Frozen Food,Agate and Sons,22.04,36.73,40.0,180,19,55,22.04,8.816
9852996866,107548,2,891.6,Cola,Cold Drinks & Juices,"Bhandari, Bhasin and Palan",891.6,1273.71,30.0,180,27,53,1783.2,534.96
1991135167,901144,3,340.36,Sugar,Grocery & Staples,Deo-Kamdar,340.36,400.42,15.0,365,12,71,1021.08,153.162
7765110772,563740,2,96.33,Chips,Snacks & Munchies,Mann-Kapadia,96.33,148.2,35.0,90,20,61,192.66,67.431
3520718052,51036,3,931.61,Baby Food,Baby Care,Karnik PLC,931.61,1330.87,30.0,365,12,86,2794.83,838.449
5388573375,652118,3,22.04,Frozen Biryani,Instant & Frozen Food,Agate and Sons,22.04,36.73,40.0,180,19,55,66.12,26.448000000000004
8977771682,63769,2,878.07,Lotion,Personal Care,Dalal-Shan,878.07,1350.88,35.0,365,27,69,1756.14,614.649
3596900942,537274,2,702.71,Pet Treats,Pet Care,Lal-Chauhan,702.71,1081.09,35.0,365,17,67,1405.42,491.897
155295996,365133,3,915.45,Dish Soap,Household Care,Hans Inc,915.45,1220.6,25.0,365,25,60,2746.3500000000004,686.5875000000001
1945536198,34200,3,319.8,Lotion,Personal Care,Munshi-Grewal,319.8,492.0,35.0,365,19,75,959.4000000000001,335.79
2550246555,89084,3,598.83,Milk,Dairy & Breakfast,"Wali, Virk and Iyer",598.83,748.54,20.0,7,27,74,1796.4900000000002,359.29800000000006
4287631655,969851,2,340.66,Frozen Vegetables,Instant & Frozen Food,"Kara, Sodhi and Bassi",340.66,567.77,40.0,180,27,64,681.32,272.528
2033683703,954722,3,616.45,Ice Cream,Instant & Frozen Food,Mohan-Virk,616.45,1027.42,40.0,180,11,58,1849.3500000000001,739.7400000000001
9453583714,623234,3,329.79,Frozen Biryani,Instant & Frozen Food,Chakrabarti-Batra,329.79,549.65,40.0,180,13,72,989.3700000000001,395.74800000000005
852886125,679284,3,877.89,Cough Syrup,Pharmacy,Pant LLC,877.89,1097.36,20.0,365,28,95,2633.67,526.734
5705899665,784673,1,491.39,Dog Food,Pet Care,Ramanathan Group,491.39,755.98,35.0,365,21,84,491.39,171.98649999999998
5706043483,6405,3,236.51,Baby Food,Baby Care,Kashyap-Reddy,236.51,337.87,30.0,365,11,81,709.53,212.85899999999998
5190422833,962591,3,130.01,Orange Juice,Cold Drinks & Juices,Murthy-Kaul,130.01,185.73,30.0,180,24,74,390.03,117.00899999999999
7178188501,712307,2,264.89,Orange Juice,Cold Drinks & Juices,Chana LLC,264.89,378.41,30.0,180,16,73,529.78,158.934
2864819888,425341,3,486.28,Pet Treats,Pet Care,"Mani, Dhar and Muni",486.28,748.12,35.0,365,21,68,1458.84,510.59399999999994
7107216633,600767,1,722.42,Toothpaste,Personal Care,Balan Group,722.42,1111.42,35.0,365,22,68,722.42,252.84699999999998
1685382357,329351,2,310.87,Cheese,Dairy & Breakfast,"Lala, Kalita and Sathe",310.87,388.59,20.0,7,23,95,621.74,124.34800000000001
7562902958,927651,1,426.72,Baby Wipes,Baby Care,Narula Group,426.72,609.6,30.0,365,15,60,426.72,128.016
2819953077,762527,3,690.08,Biscuits,Snacks & Munchies,"Chad, Yohannan and Chopra",690.08,1061.66,35.0,90,23,71,2070.2400000000002,724.5840000000001
8453462258,542300,3,255.35,Popcorn,Snacks & Munchies,Gulati-Tandon,255.35,392.85,35.0,90,11,66,766.05,268.11749999999995
4605056279,473929,1,440.19,Carrots,Fruits & Vegetables,"Bhardwaj, Bhatia and Deshmukh",440.19,586.92,25.0,3,19,70,440.19,110.0475
5998035939,642612,1,517.03,Pet Treats,Pet Care,Pillay-Ahuja,517.03,795.43,35.0,365,16,57,517.03,180.96049999999997
2311501690,144124,2,162.67,Detergent,Household Care,Lalla-Srinivasan,162.67,216.89,25.0,365,11,82,325.34,81.335
356495722,807452,2,144.19,Pulses,Grocery & Staples,Naik Ltd,144.19,169.64,15.0,365,27,61,288.38,43.257
2695448838,962591,1,130.01,Orange Juice,Cold Drinks & Juices,Murthy-Kaul,130.01,185.73,30.0,180,24,74,130.01,39.00299999999999
6986791144,500633,1,154.5,Cereal,Dairy & Breakfast,Trivedi-Ahluwalia,154.5,193.12,20.0,7,24,87,154.5,30.900000000000002
8619571588,820541,3,576.22,Toilet Cleaner,Household Care,"Borde, Peri and Upadhyay",576.22,768.29,25.0,365,19,71,1728.66,432.165
4088553674,606256,2,369.28,Frozen Biryani,Instant & Frozen Food,Agate Ltd,369.28,615.47,40.0,180,16,57,738.56,295.424
8177907004,945635,2,778.9,Pulses,Grocery & Staples,Balasubramanian PLC,778.9,916.35,15.0,365,16,59,1557.8,233.67
8533749006,490939,1,80.25,Lotion,Personal Care,"Roy, Barad and De",80.25,123.46,35.0,365,12,67,80.25,28.0875
8694014791,478531,1,825.46,Carrots,Fruits & Vegetables,Uppal Group,825.46,1100.61,25.0,3,24,90,825.46,206.365
6311012195,222892,3,869.22,Tomatoes,Fruits & Vegetables,Ramakrishnan-Ghose,869.22,1158.96,25.0,3,28,88,2607.66,651.915
1312767771,704868,2,193.46,Detergent,Household Care,"Parikh, Oak and Kara",193.46,257.95,25.0,365,24,58,386.92,96.73
214919848,328457,1,858.57,Mango Drink,Cold Drinks & Juices,Hayre-Shere,858.57,1226.53,30.0,180,12,76,858.57,257.571
5521682945,888807,3,230.58,Bread,Dairy & Breakfast,Arya Group,230.58,288.23,20.0,7,13,91,691.74,138.348
5305770811,264803,2,995.98,Vitamins,Pharmacy,Gole-Doshi,995.98,1244.97,20.0,365,17,69,1991.96,398.39200000000005
5842420654,714999,2,882.51,Bread,Dairy & Breakfast,Kala Group,882.51,1103.14,20.0,7,27,81,1765.02,353.004
4566893863,228286,3,179.08,Cola,Cold Drinks & Juices,Bhattacharyya PLC,179.08,255.83,30.0,180,26,79,537.24,161.172
1523729855,647462,2,326.42,Lotion,Personal Care,"Balan, Samra and Sekhon",326.42,502.18,35.0,365,22,64,652.84,228.494
2899786983,336847,1,936.98,Toilet Cleaner,Household Care,"Dayal, Mammen and More",936.98,1249.31,25.0,365,17,55,936.98,234.245
9202528884,18035,1,968.94,Dish Soap,Household Care,Ramesh Inc,968.94,1291.92,25.0,365,12,87,968.94,242.235
4338327693,228286,2,179.08,Cola,Cold Drinks & Juices,Bhattacharyya PLC,179.08,255.83,30.0,180,26,79,358.16,107.44800000000001
6295686357,942001,1,671.55,Cat Food,Pet Care,Acharya Ltd,671.55,1033.15,35.0,365,20,84,671.55,235.04249999999996
6396194687,89084,1,598.83,Milk,Dairy & Breakfast,"Wali, Virk and Iyer",598.83,748.54,20.0,7,27,74,598.83,119.76600000000002
5662786245,563740,1,96.33,Chips,Snacks & Munchies,Mann-Kapadia,96.33,148.2,35.0,90,20,61,96.33,33.7155
4868150114,564692,3,215.65,Cat Food,Pet Care,"Krishna, Bail and Dyal",215.65,331.77,35.0,365,25,82,646.95,226.4325
502764834,112390,2,877.98,Toothpaste,Personal Care,"Kibe, Contractor and Randhawa",877.98,1350.74,35.0,365,23,85,1755.96,614.586
5056125341,378287,3,332.84,Lemonade,Cold Drinks & Juices,Ramesh-Jain,332.84,475.49,30.0,180,22,51,998.52,299.556
6388618916,41853,1,910.44,Curd,Dairy & Breakfast,Handa PLC,910.44,1138.05,20.0,7,14,92,910.44,182.08800000000002
3508668494,366066,2,918.58,Soap,Personal Care,Mandal LLC,918.58,1413.2,35.0,365,16,52,1837.16,643.006
5289436093,890623,1,354.52,Onions,Fruits & Vegetables,"Sangha, Nagar and Varty",354.52,472.69,25.0,3,27,55,354.52,88.63
7596333614,481843,2,297.68,Chocolates,Snacks & Munchies,"Taneja, Kala and Kota",297.68,457.97,35.0,90,10,88,595.36,208.376
6284076508,888807,1,230.58,Bread,Dairy & Breakfast,Arya Group,230.58,288.23,20.0,7,13,91,230.58,46.11600000000001
340050407,880510,1,951.43,Bread,Dairy & Breakfast,Roy-Char,951.43,1189.29,20.0,7,29,54,951.43,190.286
5927472701,747801,1,277.76,Toilet Cleaner,Household Care,Saha-Vora,277.76,370.35,25.0,365,23,71,277.76,69.44
9216536492,219598,1,367.08,Shampoo,Personal Care,Arora-Magar,367.08,564.74,35.0,365,28,83,367.08,128.47799999999998
3742662928,397973,2,728.73,Bananas,Fruits & Vegetables,"Wable, Randhawa and Mutti",728.73,971.64,25.0,3,27,82,1457.46,364.365
4797768073,34200,1,319.8,Lotion,Personal Care,Munshi-Grewal,319.8,492.0,35.0,365,19,75,319.8,111.92999999999999
6767935470,690565,1,951.27,Cookies,Snacks & Munchies,"Roy, Seth and Patla",951.27,1463.49,35.0,90,15,56,951.27,332.94449999999995
1963703928,644847,1,622.81,Salt,Grocery & Staples,"Jhaveri, Kata and Kapur",622.81,732.72,15.0,365,24,52,622.81,93.4215
552470423,762527,1,690.08,Biscuits,Snacks & Munchies,"Chad, Yohannan and Chopra",690.08,1061.66,35.0,90,23,71,690.08,241.528
739434870,367391,3,939.55,Baby Wipes,Baby Care,Talwar and Sons,939.55,1342.21,30.0,365,18,52,2818.6499999999996,845.5949999999999
7930373606,901144,1,340.36,Sugar,Grocery & Staples,Deo-Kamdar,340.36,400.42,15.0,365,12,71,340.36,51.054
5374978054,146840,3,786.85,Bread,Dairy & Breakfast,"Bains, Deol and Vaidya",786.85,983.56,20.0,7,19,89,2360.55,472.11000000000007
4361797433,739534,2,994.56,Toilet Cleaner,Household Care,"Gera, Narang and Karpe",994.56,1326.08,25.0,365,14,59,1989.12,497.28
2002067527,317242,3,198.15,Pulses,Grocery & Staples,Rastogi Group,198.15,233.12,15.0,365,22,63,594.45,89.1675
4228110436,366066,2,918.58,Soap,Personal Care,Mandal LLC,918.58,1413.2,35.0,365,16,52,1837.16,643.006
1251118825,953175,3,225.21,Baby Food,Baby Care,Sehgal-Nagarajan,225.21,321.73,30.0,365,11,73,675.63,202.689
7165265639,890232,3,432.0,Mango Drink,Cold Drinks & Juices,Jha Group,432.0,617.14,30.0,180,20,91,1296.0,388.8
1255323701,847349,1,781.08,Potatoes,Fruits & Vegetables,Chhabra-Agrawal,781.08,1041.44,25.0,3,26,69,781.08,195.27
807934194,256783,1,906.54,Pet Treats,Pet Care,"Basu, Thakur and Rege",906.54,1394.68,35.0,365,16,98,906.54,317.289
7968718292,11422,3,127.16,Potatoes,Fruits & Vegetables,Ramaswamy-Tata,127.16,169.55,25.0,3,20,65,381.48,95.37
2620531979,336847,2,936.98,Toilet Cleaner,Household Care,"Dayal, Mammen and More",936.98,1249.31,25.0,365,17,55,1873.96,468.49
6943430459,871592,1,870.29,Carrots,Fruits & Vegetables,"Shankar, Nadkarni and Kumer",870.29,1160.39,25.0,3,25,50,870.29,217.5725
5607355353,707935,2,820.9,Cat Food,Pet Care,"Anne, Mammen and Khatri",820.9,1262.92,35.0,365,30,97,1641.8,574.63
6696352636,537274,3,702.71,Pet Treats,Pet Care,Lal-Chauhan,702.71,1081.09,35.0,365,17,67,2108.13,737.8455
9325920156,784827,1,274.25,Baby Wipes,Baby Care,Balakrishnan Ltd,274.25,391.79,30.0,365,26,77,274.25,82.27499999999999
2286477025,949818,2,483.05,Biscuits,Snacks & Munchies,Yohannan Inc,483.05,743.15,35.0,90,21,76,966.1,338.135
6704773223,723678,3,675.46,Dog Food,Pet Care,"Lall, Datta and Swamy",675.46,1039.17,35.0,365,14,97,2026.38,709.233
1435353007,336847,1,936.98,Toilet Cleaner,Household Care,"Dayal, Mammen and More",936.98,1249.31,25.0,365,17,55,936.98,234.245
8080970647,91670,1,439.24,Dish Soap,Household Care,Barman-Ahluwalia,439.24,585.65,25.0,365,27,88,439.24,109.81
5881633926,6405,1,236.51,Baby Food,Baby Care,Kashyap-Reddy,236.51,337.87,30.0,365,11,81,236.51,70.95299999999999
4435459085,291238,1,746.03,Chocolates,Snacks & Munchies,"Sinha, Pau and Chhabra",746.03,1147.74,35.0,90,16,68,746.03,261.1105
6172529406,327290,2,862.28,Sugar,Grocery & Staples,Nadkarni Inc,862.28,1014.45,15.0,365,22,65,1724.56,258.68399999999997
9127879048,890623,2,354.52,Onions,Fruits & Vegetables,"Sangha, Nagar and Varty",354.52,472.69,25.0,3,27,55,709.04,177.26
3806545110,760828,3,563.45,Pet Treats,Pet Care,"Khurana, Khosla and Yohannan",563.45,866.85,35.0,365,23,93,1690.3500000000001,591.6225000000001
6919395718,461804,1,310.69,Sugar,Grocery & Staples,"Ghose, Ben and Divan",310.69,365.52,15.0,365,15,97,310.69,46.6035
5277462976,654297,3,13.25,Potatoes,Fruits & Vegetables,Chandran-Dass,13.25,17.67,25.0,3,20,86,39.75,9.9375
3606274277,992178,2,632.43,Pain Reliever,Pharmacy,Basu and Sons,632.43,790.54,20.0,365,16,89,1264.86,252.97199999999998
2065203676,228286,1,179.08,Cola,Cold Drinks & Juices,Bhattacharyya PLC,179.08,255.83,30.0,180,26,79,179.08,53.724000000000004
4042066387,961614,3,227.22,Chocolates,Snacks & Munchies,Goda Inc,227.22,349.57,35.0,90,26,99,681.66,238.58099999999996
3604982656,968887,2,40.7,Dish Soap,Household Care,Keer-Gill,40.7,54.27,25.0,365,18,92,81.4,20.35
1149676745,94225,3,77.11,Toilet Cleaner,Household Care,"Gulati, Ram and Sarkar",77.11,102.81,25.0,365,13,70,231.32999999999998,57.832499999999996
3895011687,349294,1,934.75,Onions,Fruits & Vegetables,Ganesan Ltd,934.75,1246.33,25.0,3,25,70,934.75,233.6875
772505056,313754,2,136.6,Biscuits,Snacks & Munchies,"Swaminathan, Mahal and Dara",136.6,210.15,35.0,90,25,67,273.2,95.61999999999999
5574765914,51036,3,931.61,Baby Food,Baby Care,Karnik PLC,931.61,1330.87,30.0,365,12,86,2794.83,838.449
8812616740,673058,2,765.76,Cough Syrup,Pharmacy,Balan-Madan,765.76,957.2,20.0,365,30,94,1531.52,306.30400000000003
1486655525,34186,1,925.65,Mangoes,Fruits & Vegetables,Mandal-Kar,925.65,1234.2,25.0,3,27,74,925.65,231.4125
8423025639,365132,3,229.38,Instant Noodles,Instant & Frozen Food,Dar-Kumar,229.38,382.3,40.0,180,19,70,688.14,275.25600000000003
9020705185,654623,2,422.14,Chips,Snacks & Munchies,Pradhan and Sons,422.14,649.45,35.0,90,18,76,844.28,295.498
7719808698,118820,3,12.32,Iced Tea,Cold Drinks & Juices,"Warrior, Ravel and Amble",12.32,17.6,30.0,180,12,61,36.96,11.088
3414036630,767398,2,22.14,Dish Soap,Household Care,"Arya, Sundaram and Pingle",22.14,29.52,25.0,365,15,57,44.28,11.07
4157869967,848226,3,209.59,Tomatoes,Fruits & Vegetables,Barad and Sons,209.59,279.45,25.0,3,10,51,628.77,157.1925
4873887251,652118,1,22.04,Frozen Biryani,Instant & Frozen Food,Agate and Sons,22.04,36.73,40.0,180,19,55,22.04,8.816
8031946454,455083,1,959.01,Butter,Dairy & Breakfast,Dutta Inc,959.01,1198.76,20.0,7,29,63,959.01,191.80200000000002
8168056170,194682,3,912.29,Iced Tea,Cold Drinks & Juices,Sastry-Issac,912.29,1303.27,30.0,180,11,86,2736.87,821.0609999999999
3108512811,993331,2,102.44,Pulses,Grocery & Staples,"Parmer, Gola and Yogi",102.44,120.52,15.0,365,28,86,204.88,30.732
1680591951,131748,1,81.35,Dog Food,Pet Care,"Shroff, Wason and Dugar",81.35,125.15,35.0,365,30,53,81.35,28.472499999999997
559245731,461804,1,310.69,Sugar,Grocery & Staples,"Ghose, Ben and Divan",310.69,365.52,15.0,365,15,97,310.69,46.6035
8655600303,440875,2,275.03,Baby Wipes,Baby Care,Loyal Inc,275.03,392.9,30.0,365,15,80,550.06,165.01799999999997
8247327365,704868,3,193.46,Detergent,Household Care,"Parikh, Oak and Kara",193.46,257.95,25.0,365,24,58,580.38,145.095
9153347285,89084,2,598.83,Milk,Dairy & Breakfast,"Wali, Virk and Iyer",598.83,748.54,20.0,7,27,74,1197.66,239.53200000000004
1977533409,137909,1,864.3,Cough Syrup,Pharmacy,Dalal PLC,864.3,1080.37,20.0,365,23,65,864.3,172.86
2433646621,94225,2,77.11,Toilet Cleaner,Household Care,"Gulati, Ram and Sarkar",77.11,102.81,25.0,365,13,70,154.22,38.555
22830983,890232,3,432.0,Mango Drink,Cold Drinks & Juices,Jha Group,432.0,617.14,30.0,180,20,91,1296.0,388.8
1143763031,961614,3,227.22,Chocolates,Snacks & Munchies,Goda Inc,227.22,349.57,35.0,90,26,99,681.66,238.58099999999996
8524056436,540618,1,317.05,Popcorn,Snacks & Munchies,Golla-Luthra,317.05,487.77,35.0,90,28,87,317.05,110.9675
4262338791,557908,3,942.37,Vitamins,Pharmacy,Sundaram Inc,942.37,1177.96,20.0,365,14,53,2827.11,565.422
187728451,880510,1,951.43,Bread,Dairy & Breakfast,Roy-Char,951.43,1189.29,20.0,7,29,54,951.43,190.286
6754346312,930284,1,189.47,Baby Food,Baby Care,"Garg, Saraf and Dutta",189.47,270.67,30.0,365,20,58,189.47,56.841
5790622967,137909,3,864.3,Cough Syrup,Pharmacy,Dalal PLC,864.3,1080.37,20.0,365,23,65,2592.8999999999996,518.5799999999999
4305348838,927651,1,426.72,Baby Wipes,Baby Care,Narula Group,426.72,609.6,30.0,365,15,60,426.72,128.016
2902411553,832348,1,831.43,Biscuits,Snacks & Munchies,Jani-Ram,831.43,1279.12,35.0,90,10,79,831.43,291.0005
3691199770,564692,1,215.65,Cat Food,Pet Care,"Krishna, Bail and Dyal",215.65,331.77,35.0,365,25,82,215.65,75.47749999999999
775709102,818990,2,163.55,Tomatoes,Fruits & Vegetables,Dugar Group,163.55,218.07,25.0,3,22,92,327.1,81.775
5262508570,689769,2,46.62,Frozen Vegetables,Instant & Frozen Food,Kothari-Datta,46.62,77.7,40.0,180,17,51,93.24,37.296
192109127,721521,2,417.39,Rice,Grocery & Staples,"Ramanathan, Agarwal and Baria",417.39,491.05,15.0,365,20,72,834.78,125.21699999999998
1108215973,851978,3,715.72,Vitamins,Pharmacy,Parsa-Bala,715.72,894.65,20.0,365,28,92,2147.16,429.432
1719134546,473647,3,43.05,Toothpaste,Personal Care,Ben-Ravi,43.05,66.23,35.0,365,18,82,129.14999999999998,45.202499999999986
5280263316,847349,1,781.08,Potatoes,Fruits & Vegetables,Chhabra-Agrawal,781.08,1041.44,25.0,3,26,69,781.08,195.27
9448306266,487065,1,374.68,Chips,Snacks & Munchies,Kadakia-Yadav,374.68,576.43,35.0,90,27,87,374.68,131.138
8023626961,673058,1,765.76,Cough Syrup,Pharmacy,Balan-Madan,765.76,957.2,20.0,365,30,94,765.76,153.15200000000002
1118405605,287070,3,443.17,Wheat Flour,Grocery & Staples,"Gala, Magar and Rajagopal",443.17,521.38,15.0,365,20,93,1329.51,199.4265
8226034341,723678,2,675.46,Dog Food,Pet Care,"Lall, Datta and Swamy",675.46,1039.17,35.0,365,14,97,1350.92,472.822
6976835753,563740,3,96.33,Chips,Snacks & Munchies,Mann-Kapadia,96.33,148.2,35.0,90,20,61,288.99,101.1465
9171564499,807452,2,144.19,Pulses,Grocery & Staples,Naik Ltd,144.19,169.64,15.0,365,27,61,288.38,43.257
5393607402,965755,1,532.57,Bananas,Fruits & Vegetables,"Doshi, Sarraf and Sama",532.57,710.09,25.0,3,21,91,532.57,133.1425
5670040592,700048,1,141.28,Dish Soap,Household Care,Khalsa-Bhavsar,141.28,188.37,25.0,365,25,98,141.28,35.32
6736891890,942001,3,671.55,Cat Food,Pet Care,Acharya Ltd,671.55,1033.15,35.0,365,20,84,2014.6499999999999,705.1274999999999
1223255075,820541,1,576.22,Toilet Cleaner,Household Care,"Borde, Peri and Upadhyay",576.22,768.29,25.0,365,19,71,576.22,144.055
8158413630,654623,3,422.14,Chips,Snacks & Munchies,Pradhan and Sons,422.14,649.45,35.0,90,18,76,1266.42,443.247
7867573412,741341,3,923.84,Eggs,Dairy & Breakfast,Prasad LLC,923.84,1154.8,20.0,7,13,62,2771.52,554.304
1624690598,799688,3,309.62,Lotion,Personal Care,Arora LLC,309.62,476.34,35.0,365,22,90,928.86,325.101
8968945932,52729,3,316.02,Cat Food,Pet Care,Saini LLC,316.02,486.18,35.0,365,25,100,948.06,331.82099999999997
1645212433,473929,2,440.19,Carrots,Fruits & Vegetables,"Bhardwaj, Bhatia and Deshmukh",440.19,586.92,25.0,3,19,70,880.38,220.095
9187046038,53833,2,134.69,Rice,Grocery & Staples,Tella-Master,134.69,158.46,15.0,365,26,89,269.38,40.407
9305357757,721521,2,417.39,Rice,Grocery & Staples,"Ramanathan, Agarwal and Baria",417.39,491.05,15.0,365,20,72,834.78,125.21699999999998
8312320295,654623,3,422.14,Chips,Snacks & Munchies,Pradhan and Sons,422.14,649.45,35.0,90,18,76,1266.42,443.247
3256941332,952168,3,236.95,Popcorn,Snacks & Munchies,"Krishnamurthy, Sibal and Das",236.95,364.54,35.0,90,28,79,710.8499999999999,248.79749999999996
8980502814,256783,3,906.54,Pet Treats,Pet Care,"Basu, Thakur and Rege",906.54,1394.68,35.0,365,16,98,2719.62,951.8669999999998
9270396838,440875,1,275.03,Baby Wipes,Baby Care,Loyal Inc,275.03,392.9,30.0,365,15,80,275.03,82.50899999999999
2892588628,820973,3,114.52,Baby Wipes,Baby Care,Lall LLC,114.52,163.6,30.0,365,29,56,343.56,103.068
8774158800,492958,2,84.2,Lotion,Personal Care,Acharya PLC,84.2,129.54,35.0,365,26,88,168.4,58.94
2056131802,397973,3,728.73,Bananas,Fruits & Vegetables,"Wable, Randhawa and Mutti",728.73,971.64,25.0,3,27,82,2186.19,546.5475
3528007192,243235,3,109.03,Cat Food,Pet Care,Batta Inc,109.03,167.74,35.0,365,14,71,327.09000000000003,114.4815
2845333894,313754,3,136.6,Biscuits,Snacks & Munchies,"Swaminathan, Mahal and Dara",136.6,210.15,35.0,90,25,67,409.79999999999995,143.42999999999998
6602340187,894539,3,445.48,Dish Soap,Household Care,"Pall, Sule and Sood",445.48,593.97,25.0,365,14,93,1336.44,334.11
721004875,677542,2,212.61,Toilet Cleaner,Household Care,Thaman-Lanka,212.61,283.48,25.0,365,10,52,425.22,106.305
7435895360,820973,2,114.52,Baby Wipes,Baby Care,Lall LLC,114.52,163.6,30.0,365,29,56,229.04,68.71199999999999
4217659083,692985,2,197.39,Pulses,Grocery & Staples,"Wable, Sankaran and Hari",197.39,232.22,15.0,365,30,86,394.78,59.21699999999999
9710865146,451812,3,530.85,Pain Reliever,Pharmacy,"Batra, Sant and Mandal",530.85,663.56,20.0,365,29,63,1592.5500000000002,318.51000000000005
5375295409,709916,3,33.76,Detergent,Household Care,Varkey LLC,33.76,45.01,25.0,365,30,88,101.28,25.32
6286044248,490939,1,80.25,Lotion,Personal Care,"Roy, Barad and De",80.25,123.46,35.0,365,12,67,80.25,28.0875
1708282193,818522,3,96.09,Cheese,Dairy & Breakfast,Hora-Roy,96.09,120.11,20.0,7,12,90,288.27,57.653999999999996
5746303677,56589,3,517.77,Vitamins,Pharmacy,"Pai, Kashyap and Ramachandran",517.77,647.21,20.0,365,16,85,1553.31,310.66200000000003
3271726381,319388,3,657.8,Orange Juice,Cold Drinks & Juices,D’Alia-Dey,657.8,939.71,30.0,180,26,56,1973.3999999999999,592.02
9802569856,602241,3,976.55,Nuts,Snacks & Munchies,Bahl-Pau,976.55,1502.38,35.0,90,12,75,2929.6499999999996,1025.3774999999998
662460037,82484,2,914.88,Baby Food,Baby Care,Mallick PLC,914.88,1306.97,30.0,365,12,73,1829.76,548.928
8664447334,57405,1,607.67,Baby Food,Baby Care,Srinivas PLC,607.67,868.1,30.0,365,21,64,607.67,182.301
3886370975,440875,1,275.03,Baby Wipes,Baby Care,Loyal Inc,275.03,392.9,30.0,365,15,80,275.03,82.50899999999999
3547006553,969851,1,340.66,Frozen Vegetables,Instant & Frozen Food,"Kara, Sodhi and Bassi",340.66,567.77,40.0,180,27,64,340.66,136.264
2575965518,952168,1,236.95,Popcorn,Snacks & Munchies,"Krishnamurthy, Sibal and Das",236.95,364.54,35.0,90,28,79,236.95,82.93249999999999
1529363954,853932,3,941.19,Baby Wipes,Baby Care,Ranganathan-Peri,941.19,1344.56,30.0,365,21,94,2823.57,847.071
8463856241,673058,2,765.76,Cough Syrup,Pharmacy,Balan-Madan,765.76,957.2,20.0,365,30,94,1531.52,306.30400000000003
2485242479,34186,3,925.65,Mangoes,Fruits & Vegetables,Mandal-Kar,925.65,1234.2,25.0,3,27,74,2776.95,694.2375
9850673433,552883,3,888.16,Potatoes,Fruits & Vegetables,"Balan, Patel and Mall",888.16,1184.21,25.0,3,18,94,2664.48,666.12
2558680592,771228,1,83.18,Pet Treats,Pet Care,Raja and Sons,83.18,127.97,35.0,365,25,73,83.18,29.113
2859167116,60619,1,726.41,Iced Tea,Cold Drinks & Juices,Bhasin LLC,726.41,1037.73,30.0,180,10,97,726.41,217.92299999999997
1222236371,491314,3,973.44,Ice Cream,Instant & Frozen Food,Banerjee Inc,973.44,1622.4,40.0,180,11,71,2920.32,1168.1280000000002
344177904,970529,1,827.44,Diapers,Baby Care,"Kurian, Patla and Sanghvi",827.44,1182.06,30.0,365,19,84,827.44,248.232
6126334783,425341,3,486.28,Pet Treats,Pet Care,"Mani, Dhar and Muni",486.28,748.12,35.0,365,21,68,1458.84,510.59399999999994
3742575364,240179,3,90.56,Cough Syrup,Pharmacy,Ram-Suri,90.56,113.2,20.0,365,20,56,271.68,54.336000000000006
9272166174,367391,2,939.55,Baby Wipes,Baby Care,Talwar and Sons,939.55,1342.21,30.0,365,18,52,1879.1,563.7299999999999
9416522701,217710,1,58.59,Eggs,Dairy & Breakfast,Rout-Sarna,58.59,73.24,20.0,7,19,53,58.59,11.718000000000002
7305871805,853932,3,941.19,Baby Wipes,Baby Care,Ranganathan-Peri,941.19,1344.56,30.0,365,21,94,2823.57,847.071
80296810,33955,2,186.08,Frozen Pizza,Instant & Frozen Food,Baral Group,186.08,310.13,40.0,180,29,84,372.16,148.864
2806868282,661577,3,720.95,Cat Food,Pet Care,Majumdar PLC,720.95,1109.15,35.0,365,28,95,2162.8500000000004,756.9975000000001
707033578,820973,1,114.52,Baby Wipes,Baby Care,Lall LLC,114.52,163.6,30.0,365,29,56,114.52,34.355999999999995
9026783092,432617,2,863.18,Baby Wipes,Baby Care,Dora-Pillai,863.18,1233.11,30.0,365,17,97,1726.36,517.9079999999999
6229466619,449106,2,48.55,Soap,Personal Care,"Shere, Thakur and Naik",48.55,74.69,35.0,365,30,95,97.1,33.98499999999999
408720270,721521,3,417.39,Rice,Grocery & Staples,"Ramanathan, Agarwal and Baria",417.39,491.05,15.0,365,20,72,1252.17,187.8255
8870165072,186168,1,878.8,Dog Food,Pet Care,"Parekh, Lad and Kadakia",878.8,1352.0,35.0,365,13,75,878.8,307.58
1979319490,243235,1,109.03,Cat Food,Pet Care,Batta Inc,109.03,167.74,35.0,365,14,71,109.03,38.1605
840761323,883013,3,989.88,Eggs,Dairy & Breakfast,Chahal Group,989.88,1237.35,20.0,7,13,98,2969.64,593.928
744721438,604184,2,397.55,Toilet Cleaner,Household Care,"Gaba, Sodhi and Choudhary",397.55,530.07,25.0,365,24,84,795.1,198.775
7421707488,721521,2,417.39,Rice,Grocery & Staples,"Ramanathan, Agarwal and Baria",417.39,491.05,15.0,365,20,72,834.78,125.21699999999998
1212718824,324809,2,608.0,Bread,Dairy & Breakfast,Sidhu PLC,608.0,760.0,20.0,7,26,76,1216.0,243.20000000000002
9603256001,832348,2,831.43,Biscuits,Snacks & Munchies,Jani-Ram,831.43,1279.12,35.0,90,10,79,1662.86,582.001
5626888972,681063,1,321.28,Mango Drink,Cold Drinks & Juices,Dass and Sons,321.28,458.97,30.0,180,20,91,321.28,96.38399999999999
2300753276,764014,1,612.04,Salt,Grocery & Staples,"Grewal, Swamy and Dayal",612.04,720.05,15.0,365,30,100,612.04,91.806
869629562,237083,2,577.13,Cough Syrup,Pharmacy,Hayer-Banerjee,577.13,721.41,20.0,365,24,86,1154.26,230.852
3429137520,993331,1,102.44,Pulses,Grocery & Staples,"Parmer, Gola and Yogi",102.44,120.52,15.0,365,28,86,102.44,15.366
9957927297,449106,3,48.55,Soap,Personal Care,"Shere, Thakur and Naik",48.55,74.69,35.0,365,30,95,145.64999999999998,50.97749999999999
202466684,642612,1,517.03,Pet Treats,Pet Care,Pillay-Ahuja,517.03,795.43,35.0,365,16,57,517.03,180.96049999999997
8465721207,33955,2,186.08,Frozen Pizza,Instant & Frozen Food,Baral Group,186.08,310.13,40.0,180,29,84,372.16,148.864
6194827199,555121,2,354.91,Carrots,Fruits & Vegetables,"Subramanian, Chaudhuri and Dora",354.91,473.21,25.0,3,30,67,709.82,177.455
3942174431,764014,2,612.04,Salt,Grocery & Staples,"Grewal, Swamy and Dayal",612.04,720.05,15.0,365,30,100,1224.08,183.612
3189863462,567671,2,418.48,Biscuits,Snacks & Munchies,Nagar LLC,418.48,643.82,35.0,90,12,90,836.96,292.936
5923573134,623234,2,329.79,Frozen Biryani,Instant & Frozen Food,Chakrabarti-Batra,329.79,549.65,40.0,180,13,72,659.58,263.83200000000005
6659747528,366066,3,918.58,Soap,Personal Care,Mandal LLC,918.58,1413.2,35.0,365,16,52,2755.7400000000002,964.509
6037541687,306177,3,769.24,Frozen Biryani,Instant & Frozen Food,Som Inc,769.24,1282.07,40.0,180,11,54,2307.7200000000003,923.0880000000002
2585438297,14145,3,630.84,Spinach,Fruits & Vegetables,"Thakur, Shah and Pingle",630.84,841.12,25.0,3,14,53,1892.52,473.13
8065774615,954722,3,616.45,Ice Cream,Instant & Frozen Food,Mohan-Virk,616.45,1027.42,40.0,180,11,58,1849.3500000000001,739.7400000000001
1816814476,667163,2,441.2,Orange Juice,Cold Drinks & Juices,Palla LLC,441.2,630.29,30.0,180,25,72,882.4,264.71999999999997
5278014717,658389,1,152.55,Popcorn,Snacks & Munchies,"Chanda, Som and Vohra",152.55,234.69,35.0,90,22,68,152.55,53.3925
4265447949,784827,3,274.25,Baby Wipes,Baby Care,Balakrishnan Ltd,274.25,391.79,30.0,365,26,77,822.75,246.825
6752221435,760684,1,71.6,Rice,Grocery & Staples,Kanda-Gupta,71.6,84.24,15.0,365,14,64,71.6,10.739999999999998
8943989258,578097,1,267.61,Nuts,Snacks & Munchies,Jha Group,267.61,411.71,35.0,90,22,75,267.61,93.6635
4068367936,525531,2,831.1,Dog Food,Pet Care,Sandal PLC,831.1,1278.62,35.0,365,28,65,1662.2,581.77
5735156904,552496,1,508.0,Dish Soap,Household Care,Dhar PLC,508.0,677.33,25.0,365,17,59,508.0,127.0
2405929115,937542,3,97.04,Wheat Flour,Grocery & Staples,Khurana and Sons,97.04,114.16,15.0,365,28,93,291.12,43.668
7913167260,123983,1,785.67,Cough Syrup,Pharmacy,Kurian-Chhabra,785.67,982.09,20.0,365,25,72,785.67,157.13400000000001
1989751369,837480,3,217.4,Cough Syrup,Pharmacy,Edwin and Sons,217.4,271.75,20.0,365,22,82,652.2,130.44000000000003
7338050095,257719,3,281.73,Eggs,Dairy & Breakfast,Chaudhuri PLC,281.73,352.16,20.0,7,17,93,845.19,169.038
9950986048,753354,1,423.56,Shampoo,Personal Care,Sant-Mahajan,423.56,651.63,35.0,365,20,52,423.56,148.24599999999998
5098703807,726958,3,887.48,Cat Food,Pet Care,Doctor-Patla,887.48,1365.35,35.0,365,18,79,2662.44,931.8539999999999
6937485392,561860,1,874.78,Orange Juice,Cold Drinks & Juices,Gupta Ltd,874.78,1249.69,30.0,180,21,90,874.78,262.43399999999997
1266440097,949818,2,483.05,Biscuits,Snacks & Munchies,Yohannan Inc,483.05,743.15,35.0,90,21,76,966.1,338.135
7415490509,365133,3,915.45,Dish Soap,Household Care,Hans Inc,915.45,1220.6,25.0,365,25,60,2746.3500000000004,686.5875000000001
7284991749,961614,2,227.22,Chocolates,Snacks & Munchies,Goda Inc,227.22,349.57,35.0,90,26,99,454.44,159.054
4645792703,734789,2,395.82,Popcorn,Snacks & Munchies,"Chaudhari, Pant and Singh",395.82,608.95,35.0,90,22,66,791.64,277.07399999999996
3174938939,365132,3,229.38,Instant Noodles,Instant & Frozen Food,Dar-Kumar,229.38,382.3,40.0,180,19,70,688.14,275.25600000000003
1752712049,440875,1,275.03,Baby Wipes,Baby Care,Loyal Inc,275.03,392.9,30.0,365,15,80,275.03,82.50899999999999
8187201830,925482,3,475.04,Frozen Biryani,Instant & Frozen Food,Viswanathan-Sha,475.04,791.73,40.0,180,23,66,1425.1200000000001,570.0480000000001
6900896329,557908,2,942.37,Vitamins,Pharmacy,Sundaram Inc,942.37,1177.96,20.0,365,14,53,1884.74,376.94800000000004
3793977529,256051,3,400.92,Lotion,Personal Care,"Mannan, Naidu and Sama",400.92,616.8,35.0,365,17,100,1202.76,420.96599999999995
194459698,760684,1,71.6,Rice,Grocery & Staples,Kanda-Gupta,71.6,84.24,15.0,365,14,64,71.6,10.739999999999998
9330447952,376447,1,724.84,Butter,Dairy & Breakfast,Gara and Sons,724.84,906.05,20.0,7,17,64,724.84,144.96800000000002
2097372277,757274,2,98.32,Pet Treats,Pet Care,"Minhas, Kapoor and Sethi",98.32,151.26,35.0,365,27,95,196.64,68.82399999999998
7060954153,903336,3,551.88,Pulses,Grocery & Staples,"Vaidya, Amble and Palla",551.88,649.27,15.0,365,14,60,1655.6399999999999,248.34599999999998
2921310646,63769,1,878.07,Lotion,Personal Care,Dalal-Shan,878.07,1350.88,35.0,365,27,69,878.07,307.3245
3983082555,94225,3,77.11,Toilet Cleaner,Household Care,"Gulati, Ram and Sarkar",77.11,102.81,25.0,365,13,70,231.32999999999998,57.832499999999996
4867298468,82484,3,914.88,Baby Food,Baby Care,Mallick PLC,914.88,1306.97,30.0,365,12,73,2744.64,823.3919999999999
3402631472,91670,2,439.24,Dish Soap,Household Care,Barman-Ahluwalia,439.24,585.65,25.0,365,27,88,878.48,219.62
1648146562,398340,1,651.93,Instant Noodles,Instant & Frozen Food,"Nadig, Zachariah and Soni",651.93,1086.55,40.0,180,11,56,651.93,260.772
5907766010,114414,2,832.06,Vitamins,Pharmacy,Kara-Golla,832.06,1040.07,20.0,365,26,66,1664.12,332.824
9233577456,131136,2,37.8,Salt,Grocery & Staples,Deshpande-Rama,37.8,44.47,15.0,365,29,95,75.6,11.339999999999998
4084808075,324809,3,608.0,Bread,Dairy & Breakfast,Sidhu PLC,608.0,760.0,20.0,7,26,76,1824.0,364.8
7217049550,552496,3,508.0,Dish Soap,Household Care,Dhar PLC,508.0,677.33,25.0,365,17,59,1524.0,381.0
1831943568,799459,3,852.02,Vitamins,Pharmacy,"Garg, Kari and Kapur",852.02,1065.02,20.0,365,29,66,2556.06,511.212
8707473624,990993,3,263.7,Chocolates,Snacks & Munchies,Guha-Subramaniam,263.7,405.69,35.0,90,22,61,791.0999999999999,276.88499999999993
7075868285,336847,1,936.98,Toilet Cleaner,Household Care,"Dayal, Mammen and More",936.98,1249.31,25.0,365,17,55,936.98,234.245
5164162918,784827,3,274.25,Baby Wipes,Baby Care,Balakrishnan Ltd,274.25,391.79,30.0,365,26,77,822.75,246.825
2175298644,970529,1,827.44,Diapers,Baby Care,"Kurian, Patla and Sanghvi",827.44,1182.06,30.0,365,19,84,827.44,248.232
5882568464,623234,2,329.79,Frozen Biryani,Instant & Frozen Food,Chakrabarti-Batra,329.79,549.65,40.0,180,13,72,659.58,263.83200000000005
7847708619,837480,2,217.4,Cough Syrup,Pharmacy,Edwin and Sons,217.4,271.75,20.0,365,22,82,434.8,86.96000000000001
6366048116,679321,3,738.46,Cola,Cold Drinks & Juices,Khurana-Dewan,738.46,1054.94,30.0,180,20,68,2215.38,664.614
4926287333,747801,1,277.76,Toilet Cleaner,Household Care,Saha-Vora,277.76,370.35,25.0,365,23,71,277.76,69.44
5532838325,264803,3,995.98,Vitamins,Pharmacy,Gole-Doshi,995.98,1244.97,20.0,365,17,69,2987.94,597.5880000000001
2567996236,714999,3,882.51,Bread,Dairy & Breakfast,Kala Group,882.51,1103.14,20.0,7,27,81,2647.5299999999997,529.506
2655613624,131748,2,81.35,Dog Food,Pet Care,"Shroff, Wason and Dugar",81.35,125.15,35.0,365,30,53,162.7,56.94499999999999
7706089549,990993,1,263.7,Chocolates,Snacks & Munchies,Guha-Subramaniam,263.7,405.69,35.0,90,22,61,263.7,92.29499999999999
8257370396,451933,1,568.94,Wheat Flour,Grocery & Staples,Nadig Ltd,568.94,669.34,15.0,365,28,98,568.94,85.34100000000001
8623808984,462526,2,449.97,Curd,Dairy & Breakfast,Pau and Sons,449.97,562.46,20.0,7,25,69,899.94,179.98800000000003
7579506101,487065,2,374.68,Chips,Snacks & Munchies,Kadakia-Yadav,374.68,576.43,35.0,90,27,87,749.36,262.276
8861024199,329351,2,310.87,Cheese,Dairy & Breakfast,"Lala, Kalita and Sathe",310.87,388.59,20.0,7,23,95,621.74,124.34800000000001
7666131311,39154,1,946.86,Mangoes,Fruits & Vegetables,"Suresh, Bose and Bajwa",946.86,1262.48,25.0,3,21,84,946.86,236.715
103589925,542300,3,255.35,Popcorn,Snacks & Munchies,Gulati-Tandon,255.35,392.85,35.0,90,11,66,766.05,268.11749999999995
7346858138,552496,3,508.0,Dish Soap,Household Care,Dhar PLC,508.0,677.33,25.0,365,17,59,1524.0,381.0
4963962664,820541,1,576.22,Toilet Cleaner,Household Care,"Borde, Peri and Upadhyay",576.22,768.29,25.0,365,19,71,576.22,144.055
9069936094,991434,3,237.62,Cookies,Snacks & Munchies,Mital-Oza,237.62,365.57,35.0,90,12,87,712.86,249.50099999999998
4665363191,187399,3,53.49,Frozen Pizza,Instant & Frozen Food,Chauhan Inc,53.49,89.15,40.0,180,14,73,160.47,64.188
888510905,256051,2,400.92,Lotion,Personal Care,"Mannan, Naidu and Sama",400.92,616.8,35.0,365,17,100,801.84,280.644
6876091286,903336,3,551.88,Pulses,Grocery & Staples,"Vaidya, Amble and Palla",551.88,649.27,15.0,365,14,60,1655.6399999999999,248.34599999999998
2592923105,925482,3,475.04,Frozen Biryani,Instant & Frozen Food,Viswanathan-Sha,475.04,791.73,40.0,180,23,66,1425.1200000000001,570.0480000000001
2468550508,473647,2,43.05,Toothpaste,Personal Care,Ben-Ravi,43.05,66.23,35.0,365,18,82,86.1,30.134999999999994
5302956276,56589,3,517.77,Vitamins,Pharmacy,"Pai, Kashyap and Ramachandran",517.77,647.21,20.0,365,16,85,1553.31,310.66200000000003
9409714182,658389,1,152.55,Popcorn,Snacks & Munchies,"Chanda, Som and Vohra",152.55,234.69,35.0,90,22,68,152.55,53.3925
1446221570,952168,2,236.95,Popcorn,Snacks & Munchies,"Krishnamurthy, Sibal and Das",236.95,364.54,35.0,90,28,79,473.9,165.86499999999998
8250036360,256051,3,400.92,Lotion,Personal Care,"Mannan, Naidu and Sama",400.92,616.8,35.0,365,17,100,1202.76,420.96599999999995
447464341,378230,2,166.42,Nuts,Snacks & Munchies,Kala-Vig,166.42,256.03,35.0,90,13,76,332.84,116.49399999999999
15642223,937542,3,97.04,Wheat Flour,Grocery & Staples,Khurana and Sons,97.04,114.16,15.0,365,28,93,291.12,43.668
3285378238,291238,2,746.03,Chocolates,Snacks & Munchies,"Sinha, Pau and Chhabra",746.03,1147.74,35.0,90,16,68,1492.06,522.221
2356483296,382511,1,702.54,Butter,Dairy & Breakfast,Bora-Thakkar,702.54,878.17,20.0,7,26,88,702.54,140.508
3382911339,697683,1,123.74,Toilet Cleaner,Household Care,"Murty, Varghese and Saxena",123.74,164.99,25.0,365,14,82,123.74,30.935
3690872026,951463,3,787.4,Pet Treats,Pet Care,Balakrishnan-Kaur,787.4,1211.38,35.0,365,16,82,2362.2,826.7699999999999
6755367585,561860,1,874.78,Orange Juice,Cold Drinks & Juices,Gupta Ltd,874.78,1249.69,30.0,180,21,90,874.78,262.43399999999997
6835850079,880510,3,951.43,Bread,Dairy & Breakfast,Roy-Char,951.43,1189.29,20.0,7,29,54,2854.29,570.8580000000001
9345418784,771228,3,83.18,Pet Treats,Pet Care,Raja and Sons,83.18,127.97,35.0,365,25,73,249.54000000000002,87.339
7185243614,552883,3,888.16,Potatoes,Fruits & Vegetables,"Balan, Patel and Mall",888.16,1184.21,25.0,3,18,94,2664.48,666.12
2319044818,615545,1,448.16,Soap,Personal Care,Barman Inc,448.16,689.48,35.0,365,20,67,448.16,156.856
931834374,41853,3,910.44,Curd,Dairy & Breakfast,Handa PLC,910.44,1138.05,20.0,7,14,92,2731.32,546.264
8485398781,33955,2,186.08,Frozen Pizza,Instant & Frozen Food,Baral Group,186.08,310.13,40.0,180,29,84,372.16,148.864
9806464912,133542,3,68.49,Detergent,Household Care,Edwin-Lall,68.49,91.32,25.0,365,21,72,205.46999999999997,51.36749999999999
8214365128,542300,2,255.35,Popcorn,Snacks & Munchies,Gulati-Tandon,255.35,392.85,35.0,90,11,66,510.7,178.74499999999998
137089318,39154,2,946.86,Mangoes,Fruits & Vegetables,"Suresh, Bose and Bajwa",946.86,1262.48,25.0,3,21,84,1893.72,473.43
7615602420,714999,3,882.51,Bread,Dairy & Breakfast,Kala Group,882.51,1103.14,20.0,7,27,81,2647.5299999999997,529.506
3995348964,697683,3,123.74,Toilet Cleaner,Household Care,"Murty, Varghese and Saxena",123.74,164.99,25.0,365,14,82,371.21999999999997,92.80499999999999
3816542830,942001,3,671.55,Cat Food,Pet Care,Acharya Ltd,671.55,1033.15,35.0,365,20,84,2014.6499999999999,705.1274999999999
9665004924,349294,3,934.75,Onions,Fruits & Vegetables,Ganesan Ltd,934.75,1246.33,25.0,3,25,70,2804.25,701.0625
1728547597,798639,2,211.25,Eggs,Dairy & Breakfast,Subramaniam LLC,211.25,264.06,20.0,7,12,78,422.5,84.5
5311190131,965755,2,532.57,Bananas,Fruits & Vegetables,"Doshi, Sarraf and Sama",532.57,710.09,25.0,3,21,91,1065.14,266.285
9581592141,4452,3,169.88,Baby Wipes,Baby Care,Morar-Mistry,169.88,242.69,30.0,365,27,100,509.64,152.892
4848863693,876139,1,415.75,Pulses,Grocery & Staples,Cherian-Dara,415.75,489.12,15.0,365,14,83,415.75,62.3625
6374883107,473929,1,440.19,Carrots,Fruits & Vegetables,"Bhardwaj, Bhatia and Deshmukh",440.19,586.92,25.0,3,19,70,440.19,110.0475
3270131216,820973,3,114.52,Baby Wipes,Baby Care,Lall LLC,114.52,163.6,30.0,365,29,56,343.56,103.068
2643382562,563740,3,96.33,Chips,Snacks & Munchies,Mann-Kapadia,96.33,148.2,35.0,90,20,61,288.99,101.1465
5212524996,784827,1,274.25,Baby Wipes,Baby Care,Balakrishnan Ltd,274.25,391.79,30.0,365,26,77,274.25,82.27499999999999
9594095277,925482,1,475.04,Frozen Biryani,Instant & Frozen Food,Viswanathan-Sha,475.04,791.73,40.0,180,23,66,475.04,190.01600000000002
8375863419,962591,1,130.01,Orange Juice,Cold Drinks & Juices,Murthy-Kaul,130.01,185.73,30.0,180,24,74,130.01,39.00299999999999
7523880783,880510,3,951.43,Bread,Dairy & Breakfast,Roy-Char,951.43,1189.29,20.0,7,29,54,2854.29,570.8580000000001
9670158103,647462,2,326.42,Lotion,Personal Care,"Balan, Samra and Sekhon",326.42,502.18,35.0,365,22,64,652.84,228.494
4344108631,880510,3,951.43,Bread,Dairy & Breakfast,Roy-Char,951.43,1189.29,20.0,7,29,54,2854.29,570.8580000000001
2237858,585299,1,799.46,Pet Treats,Pet Care,"Sharma, Chandra and Prashad",799.46,1229.94,35.0,365,13,50,799.46,279.811
3217791988,890623,1,354.52,Onions,Fruits & Vegetables,"Sangha, Nagar and Varty",354.52,472.69,25.0,3,27,55,354.52,88.63
3355718103,478531,2,825.46,Carrots,Fruits & Vegetables,Uppal Group,825.46,1100.61,25.0,3,24,90,1650.92,412.73
9590518103,140154,2,171.2,Shampoo,Personal Care,Malhotra LLC,171.2,263.38,35.0,365,24,59,342.4,119.83999999999999
6610120274,552496,2,508.0,Dish Soap,Household Care,Dhar PLC,508.0,677.33,25.0,365,17,59,1016.0,254.0
1180899898,274207,1,328.51,Cough Syrup,Pharmacy,"Savant, Batta and Mander",328.51,410.64,20.0,365,25,51,328.51,65.702
8758992688,891833,1,493.19,Curd,Dairy & Breakfast,Mani PLC,493.19,616.49,20.0,7,11,69,493.19,98.638
6965716176,970529,3,827.44,Diapers,Baby Care,"Kurian, Patla and Sanghvi",827.44,1182.06,30.0,365,19,84,2482.32,744.696
5527742274,712003,2,671.68,Cola,Cold Drinks & Juices,"Karan, Bandi and Acharya",671.68,959.54,30.0,180,30,54,1343.36,403.008
826610039,589812,3,163.03,Detergent,Household Care,Bir PLC,163.03,217.37,25.0,365,22,52,489.09000000000003,122.27250000000001
3303891913,313754,2,136.6,Biscuits,Snacks & Munchies,"Swaminathan, Mahal and Dara",136.6,210.15,35.0,90,25,67,273.2,95.61999999999999
2489292878,969851,2,340.66,Frozen Vegetables,Instant & Frozen Food,"Kara, Sodhi and Bassi",340.66,567.77,40.0,180,27,64,681.32,272.528
8589851630,687218,2,317.82,Mango Drink,Cold Drinks & Juices,"Sankaran, Pall and Gola",317.82,454.03,30.0,180,22,58,635.64,190.69199999999998
4598897781,709916,3,33.76,Detergent,Household Care,Varkey LLC,33.76,45.01,25.0,365,30,88,101.28,25.32
6932356214,131748,2,81.35,Dog Food,Pet Care,"Shroff, Wason and Dugar",81.35,125.15,35.0,365,30,53,162.7,56.94499999999999
3499004322,34200,1,319.8,Lotion,Personal Care,Munshi-Grewal,319.8,492.0,35.0,365,19,75,319.8,111.92999999999999
7517620171,687218,2,317.82,Mango Drink,Cold Drinks & Juices,"Sankaran, Pall and Gola",317.82,454.03,30.0,180,22,58,635.64,190.69199999999998
172987148,901144,3,340.36,Sugar,Grocery & Staples,Deo-Kamdar,340.36,400.42,15.0,365,12,71,1021.08,153.162
8347207794,890623,1,354.52,Onions,Fruits & Vegetables,"Sangha, Nagar and Varty",354.52,472.69,25.0,3,27,55,354.52,88.63
9472355181,962054,1,16.86,Orange Juice,Cold Drinks & Juices,Toor-Nagar,16.86,24.09,30.0,180,11,74,16.86,5.058
1315064289,883013,2,989.88,Eggs,Dairy & Breakfast,Chahal Group,989.88,1237.35,20.0,7,13,98,1979.76,395.952
9371869941,712307,2,264.89,Orange Juice,Cold Drinks & Juices,Chana LLC,264.89,378.41,30.0,180,16,73,529.78,158.934
5184568404,704868,2,193.46,Detergent,Household Care,"Parikh, Oak and Kara",193.46,257.95,25.0,365,24,58,386.92,96.73
5891002534,361361,2,826.21,Biscuits,Snacks & Munchies,"Kunda, Dave and Sahni",826.21,1271.09,35.0,90,20,64,1652.42,578.347
1479730711,123983,3,785.67,Cough Syrup,Pharmacy,Kurian-Chhabra,785.67,982.09,20.0,365,25,72,2357.0099999999998,471.402
7651037338,274207,2,328.51,Cough Syrup,Pharmacy,"Savant, Batta and Mander",328.51,410.64,20.0,365,25,51,657.02,131.404
8763754537,723678,3,675.46,Dog Food,Pet Care,"Lall, Datta and Swamy",675.46,1039.17,35.0,365,14,97,2026.38,709.233
7683813608,658389,2,152.55,Popcorn,Snacks & Munchies,"Chanda, Som and Vohra",152.55,234.69,35.0,90,22,68,305.1,106.785
6722955128,949818,1,483.05,Biscuits,Snacks & Munchies,Yohannan Inc,483.05,743.15,35.0,90,21,76,483.05,169.0675
8259274680,256783,3,906.54,Pet Treats,Pet Care,"Basu, Thakur and Rege",906.54,1394.68,35.0,365,16,98,2719.62,951.8669999999998
4620484274,9436,2,88.43,Toothpaste,Personal Care,Naidu PLC,88.43,136.05,35.0,365,19,76,176.86,61.901
8260569466,144124,3,162.67,Detergent,Household Care,Lalla-Srinivasan,162.67,216.89,25.0,365,11,82,488.01,122.0025
8498916204,537274,3,702.71,Pet Treats,Pet Care,Lal-Chauhan,702.71,1081.09,35.0,365,17,67,2108.13,737.8455
3209538967,82484,1,914.88,Baby Food,Baby Care,Mallick PLC,914.88,1306.97,30.0,365,12,73,914.88,274.464
2570640420,542300,1,255.35,Popcorn,Snacks & Munchies,Gulati-Tandon,255.35,392.85,35.0,90,11,66,255.35,89.37249999999999
2066843639,764014,3,612.04,Salt,Grocery & Staples,"Grewal, Swamy and Dayal",612.04,720.05,15.0,365,30,100,1836.12,275.41799999999995
7402125753,319388,2,657.8,Orange Juice,Cold Drinks & Juices,D’Alia-Dey,657.8,939.71,30.0,180,26,56,1315.6,394.67999999999995
9171089443,274207,3,328.51,Cough Syrup,Pharmacy,"Savant, Batta and Mander",328.51,410.64,20.0,365,25,51,985.53,197.106
3272079644,741341,1,923.84,Eggs,Dairy & Breakfast,Prasad LLC,923.84,1154.8,20.0,7,13,62,923.84,184.76800000000003
438111050,171602,1,883.44,Cola,Cold Drinks & Juices,Pal-Sehgal,883.44,1262.06,30.0,180,28,58,883.44,265.032
7416160835,222892,1,869.22,Tomatoes,Fruits & Vegetables,Ramakrishnan-Ghose,869.22,1158.96,25.0,3,28,88,869.22,217.305
4075074492,140154,1,171.2,Shampoo,Personal Care,Malhotra LLC,171.2,263.38,35.0,365,24,59,171.2,59.919999999999995
5536024334,600767,3,722.42,Toothpaste,Personal Care,Balan Group,722.42,1111.42,35.0,365,22,68,2167.2599999999998,758.5409999999998
2013140214,962054,3,16.86,Orange Juice,Cold Drinks & Juices,Toor-Nagar,16.86,24.09,30.0,180,11,74,50.58,15.174
1113582397,757274,2,98.32,Pet Treats,Pet Care,"Minhas, Kapoor and Sethi",98.32,151.26,35.0,365,27,95,196.64,68.82399999999998
1083928258,264803,1,995.98,Vitamins,Pharmacy,Gole-Doshi,995.98,1244.97,20.0,365,17,69,995.98,199.19600000000003
4906957374,818990,3,163.55,Tomatoes,Fruits & Vegetables,Dugar Group,163.55,218.07,25.0,3,22,92,490.65000000000003,122.66250000000001
1876614122,366066,2,918.58,Soap,Personal Care,Mandal LLC,918.58,1413.2,35.0,365,16,52,1837.16,643.006
6556180328,839170,1,481.63,Curd,Dairy & Breakfast,Shetty and Sons,481.63,602.04,20.0,7,11,59,481.63,96.32600000000001
7960553477,585299,3,799.46,Pet Treats,Pet Care,"Sharma, Chandra and Prashad",799.46,1229.94,35.0,365,13,50,2398.38,839.433
6335972517,949818,2,483.05,Biscuits,Snacks & Munchies,Yohannan Inc,483.05,743.15,35.0,90,21,76,966.1,338.135
6254948159,726958,3,887.48,Cat Food,Pet Care,Doctor-Patla,887.48,1365.35,35.0,365,18,79,2662.44,931.8539999999999
7527936057,107548,3,891.6,Cola,Cold Drinks & Juices,"Bhandari, Bhasin and Palan",891.6,1273.71,30.0,180,27,53,2674.8,802.44
6257851675,677169,2,261.03,Cough Syrup,Pharmacy,Char-Divan,261.03,326.29,20.0,365,12,77,522.06,104.41199999999999
6832610950,9436,3,88.43,Toothpaste,Personal Care,Naidu PLC,88.43,136.05,35.0,365,19,76,265.29,92.8515
5085005195,697683,3,123.74,Toilet Cleaner,Household Care,"Murty, Varghese and Saxena",123.74,164.99,25.0,365,14,82,371.21999999999997,92.80499999999999
2177207547,448752,1,160.07,Toilet Cleaner,Household Care,Batta-Doctor,160.07,213.43,25.0,365,23,96,160.07,40.0175
3043364543,186168,1,878.8,Dog Food,Pet Care,"Parekh, Lad and Kadakia",878.8,1352.0,35.0,365,13,75,878.8,307.58
2823404098,891833,3,493.19,Curd,Dairy & Breakfast,Mani PLC,493.19,616.49,20.0,7,11,69,1479.57,295.914
646676955,77308,2,223.27,Onions,Fruits & Vegetables,Ratta-Sagar,223.27,297.69,25.0,3,29,91,446.54,111.635
5756607486,613942,3,545.0,Pet Treats,Pet Care,"Dyal, Saraf and Goel",545.0,838.46,35.0,365,28,72,1635.0,572.25
9373691795,880510,1,951.43,Bread,Dairy & Breakfast,Roy-Char,951.43,1189.29,20.0,7,29,54,951.43,190.286
2611601543,661577,1,720.95,Cat Food,Pet Care,Majumdar PLC,720.95,1109.15,35.0,365,28,95,720.95,252.3325
1491360686,621677,2,317.8,Frozen Biryani,Instant & Frozen Food,Sabharwal-Mital,317.8,529.67,40.0,180,15,71,635.6,254.24
1824533423,949818,2,483.05,Biscuits,Snacks & Munchies,Yohannan Inc,483.05,743.15,35.0,90,21,76,966.1,338.135
2913841018,799688,1,309.62,Lotion,Personal Care,Arora LLC,309.62,476.34,35.0,365,22,90,309.62,108.36699999999999
3141803761,4452,3,169.88,Baby Wipes,Baby Care,Morar-Mistry,169.88,242.69,30.0,365,27,100,509.64,152.892
6184484468,240179,2,90.56,Cough Syrup,Pharmacy,Ram-Suri,90.56,113.2,20.0,365,20,56,181.12,36.224000000000004
4599327740,613942,3,545.0,Pet Treats,Pet Care,"Dyal, Saraf and Goel",545.0,838.46,35.0,365,28,72,1635.0,572.25
7479207574,60619,3,726.41,Iced Tea,Cold Drinks & Juices,Bhasin LLC,726.41,1037.73,30.0,180,10,97,2179.23,653.769
2996133401,903336,2,551.88,Pulses,Grocery & Staples,"Vaidya, Amble and Palla",551.88,649.27,15.0,365,14,60,1103.76,165.564
5972410040,968887,3,40.7,Dish Soap,Household Care,Keer-Gill,40.7,54.27,25.0,365,18,92,122.10000000000001,30.525000000000002
4007593324,305754,3,979.99,Frozen Vegetables,Instant & Frozen Food,Mammen-Hegde,979.99,1633.32,40.0,180,22,81,2939.9700000000003,1175.988
3428454405,432617,2,863.18,Baby Wipes,Baby Care,Dora-Pillai,863.18,1233.11,30.0,365,17,97,1726.36,517.9079999999999
1160646195,876139,1,415.75,Pulses,Grocery & Staples,Cherian-Dara,415.75,489.12,15.0,365,14,83,415.75,62.3625
4376524554,812607,2,416.65,Potatoes,Fruits & Vegetables,Rege Group,416.65,555.53,25.0,3,11,63,833.3,208.325
1519072771,925482,2,475.04,Frozen Biryani,Instant & Frozen Food,Viswanathan-Sha,475.04,791.73,40.0,180,23,66,950.08,380.03200000000004
8203685394,615545,3,448.16,Soap,Personal Care,Barman Inc,448.16,689.48,35.0,365,20,67,1344.48,470.568
7906789850,491521,2,556.35,Nuts,Snacks & Munchies,Karpe Inc,556.35,855.92,35.0,90,28,98,1112.7,389.445
8073770046,661577,1,720.95,Cat Food,Pet Care,Majumdar PLC,720.95,1109.15,35.0,365,28,95,720.95,252.3325
5190202949,992178,1,632.43,Pain Reliever,Pharmacy,Basu and Sons,632.43,790.54,20.0,365,16,89,632.43,126.48599999999999
8542325207,373536,2,494.17,Dog Food,Pet Care,Chauhan-Sabharwal,494.17,760.26,35.0,365,14,64,988.34,345.919
7566730050,552496,3,508.0,Dish Soap,Household Care,Dhar PLC,508.0,677.33,25.0,365,17,59,1524.0,381.0
176509722,883013,1,989.88,Eggs,Dairy & Breakfast,Chahal Group,989.88,1237.35,20.0,7,13,98,989.88,197.976
1894603222,839170,1,481.63,Curd,Dairy & Breakfast,Shetty and Sons,481.63,602.04,20.0,7,11,59,481.63,96.32600000000001
2694800415,891833,2,493.19,Curd,Dairy & Breakfast,Mani PLC,493.19,616.49,20.0,7,11,69,986.38,197.276
5879390688,687218,1,317.82,Mango Drink,Cold Drinks & Juices,"Sankaran, Pall and Gola",317.82,454.03,30.0,180,22,58,317.82,95.34599999999999
1197715978,945635,3,778.9,Pulses,Grocery & Staples,Balasubramanian PLC,778.9,916.35,15.0,365,16,59,2336.7,350.50499999999994
7790696031,602241,1,976.55,Nuts,Snacks & Munchies,Bahl-Pau,976.55,1502.38,35.0,90,12,75,976.55,341.79249999999996
2189360099,6405,1,236.51,Baby Food,Baby Care,Kashyap-Reddy,236.51,337.87,30.0,365,11,81,236.51,70.95299999999999
3542041943,313754,1,136.6,Biscuits,Snacks & Munchies,"Swaminathan, Mahal and Dara",136.6,210.15,35.0,90,25,67,136.6,47.809999999999995
9202469009,563740,1,96.33,Chips,Snacks & Munchies,Mann-Kapadia,96.33,148.2,35.0,90,20,61,96.33,33.7155
3985829990,578097,1,267.61,Nuts,Snacks & Munchies,Jha Group,267.61,411.71,35.0,90,22,75,267.61,93.6635
4341872315,930284,3,189.47,Baby Food,Baby Care,"Garg, Saraf and Dutta",189.47,270.67,30.0,365,20,58,568.41,170.523
4748123248,673058,3,765.76,Cough Syrup,Pharmacy,Balan-Madan,765.76,957.2,20.0,365,30,94,2297.2799999999997,459.45599999999996
99905061,492958,1,84.2,Lotion,Personal Care,Acharya PLC,84.2,129.54,35.0,365,26,88,84.2,29.47
9118004489,473647,1,43.05,Toothpaste,Personal Care,Ben-Ravi,43.05,66.23,35.0,365,18,82,43.05,15.067499999999997
1696936610,490939,1,80.25,Lotion,Personal Care,"Roy, Barad and De",80.25,123.46,35.0,365,12,67,80.25,28.0875
155669553,714999,1,882.51,Bread,Dairy & Breakfast,Kala Group,882.51,1103.14,20.0,7,27,81,882.51,176.502
2885541999,337168,3,545.49,Eggs,Dairy & Breakfast,Dasgupta PLC,545.49,681.86,20.0,7,25,98,1636.47,327.29400000000004
2846340681,287070,2,443.17,Wheat Flour,Grocery & Staples,"Gala, Magar and Rajagopal",443.17,521.38,15.0,365,20,93,886.34,132.951
963715332,771228,1,83.18,Pet Treats,Pet Care,Raja and Sons,83.18,127.97,35.0,365,25,73,83.18,29.113
2807634451,481843,3,297.68,Chocolates,Snacks & Munchies,"Taneja, Kala and Kota",297.68,457.97,35.0,90,10,88,893.04,312.56399999999996
3046341241,690565,1,951.27,Cookies,Snacks & Munchies,"Roy, Seth and Patla",951.27,1463.49,35.0,90,15,56,951.27,332.94449999999995
485687952,992178,3,632.43,Pain Reliever,Pharmacy,Basu and Sons,632.43,790.54,20.0,365,16,89,1897.29,379.458
7660904370,478531,1,825.46,Carrots,Fruits & Vegetables,Uppal Group,825.46,1100.61,25.0,3,24,90,825.46,206.365
9753033954,667163,1,441.2,Orange Juice,Cold Drinks & Juices,Palla LLC,441.2,630.29,30.0,180,25,72,441.2,132.35999999999999
9509887699,700048,2,141.28,Dish Soap,Household Care,Khalsa-Bhavsar,141.28,188.37,25.0,365,25,98,282.56,70.64
1054122071,473929,1,440.19,Carrots,Fruits & Vegetables,"Bhardwaj, Bhatia and Deshmukh",440.19,586.92,25.0,3,19,70,440.19,110.0475
9135272808,952124,2,127.08,Onions,Fruits & Vegetables,"Wali, Sood and Bala",127.08,169.44,25.0,3,15,50,254.16,63.54
597447215,848226,1,209.59,Tomatoes,Fruits & Vegetables,Barad and Sons,209.59,279.45,25.0,3,10,51,209.59,52.3975
5562099656,440875,2,275.03,Baby Wipes,Baby Care,Loyal Inc,275.03,392.9,30.0,365,15,80,550.06,165.01799999999997
4122736828,500633,1,154.5,Cereal,Dairy & Breakfast,Trivedi-Ahluwalia,154.5,193.12,20.0,7,24,87,154.5,30.900000000000002
7238138072,679284,3,877.89,Cough Syrup,Pharmacy,Pant LLC,877.89,1097.36,20.0,365,28,95,2633.67,526.734
6244736404,613942,1,545.0,Pet Treats,Pet Care,"Dyal, Saraf and Goel",545.0,838.46,35.0,365,28,72,545.0,190.75
1297341963,564692,1,215.65,Cat Food,Pet Care,"Krishna, Bail and Dyal",215.65,331.77,35.0,365,25,82,215.65,75.47749999999999
3842442278,567671,1,418.48,Biscuits,Snacks & Munchies,Nagar LLC,418.48,643.82,35.0,90,12,90,418.48,146.468
9576684860,587645,2,801.81,Vitamins,Pharmacy,"Sura, Pillay and Mammen",801.81,1002.26,20.0,365,18,90,1603.62,320.724
1592757566,124290,2,39.65,Lotion,Personal Care,Sachdev Group,39.65,61.0,35.0,365,23,71,79.3,27.755
5060677329,264803,3,995.98,Vitamins,Pharmacy,Gole-Doshi,995.98,1244.97,20.0,365,17,69,2987.94,597.5880000000001
2241930006,26060,3,342.94,Vitamins,Pharmacy,Shah and Sons,342.94,428.67,20.0,365,25,57,1028.82,205.764
3246505078,677169,1,261.03,Cough Syrup,Pharmacy,Char-Divan,261.03,326.29,20.0,365,12,77,261.03,52.205999999999996
5870152806,659290,1,319.34,Cheese,Dairy & Breakfast,Kapadia-D’Alia,319.34,399.17,20.0,7,18,66,319.34,63.867999999999995
8919999754,564692,3,215.65,Cat Food,Pet Care,"Krishna, Bail and Dyal",215.65,331.77,35.0,365,25,82,646.95,226.4325
1080338783,433521,2,321.33,Diapers,Baby Care,Mahal Group,321.33,459.04,30.0,365,27,58,642.66,192.79799999999997
4641905606,112390,3,877.98,Toothpaste,Personal Care,"Kibe, Contractor and Randhawa",877.98,1350.74,35.0,365,23,85,2633.94,921.8789999999999
9456413999,839170,2,481.63,Curd,Dairy & Breakfast,Shetty and Sons,481.63,602.04,20.0,7,11,59,963.26,192.65200000000002
4764056827,767398,2,22.14,Dish Soap,Household Care,"Arya, Sundaram and Pingle",22.14,29.52,25.0,365,15,57,44.28,11.07
5168057633,272170,2,140.8,Ice Cream,Instant & Frozen Food,Purohit Group,140.8,234.67,40.0,180,10,92,281.6,112.64000000000001
1442559656,240179,2,90.56,Cough Syrup,Pharmacy,Ram-Suri,90.56,113.2,20.0,365,20,56,181.12,36.224000000000004
6590257283,435929,3,856.89,Toilet Cleaner,Household Care,Memon Ltd,856.89,1142.52,25.0,365,13,71,2570.67,642.6675
3429671763,473929,1,440.19,Carrots,Fruits & Vegetables,"Bhardwaj, Bhatia and Deshmukh",440.19,586.92,25.0,3,19,70,440.19,110.0475
4750086089,563740,1,96.33,Chips,Snacks & Munchies,Mann-Kapadia,96.33,148.2,35.0,90,20,61,96.33,33.7155
3204128006,41853,3,910.44,Curd,Dairy & Breakfast,Handa PLC,910.44,1138.05,20.0,7,14,92,2731.32,546.264
3171917027,56589,3,517.77,Vitamins,Pharmacy,"Pai, Kashyap and Ramachandran",517.77,647.21,20.0,365,16,85,1553.31,310.66200000000003
8814047085,764014,2,612.04,Salt,Grocery & Staples,"Grewal, Swamy and Dayal",612.04,720.05,15.0,365,30,100,1224.08,183.612
1889723479,317242,1,198.15,Pulses,Grocery & Staples,Rastogi Group,198.15,233.12,15.0,365,22,63,198.15,29.7225
942025494,888807,3,230.58,Bread,Dairy & Breakfast,Arya Group,230.58,288.23,20.0,7,13,91,691.74,138.348
4104444500,807452,1,144.19,Pulses,Grocery & Staples,Naik Ltd,144.19,169.64,15.0,365,27,61,144.19,21.6285
7562260313,217710,2,58.59,Eggs,Dairy & Breakfast,Rout-Sarna,58.59,73.24,20.0,7,19,53,117.18,23.436000000000003
7140244766,942001,1,671.55,Cat Food,Pet Care,Acharya Ltd,671.55,1033.15,35.0,365,20,84,671.55,235.04249999999996
7967974077,448752,3,160.07,Toilet Cleaner,Household Care,Batta-Doctor,160.07,213.43,25.0,365,23,96,480.21,120.0525
7456822422,962054,2,16.86,Orange Juice,Cold Drinks & Juices,Toor-Nagar,16.86,24.09,30.0,180,11,74,33.72,10.116
4813468096,516376,3,877.43,Onions,Fruits & Vegetables,Agarwal-Dhar,877.43,1169.91,25.0,3,21,71,2632.29,658.0725
8618576020,382511,1,702.54,Butter,Dairy & Breakfast,Bora-Thakkar,702.54,878.17,20.0,7,26,88,702.54,140.508
3727646442,913428,3,392.22,Pet Treats,Pet Care,Narayanan-Kumar,392.22,603.42,35.0,365,30,98,1176.66,411.831
9208156337,319388,3,657.8,Orange Juice,Cold Drinks & Juices,D’Alia-Dey,657.8,939.71,30.0,180,26,56,1973.3999999999999,592.02
8328118787,500633,3,154.5,Cereal,Dairy & Breakfast,Trivedi-Ahluwalia,154.5,193.12,20.0,7,24,87,463.5,92.7
580528836,11422,3,127.16,Potatoes,Fruits & Vegetables,Ramaswamy-Tata,127.16,169.55,25.0,3,20,65,381.48,95.37
3350662630,927651,1,426.72,Baby Wipes,Baby Care,Narula Group,426.72,609.6,30.0,365,15,60,426.72,128.016
6716381725,328457,1,858.57,Mango Drink,Cold Drinks & Juices,Hayre-Shere,858.57,1226.53,30.0,180,12,76,858.57,257.571
2249567137,897083,3,972.69,Detergent,Household Care,Dutta-Halder,972.69,1296.92,25.0,365,10,100,2918.07,729.5175
7484465509,706112,3,478.79,Vitamins,Pharmacy,"Magar, Gara and Garg",478.79,598.49,20.0,365,12,77,1436.3700000000001,287.27400000000006
2577208156,615545,1,448.16,Soap,Personal Care,Barman Inc,448.16,689.48,35.0,365,20,67,448.16,156.856
3321905621,820541,3,576.22,Toilet Cleaner,Household Care,"Borde, Peri and Upadhyay",576.22,768.29,25.0,365,19,71,1728.66,432.165
6686839282,726958,2,887.48,Cat Food,Pet Care,Doctor-Patla,887.48,1365.35,35.0,365,18,79,1774.96,621.236
5095558661,970529,3,827.44,Diapers,Baby Care,"Kurian, Patla and Sanghvi",827.44,1182.06,30.0,365,19,84,2482.32,744.696
112658009,604184,1,397.55,Toilet Cleaner,Household Care,"Gaba, Sodhi and Choudhary",397.55,530.07,25.0,365,24,84,397.55,99.3875
1343610513,925482,2,475.04,Frozen Biryani,Instant & Frozen Food,Viswanathan-Sha,475.04,791.73,40.0,180,23,66,950.08,380.03200000000004
7190610535,990993,3,263.7,Chocolates,Snacks & Munchies,Guha-Subramaniam,263.7,405.69,35.0,90,22,61,791.0999999999999,276.88499999999993
5069426001,41853,1,910.44,Curd,Dairy & Breakfast,Handa PLC,910.44,1138.05,20.0,7,14,92,910.44,182.08800000000002
5655369002,6405,2,236.51,Baby Food,Baby Care,Kashyap-Reddy,236.51,337.87,30.0,365,11,81,473.02,141.90599999999998
5761530160,349294,1,934.75,Onions,Fruits & Vegetables,Ganesan Ltd,934.75,1246.33,25.0,3,25,70,934.75,233.6875
4772519706,257719,1,281.73,Eggs,Dairy & Breakfast,Chaudhuri PLC,281.73,352.16,20.0,7,17,93,281.73,56.346000000000004
8209051735,336847,3,936.98,Toilet Cleaner,Household Care,"Dayal, Mammen and More",936.98,1249.31,25.0,365,17,55,2810.94,702.735
4870391666,324809,1,608.0,Bread,Dairy & Breakfast,Sidhu PLC,608.0,760.0,20.0,7,26,76,608.0,121.60000000000001
7777975083,684939,1,727.95,Lotion,Personal Care,"Sibal, Bhatnagar and Rajan",727.95,1119.92,35.0,365,22,50,727.95,254.7825
8713948756,837480,2,217.4,Cough Syrup,Pharmacy,Edwin and Sons,217.4,271.75,20.0,365,22,82,434.8,86.96000000000001
6191050157,365133,3,915.45,Dish Soap,Household Care,Hans Inc,915.45,1220.6,25.0,365,25,60,2746.3500000000004,686.5875000000001
4060449266,953175,1,225.21,Baby Food,Baby Care,Sehgal-Nagarajan,225.21,321.73,30.0,365,11,73,225.21,67.563
5657605506,451933,3,568.94,Wheat Flour,Grocery & Staples,Nadig Ltd,568.94,669.34,15.0,365,28,98,1706.8200000000002,256.023
8851743592,385113,1,816.38,Lotion,Personal Care,"Sampath, Mane and Mody",816.38,1255.97,35.0,365,21,50,816.38,285.733
4689717606,473929,1,440.19,Carrots,Fruits & Vegetables,"Bhardwaj, Bhatia and Deshmukh",440.19,586.92,25.0,3,19,70,440.19,110.0475
2860246948,859361,1,432.39,Shampoo,Personal Care,Mitter Group,432.39,665.22,35.0,365,25,77,432.39,151.33649999999997
2875550803,366066,3,918.58,Soap,Personal Care,Mandal LLC,918.58,1413.2,35.0,365,16,52,2755.7400000000002,964.509
5340575011,6405,2,236.51,Baby Food,Baby Care,Kashyap-Reddy,236.51,337.87,30.0,365,11,81,473.02,141.90599999999998
7717156533,820973,1,114.52,Baby Wipes,Baby Care,Lall LLC,114.52,163.6,30.0,365,29,56,114.52,34.355999999999995
8297255359,354409,1,325.08,Pulses,Grocery & Staples,Bose-Pandit,325.08,382.45,15.0,365,24,60,325.08,48.76199999999999
7873234939,367391,1,939.55,Baby Wipes,Baby Care,Talwar and Sons,939.55,1342.21,30.0,365,18,52,939.55,281.86499999999995
3668515922,328457,3,858.57,Mango Drink,Cold Drinks & Juices,Hayre-Shere,858.57,1226.53,30.0,180,12,76,2575.71,772.713
8356690330,566052,2,87.3,Pain Reliever,Pharmacy,"Apte, Soman and Raju",87.3,109.12,20.0,365,14,53,174.6,34.92
3508620293,991434,1,237.62,Cookies,Snacks & Munchies,Mital-Oza,237.62,365.57,35.0,90,12,87,237.62,83.167
9998297778,709916,3,33.76,Detergent,Household Care,Varkey LLC,33.76,45.01,25.0,365,30,88,101.28,25.32
3898421710,187399,2,53.49,Frozen Pizza,Instant & Frozen Food,Chauhan Inc,53.49,89.15,40.0,180,14,73,106.98,42.792
3960980694,927651,1,426.72,Baby Wipes,Baby Care,Narula Group,426.72,609.6,30.0,365,15,60,426.72,128.016
5008395294,131136,3,37.8,Salt,Grocery & Staples,Deshpande-Rama,37.8,44.47,15.0,365,29,95,113.39999999999999,17.009999999999998
3722869004,337168,3,545.49,Eggs,Dairy & Breakfast,Dasgupta PLC,545.49,681.86,20.0,7,25,98,1636.47,327.29400000000004
8391555591,644847,1,622.81,Salt,Grocery & Staples,"Jhaveri, Kata and Kapur",622.81,732.72,15.0,365,24,52,622.81,93.4215
8063730776,196719,3,217.5,Bananas,Fruits & Vegetables,Yogi Group,217.5,290.0,25.0,3,15,91,652.5,163.125
9052752169,114414,2,832.06,Vitamins,Pharmacy,Kara-Golla,832.06,1040.07,20.0,365,26,66,1664.12,332.824
7471416647,927651,2,426.72,Baby Wipes,Baby Care,Narula Group,426.72,609.6,30.0,365,15,60,853.44,256.032
848332407,555121,2,354.91,Carrots,Fruits & Vegetables,"Subramanian, Chaudhuri and Dora",354.91,473.21,25.0,3,30,67,709.82,177.455
4062701987,194682,1,912.29,Iced Tea,Cold Drinks & Juices,Sastry-Issac,912.29,1303.27,30.0,180,11,86,912.29,273.68699999999995
8723912832,455755,3,44.09,Detergent,Household Care,Mangal-Sathe,44.09,58.79,25.0,365,23,53,132.27,33.0675
9099298435,89084,3,598.83,Milk,Dairy & Breakfast,"Wali, Virk and Iyer",598.83,748.54,20.0,7,27,74,1796.4900000000002,359.29800000000006
5645691241,77308,2,223.27,Onions,Fruits & Vegetables,Ratta-Sagar,223.27,297.69,25.0,3,29,91,446.54,111.635
8258019846,734789,1,395.82,Popcorn,Snacks & Munchies,"Chaudhari, Pant and Singh",395.82,608.95,35.0,90,22,66,395.82,138.53699999999998
2732162016,305754,3,979.99,Frozen Vegetables,Instant & Frozen Food,Mammen-Hegde,979.99,1633.32,40.0,180,22,81,2939.9700000000003,1175.988
1561902412,679321,1,738.46,Cola,Cold Drinks & Juices,Khurana-Dewan,738.46,1054.94,30.0,180,20,68,738.46,221.538
8979476889,256051,3,400.92,Lotion,Personal Care,"Mannan, Naidu and Sama",400.92,616.8,35.0,365,17,100,1202.76,420.96599999999995
8373953053,679284,3,877.89,Cough Syrup,Pharmacy,Pant LLC,877.89,1097.36,20.0,365,28,95,2633.67,526.734
7021309133,992178,3,632.43,Pain Reliever,Pharmacy,Basu and Sons,632.43,790.54,20.0,365,16,89,1897.29,379.458
3447085029,337168,2,545.49,Eggs,Dairy & Breakfast,Dasgupta PLC,545.49,681.86,20.0,7,25,98,1090.98,218.19600000000003
9284767341,470449,1,827.77,Frozen Biryani,Instant & Frozen Food,Kohli-Sawhney,827.77,1379.62,40.0,180,27,57,827.77,331.108
9770431940,679321,2,738.46,Cola,Cold Drinks & Juices,Khurana-Dewan,738.46,1054.94,30.0,180,20,68,1476.92,443.076
9650124390,123983,2,785.67,Cough Syrup,Pharmacy,Kurian-Chhabra,785.67,982.09,20.0,365,25,72,1571.34,314.26800000000003
9826894858,319388,2,657.8,Orange Juice,Cold Drinks & Juices,D’Alia-Dey,657.8,939.71,30.0,180,26,56,1315.6,394.67999999999995
4466839873,77308,1,223.27,Onions,Fruits & Vegetables,Ratta-Sagar,223.27,297.69,25.0,3,29,91,223.27,55.8175
4331471900,762527,2,690.08,Biscuits,Snacks & Munchies,"Chad, Yohannan and Chopra",690.08,1061.66,35.0,90,23,71,1380.16,483.056
5777824005,945635,2,778.9,Pulses,Grocery & Staples,Balasubramanian PLC,778.9,916.35,15.0,365,16,59,1557.8,233.67
8795242622,33797,3,888.12,Pain Reliever,Pharmacy,Gaba LLC,888.12,1110.15,20.0,365,12,51,2664.36,532.8720000000001
8561878376,555121,3,354.91,Carrots,Fruits & Vegetables,"Subramanian, Chaudhuri and Dora",354.91,473.21,25.0,3,30,67,1064.73,266.1825
2113243643,644847,3,622.81,Salt,Grocery & Staples,"Jhaveri, Kata and Kapur",622.81,732.72,15.0,365,24,52,1868.4299999999998,280.26449999999994
8497820340,327290,2,862.28,Sugar,Grocery & Staples,Nadkarni Inc,862.28,1014.45,15.0,365,22,65,1724.56,258.68399999999997
3167184563,798639,1,211.25,Eggs,Dairy & Breakfast,Subramaniam LLC,211.25,264.06,20.0,7,12,78,211.25,42.25
9997121955,739534,2,994.56,Toilet Cleaner,Household Care,"Gera, Narang and Karpe",994.56,1326.08,25.0,365,14,59,1989.12,497.28
2954397481,272170,1,140.8,Ice Cream,Instant & Frozen Food,Purohit Group,140.8,234.67,40.0,180,10,92,140.8,56.32000000000001
8125884987,764014,3,612.04,Salt,Grocery & Staples,"Grewal, Swamy and Dayal",612.04,720.05,15.0,365,30,100,1836.12,275.41799999999995
3765873352,365132,3,229.38,Instant Noodles,Instant & Frozen Food,Dar-Kumar,229.38,382.3,40.0,180,19,70,688.14,275.25600000000003
7733310993,820541,1,576.22,Toilet Cleaner,Household Care,"Borde, Peri and Upadhyay",576.22,768.29,25.0,365,19,71,576.22,144.055
738093341,257719,2,281.73,Eggs,Dairy & Breakfast,Chaudhuri PLC,281.73,352.16,20.0,7,17,93,563.46,112.69200000000001
1837574319,851978,3,715.72,Vitamins,Pharmacy,Parsa-Bala,715.72,894.65,20.0,365,28,92,2147.16,429.432
2468420564,365133,2,915.45,Dish Soap,Household Care,Hans Inc,915.45,1220.6,25.0,365,25,60,1830.9,457.725
5368005763,237083,2,577.13,Cough Syrup,Pharmacy,Hayer-Banerjee,577.13,721.41,20.0,365,24,86,1154.26,230.852
3823949592,39154,2,946.86,Mangoes,Fruits & Vegetables,"Suresh, Bose and Bajwa",946.86,1262.48,25.0,3,21,84,1893.72,473.43
6298008063,585299,3,799.46,Pet Treats,Pet Care,"Sharma, Chandra and Prashad",799.46,1229.94,35.0,365,13,50,2398.38,839.433
2499190829,679284,2,877.89,Cough Syrup,Pharmacy,Pant LLC,877.89,1097.36,20.0,365,28,95,1755.78,351.156
491116137,237083,2,577.13,Cough Syrup,Pharmacy,Hayer-Banerjee,577.13,721.41,20.0,365,24,86,1154.26,230.852
2206269404,642612,1,517.03,Pet Treats,Pet Care,Pillay-Ahuja,517.03,795.43,35.0,365,16,57,517.03,180.96049999999997
1330806043,760684,3,71.6,Rice,Grocery & Staples,Kanda-Gupta,71.6,84.24,15.0,365,14,64,214.79999999999998,32.22
6770858376,654297,2,13.25,Potatoes,Fruits & Vegetables,Chandran-Dass,13.25,17.67,25.0,3,20,86,26.5,6.625
4466716432,799459,3,852.02,Vitamins,Pharmacy,"Garg, Kari and Kapur",852.02,1065.02,20.0,365,29,66,2556.06,511.212
8292554686,478531,2,825.46,Carrots,Fruits & Vegetables,Uppal Group,825.46,1100.61,25.0,3,24,90,1650.92,412.73
4204069161,34200,2,319.8,Lotion,Personal Care,Munshi-Grewal,319.8,492.0,35.0,365,19,75,639.6,223.85999999999999
2163079658,661577,3,720.95,Cat Food,Pet Care,Majumdar PLC,720.95,1109.15,35.0,365,28,95,2162.8500000000004,756.9975000000001
6971561757,578097,3,267.61,Nuts,Snacks & Munchies,Jha Group,267.61,411.71,35.0,90,22,75,802.83,280.9905
7965253060,739534,3,994.56,Toilet Cleaner,Household Care,"Gera, Narang and Karpe",994.56,1326.08,25.0,365,14,59,2983.68,745.92
8939040193,36412,3,397.68,Dish Soap,Household Care,Muni-Shankar,397.68,530.24,25.0,365,27,92,1193.04,298.26
8322028211,451812,2,530.85,Pain Reliever,Pharmacy,"Batra, Sant and Mandal",530.85,663.56,20.0,365,29,63,1061.7,212.34000000000003
6865922682,914071,2,296.94,Chips,Snacks & Munchies,Datta Ltd,296.94,456.83,35.0,90,25,90,593.88,207.85799999999998
5912729079,871592,1,870.29,Carrots,Fruits & Vegetables,"Shankar, Nadkarni and Kumer",870.29,1160.39,25.0,3,25,50,870.29,217.5725
8764776130,82484,1,914.88,Baby Food,Baby Care,Mallick PLC,914.88,1306.97,30.0,365,12,73,914.88,274.464
7769965629,747801,2,277.76,Toilet Cleaner,Household Care,Saha-Vora,277.76,370.35,25.0,365,23,71,555.52,138.88
2166463032,851978,1,715.72,Vitamins,Pharmacy,Parsa-Bala,715.72,894.65,20.0,365,28,92,715.72,143.144
7035343259,853932,1,941.19,Baby Wipes,Baby Care,Ranganathan-Peri,941.19,1344.56,30.0,365,21,94,941.19,282.357
8914775994,91670,3,439.24,Dish Soap,Household Care,Barman-Ahluwalia,439.24,585.65,25.0,365,27,88,1317.72,329.43
7565647347,726958,2,887.48,Cat Food,Pet Care,Doctor-Patla,887.48,1365.35,35.0,365,18,79,1774.96,621.236
6172215120,714999,3,882.51,Bread,Dairy & Breakfast,Kala Group,882.51,1103.14,20.0,7,27,81,2647.5299999999997,529.506
4043585691,760684,3,71.6,Rice,Grocery & Staples,Kanda-Gupta,71.6,84.24,15.0,365,14,64,214.79999999999998,32.22
3735186180,120532,1,697.53,Wheat Flour,Grocery & Staples,Nazareth Ltd,697.53,820.62,15.0,365,29,95,697.53,104.6295
5281459433,194682,1,912.29,Iced Tea,Cold Drinks & Juices,Sastry-Issac,912.29,1303.27,30.0,180,11,86,912.29,273.68699999999995
424087401,51036,1,931.61,Baby Food,Baby Care,Karnik PLC,931.61,1330.87,30.0,365,12,86,931.61,279.483
884327245,679321,2,738.46,Cola,Cold Drinks & Juices,Khurana-Dewan,738.46,1054.94,30.0,180,20,68,1476.92,443.076
6318008970,952124,3,127.08,Onions,Fruits & Vegetables,"Wali, Sood and Bala",127.08,169.44,25.0,3,15,50,381.24,95.31
3792751421,914071,2,296.94,Chips,Snacks & Munchies,Datta Ltd,296.94,456.83,35.0,90,25,90,593.88,207.85799999999998
5471255539,578097,1,267.61,Nuts,Snacks & Munchies,Jha Group,267.61,411.71,35.0,90,22,75,267.61,93.6635
9917290378,991434,2,237.62,Cookies,Snacks & Munchies,Mital-Oza,237.62,365.57,35.0,90,12,87,475.24,166.334
208989475,432617,2,863.18,Baby Wipes,Baby Care,Dora-Pillai,863.18,1233.11,30.0,365,17,97,1726.36,517.9079999999999
7672827556,903336,1,551.88,Pulses,Grocery & Staples,"Vaidya, Amble and Palla",551.88,649.27,15.0,365,14,60,551.88,82.782
3792912325,36412,3,397.68,Dish Soap,Household Care,Muni-Shankar,397.68,530.24,25.0,365,27,92,1193.04,298.26
2478533601,349294,2,934.75,Onions,Fruits & Vegetables,Ganesan Ltd,934.75,1246.33,25.0,3,25,70,1869.5,467.375
2255745327,764014,1,612.04,Salt,Grocery & Staples,"Grewal, Swamy and Dayal",612.04,720.05,15.0,365,30,100,612.04,91.806
8612261848,672059,1,672.73,Toothpaste,Personal Care,Kaur-Gola,672.73,1034.97,35.0,365,25,81,672.73,235.4555
6949810049,63769,2,878.07,Lotion,Personal Care,Dalal-Shan,878.07,1350.88,35.0,365,27,69,1756.14,614.649
2399456941,812607,2,416.65,Potatoes,Fruits & Vegetables,Rege Group,416.65,555.53,25.0,3,11,63,833.3,208.325
6292969164,222892,3,869.22,Tomatoes,Fruits & Vegetables,Ramakrishnan-Ghose,869.22,1158.96,25.0,3,28,88,2607.66,651.915
2929485756,365132,1,229.38,Instant Noodles,Instant & Frozen Food,Dar-Kumar,229.38,382.3,40.0,180,19,70,229.38,91.75200000000001
8757869416,435929,1,856.89,Toilet Cleaner,Household Care,Memon Ltd,856.89,1142.52,25.0,365,13,71,856.89,214.2225
2653966619,706112,2,478.79,Vitamins,Pharmacy,"Magar, Gara and Garg",478.79,598.49,20.0,365,12,77,957.58,191.51600000000002
336103625,500633,3,154.5,Cereal,Dairy & Breakfast,Trivedi-Ahluwalia,154.5,193.12,20.0,7,24,87,463.5,92.7
3727289407,564692,3,215.65,Cat Food,Pet Care,"Krishna, Bail and Dyal",215.65,331.77,35.0,365,25,82,646.95,226.4325
701250513,243235,2,109.03,Cat Food,Pet Care,Batta Inc,109.03,167.74,35.0,365,14,71,218.06,76.321
101816977,677169,2,261.03,Cough Syrup,Pharmacy,Char-Divan,261.03,326.29,20.0,365,12,77,522.06,104.41199999999999
7838223552,952124,1,127.08,Onions,Fruits & Vegetables,"Wali, Sood and Bala",127.08,169.44,25.0,3,15,50,127.08,31.77
4123140013,807452,2,144.19,Pulses,Grocery & Staples,Naik Ltd,144.19,169.64,15.0,365,27,61,288.38,43.257
9821008306,131748,3,81.35,Dog Food,Pet Care,"Shroff, Wason and Dugar",81.35,125.15,35.0,365,30,53,244.04999999999998,85.41749999999999
5414882934,990993,1,263.7,Chocolates,Snacks & Munchies,Guha-Subramaniam,263.7,405.69,35.0,90,22,61,263.7,92.29499999999999
9257313140,925482,3,475.04,Frozen Biryani,Instant & Frozen Food,Viswanathan-Sha,475.04,791.73,40.0,180,23,66,1425.1200000000001,570.0480000000001
3857021231,561860,2,874.78,Orange Juice,Cold Drinks & Juices,Gupta Ltd,874.78,1249.69,30.0,180,21,90,1749.56,524.8679999999999
1606381345,784673,1,491.39,Dog Food,Pet Care,Ramanathan Group,491.39,755.98,35.0,365,21,84,491.39,171.98649999999998
239830094,317242,3,198.15,Pulses,Grocery & Staples,Rastogi Group,198.15,233.12,15.0,365,22,63,594.45,89.1675
580582858,274207,1,328.51,Cough Syrup,Pharmacy,"Savant, Batta and Mander",328.51,410.64,20.0,365,25,51,328.51,65.702
4191340899,642612,3,517.03,Pet Treats,Pet Care,Pillay-Ahuja,517.03,795.43,35.0,365,16,57,1551.09,542.8815
1013630716,9436,2,88.43,Toothpaste,Personal Care,Naidu PLC,88.43,136.05,35.0,365,19,76,176.86,61.901
8220017366,894539,3,445.48,Dish Soap,Household Care,"Pall, Sule and Sood",445.48,593.97,25.0,365,14,93,1336.44,334.11
4353485612,324809,1,608.0,Bread,Dairy & Breakfast,Sidhu PLC,608.0,760.0,20.0,7,26,76,608.0,121.60000000000001
8682172393,891833,1,493.19,Curd,Dairy & Breakfast,Mani PLC,493.19,616.49,20.0,7,11,69,493.19,98.638
4085089017,925482,1,475.04,Frozen Biryani,Instant & Frozen Food,Viswanathan-Sha,475.04,791.73,40.0,180,23,66,475.04,190.01600000000002
1287686307,563740,1,96.33,Chips,Snacks & Munchies,Mann-Kapadia,96.33,148.2,35.0,90,20,61,96.33,33.7155
4425450216,365132,2,229.38,Instant Noodles,Instant & Frozen Food,Dar-Kumar,229.38,382.3,40.0,180,19,70,458.76,183.50400000000002
7799346570,540618,2,317.05,Popcorn,Snacks & Munchies,Golla-Luthra,317.05,487.77,35.0,90,28,87,634.1,221.935
5917975686,927651,1,426.72,Baby Wipes,Baby Care,Narula Group,426.72,609.6,30.0,365,15,60,426.72,128.016
9588500388,712003,2,671.68,Cola,Cold Drinks & Juices,"Karan, Bandi and Acharya",671.68,959.54,30.0,180,30,54,1343.36,403.008
3963207709,274207,1,328.51,Cough Syrup,Pharmacy,"Savant, Batta and Mander",328.51,410.64,20.0,365,25,51,328.51,65.702
2217466286,992178,1,632.43,Pain Reliever,Pharmacy,Basu and Sons,632.43,790.54,20.0,365,16,89,632.43,126.48599999999999
7130088913,712003,3,671.68,Cola,Cold Drinks & Juices,"Karan, Bandi and Acharya",671.68,959.54,30.0,180,30,54,2015.04,604.512
9064682961,799688,3,309.62,Lotion,Personal Care,Arora LLC,309.62,476.34,35.0,365,22,90,928.86,325.101
6060156146,930284,1,189.47,Baby Food,Baby Care,"Garg, Saraf and Dutta",189.47,270.67,30.0,365,20,58,189.47,56.841
3106610673,444361,2,822.63,Pain Reliever,Pharmacy,"Prakash, Bawa and Kale",822.63,1028.29,20.0,365,20,71,1645.26,329.052
442408751,661577,1,720.95,Cat Food,Pet Care,Majumdar PLC,720.95,1109.15,35.0,365,28,95,720.95,252.3325
353571238,552496,3,508.0,Dish Soap,Household Care,Dhar PLC,508.0,677.33,25.0,365,17,59,1524.0,381.0
4670530333,120385,1,597.91,Pet Treats,Pet Care,Dubey-Sarin,597.91,919.86,35.0,365,28,73,597.91,209.2685
4961370923,832348,2,831.43,Biscuits,Snacks & Munchies,Jani-Ram,831.43,1279.12,35.0,90,10,79,1662.86,582.001
8946821991,462526,1,449.97,Curd,Dairy & Breakfast,Pau and Sons,449.97,562.46,20.0,7,25,69,449.97,89.99400000000001
5720622852,264803,2,995.98,Vitamins,Pharmacy,Gole-Doshi,995.98,1244.97,20.0,365,17,69,1991.96,398.39200000000005
7305353953,798639,3,211.25,Eggs,Dairy & Breakfast,Subramaniam LLC,211.25,264.06,20.0,7,12,78,633.75,126.75
1402723627,60619,3,726.41,Iced Tea,Cold Drinks & Juices,Bhasin LLC,726.41,1037.73,30.0,180,10,97,2179.23,653.769
9820620357,240179,3,90.56,Cough Syrup,Pharmacy,Ram-Suri,90.56,113.2,20.0,365,20,56,271.68,54.336000000000006
1930286155,953175,2,225.21,Baby Food,Baby Care,Sehgal-Nagarajan,225.21,321.73,30.0,365,11,73,450.42,135.126
6759029950,712003,1,671.68,Cola,Cold Drinks & Juices,"Karan, Bandi and Acharya",671.68,959.54,30.0,180,30,54,671.68,201.504
9032188284,52729,3,316.02,Cat Food,Pet Care,Saini LLC,316.02,486.18,35.0,365,25,100,948.06,331.82099999999997
9490161602,679321,3,738.46,Cola,Cold Drinks & Juices,Khurana-Dewan,738.46,1054.94,30.0,180,20,68,2215.38,664.614
8565257085,762527,3,690.08,Biscuits,Snacks & Munchies,"Chad, Yohannan and Chopra",690.08,1061.66,35.0,90,23,71,2070.2400000000002,724.5840000000001
4884845960,34186,3,925.65,Mangoes,Fruits & Vegetables,Mandal-Kar,925.65,1234.2,25.0,3,27,74,2776.95,694.2375
6181604084,15314,2,578.85,Cheese,Dairy & Breakfast,Banik-Ratta,578.85,723.56,20.0,7,30,91,1157.7,231.54000000000002
2718508408,91670,1,439.24,Dish Soap,Household Care,Barman-Ahluwalia,439.24,585.65,25.0,365,27,88,439.24,109.81
8354866000,679865,1,347.91,Wheat Flour,Grocery & Staples,Memon-Barad,347.91,409.31,15.0,365,14,85,347.91,52.1865
8025728977,952124,1,127.08,Onions,Fruits & Vegetables,"Wali, Sood and Bala",127.08,169.44,25.0,3,15,50,127.08,31.77
6531356394,487931,3,709.08,Sugar,Grocery & Staples,"Bahl, Jaggi and Nath",709.08,834.21,15.0,365,27,68,2127.2400000000002,319.086
5489184758,927651,1,426.72,Baby Wipes,Baby Care,Narula Group,426.72,609.6,30.0,365,15,60,426.72,128.016
1377599881,492958,2,84.2,Lotion,Personal Care,Acharya PLC,84.2,129.54,35.0,365,26,88,168.4,58.94
227162938,991434,2,237.62,Cookies,Snacks & Munchies,Mital-Oza,237.62,365.57,35.0,90,12,87,475.24,166.334
3449083612,284460,2,505.95,Potatoes,Fruits & Vegetables,"Ramakrishnan, Anand and Khare",505.95,674.6,25.0,3,21,85,1011.9,252.975
5662514948,240179,1,90.56,Cough Syrup,Pharmacy,Ram-Suri,90.56,113.2,20.0,365,20,56,90.56,18.112000000000002
2034571482,327290,3,862.28,Sugar,Grocery & Staples,Nadkarni Inc,862.28,1014.45,15.0,365,22,65,2586.84,388.026
348782569,644847,1,622.81,Salt,Grocery & Staples,"Jhaveri, Kata and Kapur",622.81,732.72,15.0,365,24,52,622.81,93.4215
8697396531,658389,3,152.55,Popcorn,Snacks & Munchies,"Chanda, Som and Vohra",152.55,234.69,35.0,90,22,68,457.65000000000003,160.1775
3538455450,799688,3,309.62,Lotion,Personal Care,Arora LLC,309.62,476.34,35.0,365,22,90,928.86,325.101
7513290139,954722,1,616.45,Ice Cream,Instant & Frozen Food,Mohan-Virk,616.45,1027.42,40.0,180,11,58,616.45,246.58000000000004
8320461939,432617,2,863.18,Baby Wipes,Baby Care,Dora-Pillai,863.18,1233.11,30.0,365,17,97,1726.36,517.9079999999999
8217899522,107548,3,891.6,Cola,Cold Drinks & Juices,"Bhandari, Bhasin and Palan",891.6,1273.71,30.0,180,27,53,2674.8,802.44
4217056877,131748,3,81.35,Dog Food,Pet Care,"Shroff, Wason and Dugar",81.35,125.15,35.0,365,30,53,244.04999999999998,85.41749999999999
3684167813,354409,1,325.08,Pulses,Grocery & Staples,Bose-Pandit,325.08,382.45,15.0,365,24,60,325.08,48.76199999999999
5351904164,82484,1,914.88,Baby Food,Baby Care,Mallick PLC,914.88,1306.97,30.0,365,12,73,914.88,274.464
2731829604,672059,2,672.73,Toothpaste,Personal Care,Kaur-Gola,672.73,1034.97,35.0,365,25,81,1345.46,470.911
7162485958,120532,3,697.53,Wheat Flour,Grocery & Staples,Nazareth Ltd,697.53,820.62,15.0,365,29,95,2092.59,313.8885
4830502113,848226,2,209.59,Tomatoes,Fruits & Vegetables,Barad and Sons,209.59,279.45,25.0,3,10,51,419.18,104.795
9797013595,39154,2,946.86,Mangoes,Fruits & Vegetables,"Suresh, Bose and Bajwa",946.86,1262.48,25.0,3,21,84,1893.72,473.43
9487843345,587420,2,357.42,Cookies,Snacks & Munchies,Raj and Sons,357.42,549.88,35.0,90,22,50,714.84,250.194
2148242015,219598,3,367.08,Shampoo,Personal Care,Arora-Magar,367.08,564.74,35.0,365,28,83,1101.24,385.43399999999997
7465258008,615545,1,448.16,Soap,Personal Care,Barman Inc,448.16,689.48,35.0,365,20,67,448.16,156.856
8875274470,807452,3,144.19,Pulses,Grocery & Staples,Naik Ltd,144.19,169.64,15.0,365,27,61,432.57,64.8855
7049717910,82484,2,914.88,Baby Food,Baby Care,Mallick PLC,914.88,1306.97,30.0,365,12,73,1829.76,548.928
4829897426,697683,2,123.74,Toilet Cleaner,Household Care,"Murty, Varghese and Saxena",123.74,164.99,25.0,365,14,82,247.48,61.87
3532186218,481843,3,297.68,Chocolates,Snacks & Munchies,"Taneja, Kala and Kota",297.68,457.97,35.0,90,10,88,893.04,312.56399999999996
6897674900,237083,1,577.13,Cough Syrup,Pharmacy,Hayer-Banerjee,577.13,721.41,20.0,365,24,86,577.13,115.426
163895717,654623,2,422.14,Chips,Snacks & Munchies,Pradhan and Sons,422.14,649.45,35.0,90,18,76,844.28,295.498
9857592403,661577,1,720.95,Cat Food,Pet Care,Majumdar PLC,720.95,1109.15,35.0,365,28,95,720.95,252.3325
2521197661,585299,1,799.46,Pet Treats,Pet Care,"Sharma, Chandra and Prashad",799.46,1229.94,35.0,365,13,50,799.46,279.811
488314125,839170,2,481.63,Curd,Dairy & Breakfast,Shetty and Sons,481.63,602.04,20.0,7,11,59,963.26,192.65200000000002
5073549838,385113,3,816.38,Lotion,Personal Care,"Sampath, Mane and Mody",816.38,1255.97,35.0,365,21,50,2449.14,857.199
6399568661,965755,3,532.57,Bananas,Fruits & Vegetables,"Doshi, Sarraf and Sama",532.57,710.09,25.0,3,21,91,1597.71,399.4275
3672658084,194682,3,912.29,Iced Tea,Cold Drinks & Juices,Sastry-Issac,912.29,1303.27,30.0,180,11,86,2736.87,821.0609999999999
8273236145,366066,3,918.58,Soap,Personal Care,Mandal LLC,918.58,1413.2,35.0,365,16,52,2755.7400000000002,964.509
3411233779,500633,1,154.5,Cereal,Dairy & Breakfast,Trivedi-Ahluwalia,154.5,193.12,20.0,7,24,87,154.5,30.900000000000002
8024667539,354409,3,325.08,Pulses,Grocery & Staples,Bose-Pandit,325.08,382.45,15.0,365,24,60,975.24,146.286
6112199794,397973,1,728.73,Bananas,Fruits & Vegetables,"Wable, Randhawa and Mutti",728.73,971.64,25.0,3,27,82,728.73,182.1825
9484473160,137909,1,864.3,Cough Syrup,Pharmacy,Dalal PLC,864.3,1080.37,20.0,365,23,65,864.3,172.86
9729709418,784673,2,491.39,Dog Food,Pet Care,Ramanathan Group,491.39,755.98,35.0,365,21,84,982.78,343.97299999999996
7900224799,327290,2,862.28,Sugar,Grocery & Staples,Nadkarni Inc,862.28,1014.45,15.0,365,22,65,1724.56,258.68399999999997
1821414490,124290,2,39.65,Lotion,Personal Care,Sachdev Group,39.65,61.0,35.0,365,23,71,79.3,27.755
5813507399,500739,1,359.98,Bread,Dairy & Breakfast,Aggarwal Group,359.98,449.98,20.0,7,18,81,359.98,71.99600000000001
3928003125,274207,3,328.51,Cough Syrup,Pharmacy,"Savant, Batta and Mander",328.51,410.64,20.0,365,25,51,985.53,197.106
5271866987,681063,3,321.28,Mango Drink,Cold Drinks & Juices,Dass and Sons,321.28,458.97,30.0,180,20,91,963.8399999999999,289.152
9794537731,114414,1,832.06,Vitamins,Pharmacy,Kara-Golla,832.06,1040.07,20.0,365,26,66,832.06,166.412
4852718488,131937,3,287.81,Frozen Pizza,Instant & Frozen Food,"Varkey, Devi and Ganguly",287.81,479.68,40.0,180,18,68,863.4300000000001,345.37200000000007
8300546273,677169,3,261.03,Cough Syrup,Pharmacy,Char-Divan,261.03,326.29,20.0,365,12,77,783.0899999999999,156.618
976104194,557908,3,942.37,Vitamins,Pharmacy,Sundaram Inc,942.37,1177.96,20.0,365,14,53,2827.11,565.422
5373961125,433521,3,321.33,Diapers,Baby Care,Mahal Group,321.33,459.04,30.0,365,27,58,963.99,289.197
6056126973,256783,2,906.54,Pet Treats,Pet Care,"Basu, Thakur and Rege",906.54,1394.68,35.0,365,16,98,1813.08,634.578
6352881332,726958,3,887.48,Cat Food,Pet Care,Doctor-Patla,887.48,1365.35,35.0,365,18,79,2662.44,931.8539999999999
1643234106,557908,3,942.37,Vitamins,Pharmacy,Sundaram Inc,942.37,1177.96,20.0,365,14,53,2827.11,565.422
8697966993,60619,3,726.41,Iced Tea,Cold Drinks & Juices,Bhasin LLC,726.41,1037.73,30.0,180,10,97,2179.23,653.769
2276061263,687218,1,317.82,Mango Drink,Cold Drinks & Juices,"Sankaran, Pall and Gola",317.82,454.03,30.0,180,22,58,317.82,95.34599999999999
4045613782,600767,3,722.42,Toothpaste,Personal Care,Balan Group,722.42,1111.42,35.0,365,22,68,2167.2599999999998,758.5409999999998
2959828441,34186,1,925.65,Mangoes,Fruits & Vegetables,Mandal-Kar,925.65,1234.2,25.0,3,27,74,925.65,231.4125
3514589876,669378,3,212.14,Potatoes,Fruits & Vegetables,Chadha and Sons,212.14,282.85,25.0,3,23,70,636.42,159.105
9444081952,532965,1,307.23,Frozen Pizza,Instant & Frozen Food,Sachdev Inc,307.23,512.05,40.0,180,20,94,307.23,122.89200000000001
8183959589,94225,3,77.11,Toilet Cleaner,Household Care,"Gulati, Ram and Sarkar",77.11,102.81,25.0,365,13,70,231.32999999999998,57.832499999999996
1712832927,425341,3,486.28,Pet Treats,Pet Care,"Mani, Dhar and Muni",486.28,748.12,35.0,365,21,68,1458.84,510.59399999999994
8162867215,112390,1,877.98,Toothpaste,Personal Care,"Kibe, Contractor and Randhawa",877.98,1350.74,35.0,365,23,85,877.98,307.293
4160230443,820973,1,114.52,Baby Wipes,Baby Care,Lall LLC,114.52,163.6,30.0,365,29,56,114.52,34.355999999999995
9787535949,240179,1,90.56,Cough Syrup,Pharmacy,Ram-Suri,90.56,113.2,20.0,365,20,56,90.56,18.112000000000002
3423995261,747801,2,277.76,Toilet Cleaner,Household Care,Saha-Vora,277.76,370.35,25.0,365,23,71,555.52,138.88
1523343168,298985,3,183.76,Vitamins,Pharmacy,"Ramanathan, Joshi and Srinivasan",183.76,229.7,20.0,365,11,61,551.28,110.256
1948066291,644847,1,622.81,Salt,Grocery & Staples,"Jhaveri, Kata and Kapur",622.81,732.72,15.0,365,24,52,622.81,93.4215
2021361582,41853,3,910.44,Curd,Dairy & Breakfast,Handa PLC,910.44,1138.05,20.0,7,14,92,2731.32,546.264
7491420331,470449,2,827.77,Frozen Biryani,Instant & Frozen Food,Kohli-Sawhney,827.77,1379.62,40.0,180,27,57,1655.54,662.216
994840771,112390,2,877.98,Toothpaste,Personal Care,"Kibe, Contractor and Randhawa",877.98,1350.74,35.0,365,23,85,1755.96,614.586
6277344634,131136,2,37.8,Salt,Grocery & Staples,Deshpande-Rama,37.8,44.47,15.0,365,29,95,75.6,11.339999999999998
4092653338,317242,3,198.15,Pulses,Grocery & Staples,Rastogi Group,198.15,233.12,15.0,365,22,63,594.45,89.1675
7213712604,500633,1,154.5,Cereal,Dairy & Breakfast,Trivedi-Ahluwalia,154.5,193.12,20.0,7,24,87,154.5,30.900000000000002
7326709115,883013,3,989.88,Eggs,Dairy & Breakfast,Chahal Group,989.88,1237.35,20.0,7,13,98,2969.64,593.928
9419789569,171602,3,883.44,Cola,Cold Drinks & Juices,Pal-Sehgal,883.44,1262.06,30.0,180,28,58,2650.32,795.096
5388191488,153019,3,947.95,Onions,Fruits & Vegetables,Aurora LLC,947.95,1263.93,25.0,3,13,88,2843.8500000000004,710.9625000000001
9065873433,930284,3,189.47,Baby Food,Baby Care,"Garg, Saraf and Dutta",189.47,270.67,30.0,365,20,58,568.41,170.523
4627342297,67197,3,552.2,Butter,Dairy & Breakfast,Shetty-Bora,552.2,690.25,20.0,7,20,79,1656.6000000000001,331.32000000000005
4286971111,114414,2,832.06,Vitamins,Pharmacy,Kara-Golla,832.06,1040.07,20.0,365,26,66,1664.12,332.824
645282074,697683,2,123.74,Toilet Cleaner,Household Care,"Murty, Varghese and Saxena",123.74,164.99,25.0,365,14,82,247.48,61.87
7260939789,604184,2,397.55,Toilet Cleaner,Household Care,"Gaba, Sodhi and Choudhary",397.55,530.07,25.0,365,24,84,795.1,198.775
1716322448,700048,2,141.28,Dish Soap,Household Care,Khalsa-Bhavsar,141.28,188.37,25.0,365,25,98,282.56,70.64
4293959647,361361,3,826.21,Biscuits,Snacks & Munchies,"Kunda, Dave and Sahni",826.21,1271.09,35.0,90,20,64,2478.63,867.5205
3331935300,435929,2,856.89,Toilet Cleaner,Household Care,Memon Ltd,856.89,1142.52,25.0,365,13,71,1713.78,428.445
1775389576,961614,3,227.22,Chocolates,Snacks & Munchies,Goda Inc,227.22,349.57,35.0,90,26,99,681.66,238.58099999999996
8194774262,490602,3,549.47,Sugar,Grocery & Staples,Raghavan Inc,549.47,646.44,15.0,365,20,71,1648.41,247.2615
3615279775,51036,1,931.61,Baby Food,Baby Care,Karnik PLC,931.61,1330.87,30.0,365,12,86,931.61,279.483
11467999,747801,3,277.76,Toilet Cleaner,Household Care,Saha-Vora,277.76,370.35,25.0,365,23,71,833.28,208.32
3971267196,171602,2,883.44,Cola,Cold Drinks & Juices,Pal-Sehgal,883.44,1262.06,30.0,180,28,58,1766.88,530.064
1584863963,455755,3,44.09,Detergent,Household Care,Mangal-Sathe,44.09,58.79,25.0,365,23,53,132.27,33.0675
1557893814,70969,1,631.7,Carrots,Fruits & Vegetables,Mohan Group,631.7,842.27,25.0,3,25,96,631.7,157.925
8172695964,697683,1,123.74,Toilet Cleaner,Household Care,"Murty, Varghese and Saxena",123.74,164.99,25.0,365,14,82,123.74,30.935
7462800868,747801,2,277.76,Toilet Cleaner,Household Care,Saha-Vora,277.76,370.35,25.0,365,23,71,555.52,138.88
5438961669,425341,2,486.28,Pet Treats,Pet Care,"Mani, Dhar and Muni",486.28,748.12,35.0,365,21,68,972.56,340.39599999999996
4904849001,913428,2,392.22,Pet Treats,Pet Care,Narayanan-Kumar,392.22,603.42,35.0,365,30,98,784.44,274.554
4816980820,63769,3,878.07,Lotion,Personal Care,Dalal-Shan,878.07,1350.88,35.0,365,27,69,2634.21,921.9735
9004078716,760828,3,563.45,Pet Treats,Pet Care,"Khurana, Khosla and Yohannan",563.45,866.85,35.0,365,23,93,1690.3500000000001,591.6225000000001
8350353728,481843,2,297.68,Chocolates,Snacks & Munchies,"Taneja, Kala and Kota",297.68,457.97,35.0,90,10,88,595.36,208.376
1204084245,690565,2,951.27,Cookies,Snacks & Munchies,"Roy, Seth and Patla",951.27,1463.49,35.0,90,15,56,1902.54,665.8889999999999
4142209897,440875,3,275.03,Baby Wipes,Baby Care,Loyal Inc,275.03,392.9,30.0,365,15,80,825.0899999999999,247.52699999999996
125551624,669378,2,212.14,Potatoes,Fruits & Vegetables,Chadha and Sons,212.14,282.85,25.0,3,23,70,424.28,106.07
9970545044,962591,3,130.01,Orange Juice,Cold Drinks & Juices,Murthy-Kaul,130.01,185.73,30.0,180,24,74,390.03,117.00899999999999
7976032064,621677,3,317.8,Frozen Biryani,Instant & Frozen Food,Sabharwal-Mital,317.8,529.67,40.0,180,15,71,953.4000000000001,381.36000000000007
8691567542,969851,3,340.66,Frozen Vegetables,Instant & Frozen Food,"Kara, Sodhi and Bassi",340.66,567.77,40.0,180,27,64,1021.98,408.79200000000003
3592747590,34200,1,319.8,Lotion,Personal Care,Munshi-Grewal,319.8,492.0,35.0,365,19,75,319.8,111.92999999999999
7495753437,644847,1,622.81,Salt,Grocery & Staples,"Jhaveri, Kata and Kapur",622.81,732.72,15.0,365,24,52,622.81,93.4215
3965847120,654623,2,422.14,Chips,Snacks & Munchies,Pradhan and Sons,422.14,649.45,35.0,90,18,76,844.28,295.498
9365984533,470449,1,827.77,Frozen Biryani,Instant & Frozen Food,Kohli-Sawhney,827.77,1379.62,40.0,180,27,57,827.77,331.108
2948242102,587645,3,801.81,Vitamins,Pharmacy,"Sura, Pillay and Mammen",801.81,1002.26,20.0,365,18,90,2405.43,481.086
6161193691,187399,2,53.49,Frozen Pizza,Instant & Frozen Food,Chauhan Inc,53.49,89.15,40.0,180,14,73,106.98,42.792
5964122835,144124,3,162.67,Detergent,Household Care,Lalla-Srinivasan,162.67,216.89,25.0,365,11,82,488.01,122.0025
8879377902,883013,2,989.88,Eggs,Dairy & Breakfast,Chahal Group,989.88,1237.35,20.0,7,13,98,1979.76,395.952
8158068874,692985,1,197.39,Pulses,Grocery & Staples,"Wable, Sankaran and Hari",197.39,232.22,15.0,365,30,86,197.39,29.608499999999996
7039570964,240179,3,90.56,Cough Syrup,Pharmacy,Ram-Suri,90.56,113.2,20.0,365,20,56,271.68,54.336000000000006
5482913265,880510,2,951.43,Bread,Dairy & Breakfast,Roy-Char,951.43,1189.29,20.0,7,29,54,1902.86,380.572
1018255782,264803,2,995.98,Vitamins,Pharmacy,Gole-Doshi,995.98,1244.97,20.0,365,17,69,1991.96,398.39200000000005
8441505853,153019,3,947.95,Onions,Fruits & Vegetables,Aurora LLC,947.95,1263.93,25.0,3,13,88,2843.8500000000004,710.9625000000001
3850018395,77308,2,223.27,Onions,Fruits & Vegetables,Ratta-Sagar,223.27,297.69,25.0,3,29,91,446.54,111.635
4884197611,692985,1,197.39,Pulses,Grocery & Staples,"Wable, Sankaran and Hari",197.39,232.22,15.0,365,30,86,197.39,29.608499999999996
5321849748,914071,3,296.94,Chips,Snacks & Munchies,Datta Ltd,296.94,456.83,35.0,90,25,90,890.8199999999999,311.787
9808738347,589812,1,163.03,Detergent,Household Care,Bir PLC,163.03,217.37,25.0,365,22,52,163.03,40.7575
8727249149,555121,2,354.91,Carrots,Fruits & Vegetables,"Subramanian, Chaudhuri and Dora",354.91,473.21,25.0,3,30,67,709.82,177.455
2772154780,962591,1,130.01,Orange Juice,Cold Drinks & Juices,Murthy-Kaul,130.01,185.73,30.0,180,24,74,130.01,39.00299999999999
9128056381,930284,3,189.47,Baby Food,Baby Care,"Garg, Saraf and Dutta",189.47,270.67,30.0,365,20,58,568.41,170.523
4461463308,798639,3,211.25,Eggs,Dairy & Breakfast,Subramaniam LLC,211.25,264.06,20.0,7,12,78,633.75,126.75
5636483988,256783,2,906.54,Pet Treats,Pet Care,"Basu, Thakur and Rege",906.54,1394.68,35.0,365,16,98,1813.08,634.578
1532065529,762527,1,690.08,Biscuits,Snacks & Munchies,"Chad, Yohannan and Chopra",690.08,1061.66,35.0,90,23,71,690.08,241.528
9933994647,897083,1,972.69,Detergent,Household Care,Dutta-Halder,972.69,1296.92,25.0,365,10,100,972.69,243.1725
4823026749,851978,1,715.72,Vitamins,Pharmacy,Parsa-Bala,715.72,894.65,20.0,365,28,92,715.72,143.144
7453442245,760828,1,563.45,Pet Treats,Pet Care,"Khurana, Khosla and Yohannan",563.45,866.85,35.0,365,23,93,563.45,197.2075
6519941559,697683,3,123.74,Toilet Cleaner,Household Care,"Murty, Varghese and Saxena",123.74,164.99,25.0,365,14,82,371.21999999999997,92.80499999999999
3798769654,324809,1,608.0,Bread,Dairy & Breakfast,Sidhu PLC,608.0,760.0,20.0,7,26,76,608.0,121.60000000000001
5034289521,187399,3,53.49,Frozen Pizza,Instant & Frozen Food,Chauhan Inc,53.49,89.15,40.0,180,14,73,160.47,64.188
6971088688,700048,1,141.28,Dish Soap,Household Care,Khalsa-Bhavsar,141.28,188.37,25.0,365,25,98,141.28,35.32
5650184107,894539,2,445.48,Dish Soap,Household Care,"Pall, Sule and Sood",445.48,593.97,25.0,365,14,93,890.96,222.74
5770410311,764014,2,612.04,Salt,Grocery & Staples,"Grewal, Swamy and Dayal",612.04,720.05,15.0,365,30,100,1224.08,183.612
274530126,851978,3,715.72,Vitamins,Pharmacy,Parsa-Bala,715.72,894.65,20.0,365,28,92,2147.16,429.432
4819831152,432617,3,863.18,Baby Wipes,Baby Care,Dora-Pillai,863.18,1233.11,30.0,365,17,97,2589.54,776.862
6977688323,171602,3,883.44,Cola,Cold Drinks & Juices,Pal-Sehgal,883.44,1262.06,30.0,180,28,58,2650.32,795.096
2035952734,525531,2,831.1,Dog Food,Pet Care,Sandal PLC,831.1,1278.62,35.0,365,28,65,1662.2,581.77
3665334102,435929,3,856.89,Toilet Cleaner,Household Care,Memon Ltd,856.89,1142.52,25.0,365,13,71,2570.67,642.6675
1862413314,490939,1,80.25,Lotion,Personal Care,"Roy, Barad and De",80.25,123.46,35.0,365,12,67,80.25,28.0875
4466643926,9436,3,88.43,Toothpaste,Personal Care,Naidu PLC,88.43,136.05,35.0,365,19,76,265.29,92.8515
4470717835,644847,2,622.81,Salt,Grocery & Staples,"Jhaveri, Kata and Kapur",622.81,732.72,15.0,365,24,52,1245.62,186.843
3018086191,217710,2,58.59,Eggs,Dairy & Breakfast,Rout-Sarna,58.59,73.24,20.0,7,19,53,117.18,23.436000000000003
2447983559,451933,1,568.94,Wheat Flour,Grocery & Staples,Nadig Ltd,568.94,669.34,15.0,365,28,98,568.94,85.34100000000001
5116322704,991434,3,237.62,Cookies,Snacks & Munchies,Mital-Oza,237.62,365.57,35.0,90,12,87,712.86,249.50099999999998
8941550852,36412,3,397.68,Dish Soap,Household Care,Muni-Shankar,397.68,530.24,25.0,365,27,92,1193.04,298.26
8026773850,812607,3,416.65,Potatoes,Fruits & Vegetables,Rege Group,416.65,555.53,25.0,3,11,63,1249.9499999999998,312.48749999999995
2102402075,965755,1,532.57,Bananas,Fruits & Vegetables,"Doshi, Sarraf and Sama",532.57,710.09,25.0,3,21,91,532.57,133.1425
989844439,298985,3,183.76,Vitamins,Pharmacy,"Ramanathan, Joshi and Srinivasan",183.76,229.7,20.0,365,11,61,551.28,110.256
8426805628,897083,3,972.69,Detergent,Household Care,Dutta-Halder,972.69,1296.92,25.0,365,10,100,2918.07,729.5175
7662188403,240179,3,90.56,Cough Syrup,Pharmacy,Ram-Suri,90.56,113.2,20.0,365,20,56,271.68,54.336000000000006
9141654140,532965,2,307.23,Frozen Pizza,Instant & Frozen Food,Sachdev Inc,307.23,512.05,40.0,180,20,94,614.46,245.78400000000002
5696947751,555121,2,354.91,Carrots,Fruits & Vegetables,"Subramanian, Chaudhuri and Dora",354.91,473.21,25.0,3,30,67,709.82,177.455
8953871540,144124,2,162.67,Detergent,Household Care,Lalla-Srinivasan,162.67,216.89,25.0,365,11,82,325.34,81.335
1767778760,516376,2,877.43,Onions,Fruits & Vegetables,Agarwal-Dhar,877.43,1169.91,25.0,3,21,71,1754.86,438.715
5516201271,600767,1,722.42,Toothpaste,Personal Care,Balan Group,722.42,1111.42,35.0,365,22,68,722.42,252.84699999999998
9358248664,513199,3,422.23,Cola,Cold Drinks & Juices,Rastogi Inc,422.23,603.19,30.0,180,26,52,1266.69,380.007
1530424665,760684,1,71.6,Rice,Grocery & Staples,Kanda-Gupta,71.6,84.24,15.0,365,14,64,71.6,10.739999999999998
7816293360,673058,2,765.76,Cough Syrup,Pharmacy,Balan-Madan,765.76,957.2,20.0,365,30,94,1531.52,306.30400000000003
1602396548,365132,2,229.38,Instant Noodles,Instant & Frozen Food,Dar-Kumar,229.38,382.3,40.0,180,19,70,458.76,183.50400000000002
7938126128,256783,1,906.54,Pet Treats,Pet Care,"Basu, Thakur and Rege",906.54,1394.68,35.0,365,16,98,906.54,317.289
271744331,153019,3,947.95,Onions,Fruits & Vegetables,Aurora LLC,947.95,1263.93,25.0,3,13,88,2843.8500000000004,710.9625000000001
387311360,903336,1,551.88,Pulses,Grocery & Staples,"Vaidya, Amble and Palla",551.88,649.27,15.0,365,14,60,551.88,82.782
1286123100,647462,1,326.42,Lotion,Personal Care,"Balan, Samra and Sekhon",326.42,502.18,35.0,365,22,64,326.42,114.247
4832392771,432617,1,863.18,Baby Wipes,Baby Care,Dora-Pillai,863.18,1233.11,30.0,365,17,97,863.18,258.95399999999995
4800106448,707935,1,820.9,Cat Food,Pet Care,"Anne, Mammen and Khatri",820.9,1262.92,35.0,365,30,97,820.9,287.315
5500008514,378287,2,332.84,Lemonade,Cold Drinks & Juices,Ramesh-Jain,332.84,475.49,30.0,180,22,51,665.68,199.70399999999998
7879575037,487931,3,709.08,Sugar,Grocery & Staples,"Bahl, Jaggi and Nath",709.08,834.21,15.0,365,27,68,2127.2400000000002,319.086
50845914,478531,3,825.46,Carrots,Fruits & Vegetables,Uppal Group,825.46,1100.61,25.0,3,24,90,2476.38,619.095
9766990467,361361,2,826.21,Biscuits,Snacks & Munchies,"Kunda, Dave and Sahni",826.21,1271.09,35.0,90,20,64,1652.42,578.347
4215602937,820973,3,114.52,Baby Wipes,Baby Care,Lall LLC,114.52,163.6,30.0,365,29,56,343.56,103.068
238484255,354409,3,325.08,Pulses,Grocery & Staples,Bose-Pandit,325.08,382.45,15.0,365,24,60,975.24,146.286
3293988248,272170,2,140.8,Ice Cream,Instant & Frozen Food,Purohit Group,140.8,234.67,40.0,180,10,92,281.6,112.64000000000001
5296157775,760684,3,71.6,Rice,Grocery & Staples,Kanda-Gupta,71.6,84.24,15.0,365,14,64,214.79999999999998,32.22
1143489067,4452,2,169.88,Baby Wipes,Baby Care,Morar-Mistry,169.88,242.69,30.0,365,27,100,339.76,101.928
8524452029,487931,1,709.08,Sugar,Grocery & Staples,"Bahl, Jaggi and Nath",709.08,834.21,15.0,365,27,68,709.08,106.36200000000001
4256779885,440875,1,275.03,Baby Wipes,Baby Care,Loyal Inc,275.03,392.9,30.0,365,15,80,275.03,82.50899999999999
7744686996,585299,1,799.46,Pet Treats,Pet Care,"Sharma, Chandra and Prashad",799.46,1229.94,35.0,365,13,50,799.46,279.811
5427462399,257719,2,281.73,Eggs,Dairy & Breakfast,Chaudhuri PLC,281.73,352.16,20.0,7,17,93,563.46,112.69200000000001
8596751747,863930,1,242.57,Shampoo,Personal Care,"Sathe, Agarwal and Dhar",242.57,373.18,35.0,365,26,72,242.57,84.89949999999999
4746468643,679865,3,347.91,Wheat Flour,Grocery & Staples,Memon-Barad,347.91,409.31,15.0,365,14,85,1043.73,156.55949999999999
3010047327,555121,3,354.91,Carrots,Fruits & Vegetables,"Subramanian, Chaudhuri and Dora",354.91,473.21,25.0,3,30,67,1064.73,266.1825
1236959246,440875,1,275.03,Baby Wipes,Baby Care,Loyal Inc,275.03,392.9,30.0,365,15,80,275.03,82.50899999999999
6600422315,287070,3,443.17,Wheat Flour,Grocery & Staples,"Gala, Magar and Rajagopal",443.17,521.38,15.0,365,20,93,1329.51,199.4265
3227252410,291238,3,746.03,Chocolates,Snacks & Munchies,"Sinha, Pau and Chhabra",746.03,1147.74,35.0,90,16,68,2238.09,783.3315
6972292408,747801,1,277.76,Toilet Cleaner,Household Care,Saha-Vora,277.76,370.35,25.0,365,23,71,277.76,69.44
7562754470,82484,2,914.88,Baby Food,Baby Care,Mallick PLC,914.88,1306.97,30.0,365,12,73,1829.76,548.928
7361971676,397973,1,728.73,Bananas,Fruits & Vegetables,"Wable, Randhawa and Mutti",728.73,971.64,25.0,3,27,82,728.73,182.1825
8875605037,876139,1,415.75,Pulses,Grocery & Staples,Cherian-Dara,415.75,489.12,15.0,365,14,83,415.75,62.3625
8508253527,440875,1,275.03,Baby Wipes,Baby Care,Loyal Inc,275.03,392.9,30.0,365,15,80,275.03,82.50899999999999
6798775600,324809,2,608.0,Bread,Dairy & Breakfast,Sidhu PLC,608.0,760.0,20.0,7,26,76,1216.0,243.20000000000002
3624810422,818522,1,96.09,Cheese,Dairy & Breakfast,Hora-Roy,96.09,120.11,20.0,7,12,90,96.09,19.218000000000004
4740213452,726958,2,887.48,Cat Food,Pet Care,Doctor-Patla,887.48,1365.35,35.0,365,18,79,1774.96,621.236
3825468344,425341,3,486.28,Pet Treats,Pet Care,"Mani, Dhar and Muni",486.28,748.12,35.0,365,21,68,1458.84,510.59399999999994
902245665,298985,3,183.76,Vitamins,Pharmacy,"Ramanathan, Joshi and Srinivasan",183.76,229.7,20.0,365,11,61,551.28,110.256
6874299189,561860,2,874.78,Orange Juice,Cold Drinks & Juices,Gupta Ltd,874.78,1249.69,30.0,180,21,90,1749.56,524.8679999999999
1127125313,140154,2,171.2,Shampoo,Personal Care,Malhotra LLC,171.2,263.38,35.0,365,24,59,342.4,119.83999999999999
3606548818,448752,3,160.07,Toilet Cleaner,Household Care,Batta-Doctor,160.07,213.43,25.0,365,23,96,480.21,120.0525
5750044154,930284,2,189.47,Baby Food,Baby Care,"Garg, Saraf and Dutta",189.47,270.67,30.0,365,20,58,378.94,113.682
3872847781,652118,3,22.04,Frozen Biryani,Instant & Frozen Food,Agate and Sons,22.04,36.73,40.0,180,19,55,66.12,26.448000000000004
5939554684,606256,1,369.28,Frozen Biryani,Instant & Frozen Food,Agate Ltd,369.28,615.47,40.0,180,16,57,369.28,147.712
676412814,818990,1,163.55,Tomatoes,Fruits & Vegetables,Dugar Group,163.55,218.07,25.0,3,22,92,163.55,40.8875
4248390724,721521,2,417.39,Rice,Grocery & Staples,"Ramanathan, Agarwal and Baria",417.39,491.05,15.0,365,20,72,834.78,125.21699999999998
8938687150,319388,3,657.8,Orange Juice,Cold Drinks & Juices,D’Alia-Dey,657.8,939.71,30.0,180,26,56,1973.3999999999999,592.02
7898867047,767398,3,22.14,Dish Soap,Household Care,"Arya, Sundaram and Pingle",22.14,29.52,25.0,365,15,57,66.42,16.605
2142065357,968887,1,40.7,Dish Soap,Household Care,Keer-Gill,40.7,54.27,25.0,365,18,92,40.7,10.175
9024719693,659290,3,319.34,Cheese,Dairy & Breakfast,Kapadia-D’Alia,319.34,399.17,20.0,7,18,66,958.02,191.604
8976616698,120385,2,597.91,Pet Treats,Pet Care,Dubey-Sarin,597.91,919.86,35.0,365,28,73,1195.82,418.537
8792586840,937542,3,97.04,Wheat Flour,Grocery & Staples,Khurana and Sons,97.04,114.16,15.0,365,28,93,291.12,43.668
5375387413,378230,3,166.42,Nuts,Snacks & Munchies,Kala-Vig,166.42,256.03,35.0,90,13,76,499.26,174.74099999999999
4252164097,952124,1,127.08,Onions,Fruits & Vegetables,"Wali, Sood and Bala",127.08,169.44,25.0,3,15,50,127.08,31.77
8423273411,876139,3,415.75,Pulses,Grocery & Staples,Cherian-Dara,415.75,489.12,15.0,365,14,83,1247.25,187.0875
2551179741,707935,3,820.9,Cat Food,Pet Care,"Anne, Mammen and Khatri",820.9,1262.92,35.0,365,30,97,2462.7,861.9449999999999
227511348,513199,1,422.23,Cola,Cold Drinks & Juices,Rastogi Inc,422.23,603.19,30.0,180,26,52,422.23,126.669
4434464045,153019,1,947.95,Onions,Fruits & Vegetables,Aurora LLC,947.95,1263.93,25.0,3,13,88,947.95,236.9875
7041011843,883013,2,989.88,Eggs,Dairy & Breakfast,Chahal Group,989.88,1237.35,20.0,7,13,98,1979.76,395.952
6510283268,136533,3,826.21,Eggs,Dairy & Breakfast,"Raghavan, Magar and Shanker",826.21,1032.76,20.0,7,15,75,2478.63,495.72600000000006
6853654698,131748,1,81.35,Dog Food,Pet Care,"Shroff, Wason and Dugar",81.35,125.15,35.0,365,30,53,81.35,28.472499999999997
9338996795,34186,2,925.65,Mangoes,Fruits & Vegetables,Mandal-Kar,925.65,1234.2,25.0,3,27,74,1851.3,462.825
7346145952,449106,1,48.55,Soap,Personal Care,"Shere, Thakur and Naik",48.55,74.69,35.0,365,30,95,48.55,16.992499999999996
6497069610,329351,3,310.87,Cheese,Dairy & Breakfast,"Lala, Kalita and Sathe",310.87,388.59,20.0,7,23,95,932.61,186.52200000000002
1741402363,611575,1,482.06,Frozen Pizza,Instant & Frozen Food,"Bhat, Nigam and Hayer",482.06,803.43,40.0,180,25,87,482.06,192.824
4825878367,26060,2,342.94,Vitamins,Pharmacy,Shah and Sons,342.94,428.67,20.0,365,25,57,685.88,137.17600000000002
7019011442,552496,2,508.0,Dish Soap,Household Care,Dhar PLC,508.0,677.33,25.0,365,17,59,1016.0,254.0
1674463798,67197,1,552.2,Butter,Dairy & Breakfast,Shetty-Bora,552.2,690.25,20.0,7,20,79,552.2,110.44000000000001
305684588,709916,3,33.76,Detergent,Household Care,Varkey LLC,33.76,45.01,25.0,365,30,88,101.28,25.32
5967495442,516376,2,877.43,Onions,Fruits & Vegetables,Agarwal-Dhar,877.43,1169.91,25.0,3,21,71,1754.86,438.715
2571047526,760828,2,563.45,Pet Treats,Pet Care,"Khurana, Khosla and Yohannan",563.45,866.85,35.0,365,23,93,1126.9,394.415
7784811086,689769,2,46.62,Frozen Vegetables,Instant & Frozen Food,Kothari-Datta,46.62,77.7,40.0,180,17,51,93.24,37.296
7942005230,714999,2,882.51,Bread,Dairy & Breakfast,Kala Group,882.51,1103.14,20.0,7,27,81,1765.02,353.004
6653543195,287070,3,443.17,Wheat Flour,Grocery & Staples,"Gala, Magar and Rajagopal",443.17,521.38,15.0,365,20,93,1329.51,199.4265
397928918,991434,2,237.62,Cookies,Snacks & Munchies,Mital-Oza,237.62,365.57,35.0,90,12,87,475.24,166.334
776120140,131937,2,287.81,Frozen Pizza,Instant & Frozen Food,"Varkey, Devi and Ganguly",287.81,479.68,40.0,180,18,68,575.62,230.24800000000002
8293188779,953175,1,225.21,Baby Food,Baby Care,Sehgal-Nagarajan,225.21,321.73,30.0,365,11,73,225.21,67.563
178737268,942001,3,671.55,Cat Food,Pet Care,Acharya Ltd,671.55,1033.15,35.0,365,20,84,2014.6499999999999,705.1274999999999
5246598523,272170,2,140.8,Ice Cream,Instant & Frozen Food,Purohit Group,140.8,234.67,40.0,180,10,92,281.6,112.64000000000001
1172544737,602241,2,976.55,Nuts,Snacks & Munchies,Bahl-Pau,976.55,1502.38,35.0,90,12,75,1953.1,683.5849999999999
6419533291,124290,1,39.65,Lotion,Personal Care,Sachdev Group,39.65,61.0,35.0,365,23,71,39.65,13.8775
882083749,398340,1,651.93,Instant Noodles,Instant & Frozen Food,"Nadig, Zachariah and Soni",651.93,1086.55,40.0,180,11,56,651.93,260.772
3185510401,136533,1,826.21,Eggs,Dairy & Breakfast,"Raghavan, Magar and Shanker",826.21,1032.76,20.0,7,15,75,826.21,165.24200000000002
7760767006,667163,2,441.2,Orange Juice,Cold Drinks & Juices,Palla LLC,441.2,630.29,30.0,180,25,72,882.4,264.71999999999997
3833878150,140154,1,171.2,Shampoo,Personal Care,Malhotra LLC,171.2,263.38,35.0,365,24,59,171.2,59.919999999999995
369899578,525531,1,831.1,Dog Food,Pet Care,Sandal PLC,831.1,1278.62,35.0,365,28,65,831.1,290.885
1944466212,990993,1,263.7,Chocolates,Snacks & Munchies,Guha-Subramaniam,263.7,405.69,35.0,90,22,61,263.7,92.29499999999999
4064447117,284460,1,505.95,Potatoes,Fruits & Vegetables,"Ramakrishnan, Anand and Khare",505.95,674.6,25.0,3,21,85,505.95,126.4875
1553685597,647462,3,326.42,Lotion,Personal Care,"Balan, Samra and Sekhon",326.42,502.18,35.0,365,22,64,979.26,342.741
3682284811,848226,1,209.59,Tomatoes,Fruits & Vegetables,Barad and Sons,209.59,279.45,25.0,3,10,51,209.59,52.3975
291439357,615545,2,448.16,Soap,Personal Care,Barman Inc,448.16,689.48,35.0,365,20,67,896.32,313.712
8285784194,799952,1,922.64,Cheese,Dairy & Breakfast,Padmanabhan-Virk,922.64,1153.3,20.0,7,13,66,922.64,184.52800000000002
5058742647,679865,2,347.91,Wheat Flour,Grocery & Staples,Memon-Barad,347.91,409.31,15.0,365,14,85,695.82,104.373
6917020296,747801,1,277.76,Toilet Cleaner,Household Care,Saha-Vora,277.76,370.35,25.0,365,23,71,277.76,69.44
6671181961,461804,3,310.69,Sugar,Grocery & Staples,"Ghose, Ben and Divan",310.69,365.52,15.0,365,15,97,932.0699999999999,139.8105
5123439997,89084,2,598.83,Milk,Dairy & Breakfast,"Wali, Virk and Iyer",598.83,748.54,20.0,7,27,74,1197.66,239.53200000000004
8510183245,587420,3,357.42,Cookies,Snacks & Munchies,Raj and Sons,357.42,549.88,35.0,90,22,50,1072.26,375.291
6081384585,942001,1,671.55,Cat Food,Pet Care,Acharya Ltd,671.55,1033.15,35.0,365,20,84,671.55,235.04249999999996
4423613746,969851,3,340.66,Frozen Vegetables,Instant & Frozen Food,"Kara, Sodhi and Bassi",340.66,567.77,40.0,180,27,64,1021.98,408.79200000000003
1530472691,611575,1,482.06,Frozen Pizza,Instant & Frozen Food,"Bhat, Nigam and Hayer",482.06,803.43,40.0,180,25,87,482.06,192.824
7009303199,600767,3,722.42,Toothpaste,Personal Care,Balan Group,722.42,1111.42,35.0,365,22,68,2167.2599999999998,758.5409999999998
5386652055,329351,3,310.87,Cheese,Dairy & Breakfast,"Lala, Kalita and Sathe",310.87,388.59,20.0,7,23,95,932.61,186.52200000000002
4413239746,131937,1,287.81,Frozen Pizza,Instant & Frozen Food,"Varkey, Devi and Ganguly",287.81,479.68,40.0,180,18,68,287.81,115.12400000000001
4988875078,53833,1,134.69,Rice,Grocery & Staples,Tella-Master,134.69,158.46,15.0,365,26,89,134.69,20.2035
1617565217,726958,1,887.48,Cat Food,Pet Care,Doctor-Patla,887.48,1365.35,35.0,365,18,79,887.48,310.618
392038758,863930,3,242.57,Shampoo,Personal Care,"Sathe, Agarwal and Dhar",242.57,373.18,35.0,365,26,72,727.71,254.6985
1828727552,820973,3,114.52,Baby Wipes,Baby Care,Lall LLC,114.52,163.6,30.0,365,29,56,343.56,103.068
7119397338,124290,2,39.65,Lotion,Personal Care,Sachdev Group,39.65,61.0,35.0,365,23,71,79.3,27.755
2611271708,798639,3,211.25,Eggs,Dairy & Breakfast,Subramaniam LLC,211.25,264.06,20.0,7,12,78,633.75,126.75
7162509481,606256,3,369.28,Frozen Biryani,Instant & Frozen Food,Agate Ltd,369.28,615.47,40.0,180,16,57,1107.84,443.13599999999997
131913576,871592,3,870.29,Carrots,Fruits & Vegetables,"Shankar, Nadkarni and Kumer",870.29,1160.39,25.0,3,25,50,2610.87,652.7175
6627201490,812607,1,416.65,Potatoes,Fruits & Vegetables,Rege Group,416.65,555.53,25.0,3,11,63,416.65,104.1625
4644950813,153019,3,947.95,Onions,Fruits & Vegetables,Aurora LLC,947.95,1263.93,25.0,3,13,88,2843.8500000000004,710.9625000000001
9434934993,397973,1,728.73,Bananas,Fruits & Vegetables,"Wable, Randhawa and Mutti",728.73,971.64,25.0,3,27,82,728.73,182.1825
2556317798,679284,3,877.89,Cough Syrup,Pharmacy,Pant LLC,877.89,1097.36,20.0,365,28,95,2633.67,526.734
2826150539,859361,3,432.39,Shampoo,Personal Care,Mitter Group,432.39,665.22,35.0,365,25,77,1297.17,454.0095
4283803308,942001,1,671.55,Cat Food,Pet Care,Acharya Ltd,671.55,1033.15,35.0,365,20,84,671.55,235.04249999999996
6873424093,34186,3,925.65,Mangoes,Fruits & Vegetables,Mandal-Kar,925.65,1234.2,25.0,3,27,74,2776.95,694.2375
4741294126,604184,3,397.55,Toilet Cleaner,Household Care,"Gaba, Sodhi and Choudhary",397.55,530.07,25.0,365,24,84,1192.65,298.1625
4967241271,587645,2,801.81,Vitamins,Pharmacy,"Sura, Pillay and Mammen",801.81,1002.26,20.0,365,18,90,1603.62,320.724
9554079946,561860,1,874.78,Orange Juice,Cold Drinks & Juices,Gupta Ltd,874.78,1249.69,30.0,180,21,90,874.78,262.43399999999997
4601205399,673058,2,765.76,Cough Syrup,Pharmacy,Balan-Madan,765.76,957.2,20.0,365,30,94,1531.52,306.30400000000003
5633967304,704868,2,193.46,Detergent,Household Care,"Parikh, Oak and Kara",193.46,257.95,25.0,365,24,58,386.92,96.73
4168163237,592784,1,280.35,Biscuits,Snacks & Munchies,"Andra, Mander and Kari",280.35,431.31,35.0,90,27,64,280.35,98.1225
5924297360,654623,3,422.14,Chips,Snacks & Munchies,Pradhan and Sons,422.14,649.45,35.0,90,18,76,1266.42,443.247
2120299901,767398,2,22.14,Dish Soap,Household Care,"Arya, Sundaram and Pingle",22.14,29.52,25.0,365,15,57,44.28,11.07
1070876534,712307,2,264.89,Orange Juice,Cold Drinks & Juices,Chana LLC,264.89,378.41,30.0,180,16,73,529.78,158.934
7032280048,274207,2,328.51,Cough Syrup,Pharmacy,"Savant, Batta and Mander",328.51,410.64,20.0,365,25,51,657.02,131.404
156346853,490602,1,549.47,Sugar,Grocery & Staples,Raghavan Inc,549.47,646.44,15.0,365,20,71,549.47,82.4205
6873267326,319388,1,657.8,Orange Juice,Cold Drinks & Juices,D’Alia-Dey,657.8,939.71,30.0,180,26,56,657.8,197.33999999999997
1370661468,187399,3,53.49,Frozen Pizza,Instant & Frozen Food,Chauhan Inc,53.49,89.15,40.0,180,14,73,160.47,64.188
3612128358,4452,1,169.88,Baby Wipes,Baby Care,Morar-Mistry,169.88,242.69,30.0,365,27,100,169.88,50.964
1736953222,146840,2,786.85,Bread,Dairy & Breakfast,"Bains, Deol and Vaidya",786.85,983.56,20.0,7,19,89,1573.7,314.74
9107923488,4452,1,169.88,Baby Wipes,Baby Care,Morar-Mistry,169.88,242.69,30.0,365,27,100,169.88,50.964
4378877600,952168,2,236.95,Popcorn,Snacks & Munchies,"Krishnamurthy, Sibal and Das",236.95,364.54,35.0,90,28,79,473.9,165.86499999999998
3232762361,124290,3,39.65,Lotion,Personal Care,Sachdev Group,39.65,61.0,35.0,365,23,71,118.94999999999999,41.63249999999999
1831641377,219598,3,367.08,Shampoo,Personal Care,Arora-Magar,367.08,564.74,35.0,365,28,83,1101.24,385.43399999999997
562428866,432617,3,863.18,Baby Wipes,Baby Care,Dora-Pillai,863.18,1233.11,30.0,365,17,97,2589.54,776.862
4607715908,555121,2,354.91,Carrots,Fruits & Vegetables,"Subramanian, Chaudhuri and Dora",354.91,473.21,25.0,3,30,67,709.82,177.455
4804575203,587420,3,357.42,Cookies,Snacks & Munchies,Raj and Sons,357.42,549.88,35.0,90,22,50,1072.26,375.291
8287234948,953175,1,225.21,Baby Food,Baby Care,Sehgal-Nagarajan,225.21,321.73,30.0,365,11,73,225.21,67.563
6074452586,965755,1,532.57,Bananas,Fruits & Vegetables,"Doshi, Sarraf and Sama",532.57,710.09,25.0,3,21,91,532.57,133.1425
6821790656,487931,2,709.08,Sugar,Grocery & Staples,"Bahl, Jaggi and Nath",709.08,834.21,15.0,365,27,68,1418.16,212.72400000000002
7821942520,490939,1,80.25,Lotion,Personal Care,"Roy, Barad and De",80.25,123.46,35.0,365,12,67,80.25,28.0875
3012496270,848226,2,209.59,Tomatoes,Fruits & Vegetables,Barad and Sons,209.59,279.45,25.0,3,10,51,419.18,104.795
8980370750,56589,1,517.77,Vitamins,Pharmacy,"Pai, Kashyap and Ramachandran",517.77,647.21,20.0,365,16,85,517.77,103.554
6535672015,798639,3,211.25,Eggs,Dairy & Breakfast,Subramaniam LLC,211.25,264.06,20.0,7,12,78,633.75,126.75
6999060704,137909,2,864.3,Cough Syrup,Pharmacy,Dalal PLC,864.3,1080.37,20.0,365,23,65,1728.6,345.72
9403732731,131748,2,81.35,Dog Food,Pet Care,"Shroff, Wason and Dugar",81.35,125.15,35.0,365,30,53,162.7,56.94499999999999
5649255352,449106,3,48.55,Soap,Personal Care,"Shere, Thakur and Naik",48.55,74.69,35.0,365,30,95,145.64999999999998,50.97749999999999
5034409841,700048,1,141.28,Dish Soap,Household Care,Khalsa-Bhavsar,141.28,188.37,25.0,365,25,98,141.28,35.32
9072111617,112390,1,877.98,Toothpaste,Personal Care,"Kibe, Contractor and Randhawa",877.98,1350.74,35.0,365,23,85,877.98,307.293
9556880451,621677,3,317.8,Frozen Biryani,Instant & Frozen Food,Sabharwal-Mital,317.8,529.67,40.0,180,15,71,953.4000000000001,381.36000000000007
4602796463,859361,3,432.39,Shampoo,Personal Care,Mitter Group,432.39,665.22,35.0,365,25,77,1297.17,454.0095
6061353924,291238,1,746.03,Chocolates,Snacks & Munchies,"Sinha, Pau and Chhabra",746.03,1147.74,35.0,90,16,68,746.03,261.1105
4366519080,764014,2,612.04,Salt,Grocery & Staples,"Grewal, Swamy and Dayal",612.04,720.05,15.0,365,30,100,1224.08,183.612
1324817141,739448,1,755.66,Dish Soap,Household Care,Mand-Choudhry,755.66,1007.55,25.0,365,24,79,755.66,188.915
5419080144,89084,2,598.83,Milk,Dairy & Breakfast,"Wali, Virk and Iyer",598.83,748.54,20.0,7,27,74,1197.66,239.53200000000004
8813470284,77308,1,223.27,Onions,Fruits & Vegetables,Ratta-Sagar,223.27,297.69,25.0,3,29,91,223.27,55.8175
3182992799,449106,2,48.55,Soap,Personal Care,"Shere, Thakur and Naik",48.55,74.69,35.0,365,30,95,97.1,33.98499999999999
7792996715,961614,3,227.22,Chocolates,Snacks & Munchies,Goda Inc,227.22,349.57,35.0,90,26,99,681.66,238.58099999999996
6962624734,491314,3,973.44,Ice Cream,Instant & Frozen Food,Banerjee Inc,973.44,1622.4,40.0,180,11,71,2920.32,1168.1280000000002
5948662456,848226,1,209.59,Tomatoes,Fruits & Vegetables,Barad and Sons,209.59,279.45,25.0,3,10,51,209.59,52.3975
3395675979,300159,1,44.35,Cola,Cold Drinks & Juices,"Basu, Rout and Mistry",44.35,63.36,30.0,180,20,93,44.35,13.305
7550368787,237083,2,577.13,Cough Syrup,Pharmacy,Hayer-Banerjee,577.13,721.41,20.0,365,24,86,1154.26,230.852
8357671697,677169,3,261.03,Cough Syrup,Pharmacy,Char-Divan,261.03,326.29,20.0,365,12,77,783.0899999999999,156.618
9600704922,833557,3,422.87,Cereal,Dairy & Breakfast,"Gole, Chand and Dada",422.87,528.59,20.0,7,27,69,1268.6100000000001,253.72200000000004
9915229426,112390,2,877.98,Toothpaste,Personal Care,"Kibe, Contractor and Randhawa",877.98,1350.74,35.0,365,23,85,1755.96,614.586
9927474026,567671,1,418.48,Biscuits,Snacks & Munchies,Nagar LLC,418.48,643.82,35.0,90,12,90,418.48,146.468
6310535397,968887,1,40.7,Dish Soap,Household Care,Keer-Gill,40.7,54.27,25.0,365,18,92,40.7,10.175
8045941430,723678,2,675.46,Dog Food,Pet Care,"Lall, Datta and Swamy",675.46,1039.17,35.0,365,14,97,1350.92,472.822
4390394582,171602,2,883.44,Cola,Cold Drinks & Juices,Pal-Sehgal,883.44,1262.06,30.0,180,28,58,1766.88,530.064
5062545226,673058,2,765.76,Cough Syrup,Pharmacy,Balan-Madan,765.76,957.2,20.0,365,30,94,1531.52,306.30400000000003
2836701831,837480,3,217.4,Cough Syrup,Pharmacy,Edwin and Sons,217.4,271.75,20.0,365,22,82,652.2,130.44000000000003
4115492281,435929,1,856.89,Toilet Cleaner,Household Care,Memon Ltd,856.89,1142.52,25.0,365,13,71,856.89,214.2225
3554645781,53833,3,134.69,Rice,Grocery & Staples,Tella-Master,134.69,158.46,15.0,365,26,89,404.07,60.610499999999995
3983605701,264803,3,995.98,Vitamins,Pharmacy,Gole-Doshi,995.98,1244.97,20.0,365,17,69,2987.94,597.5880000000001
8581516385,500633,1,154.5,Cereal,Dairy & Breakfast,Trivedi-Ahluwalia,154.5,193.12,20.0,7,24,87,154.5,30.900000000000002
8290229112,473647,1,43.05,Toothpaste,Personal Care,Ben-Ravi,43.05,66.23,35.0,365,18,82,43.05,15.067499999999997
1195560119,606256,1,369.28,Frozen Biryani,Instant & Frozen Food,Agate Ltd,369.28,615.47,40.0,180,16,57,369.28,147.712
5077327994,700048,1,141.28,Dish Soap,Household Care,Khalsa-Bhavsar,141.28,188.37,25.0,365,25,98,141.28,35.32
2945185661,903336,3,551.88,Pulses,Grocery & Staples,"Vaidya, Amble and Palla",551.88,649.27,15.0,365,14,60,1655.6399999999999,248.34599999999998
3951005873,587420,3,357.42,Cookies,Snacks & Munchies,Raj and Sons,357.42,549.88,35.0,90,22,50,1072.26,375.291
3490816523,880510,3,951.43,Bread,Dairy & Breakfast,Roy-Char,951.43,1189.29,20.0,7,29,54,2854.29,570.8580000000001
6739114301,33955,1,186.08,Frozen Pizza,Instant & Frozen Food,Baral Group,186.08,310.13,40.0,180,29,84,186.08,74.432
5728818155,243235,3,109.03,Cat Food,Pet Care,Batta Inc,109.03,167.74,35.0,365,14,71,327.09000000000003,114.4815
7713651693,891833,1,493.19,Curd,Dairy & Breakfast,Mani PLC,493.19,616.49,20.0,7,11,69,493.19,98.638
5452048621,706112,2,478.79,Vitamins,Pharmacy,"Magar, Gara and Garg",478.79,598.49,20.0,365,12,77,957.58,191.51600000000002
2297027645,897083,1,972.69,Detergent,Household Care,Dutta-Halder,972.69,1296.92,25.0,365,10,100,972.69,243.1725
2438302298,954722,2,616.45,Ice Cream,Instant & Frozen Food,Mohan-Virk,616.45,1027.42,40.0,180,11,58,1232.9,493.1600000000001
578811216,563740,1,96.33,Chips,Snacks & Munchies,Mann-Kapadia,96.33,148.2,35.0,90,20,61,96.33,33.7155
8684710720,621677,3,317.8,Frozen Biryani,Instant & Frozen Food,Sabharwal-Mital,317.8,529.67,40.0,180,15,71,953.4000000000001,381.36000000000007
1249797614,327290,1,862.28,Sugar,Grocery & Staples,Nadkarni Inc,862.28,1014.45,15.0,365,22,65,862.28,129.34199999999998
8013026217,672059,1,672.73,Toothpaste,Personal Care,Kaur-Gola,672.73,1034.97,35.0,365,25,81,672.73,235.4555
5421697986,606256,2,369.28,Frozen Biryani,Instant & Frozen Food,Agate Ltd,369.28,615.47,40.0,180,16,57,738.56,295.424
8922741261,863930,3,242.57,Shampoo,Personal Care,"Sathe, Agarwal and Dhar",242.57,373.18,35.0,365,26,72,727.71,254.6985
3441102335,516376,3,877.43,Onions,Fruits & Vegetables,Agarwal-Dhar,877.43,1169.91,25.0,3,21,71,2632.29,658.0725
6065607924,63769,2,878.07,Lotion,Personal Care,Dalal-Shan,878.07,1350.88,35.0,365,27,69,1756.14,614.649
5153395650,478531,1,825.46,Carrots,Fruits & Vegetables,Uppal Group,825.46,1100.61,25.0,3,24,90,825.46,206.365
2215235447,298985,1,183.76,Vitamins,Pharmacy,"Ramanathan, Joshi and Srinivasan",183.76,229.7,20.0,365,11,61,183.76,36.752
5678676134,319388,1,657.8,Orange Juice,Cold Drinks & Juices,D’Alia-Dey,657.8,939.71,30.0,180,26,56,657.8,197.33999999999997
5045588926,60619,1,726.41,Iced Tea,Cold Drinks & Juices,Bhasin LLC,726.41,1037.73,30.0,180,10,97,726.41,217.92299999999997
1677502866,969851,1,340.66,Frozen Vegetables,Instant & Frozen Food,"Kara, Sodhi and Bassi",340.66,567.77,40.0,180,27,64,340.66,136.264
4777610024,433521,3,321.33,Diapers,Baby Care,Mahal Group,321.33,459.04,30.0,365,27,58,963.99,289.197
477350788,762527,2,690.08,Biscuits,Snacks & Munchies,"Chad, Yohannan and Chopra",690.08,1061.66,35.0,90,23,71,1380.16,483.056
4616699342,818990,2,163.55,Tomatoes,Fruits & Vegetables,Dugar Group,163.55,218.07,25.0,3,22,92,327.1,81.775
8849914077,154179,3,582.87,Pain Reliever,Pharmacy,"Barad, Devi and Andra",582.87,728.59,20.0,365,10,59,1748.6100000000001,349.72200000000004
9183435457,107548,1,891.6,Cola,Cold Drinks & Juices,"Bhandari, Bhasin and Palan",891.6,1273.71,30.0,180,27,53,891.6,267.48
6922646336,799952,3,922.64,Cheese,Dairy & Breakfast,Padmanabhan-Virk,922.64,1153.3,20.0,7,13,66,2767.92,553.5840000000001
3228806806,679865,2,347.91,Wheat Flour,Grocery & Staples,Memon-Barad,347.91,409.31,15.0,365,14,85,695.82,104.373
4893095476,444361,2,822.63,Pain Reliever,Pharmacy,"Prakash, Bawa and Kale",822.63,1028.29,20.0,365,20,71,1645.26,329.052
7773468233,462526,2,449.97,Curd,Dairy & Breakfast,Pau and Sons,449.97,562.46,20.0,7,25,69,899.94,179.98800000000003
5928657526,473929,2,440.19,Carrots,Fruits & Vegetables,"Bhardwaj, Bhatia and Deshmukh",440.19,586.92,25.0,3,19,70,880.38,220.095
4435936422,837480,2,217.4,Cough Syrup,Pharmacy,Edwin and Sons,217.4,271.75,20.0,365,22,82,434.8,86.96000000000001
6031122324,298985,1,183.76,Vitamins,Pharmacy,"Ramanathan, Joshi and Srinivasan",183.76,229.7,20.0,365,11,61,183.76,36.752
7286969496,366066,3,918.58,Soap,Personal Care,Mandal LLC,918.58,1413.2,35.0,365,16,52,2755.7400000000002,964.509
4665508413,433521,2,321.33,Diapers,Baby Care,Mahal Group,321.33,459.04,30.0,365,27,58,642.66,192.79799999999997
9224598372,962054,1,16.86,Orange Juice,Cold Drinks & Juices,Toor-Nagar,16.86,24.09,30.0,180,11,74,16.86,5.058
842020543,927651,1,426.72,Baby Wipes,Baby Care,Narula Group,426.72,609.6,30.0,365,15,60,426.72,128.016
7237143327,820973,1,114.52,Baby Wipes,Baby Care,Lall LLC,114.52,163.6,30.0,365,29,56,114.52,34.355999999999995
5095141954,133542,1,68.49,Detergent,Household Care,Edwin-Lall,68.49,91.32,25.0,365,21,72,68.49,17.1225
6229535077,739534,2,994.56,Toilet Cleaner,Household Care,"Gera, Narang and Karpe",994.56,1326.08,25.0,365,14,59,1989.12,497.28
2984879441,557908,1,942.37,Vitamins,Pharmacy,Sundaram Inc,942.37,1177.96,20.0,365,14,53,942.37,188.47400000000002
785895477,771228,2,83.18,Pet Treats,Pet Care,Raja and Sons,83.18,127.97,35.0,365,25,73,166.36,58.226
6220343481,525531,3,831.1,Dog Food,Pet Care,Sandal PLC,831.1,1278.62,35.0,365,28,65,2493.3,872.655
5897343054,991434,1,237.62,Cookies,Snacks & Munchies,Mital-Oza,237.62,365.57,35.0,90,12,87,237.62,83.167
60465,361361,2,826.21,Biscuits,Snacks & Munchies,"Kunda, Dave and Sahni",826.21,1271.09,35.0,90,20,64,1652.42,578.347
2245476104,327290,3,862.28,Sugar,Grocery & Staples,Nadkarni Inc,862.28,1014.45,15.0,365,22,65,2586.84,388.026
6347292505,658389,1,152.55,Popcorn,Snacks & Munchies,"Chanda, Som and Vohra",152.55,234.69,35.0,90,22,68,152.55,53.3925
8321900643,611575,2,482.06,Frozen Pizza,Instant & Frozen Food,"Bhat, Nigam and Hayer",482.06,803.43,40.0,180,25,87,964.12,385.648
9639033064,949818,1,483.05,Biscuits,Snacks & Munchies,Yohannan Inc,483.05,743.15,35.0,90,21,76,483.05,169.0675
2748368258,478531,3,825.46,Carrots,Fruits & Vegetables,Uppal Group,825.46,1100.61,25.0,3,24,90,2476.38,619.095
1444371693,455083,3,959.01,Butter,Dairy & Breakfast,Dutta Inc,959.01,1198.76,20.0,7,29,63,2877.0299999999997,575.406
7111342746,914071,1,296.94,Chips,Snacks & Munchies,Datta Ltd,296.94,456.83,35.0,90,25,90,296.94,103.92899999999999
9457576236,52729,3,316.02,Cat Food,Pet Care,Saini LLC,316.02,486.18,35.0,365,25,100,948.06,331.82099999999997
4167252733,991434,2,237.62,Cookies,Snacks & Munchies,Mital-Oza,237.62,365.57,35.0,90,12,87,475.24,166.334
4304875010,425341,1,486.28,Pet Treats,Pet Care,"Mani, Dhar and Muni",486.28,748.12,35.0,365,21,68,486.28,170.19799999999998
4870910859,516376,3,877.43,Onions,Fruits & Vegetables,Agarwal-Dhar,877.43,1169.91,25.0,3,21,71,2632.29,658.0725
3674118222,839170,2,481.63,Curd,Dairy & Breakfast,Shetty and Sons,481.63,602.04,20.0,7,11,59,963.26,192.65200000000002
38408517,378287,2,332.84,Lemonade,Cold Drinks & Juices,Ramesh-Jain,332.84,475.49,30.0,180,22,51,665.68,199.70399999999998
3081609596,712003,3,671.68,Cola,Cold Drinks & Juices,"Karan, Bandi and Acharya",671.68,959.54,30.0,180,30,54,2015.04,604.512
1390229631,654623,1,422.14,Chips,Snacks & Munchies,Pradhan and Sons,422.14,649.45,35.0,90,18,76,422.14,147.749
7498092418,799688,1,309.62,Lotion,Personal Care,Arora LLC,309.62,476.34,35.0,365,22,90,309.62,108.36699999999999
3334055527,784673,2,491.39,Dog Food,Pet Care,Ramanathan Group,491.39,755.98,35.0,365,21,84,982.78,343.97299999999996
8729426842,942001,2,671.55,Cat Food,Pet Care,Acharya Ltd,671.55,1033.15,35.0,365,20,84,1343.1,470.0849999999999
1722808791,432617,1,863.18,Baby Wipes,Baby Care,Dora-Pillai,863.18,1233.11,30.0,365,17,97,863.18,258.95399999999995
9775070757,264803,1,995.98,Vitamins,Pharmacy,Gole-Doshi,995.98,1244.97,20.0,365,17,69,995.98,199.19600000000003
4737779056,491521,3,556.35,Nuts,Snacks & Munchies,Karpe Inc,556.35,855.92,35.0,90,28,98,1669.0500000000002,584.1675
2047483376,51036,2,931.61,Baby Food,Baby Care,Karnik PLC,931.61,1330.87,30.0,365,12,86,1863.22,558.966
4758632331,753354,2,423.56,Shampoo,Personal Care,Sant-Mahajan,423.56,651.63,35.0,365,20,52,847.12,296.49199999999996
4741574337,851978,2,715.72,Vitamins,Pharmacy,Parsa-Bala,715.72,894.65,20.0,365,28,92,1431.44,286.288
5805120939,747801,1,277.76,Toilet Cleaner,Household Care,Saha-Vora,277.76,370.35,25.0,365,23,71,277.76,69.44
7550508,140154,2,171.2,Shampoo,Personal Care,Malhotra LLC,171.2,263.38,35.0,365,24,59,342.4,119.83999999999999
1966056265,305754,1,979.99,Frozen Vegetables,Instant & Frozen Food,Mammen-Hegde,979.99,1633.32,40.0,180,22,81,979.99,391.99600000000004
6363072906,26060,2,342.94,Vitamins,Pharmacy,Shah and Sons,342.94,428.67,20.0,365,25,57,685.88,137.17600000000002
7389054351,563740,3,96.33,Chips,Snacks & Munchies,Mann-Kapadia,96.33,148.2,35.0,90,20,61,288.99,101.1465
7146572423,557908,2,942.37,Vitamins,Pharmacy,Sundaram Inc,942.37,1177.96,20.0,365,14,53,1884.74,376.94800000000004
4590810848,516376,3,877.43,Onions,Fruits & Vegetables,Agarwal-Dhar,877.43,1169.91,25.0,3,21,71,2632.29,658.0725
9226364404,876139,3,415.75,Pulses,Grocery & Staples,Cherian-Dara,415.75,489.12,15.0,365,14,83,1247.25,187.0875
6687792641,914071,2,296.94,Chips,Snacks & Munchies,Datta Ltd,296.94,456.83,35.0,90,25,90,593.88,207.85799999999998
5183577434,376447,1,724.84,Butter,Dairy & Breakfast,Gara and Sons,724.84,906.05,20.0,7,17,64,724.84,144.96800000000002
7440785414,397973,1,728.73,Bananas,Fruits & Vegetables,"Wable, Randhawa and Mutti",728.73,971.64,25.0,3,27,82,728.73,182.1825
7932057095,26060,2,342.94,Vitamins,Pharmacy,Shah and Sons,342.94,428.67,20.0,365,25,57,685.88,137.17600000000002
6126906924,602241,1,976.55,Nuts,Snacks & Munchies,Bahl-Pau,976.55,1502.38,35.0,90,12,75,976.55,341.79249999999996
8997788831,146840,2,786.85,Bread,Dairy & Breakfast,"Bains, Deol and Vaidya",786.85,983.56,20.0,7,19,89,1573.7,314.74
3480516243,34186,3,925.65,Mangoes,Fruits & Vegetables,Mandal-Kar,925.65,1234.2,25.0,3,27,74,2776.95,694.2375
1234692850,354409,3,325.08,Pulses,Grocery & Staples,Bose-Pandit,325.08,382.45,15.0,365,24,60,975.24,146.286
4954911880,136533,2,826.21,Eggs,Dairy & Breakfast,"Raghavan, Magar and Shanker",826.21,1032.76,20.0,7,15,75,1652.42,330.48400000000004
504060154,839170,2,481.63,Curd,Dairy & Breakfast,Shetty and Sons,481.63,602.04,20.0,7,11,59,963.26,192.65200000000002
8723752267,137909,2,864.3,Cough Syrup,Pharmacy,Dalal PLC,864.3,1080.37,20.0,365,23,65,1728.6,345.72
5724116944,366066,1,918.58,Soap,Personal Care,Mandal LLC,918.58,1413.2,35.0,365,16,52,918.58,321.503
8161349145,144124,3,162.67,Detergent,Household Care,Lalla-Srinivasan,162.67,216.89,25.0,365,11,82,488.01,122.0025
2985254380,449106,2,48.55,Soap,Personal Care,"Shere, Thakur and Naik",48.55,74.69,35.0,365,30,95,97.1,33.98499999999999
9837170359,739534,3,994.56,Toilet Cleaner,Household Care,"Gera, Narang and Karpe",994.56,1326.08,25.0,365,14,59,2983.68,745.92
3915323515,681063,3,321.28,Mango Drink,Cold Drinks & Juices,Dass and Sons,321.28,458.97,30.0,180,20,91,963.8399999999999,289.152
8829163586,615545,3,448.16,Soap,Personal Care,Barman Inc,448.16,689.48,35.0,365,20,67,1344.48,470.568
961526405,516376,1,877.43,Onions,Fruits & Vegetables,Agarwal-Dhar,877.43,1169.91,25.0,3,21,71,877.43,219.3575
5792721465,615545,3,448.16,Soap,Personal Care,Barman Inc,448.16,689.48,35.0,365,20,67,1344.48,470.568
8094117960,317242,2,198.15,Pulses,Grocery & Staples,Rastogi Group,198.15,233.12,15.0,365,22,63,396.3,59.445
9318325652,606256,2,369.28,Frozen Biryani,Instant & Frozen Food,Agate Ltd,369.28,615.47,40.0,180,16,57,738.56,295.424
852676412,679284,1,877.89,Cough Syrup,Pharmacy,Pant LLC,877.89,1097.36,20.0,365,28,95,877.89,175.578
6487883093,990993,2,263.7,Chocolates,Snacks & Munchies,Guha-Subramaniam,263.7,405.69,35.0,90,22,61,527.4,184.58999999999997
5398965602,661577,3,720.95,Cat Food,Pet Care,Majumdar PLC,720.95,1109.15,35.0,365,28,95,2162.8500000000004,756.9975000000001
6149664144,681063,2,321.28,Mango Drink,Cold Drinks & Juices,Dass and Sons,321.28,458.97,30.0,180,20,91,642.56,192.76799999999997
6231586256,329351,2,310.87,Cheese,Dairy & Breakfast,"Lala, Kalita and Sathe",310.87,388.59,20.0,7,23,95,621.74,124.34800000000001
4598622116,462526,1,449.97,Curd,Dairy & Breakfast,Pau and Sons,449.97,562.46,20.0,7,25,69,449.97,89.99400000000001
8971796779,952168,3,236.95,Popcorn,Snacks & Munchies,"Krishnamurthy, Sibal and Das",236.95,364.54,35.0,90,28,79,710.8499999999999,248.79749999999996
2148246883,131136,3,37.8,Salt,Grocery & Staples,Deshpande-Rama,37.8,44.47,15.0,365,29,95,113.39999999999999,17.009999999999998
4357632507,298985,3,183.76,Vitamins,Pharmacy,"Ramanathan, Joshi and Srinivasan",183.76,229.7,20.0,365,11,61,551.28,110.256
3323576462,114414,1,832.06,Vitamins,Pharmacy,Kara-Golla,832.06,1040.07,20.0,365,26,66,832.06,166.412
4220834107,876139,3,415.75,Pulses,Grocery & Staples,Cherian-Dara,415.75,489.12,15.0,365,14,83,1247.25,187.0875
4409513224,721521,3,417.39,Rice,Grocery & Staples,"Ramanathan, Agarwal and Baria",417.39,491.05,15.0,365,20,72,1252.17,187.8255
5610159677,760684,3,71.6,Rice,Grocery & Staples,Kanda-Gupta,71.6,84.24,15.0,365,14,64,214.79999999999998,32.22
6259219127,714999,1,882.51,Bread,Dairy & Breakfast,Kala Group,882.51,1103.14,20.0,7,27,81,882.51,176.502
5628497118,51036,1,931.61,Baby Food,Baby Care,Karnik PLC,931.61,1330.87,30.0,365,12,86,931.61,279.483
1508576390,602241,2,976.55,Nuts,Snacks & Munchies,Bahl-Pau,976.55,1502.38,35.0,90,12,75,1953.1,683.5849999999999
5922953060,34186,1,925.65,Mangoes,Fruits & Vegetables,Mandal-Kar,925.65,1234.2,25.0,3,27,74,925.65,231.4125
5130838561,771228,1,83.18,Pet Treats,Pet Care,Raja and Sons,83.18,127.97,35.0,365,25,73,83.18,29.113
3217749279,327290,3,862.28,Sugar,Grocery & Staples,Nadkarni Inc,862.28,1014.45,15.0,365,22,65,2586.84,388.026
9279422297,954722,3,616.45,Ice Cream,Instant & Frozen Food,Mohan-Virk,616.45,1027.42,40.0,180,11,58,1849.3500000000001,739.7400000000001
222955546,566052,1,87.3,Pain Reliever,Pharmacy,"Apte, Soman and Raju",87.3,109.12,20.0,365,14,53,87.3,17.46
8290493339,602241,3,976.55,Nuts,Snacks & Munchies,Bahl-Pau,976.55,1502.38,35.0,90,12,75,2929.6499999999996,1025.3774999999998
6418952352,667163,3,441.2,Orange Juice,Cold Drinks & Juices,Palla LLC,441.2,630.29,30.0,180,25,72,1323.6,397.08
8978231928,243235,3,109.03,Cat Food,Pet Care,Batta Inc,109.03,167.74,35.0,365,14,71,327.09000000000003,114.4815
3746306403,890623,1,354.52,Onions,Fruits & Vegetables,"Sangha, Nagar and Varty",354.52,472.69,25.0,3,27,55,354.52,88.63
3157198428,927651,1,426.72,Baby Wipes,Baby Care,Narula Group,426.72,609.6,30.0,365,15,60,426.72,128.016
981939883,461804,1,310.69,Sugar,Grocery & Staples,"Ghose, Ben and Divan",310.69,365.52,15.0,365,15,97,310.69,46.6035
6569836274,913428,2,392.22,Pet Treats,Pet Care,Narayanan-Kumar,392.22,603.42,35.0,365,30,98,784.44,274.554
5695124358,317242,3,198.15,Pulses,Grocery & Staples,Rastogi Group,198.15,233.12,15.0,365,22,63,594.45,89.1675
773335066,833557,1,422.87,Cereal,Dairy & Breakfast,"Gole, Chand and Dada",422.87,528.59,20.0,7,27,69,422.87,84.57400000000001
3618712852,970529,3,827.44,Diapers,Baby Care,"Kurian, Patla and Sanghvi",827.44,1182.06,30.0,365,19,84,2482.32,744.696
6009732867,94225,1,77.11,Toilet Cleaner,Household Care,"Gulati, Ram and Sarkar",77.11,102.81,25.0,365,13,70,77.11,19.2775
7269785858,274207,1,328.51,Cough Syrup,Pharmacy,"Savant, Batta and Mander",328.51,410.64,20.0,365,25,51,328.51,65.702
5798831066,33955,2,186.08,Frozen Pizza,Instant & Frozen Food,Baral Group,186.08,310.13,40.0,180,29,84,372.16,148.864
5330654120,969851,1,340.66,Frozen Vegetables,Instant & Frozen Food,"Kara, Sodhi and Bassi",340.66,567.77,40.0,180,27,64,340.66,136.264
462189338,839170,1,481.63,Curd,Dairy & Breakfast,Shetty and Sons,481.63,602.04,20.0,7,11,59,481.63,96.32600000000001
7536187765,927651,2,426.72,Baby Wipes,Baby Care,Narula Group,426.72,609.6,30.0,365,15,60,853.44,256.032
9938820107,51036,3,931.61,Baby Food,Baby Care,Karnik PLC,931.61,1330.87,30.0,365,12,86,2794.83,838.449
9410751894,652118,1,22.04,Frozen Biryani,Instant & Frozen Food,Agate and Sons,22.04,36.73,40.0,180,19,55,22.04,8.816
9172888683,14145,3,630.84,Spinach,Fruits & Vegetables,"Thakur, Shah and Pingle",630.84,841.12,25.0,3,14,53,1892.52,473.13
8018695018,124290,3,39.65,Lotion,Personal Care,Sachdev Group,39.65,61.0,35.0,365,23,71,118.94999999999999,41.63249999999999
7456610316,901144,2,340.36,Sugar,Grocery & Staples,Deo-Kamdar,340.36,400.42,15.0,365,12,71,680.72,102.108
5627902734,927651,3,426.72,Baby Wipes,Baby Care,Narula Group,426.72,609.6,30.0,365,15,60,1280.16,384.048
5189768940,327290,2,862.28,Sugar,Grocery & Staples,Nadkarni Inc,862.28,1014.45,15.0,365,22,65,1724.56,258.68399999999997
173709007,306177,3,769.24,Frozen Biryani,Instant & Frozen Food,Som Inc,769.24,1282.07,40.0,180,11,54,2307.7200000000003,923.0880000000002
1485229334,667163,1,441.2,Orange Juice,Cold Drinks & Juices,Palla LLC,441.2,630.29,30.0,180,25,72,441.2,132.35999999999999
9334479603,34200,2,319.8,Lotion,Personal Care,Munshi-Grewal,319.8,492.0,35.0,365,19,75,639.6,223.85999999999999
8674211510,654297,1,13.25,Potatoes,Fruits & Vegetables,Chandran-Dass,13.25,17.67,25.0,3,20,86,13.25,3.3125
390257855,937542,1,97.04,Wheat Flour,Grocery & Staples,Khurana and Sons,97.04,114.16,15.0,365,28,93,97.04,14.556000000000001
6642374542,462526,2,449.97,Curd,Dairy & Breakfast,Pau and Sons,449.97,562.46,20.0,7,25,69,899.94,179.98800000000003
6585999443,444361,1,822.63,Pain Reliever,Pharmacy,"Prakash, Bawa and Kale",822.63,1028.29,20.0,365,20,71,822.63,164.526
622705569,337168,2,545.49,Eggs,Dairy & Breakfast,Dasgupta PLC,545.49,681.86,20.0,7,25,98,1090.98,218.19600000000003
1635083835,681063,2,321.28,Mango Drink,Cold Drinks & Juices,Dass and Sons,321.28,458.97,30.0,180,20,91,642.56,192.76799999999997
7359512417,606256,3,369.28,Frozen Biryani,Instant & Frozen Food,Agate Ltd,369.28,615.47,40.0,180,16,57,1107.84,443.13599999999997
9237698013,382511,3,702.54,Butter,Dairy & Breakfast,Bora-Thakkar,702.54,878.17,20.0,7,26,88,2107.62,421.524
3492935177,757274,1,98.32,Pet Treats,Pet Care,"Minhas, Kapoor and Sethi",98.32,151.26,35.0,365,27,95,98.32,34.41199999999999
4324086468,734789,1,395.82,Popcorn,Snacks & Munchies,"Chaudhari, Pant and Singh",395.82,608.95,35.0,90,22,66,395.82,138.53699999999998
9171218505,378230,1,166.42,Nuts,Snacks & Munchies,Kala-Vig,166.42,256.03,35.0,90,13,76,166.42,58.24699999999999
5068157547,186168,3,878.8,Dog Food,Pet Care,"Parekh, Lad and Kadakia",878.8,1352.0,35.0,365,13,75,2636.3999999999996,922.7399999999998
8558710948,880510,1,951.43,Bread,Dairy & Breakfast,Roy-Char,951.43,1189.29,20.0,7,29,54,951.43,190.286
3184669775,34200,3,319.8,Lotion,Personal Care,Munshi-Grewal,319.8,492.0,35.0,365,19,75,959.4000000000001,335.79
7079324691,398340,3,651.93,Instant Noodles,Instant & Frozen Food,"Nadig, Zachariah and Soni",651.93,1086.55,40.0,180,11,56,1955.79,782.316
4210311922,120532,2,697.53,Wheat Flour,Grocery & Staples,Nazareth Ltd,697.53,820.62,15.0,365,29,95,1395.06,209.259
7660037070,784673,3,491.39,Dog Food,Pet Care,Ramanathan Group,491.39,755.98,35.0,365,21,84,1474.17,515.9595
9410025634,9436,3,88.43,Toothpaste,Personal Care,Naidu PLC,88.43,136.05,35.0,365,19,76,265.29,92.8515
6798589010,11422,1,127.16,Potatoes,Fruits & Vegetables,Ramaswamy-Tata,127.16,169.55,25.0,3,20,65,127.16,31.79
5401466202,478531,3,825.46,Carrots,Fruits & Vegetables,Uppal Group,825.46,1100.61,25.0,3,24,90,2476.38,619.095
9102648124,859361,3,432.39,Shampoo,Personal Care,Mitter Group,432.39,665.22,35.0,365,25,77,1297.17,454.0095
1969956670,848226,1,209.59,Tomatoes,Fruits & Vegetables,Barad and Sons,209.59,279.45,25.0,3,10,51,209.59,52.3975
1194228460,140489,3,650.2,Soap,Personal Care,"Biswas, Kapoor and Patel",650.2,1000.31,35.0,365,28,95,1950.6000000000001,682.71
9628463148,566052,3,87.3,Pain Reliever,Pharmacy,"Apte, Soman and Raju",87.3,109.12,20.0,365,14,53,261.9,52.379999999999995
7745364283,654623,1,422.14,Chips,Snacks & Munchies,Pradhan and Sons,422.14,649.45,35.0,90,18,76,422.14,147.749
9892343037,131748,3,81.35,Dog Food,Pet Care,"Shroff, Wason and Dugar",81.35,125.15,35.0,365,30,53,244.04999999999998,85.41749999999999
1588828749,53833,3,134.69,Rice,Grocery & Staples,Tella-Master,134.69,158.46,15.0,365,26,89,404.07,60.610499999999995
4037647778,144124,2,162.67,Detergent,Household Care,Lalla-Srinivasan,162.67,216.89,25.0,365,11,82,325.34,81.335
6664301655,367391,1,939.55,Baby Wipes,Baby Care,Talwar and Sons,939.55,1342.21,30.0,365,18,52,939.55,281.86499999999995
7096225581,6405,1,236.51,Baby Food,Baby Care,Kashyap-Reddy,236.51,337.87,30.0,365,11,81,236.51,70.95299999999999
79029185,820973,3,114.52,Baby Wipes,Baby Care,Lall LLC,114.52,163.6,30.0,365,29,56,343.56,103.068
7831967187,993331,3,102.44,Pulses,Grocery & Staples,"Parmer, Gola and Yogi",102.44,120.52,15.0,365,28,86,307.32,46.098
482214790,51036,3,931.61,Baby Food,Baby Care,Karnik PLC,931.61,1330.87,30.0,365,12,86,2794.83,838.449
5931307224,891833,1,493.19,Curd,Dairy & Breakfast,Mani PLC,493.19,616.49,20.0,7,11,69,493.19,98.638
6410432854,894539,3,445.48,Dish Soap,Household Care,"Pall, Sule and Sood",445.48,593.97,25.0,365,14,93,1336.44,334.11
6124624375,644847,2,622.81,Salt,Grocery & Staples,"Jhaveri, Kata and Kapur",622.81,732.72,15.0,365,24,52,1245.62,186.843
8992870838,757274,2,98.32,Pet Treats,Pet Care,"Minhas, Kapoor and Sethi",98.32,151.26,35.0,365,27,95,196.64,68.82399999999998
8377146126,291238,3,746.03,Chocolates,Snacks & Munchies,"Sinha, Pau and Chhabra",746.03,1147.74,35.0,90,16,68,2238.09,783.3315
7852428533,602241,3,976.55,Nuts,Snacks & Munchies,Bahl-Pau,976.55,1502.38,35.0,90,12,75,2929.6499999999996,1025.3774999999998
9258876870,131748,1,81.35,Dog Food,Pet Care,"Shroff, Wason and Dugar",81.35,125.15,35.0,365,30,53,81.35,28.472499999999997
6810940082,606256,3,369.28,Frozen Biryani,Instant & Frozen Food,Agate Ltd,369.28,615.47,40.0,180,16,57,1107.84,443.13599999999997
3330538479,771228,2,83.18,Pet Treats,Pet Care,Raja and Sons,83.18,127.97,35.0,365,25,73,166.36,58.226
7270469981,131748,1,81.35,Dog Food,Pet Care,"Shroff, Wason and Dugar",81.35,125.15,35.0,365,30,53,81.35,28.472499999999997
5636241570,306177,1,769.24,Frozen Biryani,Instant & Frozen Food,Som Inc,769.24,1282.07,40.0,180,11,54,769.24,307.696
4467471002,51036,1,931.61,Baby Food,Baby Care,Karnik PLC,931.61,1330.87,30.0,365,12,86,931.61,279.483
6201821502,555121,3,354.91,Carrots,Fruits & Vegetables,"Subramanian, Chaudhuri and Dora",354.91,473.21,25.0,3,30,67,1064.73,266.1825
6144140039,324809,1,608.0,Bread,Dairy & Breakfast,Sidhu PLC,608.0,760.0,20.0,7,26,76,608.0,121.60000000000001
3310749597,611575,3,482.06,Frozen Pizza,Instant & Frozen Food,"Bhat, Nigam and Hayer",482.06,803.43,40.0,180,25,87,1446.18,578.4720000000001
5085488484,56589,1,517.77,Vitamins,Pharmacy,"Pai, Kashyap and Ramachandran",517.77,647.21,20.0,365,16,85,517.77,103.554
587498345,970529,2,827.44,Diapers,Baby Care,"Kurian, Patla and Sanghvi",827.44,1182.06,30.0,365,19,84,1654.88,496.464
5136205193,473929,1,440.19,Carrots,Fruits & Vegetables,"Bhardwaj, Bhatia and Deshmukh",440.19,586.92,25.0,3,19,70,440.19,110.0475
9321319130,807452,1,144.19,Pulses,Grocery & Staples,Naik Ltd,144.19,169.64,15.0,365,27,61,144.19,21.6285
9113393578,832348,1,831.43,Biscuits,Snacks & Munchies,Jani-Ram,831.43,1279.12,35.0,90,10,79,831.43,291.0005
3860678807,378287,3,332.84,Lemonade,Cold Drinks & Juices,Ramesh-Jain,332.84,475.49,30.0,180,22,51,998.52,299.556
3603683788,478531,1,825.46,Carrots,Fruits & Vegetables,Uppal Group,825.46,1100.61,25.0,3,24,90,825.46,206.365
4472082279,753354,2,423.56,Shampoo,Personal Care,Sant-Mahajan,423.56,651.63,35.0,365,20,52,847.12,296.49199999999996
4104732514,927651,1,426.72,Baby Wipes,Baby Care,Narula Group,426.72,609.6,30.0,365,15,60,426.72,128.016
9050314096,196719,2,217.5,Bananas,Fruits & Vegetables,Yogi Group,217.5,290.0,25.0,3,15,91,435.0,108.75
9296105870,692985,2,197.39,Pulses,Grocery & Staples,"Wable, Sankaran and Hari",197.39,232.22,15.0,365,30,86,394.78,59.21699999999999
4678456188,306177,3,769.24,Frozen Biryani,Instant & Frozen Food,Som Inc,769.24,1282.07,40.0,180,11,54,2307.7200000000003,923.0880000000002
812386333,567671,2,418.48,Biscuits,Snacks & Munchies,Nagar LLC,418.48,643.82,35.0,90,12,90,836.96,292.936
8100314462,760828,1,563.45,Pet Treats,Pet Care,"Khurana, Khosla and Yohannan",563.45,866.85,35.0,365,23,93,563.45,197.2075
781509952,131748,2,81.35,Dog Food,Pet Care,"Shroff, Wason and Dugar",81.35,125.15,35.0,365,30,53,162.7,56.94499999999999
1918416669,77308,1,223.27,Onions,Fruits & Vegetables,Ratta-Sagar,223.27,297.69,25.0,3,29,91,223.27,55.8175
1152165724,687218,3,317.82,Mango Drink,Cold Drinks & Juices,"Sankaran, Pall and Gola",317.82,454.03,30.0,180,22,58,953.46,286.038
9664390656,968887,1,40.7,Dish Soap,Household Care,Keer-Gill,40.7,54.27,25.0,365,18,92,40.7,10.175
2686950796,961614,2,227.22,Chocolates,Snacks & Munchies,Goda Inc,227.22,349.57,35.0,90,26,99,454.44,159.054
7332801173,118820,1,12.32,Iced Tea,Cold Drinks & Juices,"Warrior, Ravel and Amble",12.32,17.6,30.0,180,12,61,12.32,3.6959999999999997
3503438244,123983,2,785.67,Cough Syrup,Pharmacy,Kurian-Chhabra,785.67,982.09,20.0,365,25,72,1571.34,314.26800000000003
4044591373,578097,3,267.61,Nuts,Snacks & Munchies,Jha Group,267.61,411.71,35.0,90,22,75,802.83,280.9905
7817195618,945635,3,778.9,Pulses,Grocery & Staples,Balasubramanian PLC,778.9,916.35,15.0,365,16,59,2336.7,350.50499999999994
8974710941,962591,1,130.01,Orange Juice,Cold Drinks & Juices,Murthy-Kaul,130.01,185.73,30.0,180,24,74,130.01,39.00299999999999
2811268404,433521,2,321.33,Diapers,Baby Care,Mahal Group,321.33,459.04,30.0,365,27,58,642.66,192.79799999999997
7251548462,114414,3,832.06,Vitamins,Pharmacy,Kara-Golla,832.06,1040.07,20.0,365,26,66,2496.18,499.236
352037003,992178,3,632.43,Pain Reliever,Pharmacy,Basu and Sons,632.43,790.54,20.0,365,16,89,1897.29,379.458
8510312737,313754,1,136.6,Biscuits,Snacks & Munchies,"Swaminathan, Mahal and Dara",136.6,210.15,35.0,90,25,67,136.6,47.809999999999995
3242700095,490939,1,80.25,Lotion,Personal Care,"Roy, Barad and De",80.25,123.46,35.0,365,12,67,80.25,28.0875
5833898647,851978,2,715.72,Vitamins,Pharmacy,Parsa-Bala,715.72,894.65,20.0,365,28,92,1431.44,286.288
7212771842,60619,3,726.41,Iced Tea,Cold Drinks & Juices,Bhasin LLC,726.41,1037.73,30.0,180,10,97,2179.23,653.769
7799757050,91670,1,439.24,Dish Soap,Household Care,Barman-Ahluwalia,439.24,585.65,25.0,365,27,88,439.24,109.81
9593303695,951463,2,787.4,Pet Treats,Pet Care,Balakrishnan-Kaur,787.4,1211.38,35.0,365,16,82,1574.8,551.18
7709693536,89084,2,598.83,Milk,Dairy & Breakfast,"Wali, Virk and Iyer",598.83,748.54,20.0,7,27,74,1197.66,239.53200000000004
5092922964,114414,3,832.06,Vitamins,Pharmacy,Kara-Golla,832.06,1040.07,20.0,365,26,66,2496.18,499.236
8318806722,196719,2,217.5,Bananas,Fruits & Vegetables,Yogi Group,217.5,290.0,25.0,3,15,91,435.0,108.75
4352870279,153019,2,947.95,Onions,Fruits & Vegetables,Aurora LLC,947.95,1263.93,25.0,3,13,88,1895.9,473.975
6722040962,945635,1,778.9,Pulses,Grocery & Staples,Balasubramanian PLC,778.9,916.35,15.0,365,16,59,778.9,116.835
1690831615,566052,2,87.3,Pain Reliever,Pharmacy,"Apte, Soman and Raju",87.3,109.12,20.0,365,14,53,174.6,34.92
6475689021,397973,1,728.73,Bananas,Fruits & Vegetables,"Wable, Randhawa and Mutti",728.73,971.64,25.0,3,27,82,728.73,182.1825
8361280131,954722,2,616.45,Ice Cream,Instant & Frozen Food,Mohan-Virk,616.45,1027.42,40.0,180,11,58,1232.9,493.1600000000001
2664549359,440875,1,275.03,Baby Wipes,Baby Care,Loyal Inc,275.03,392.9,30.0,365,15,80,275.03,82.50899999999999
9510912773,555121,1,354.91,Carrots,Fruits & Vegetables,"Subramanian, Chaudhuri and Dora",354.91,473.21,25.0,3,30,67,354.91,88.7275
3654462337,659290,2,319.34,Cheese,Dairy & Breakfast,Kapadia-D’Alia,319.34,399.17,20.0,7,18,66,638.68,127.73599999999999
2308652017,566052,3,87.3,Pain Reliever,Pharmacy,"Apte, Soman and Raju",87.3,109.12,20.0,365,14,53,261.9,52.379999999999995
8300200841,587420,2,357.42,Cookies,Snacks & Munchies,Raj and Sons,357.42,549.88,35.0,90,22,50,714.84,250.194
5027243163,540618,3,317.05,Popcorn,Snacks & Munchies,Golla-Luthra,317.05,487.77,35.0,90,28,87,951.1500000000001,332.90250000000003
713290065,799459,3,852.02,Vitamins,Pharmacy,"Garg, Kari and Kapur",852.02,1065.02,20.0,365,29,66,2556.06,511.212
2006434350,136533,1,826.21,Eggs,Dairy & Breakfast,"Raghavan, Magar and Shanker",826.21,1032.76,20.0,7,15,75,826.21,165.24200000000002
6587221270,120385,1,597.91,Pet Treats,Pet Care,Dubey-Sarin,597.91,919.86,35.0,365,28,73,597.91,209.2685
969705468,256051,3,400.92,Lotion,Personal Care,"Mannan, Naidu and Sama",400.92,616.8,35.0,365,17,100,1202.76,420.96599999999995
4492000627,798639,1,211.25,Eggs,Dairy & Breakfast,Subramaniam LLC,211.25,264.06,20.0,7,12,78,211.25,42.25
977290328,942001,2,671.55,Cat Food,Pet Care,Acharya Ltd,671.55,1033.15,35.0,365,20,84,1343.1,470.0849999999999
8735245723,672059,3,672.73,Toothpaste,Personal Care,Kaur-Gola,672.73,1034.97,35.0,365,25,81,2018.19,706.3665
6299539090,784673,3,491.39,Dog Food,Pet Care,Ramanathan Group,491.39,755.98,35.0,365,21,84,1474.17,515.9595
2177211652,784827,1,274.25,Baby Wipes,Baby Care,Balakrishnan Ltd,274.25,391.79,30.0,365,26,77,274.25,82.27499999999999
8972569491,51036,3,931.61,Baby Food,Baby Care,Karnik PLC,931.61,1330.87,30.0,365,12,86,2794.83,838.449
7658414712,349294,3,934.75,Onions,Fruits & Vegetables,Ganesan Ltd,934.75,1246.33,25.0,3,25,70,2804.25,701.0625
2069355540,183929,1,738.74,Bread,Dairy & Breakfast,"Nagi, Sampath and Khurana",738.74,923.42,20.0,7,20,73,738.74,147.74800000000002
4084790776,812607,3,416.65,Potatoes,Fruits & Vegetables,Rege Group,416.65,555.53,25.0,3,11,63,1249.9499999999998,312.48749999999995
8716008121,658389,3,152.55,Popcorn,Snacks & Munchies,"Chanda, Som and Vohra",152.55,234.69,35.0,90,22,68,457.65000000000003,160.1775
9781965606,784827,2,274.25,Baby Wipes,Baby Care,Balakrishnan Ltd,274.25,391.79,30.0,365,26,77,548.5,164.54999999999998
8380133046,681063,3,321.28,Mango Drink,Cold Drinks & Juices,Dass and Sons,321.28,458.97,30.0,180,20,91,963.8399999999999,289.152
691827543,621677,1,317.8,Frozen Biryani,Instant & Frozen Food,Sabharwal-Mital,317.8,529.67,40.0,180,15,71,317.8,127.12
5750245858,217710,3,58.59,Eggs,Dairy & Breakfast,Rout-Sarna,58.59,73.24,20.0,7,19,53,175.77,35.154
1578150657,382511,2,702.54,Butter,Dairy & Breakfast,Bora-Thakkar,702.54,878.17,20.0,7,26,88,1405.08,281.016
9069556587,747801,1,277.76,Toilet Cleaner,Household Care,Saha-Vora,277.76,370.35,25.0,365,23,71,277.76,69.44
8396347551,913428,1,392.22,Pet Treats,Pet Care,Narayanan-Kumar,392.22,603.42,35.0,365,30,98,392.22,137.277
6083487488,820973,3,114.52,Baby Wipes,Baby Care,Lall LLC,114.52,163.6,30.0,365,29,56,343.56,103.068
3191281184,853932,3,941.19,Baby Wipes,Baby Care,Ranganathan-Peri,941.19,1344.56,30.0,365,21,94,2823.57,847.071
6397409024,762527,2,690.08,Biscuits,Snacks & Munchies,"Chad, Yohannan and Chopra",690.08,1061.66,35.0,90,23,71,1380.16,483.056
9021529086,107548,3,891.6,Cola,Cold Drinks & Juices,"Bhandari, Bhasin and Palan",891.6,1273.71,30.0,180,27,53,2674.8,802.44
8214544415,537274,3,702.71,Pet Treats,Pet Care,Lal-Chauhan,702.71,1081.09,35.0,365,17,67,2108.13,737.8455
8569302709,131937,3,287.81,Frozen Pizza,Instant & Frozen Food,"Varkey, Devi and Ganguly",287.81,479.68,40.0,180,18,68,863.4300000000001,345.37200000000007
2219192870,799952,3,922.64,Cheese,Dairy & Breakfast,Padmanabhan-Virk,922.64,1153.3,20.0,7,13,66,2767.92,553.5840000000001
8537081061,894539,2,445.48,Dish Soap,Household Care,"Pall, Sule and Sood",445.48,593.97,25.0,365,14,93,890.96,222.74
9284683425,91670,3,439.24,Dish Soap,Household Care,Barman-Ahluwalia,439.24,585.65,25.0,365,27,88,1317.72,329.43
9774193601,451933,1,568.94,Wheat Flour,Grocery & Staples,Nadig Ltd,568.94,669.34,15.0,365,28,98,568.94,85.34100000000001
7496826261,219598,3,367.08,Shampoo,Personal Care,Arora-Magar,367.08,564.74,35.0,365,28,83,1101.24,385.43399999999997
1058749075,677169,1,261.03,Cough Syrup,Pharmacy,Char-Divan,261.03,326.29,20.0,365,12,77,261.03,52.205999999999996
7128038799,961614,1,227.22,Chocolates,Snacks & Munchies,Goda Inc,227.22,349.57,35.0,90,26,99,227.22,79.527
3596318350,700048,2,141.28,Dish Soap,Household Care,Khalsa-Bhavsar,141.28,188.37,25.0,365,25,98,282.56,70.64
3187042843,378230,2,166.42,Nuts,Snacks & Munchies,Kala-Vig,166.42,256.03,35.0,90,13,76,332.84,116.49399999999999
4673500573,70969,1,631.7,Carrots,Fruits & Vegetables,Mohan Group,631.7,842.27,25.0,3,25,96,631.7,157.925
881900445,328457,3,858.57,Mango Drink,Cold Drinks & Juices,Hayre-Shere,858.57,1226.53,30.0,180,12,76,2575.71,772.713
9874112459,739448,2,755.66,Dish Soap,Household Care,Mand-Choudhry,755.66,1007.55,25.0,365,24,79,1511.32,377.83
4531430634,952168,1,236.95,Popcorn,Snacks & Munchies,"Krishnamurthy, Sibal and Das",236.95,364.54,35.0,90,28,79,236.95,82.93249999999999
6715699166,107548,2,891.6,Cola,Cold Drinks & Juices,"Bhandari, Bhasin and Palan",891.6,1273.71,30.0,180,27,53,1783.2,534.96
4171748538,652118,3,22.04,Frozen Biryani,Instant & Frozen Food,Agate and Sons,22.04,36.73,40.0,180,19,55,66.12,26.448000000000004
4093115982,444361,3,822.63,Pain Reliever,Pharmacy,"Prakash, Bawa and Kale",822.63,1028.29,20.0,365,20,71,2467.89,493.578
2515279840,461804,1,310.69,Sugar,Grocery & Staples,"Ghose, Ben and Divan",310.69,365.52,15.0,365,15,97,310.69,46.6035
4981424948,679865,1,347.91,Wheat Flour,Grocery & Staples,Memon-Barad,347.91,409.31,15.0,365,14,85,347.91,52.1865
1911064507,500633,2,154.5,Cereal,Dairy & Breakfast,Trivedi-Ahluwalia,154.5,193.12,20.0,7,24,87,309.0,61.800000000000004
6438392384,654623,1,422.14,Chips,Snacks & Munchies,Pradhan and Sons,422.14,649.45,35.0,90,18,76,422.14,147.749
5859840400,552883,3,888.16,Potatoes,Fruits & Vegetables,"Balan, Patel and Mall",888.16,1184.21,25.0,3,18,94,2664.48,666.12
7640576778,305754,3,979.99,Frozen Vegetables,Instant & Frozen Food,Mammen-Hegde,979.99,1633.32,40.0,180,22,81,2939.9700000000003,1175.988
5453475937,131748,1,81.35,Dog Food,Pet Care,"Shroff, Wason and Dugar",81.35,125.15,35.0,365,30,53,81.35,28.472499999999997
653610300,684939,1,727.95,Lotion,Personal Care,"Sibal, Bhatnagar and Rajan",727.95,1119.92,35.0,365,22,50,727.95,254.7825
730299055,679321,1,738.46,Cola,Cold Drinks & Juices,Khurana-Dewan,738.46,1054.94,30.0,180,20,68,738.46,221.538
8396250231,721521,2,417.39,Rice,Grocery & Staples,"Ramanathan, Agarwal and Baria",417.39,491.05,15.0,365,20,72,834.78,125.21699999999998
8556969682,532965,1,307.23,Frozen Pizza,Instant & Frozen Food,Sachdev Inc,307.23,512.05,40.0,180,20,94,307.23,122.89200000000001
7159670875,684939,3,727.95,Lotion,Personal Care,"Sibal, Bhatnagar and Rajan",727.95,1119.92,35.0,365,22,50,2183.8500000000004,764.3475000000001
4922278509,644847,2,622.81,Salt,Grocery & Staples,"Jhaveri, Kata and Kapur",622.81,732.72,15.0,365,24,52,1245.62,186.843
8151274002,34186,2,925.65,Mangoes,Fruits & Vegetables,Mandal-Kar,925.65,1234.2,25.0,3,27,74,1851.3,462.825
5373978100,433521,3,321.33,Diapers,Baby Care,Mahal Group,321.33,459.04,30.0,365,27,58,963.99,289.197
6210207010,859361,1,432.39,Shampoo,Personal Care,Mitter Group,432.39,665.22,35.0,365,25,77,432.39,151.33649999999997
1837403174,14145,3,630.84,Spinach,Fruits & Vegetables,"Thakur, Shah and Pingle",630.84,841.12,25.0,3,14,53,1892.52,473.13
1148265823,542300,3,255.35,Popcorn,Snacks & Munchies,Gulati-Tandon,255.35,392.85,35.0,90,11,66,766.05,268.11749999999995
8472487149,837480,2,217.4,Cough Syrup,Pharmacy,Edwin and Sons,217.4,271.75,20.0,365,22,82,434.8,86.96000000000001
9111535172,784673,1,491.39,Dog Food,Pet Care,Ramanathan Group,491.39,755.98,35.0,365,21,84,491.39,171.98649999999998
6558001978,478531,3,825.46,Carrots,Fruits & Vegetables,Uppal Group,825.46,1100.61,25.0,3,24,90,2476.38,619.095
2762095386,623234,2,329.79,Frozen Biryani,Instant & Frozen Food,Chakrabarti-Batra,329.79,549.65,40.0,180,13,72,659.58,263.83200000000005
2406325099,734789,3,395.82,Popcorn,Snacks & Munchies,"Chaudhari, Pant and Singh",395.82,608.95,35.0,90,22,66,1187.46,415.611
4274182127,798639,2,211.25,Eggs,Dairy & Breakfast,Subramaniam LLC,211.25,264.06,20.0,7,12,78,422.5,84.5
7271609994,425341,3,486.28,Pet Treats,Pet Care,"Mani, Dhar and Muni",486.28,748.12,35.0,365,21,68,1458.84,510.59399999999994
9182539734,557908,3,942.37,Vitamins,Pharmacy,Sundaram Inc,942.37,1177.96,20.0,365,14,53,2827.11,565.422
7891517071,56589,1,517.77,Vitamins,Pharmacy,"Pai, Kashyap and Ramachandran",517.77,647.21,20.0,365,16,85,517.77,103.554
3666182849,51036,1,931.61,Baby Food,Baby Care,Karnik PLC,931.61,1330.87,30.0,365,12,86,931.61,279.483
8724590445,741341,1,923.84,Eggs,Dairy & Breakfast,Prasad LLC,923.84,1154.8,20.0,7,13,62,923.84,184.76800000000003
7919863938,945635,3,778.9,Pulses,Grocery & Staples,Balasubramanian PLC,778.9,916.35,15.0,365,16,59,2336.7,350.50499999999994
3545539999,287070,1,443.17,Wheat Flour,Grocery & Staples,"Gala, Magar and Rajagopal",443.17,521.38,15.0,365,20,93,443.17,66.4755
7463392603,812607,3,416.65,Potatoes,Fruits & Vegetables,Rege Group,416.65,555.53,25.0,3,11,63,1249.9499999999998,312.48749999999995
7296733293,615545,3,448.16,Soap,Personal Care,Barman Inc,448.16,689.48,35.0,365,20,67,1344.48,470.568
7118924734,552496,2,508.0,Dish Soap,Household Care,Dhar PLC,508.0,677.33,25.0,365,17,59,1016.0,254.0
2529809156,513199,1,422.23,Cola,Cold Drinks & Juices,Rastogi Inc,422.23,603.19,30.0,180,26,52,422.23,126.669
2216699744,807452,2,144.19,Pulses,Grocery & Staples,Naik Ltd,144.19,169.64,15.0,365,27,61,288.38,43.257
8257221712,677542,2,212.61,Toilet Cleaner,Household Care,Thaman-Lanka,212.61,283.48,25.0,365,10,52,425.22,106.305
1357352531,799952,2,922.64,Cheese,Dairy & Breakfast,Padmanabhan-Virk,922.64,1153.3,20.0,7,13,66,1845.28,369.05600000000004
2108138590,602241,2,976.55,Nuts,Snacks & Munchies,Bahl-Pau,976.55,1502.38,35.0,90,12,75,1953.1,683.5849999999999
5648212121,41853,1,910.44,Curd,Dairy & Breakfast,Handa PLC,910.44,1138.05,20.0,7,14,92,910.44,182.08800000000002
3951878528,949818,1,483.05,Biscuits,Snacks & Munchies,Yohannan Inc,483.05,743.15,35.0,90,21,76,483.05,169.0675
8310385249,39154,1,946.86,Mangoes,Fruits & Vegetables,"Suresh, Bose and Bajwa",946.86,1262.48,25.0,3,21,84,946.86,236.715
7513562596,144124,1,162.67,Detergent,Household Care,Lalla-Srinivasan,162.67,216.89,25.0,365,11,82,162.67,40.6675
6304586678,679321,3,738.46,Cola,Cold Drinks & Juices,Khurana-Dewan,738.46,1054.94,30.0,180,20,68,2215.38,664.614
5222812863,451812,1,530.85,Pain Reliever,Pharmacy,"Batra, Sant and Mandal",530.85,663.56,20.0,365,29,63,530.85,106.17000000000002
5393039591,378230,1,166.42,Nuts,Snacks & Munchies,Kala-Vig,166.42,256.03,35.0,90,13,76,166.42,58.24699999999999
6708586922,799952,3,922.64,Cheese,Dairy & Breakfast,Padmanabhan-Virk,922.64,1153.3,20.0,7,13,66,2767.92,553.5840000000001
3177552965,328457,2,858.57,Mango Drink,Cold Drinks & Juices,Hayre-Shere,858.57,1226.53,30.0,180,12,76,1717.14,515.142
607125614,661577,3,720.95,Cat Food,Pet Care,Majumdar PLC,720.95,1109.15,35.0,365,28,95,2162.8500000000004,756.9975000000001
139417019,992178,1,632.43,Pain Reliever,Pharmacy,Basu and Sons,632.43,790.54,20.0,365,16,89,632.43,126.48599999999999
1893231742,913428,2,392.22,Pet Treats,Pet Care,Narayanan-Kumar,392.22,603.42,35.0,365,30,98,784.44,274.554
3580010065,89084,3,598.83,Milk,Dairy & Breakfast,"Wali, Virk and Iyer",598.83,748.54,20.0,7,27,74,1796.4900000000002,359.29800000000006
962319394,876139,1,415.75,Pulses,Grocery & Staples,Cherian-Dara,415.75,489.12,15.0,365,14,83,415.75,62.3625
8321726382,970529,2,827.44,Diapers,Baby Care,"Kurian, Patla and Sanghvi",827.44,1182.06,30.0,365,19,84,1654.88,496.464
1485682761,70969,3,631.7,Carrots,Fruits & Vegetables,Mohan Group,631.7,842.27,25.0,3,25,96,1895.1000000000001,473.77500000000003
5008756947,36412,1,397.68,Dish Soap,Household Care,Muni-Shankar,397.68,530.24,25.0,365,27,92,397.68,99.42
1334996274,771228,3,83.18,Pet Treats,Pet Care,Raja and Sons,83.18,127.97,35.0,365,25,73,249.54000000000002,87.339
2914506024,274207,1,328.51,Cough Syrup,Pharmacy,"Savant, Batta and Mander",328.51,410.64,20.0,365,25,51,328.51,65.702
8811831663,136533,3,826.21,Eggs,Dairy & Breakfast,"Raghavan, Magar and Shanker",826.21,1032.76,20.0,7,15,75,2478.63,495.72600000000006
875427533,669378,3,212.14,Potatoes,Fruits & Vegetables,Chadha and Sons,212.14,282.85,25.0,3,23,70,636.42,159.105
5865390748,700048,3,141.28,Dish Soap,Household Care,Khalsa-Bhavsar,141.28,188.37,25.0,365,25,98,423.84000000000003,105.96000000000001
4054828941,77308,1,223.27,Onions,Fruits & Vegetables,Ratta-Sagar,223.27,297.69,25.0,3,29,91,223.27,55.8175
1257568604,839170,1,481.63,Curd,Dairy & Breakfast,Shetty and Sons,481.63,602.04,20.0,7,11,59,481.63,96.32600000000001
2738862626,34200,1,319.8,Lotion,Personal Care,Munshi-Grewal,319.8,492.0,35.0,365,19,75,319.8,111.92999999999999
7352532839,313754,3,136.6,Biscuits,Snacks & Munchies,"Swaminathan, Mahal and Dara",136.6,210.15,35.0,90,25,67,409.79999999999995,143.42999999999998
520221662,57405,1,607.67,Baby Food,Baby Care,Srinivas PLC,607.67,868.1,30.0,365,21,64,607.67,182.301
7818925535,848226,1,209.59,Tomatoes,Fruits & Vegetables,Barad and Sons,209.59,279.45,25.0,3,10,51,209.59,52.3975
3476023750,925482,1,475.04,Frozen Biryani,Instant & Frozen Food,Viswanathan-Sha,475.04,791.73,40.0,180,23,66,475.04,190.01600000000002
8945838922,114414,3,832.06,Vitamins,Pharmacy,Kara-Golla,832.06,1040.07,20.0,365,26,66,2496.18,499.236
2233053313,222892,2,869.22,Tomatoes,Fruits & Vegetables,Ramakrishnan-Ghose,869.22,1158.96,25.0,3,28,88,1738.44,434.61
1844073851,799688,2,309.62,Lotion,Personal Care,Arora LLC,309.62,476.34,35.0,365,22,90,619.24,216.73399999999998
8348125769,707935,3,820.9,Cat Food,Pet Care,"Anne, Mammen and Khatri",820.9,1262.92,35.0,365,30,97,2462.7,861.9449999999999
8475818223,721521,2,417.39,Rice,Grocery & Staples,"Ramanathan, Agarwal and Baria",417.39,491.05,15.0,365,20,72,834.78,125.21699999999998
4270941188,34200,1,319.8,Lotion,Personal Care,Munshi-Grewal,319.8,492.0,35.0,365,19,75,319.8,111.92999999999999
2611200126,679865,1,347.91,Wheat Flour,Grocery & Staples,Memon-Barad,347.91,409.31,15.0,365,14,85,347.91,52.1865
8573833987,654297,3,13.25,Potatoes,Fruits & Vegetables,Chandran-Dass,13.25,17.67,25.0,3,20,86,39.75,9.9375
2979246068,361361,3,826.21,Biscuits,Snacks & Munchies,"Kunda, Dave and Sahni",826.21,1271.09,35.0,90,20,64,2478.63,867.5205
6779895105,112390,3,877.98,Toothpaste,Personal Care,"Kibe, Contractor and Randhawa",877.98,1350.74,35.0,365,23,85,2633.94,921.8789999999999
1731478314,6405,2,236.51,Baby Food,Baby Care,Kashyap-Reddy,236.51,337.87,30.0,365,11,81,473.02,141.90599999999998
3692405872,661577,3,720.95,Cat Food,Pet Care,Majumdar PLC,720.95,1109.15,35.0,365,28,95,2162.8500000000004,756.9975000000001
8853713324,799688,2,309.62,Lotion,Personal Care,Arora LLC,309.62,476.34,35.0,365,22,90,619.24,216.73399999999998
979766779,784673,3,491.39,Dog Food,Pet Care,Ramanathan Group,491.39,755.98,35.0,365,21,84,1474.17,515.9595
5709672475,91670,2,439.24,Dish Soap,Household Care,Barman-Ahluwalia,439.24,585.65,25.0,365,27,88,878.48,219.62
3855709201,820973,3,114.52,Baby Wipes,Baby Care,Lall LLC,114.52,163.6,30.0,365,29,56,343.56,103.068
6861065282,832348,3,831.43,Biscuits,Snacks & Munchies,Jani-Ram,831.43,1279.12,35.0,90,10,79,2494.29,873.0015
7919724613,112390,1,877.98,Toothpaste,Personal Care,"Kibe, Contractor and Randhawa",877.98,1350.74,35.0,365,23,85,877.98,307.293
7882742057,365133,1,915.45,Dish Soap,Household Care,Hans Inc,915.45,1220.6,25.0,365,25,60,915.45,228.8625
1929002406,516376,3,877.43,Onions,Fruits & Vegetables,Agarwal-Dhar,877.43,1169.91,25.0,3,21,71,2632.29,658.0725
2458349464,187399,2,53.49,Frozen Pizza,Instant & Frozen Food,Chauhan Inc,53.49,89.15,40.0,180,14,73,106.98,42.792
6608328221,313754,1,136.6,Biscuits,Snacks & Munchies,"Swaminathan, Mahal and Dara",136.6,210.15,35.0,90,25,67,136.6,47.809999999999995
7736615348,397973,3,728.73,Bananas,Fruits & Vegetables,"Wable, Randhawa and Mutti",728.73,971.64,25.0,3,27,82,2186.19,546.5475
2591738507,171602,2,883.44,Cola,Cold Drinks & Juices,Pal-Sehgal,883.44,1262.06,30.0,180,28,58,1766.88,530.064
6751537971,903336,3,551.88,Pulses,Grocery & Staples,"Vaidya, Amble and Palla",551.88,649.27,15.0,365,14,60,1655.6399999999999,248.34599999999998
9768154003,11422,2,127.16,Potatoes,Fruits & Vegetables,Ramaswamy-Tata,127.16,169.55,25.0,3,20,65,254.32,63.58
5887288860,146840,3,786.85,Bread,Dairy & Breakfast,"Bains, Deol and Vaidya",786.85,983.56,20.0,7,19,89,2360.55,472.11000000000007
3559865135,365132,3,229.38,Instant Noodles,Instant & Frozen Food,Dar-Kumar,229.38,382.3,40.0,180,19,70,688.14,275.25600000000003
209044447,757274,2,98.32,Pet Treats,Pet Care,"Minhas, Kapoor and Sethi",98.32,151.26,35.0,365,27,95,196.64,68.82399999999998
9643668734,747801,2,277.76,Toilet Cleaner,Household Care,Saha-Vora,277.76,370.35,25.0,365,23,71,555.52,138.88
6115465612,767398,3,22.14,Dish Soap,Household Care,"Arya, Sundaram and Pingle",22.14,29.52,25.0,365,15,57,66.42,16.605
8493723088,803607,1,949.73,Soap,Personal Care,"Kadakia, Mohan and Sathe",949.73,1461.12,35.0,365,21,98,949.73,332.40549999999996
6392024503,451812,2,530.85,Pain Reliever,Pharmacy,"Batra, Sant and Mandal",530.85,663.56,20.0,365,29,63,1061.7,212.34000000000003
9863468109,256051,3,400.92,Lotion,Personal Care,"Mannan, Naidu and Sama",400.92,616.8,35.0,365,17,100,1202.76,420.96599999999995
5448628635,837480,3,217.4,Cough Syrup,Pharmacy,Edwin and Sons,217.4,271.75,20.0,365,22,82,652.2,130.44000000000003
3329455953,34200,2,319.8,Lotion,Personal Care,Munshi-Grewal,319.8,492.0,35.0,365,19,75,639.6,223.85999999999999
3584190892,26060,3,342.94,Vitamins,Pharmacy,Shah and Sons,342.94,428.67,20.0,365,25,57,1028.82,205.764
9097056321,540618,1,317.05,Popcorn,Snacks & Munchies,Golla-Luthra,317.05,487.77,35.0,90,28,87,317.05,110.9675
525741957,784673,2,491.39,Dog Food,Pet Care,Ramanathan Group,491.39,755.98,35.0,365,21,84,982.78,343.97299999999996
5387395051,925482,2,475.04,Frozen Biryani,Instant & Frozen Food,Viswanathan-Sha,475.04,791.73,40.0,180,23,66,950.08,380.03200000000004
6799246060,803607,3,949.73,Soap,Personal Care,"Kadakia, Mohan and Sathe",949.73,1461.12,35.0,365,21,98,2849.19,997.2165
8986314607,700048,1,141.28,Dish Soap,Household Care,Khalsa-Bhavsar,141.28,188.37,25.0,365,25,98,141.28,35.32
1085912198,697683,1,123.74,Toilet Cleaner,Household Care,"Murty, Varghese and Saxena",123.74,164.99,25.0,365,14,82,123.74,30.935
3423328091,679321,2,738.46,Cola,Cold Drinks & Juices,Khurana-Dewan,738.46,1054.94,30.0,180,20,68,1476.92,443.076
9848366909,365132,2,229.38,Instant Noodles,Instant & Frozen Food,Dar-Kumar,229.38,382.3,40.0,180,19,70,458.76,183.50400000000002
936021770,107548,3,891.6,Cola,Cold Drinks & Juices,"Bhandari, Bhasin and Palan",891.6,1273.71,30.0,180,27,53,2674.8,802.44
8916215165,925482,3,475.04,Frozen Biryani,Instant & Frozen Food,Viswanathan-Sha,475.04,791.73,40.0,180,23,66,1425.1200000000001,570.0480000000001
389558867,555121,3,354.91,Carrots,Fruits & Vegetables,"Subramanian, Chaudhuri and Dora",354.91,473.21,25.0,3,30,67,1064.73,266.1825
7616883530,306177,3,769.24,Frozen Biryani,Instant & Frozen Food,Som Inc,769.24,1282.07,40.0,180,11,54,2307.7200000000003,923.0880000000002
3851744248,734789,1,395.82,Popcorn,Snacks & Munchies,"Chaudhari, Pant and Singh",395.82,608.95,35.0,90,22,66,395.82,138.53699999999998
4953665655,444361,2,822.63,Pain Reliever,Pharmacy,"Prakash, Bawa and Kale",822.63,1028.29,20.0,365,20,71,1645.26,329.052
962864152,455083,3,959.01,Butter,Dairy & Breakfast,Dutta Inc,959.01,1198.76,20.0,7,29,63,2877.0299999999997,575.406
923668833,771228,3,83.18,Pet Treats,Pet Care,Raja and Sons,83.18,127.97,35.0,365,25,73,249.54000000000002,87.339
4022122330,26060,3,342.94,Vitamins,Pharmacy,Shah and Sons,342.94,428.67,20.0,365,25,57,1028.82,205.764
4564846800,500739,2,359.98,Bread,Dairy & Breakfast,Aggarwal Group,359.98,449.98,20.0,7,18,81,719.96,143.99200000000002
690652905,451812,2,530.85,Pain Reliever,Pharmacy,"Batra, Sant and Mandal",530.85,663.56,20.0,365,29,63,1061.7,212.34000000000003
716741661,799688,2,309.62,Lotion,Personal Care,Arora LLC,309.62,476.34,35.0,365,22,90,619.24,216.73399999999998
6575532281,34200,1,319.8,Lotion,Personal Care,Munshi-Grewal,319.8,492.0,35.0,365,19,75,319.8,111.92999999999999
7486807731,803607,3,949.73,Soap,Personal Care,"Kadakia, Mohan and Sathe",949.73,1461.12,35.0,365,21,98,2849.19,997.2165
9721870982,272170,1,140.8,Ice Cream,Instant & Frozen Food,Purohit Group,140.8,234.67,40.0,180,10,92,140.8,56.32000000000001
8105823343,56589,1,517.77,Vitamins,Pharmacy,"Pai, Kashyap and Ramachandran",517.77,647.21,20.0,365,16,85,517.77,103.554
7113554979,53833,1,134.69,Rice,Grocery & Staples,Tella-Master,134.69,158.46,15.0,365,26,89,134.69,20.2035
507373134,847349,2,781.08,Potatoes,Fruits & Vegetables,Chhabra-Agrawal,781.08,1041.44,25.0,3,26,69,1562.16,390.54
4674132573,537274,3,702.71,Pet Treats,Pet Care,Lal-Chauhan,702.71,1081.09,35.0,365,17,67,2108.13,737.8455
487395969,561860,1,874.78,Orange Juice,Cold Drinks & Juices,Gupta Ltd,874.78,1249.69,30.0,180,21,90,874.78,262.43399999999997
3962007460,378676,3,881.42,Orange Juice,Cold Drinks & Juices,Baral-Kamdar,881.42,1259.17,30.0,180,19,65,2644.2599999999998,793.2779999999999
2272882287,487931,2,709.08,Sugar,Grocery & Staples,"Bahl, Jaggi and Nath",709.08,834.21,15.0,365,27,68,1418.16,212.72400000000002
4426246696,382511,2,702.54,Butter,Dairy & Breakfast,Bora-Thakkar,702.54,878.17,20.0,7,26,88,1405.08,281.016
1714709914,256783,2,906.54,Pet Treats,Pet Care,"Basu, Thakur and Rege",906.54,1394.68,35.0,365,16,98,1813.08,634.578
3159133564,237083,2,577.13,Cough Syrup,Pharmacy,Hayer-Banerjee,577.13,721.41,20.0,365,24,86,1154.26,230.852
4531739740,552496,1,508.0,Dish Soap,Household Care,Dhar PLC,508.0,677.33,25.0,365,17,59,508.0,127.0
3158981349,859361,1,432.39,Shampoo,Personal Care,Mitter Group,432.39,665.22,35.0,365,25,77,432.39,151.33649999999997
1789010378,500633,3,154.5,Cereal,Dairy & Breakfast,Trivedi-Ahluwalia,154.5,193.12,20.0,7,24,87,463.5,92.7
705203916,89084,1,598.83,Milk,Dairy & Breakfast,"Wali, Virk and Iyer",598.83,748.54,20.0,7,27,74,598.83,119.76600000000002
7255510932,94225,1,77.11,Toilet Cleaner,Household Care,"Gulati, Ram and Sarkar",77.11,102.81,25.0,365,13,70,77.11,19.2775
1991167685,237083,2,577.13,Cough Syrup,Pharmacy,Hayer-Banerjee,577.13,721.41,20.0,365,24,86,1154.26,230.852
5103721089,34186,3,925.65,Mangoes,Fruits & Vegetables,Mandal-Kar,925.65,1234.2,25.0,3,27,74,2776.95,694.2375
9674006557,317242,3,198.15,Pulses,Grocery & Staples,Rastogi Group,198.15,233.12,15.0,365,22,63,594.45,89.1675
1073466441,681063,3,321.28,Mango Drink,Cold Drinks & Juices,Dass and Sons,321.28,458.97,30.0,180,20,91,963.8399999999999,289.152
5407006470,70969,2,631.7,Carrots,Fruits & Vegetables,Mohan Group,631.7,842.27,25.0,3,25,96,1263.4,315.85
747347782,15314,3,578.85,Cheese,Dairy & Breakfast,Banik-Ratta,578.85,723.56,20.0,7,30,91,1736.5500000000002,347.31000000000006
8554063149,684939,3,727.95,Lotion,Personal Care,"Sibal, Bhatnagar and Rajan",727.95,1119.92,35.0,365,22,50,2183.8500000000004,764.3475000000001
4855215470,487065,3,374.68,Chips,Snacks & Munchies,Kadakia-Yadav,374.68,576.43,35.0,90,27,87,1124.04,393.414
5008998072,993331,1,102.44,Pulses,Grocery & Staples,"Parmer, Gola and Yogi",102.44,120.52,15.0,365,28,86,102.44,15.366
9696466906,118820,2,12.32,Iced Tea,Cold Drinks & Juices,"Warrior, Ravel and Amble",12.32,17.6,30.0,180,12,61,24.64,7.3919999999999995
7189534591,951463,1,787.4,Pet Treats,Pet Care,Balakrishnan-Kaur,787.4,1211.38,35.0,365,16,82,787.4,275.59
9965941354,707935,1,820.9,Cat Food,Pet Care,"Anne, Mammen and Khatri",820.9,1262.92,35.0,365,30,97,820.9,287.315
1275232752,747801,1,277.76,Toilet Cleaner,Household Care,Saha-Vora,277.76,370.35,25.0,365,23,71,277.76,69.44
343479370,566052,1,87.3,Pain Reliever,Pharmacy,"Apte, Soman and Raju",87.3,109.12,20.0,365,14,53,87.3,17.46
2485933387,890232,1,432.0,Mango Drink,Cold Drinks & Juices,Jha Group,432.0,617.14,30.0,180,20,91,432.0,129.6
6735843326,992178,1,632.43,Pain Reliever,Pharmacy,Basu and Sons,632.43,790.54,20.0,365,16,89,632.43,126.48599999999999
6384313098,644847,1,622.81,Salt,Grocery & Staples,"Jhaveri, Kata and Kapur",622.81,732.72,15.0,365,24,52,622.81,93.4215
1022032613,903336,1,551.88,Pulses,Grocery & Staples,"Vaidya, Amble and Palla",551.88,649.27,15.0,365,14,60,551.88,82.782
8026892264,487931,3,709.08,Sugar,Grocery & Staples,"Bahl, Jaggi and Nath",709.08,834.21,15.0,365,27,68,2127.2400000000002,319.086
7158825499,952124,2,127.08,Onions,Fruits & Vegetables,"Wali, Sood and Bala",127.08,169.44,25.0,3,15,50,254.16,63.54
5327013494,901144,2,340.36,Sugar,Grocery & Staples,Deo-Kamdar,340.36,400.42,15.0,365,12,71,680.72,102.108
1002526452,444361,2,822.63,Pain Reliever,Pharmacy,"Prakash, Bawa and Kale",822.63,1028.29,20.0,365,20,71,1645.26,329.052
4650525854,317242,2,198.15,Pulses,Grocery & Staples,Rastogi Group,198.15,233.12,15.0,365,22,63,396.3,59.445
6260291784,697683,1,123.74,Toilet Cleaner,Household Care,"Murty, Varghese and Saxena",123.74,164.99,25.0,365,14,82,123.74,30.935
1884314278,264803,2,995.98,Vitamins,Pharmacy,Gole-Doshi,995.98,1244.97,20.0,365,17,69,1991.96,398.39200000000005
7074219396,760828,3,563.45,Pet Treats,Pet Care,"Khurana, Khosla and Yohannan",563.45,866.85,35.0,365,23,93,1690.3500000000001,591.6225000000001
807183459,684939,3,727.95,Lotion,Personal Care,"Sibal, Bhatnagar and Rajan",727.95,1119.92,35.0,365,22,50,2183.8500000000004,764.3475000000001
598539940,876139,1,415.75,Pulses,Grocery & Staples,Cherian-Dara,415.75,489.12,15.0,365,14,83,415.75,62.3625
427702490,120385,1,597.91,Pet Treats,Pet Care,Dubey-Sarin,597.91,919.86,35.0,365,28,73,597.91,209.2685
955844536,784673,3,491.39,Dog Food,Pet Care,Ramanathan Group,491.39,755.98,35.0,365,21,84,1474.17,515.9595
5397640599,89084,1,598.83,Milk,Dairy & Breakfast,"Wali, Virk and Iyer",598.83,748.54,20.0,7,27,74,598.83,119.76600000000002
3451246886,451812,2,530.85,Pain Reliever,Pharmacy,"Batra, Sant and Mandal",530.85,663.56,20.0,365,29,63,1061.7,212.34000000000003
8487733248,378287,3,332.84,Lemonade,Cold Drinks & Juices,Ramesh-Jain,332.84,475.49,30.0,180,22,51,998.52,299.556
2921621434,532965,3,307.23,Frozen Pizza,Instant & Frozen Food,Sachdev Inc,307.23,512.05,40.0,180,20,94,921.69,368.67600000000004
4757133884,812607,3,416.65,Potatoes,Fruits & Vegetables,Rege Group,416.65,555.53,25.0,3,11,63,1249.9499999999998,312.48749999999995
1793847102,131748,3,81.35,Dog Food,Pet Care,"Shroff, Wason and Dugar",81.35,125.15,35.0,365,30,53,244.04999999999998,85.41749999999999
6197760573,799952,3,922.64,Cheese,Dairy & Breakfast,Padmanabhan-Virk,922.64,1153.3,20.0,7,13,66,2767.92,553.5840000000001
6818660907,298985,2,183.76,Vitamins,Pharmacy,"Ramanathan, Joshi and Srinivasan",183.76,229.7,20.0,365,11,61,367.52,73.504
7807587130,962591,2,130.01,Orange Juice,Cold Drinks & Juices,Murthy-Kaul,130.01,185.73,30.0,180,24,74,260.02,78.00599999999999
4540563647,222892,2,869.22,Tomatoes,Fruits & Vegetables,Ramakrishnan-Ghose,869.22,1158.96,25.0,3,28,88,1738.44,434.61
2480913332,876139,1,415.75,Pulses,Grocery & Staples,Cherian-Dara,415.75,489.12,15.0,365,14,83,415.75,62.3625
5735481292,945635,3,778.9,Pulses,Grocery & Staples,Balasubramanian PLC,778.9,916.35,15.0,365,16,59,2336.7,350.50499999999994
7112326373,690565,3,951.27,Cookies,Snacks & Munchies,"Roy, Seth and Patla",951.27,1463.49,35.0,90,15,56,2853.81,998.8335
614274161,604184,3,397.55,Toilet Cleaner,Household Care,"Gaba, Sodhi and Choudhary",397.55,530.07,25.0,365,24,84,1192.65,298.1625
5512258335,687218,2,317.82,Mango Drink,Cold Drinks & Juices,"Sankaran, Pall and Gola",317.82,454.03,30.0,180,22,58,635.64,190.69199999999998
1214757247,53833,3,134.69,Rice,Grocery & Staples,Tella-Master,134.69,158.46,15.0,365,26,89,404.07,60.610499999999995
4211686231,94225,2,77.11,Toilet Cleaner,Household Care,"Gulati, Ram and Sarkar",77.11,102.81,25.0,365,13,70,154.22,38.555
5288088590,951463,2,787.4,Pet Treats,Pet Care,Balakrishnan-Kaur,787.4,1211.38,35.0,365,16,82,1574.8,551.18
1193525681,186168,1,878.8,Dog Food,Pet Care,"Parekh, Lad and Kadakia",878.8,1352.0,35.0,365,13,75,878.8,307.58
5132095929,487931,2,709.08,Sugar,Grocery & Staples,"Bahl, Jaggi and Nath",709.08,834.21,15.0,365,27,68,1418.16,212.72400000000002
7703144556,196719,2,217.5,Bananas,Fruits & Vegetables,Yogi Group,217.5,290.0,25.0,3,15,91,435.0,108.75
6786199145,589812,3,163.03,Detergent,Household Care,Bir PLC,163.03,217.37,25.0,365,22,52,489.09000000000003,122.27250000000001
2463627380,623234,3,329.79,Frozen Biryani,Instant & Frozen Food,Chakrabarti-Batra,329.79,549.65,40.0,180,13,72,989.3700000000001,395.74800000000005
6331115638,298985,1,183.76,Vitamins,Pharmacy,"Ramanathan, Joshi and Srinivasan",183.76,229.7,20.0,365,11,61,183.76,36.752
9212312136,952124,3,127.08,Onions,Fruits & Vegetables,"Wali, Sood and Bala",127.08,169.44,25.0,3,15,50,381.24,95.31
6788500162,677169,1,261.03,Cough Syrup,Pharmacy,Char-Divan,261.03,326.29,20.0,365,12,77,261.03,52.205999999999996
2166421384,41853,1,910.44,Curd,Dairy & Breakfast,Handa PLC,910.44,1138.05,20.0,7,14,92,910.44,182.08800000000002
2744509800,378676,2,881.42,Orange Juice,Cold Drinks & Juices,Baral-Kamdar,881.42,1259.17,30.0,180,19,65,1762.84,528.852
8806260669,611575,1,482.06,Frozen Pizza,Instant & Frozen Food,"Bhat, Nigam and Hayer",482.06,803.43,40.0,180,25,87,482.06,192.824
7773287963,942001,1,671.55,Cat Food,Pet Care,Acharya Ltd,671.55,1033.15,35.0,365,20,84,671.55,235.04249999999996
8153845667,449106,2,48.55,Soap,Personal Care,"Shere, Thakur and Naik",48.55,74.69,35.0,365,30,95,97.1,33.98499999999999
8345887091,667163,2,441.2,Orange Juice,Cold Drinks & Juices,Palla LLC,441.2,630.29,30.0,180,25,72,882.4,264.71999999999997
6638429050,799688,2,309.62,Lotion,Personal Care,Arora LLC,309.62,476.34,35.0,365,22,90,619.24,216.73399999999998
4132900691,837480,2,217.4,Cough Syrup,Pharmacy,Edwin and Sons,217.4,271.75,20.0,365,22,82,434.8,86.96000000000001
2119346062,222892,1,869.22,Tomatoes,Fruits & Vegetables,Ramakrishnan-Ghose,869.22,1158.96,25.0,3,28,88,869.22,217.305
689310626,952124,2,127.08,Onions,Fruits & Vegetables,"Wali, Sood and Bala",127.08,169.44,25.0,3,15,50,254.16,63.54
9246993674,490602,2,549.47,Sugar,Grocery & Staples,Raghavan Inc,549.47,646.44,15.0,365,20,71,1098.94,164.841
2282234185,734789,1,395.82,Popcorn,Snacks & Munchies,"Chaudhari, Pant and Singh",395.82,608.95,35.0,90,22,66,395.82,138.53699999999998
9697170386,992178,2,632.43,Pain Reliever,Pharmacy,Basu and Sons,632.43,790.54,20.0,365,16,89,1264.86,252.97199999999998
6376147802,799952,1,922.64,Cheese,Dairy & Breakfast,Padmanabhan-Virk,922.64,1153.3,20.0,7,13,66,922.64,184.52800000000002
7415158732,433521,1,321.33,Diapers,Baby Care,Mahal Group,321.33,459.04,30.0,365,27,58,321.33,96.39899999999999
343300311,962591,2,130.01,Orange Juice,Cold Drinks & Juices,Murthy-Kaul,130.01,185.73,30.0,180,24,74,260.02,78.00599999999999
3922539531,647462,1,326.42,Lotion,Personal Care,"Balan, Samra and Sekhon",326.42,502.18,35.0,365,22,64,326.42,114.247
7634516705,154179,1,582.87,Pain Reliever,Pharmacy,"Barad, Devi and Andra",582.87,728.59,20.0,365,10,59,582.87,116.57400000000001
8731122718,847349,3,781.08,Potatoes,Fruits & Vegetables,Chhabra-Agrawal,781.08,1041.44,25.0,3,26,69,2343.2400000000002,585.8100000000001
9471236505,669378,3,212.14,Potatoes,Fruits & Vegetables,Chadha and Sons,212.14,282.85,25.0,3,23,70,636.42,159.105
9497014025,492958,3,84.2,Lotion,Personal Care,Acharya PLC,84.2,129.54,35.0,365,26,88,252.60000000000002,88.41
592358946,378676,3,881.42,Orange Juice,Cold Drinks & Juices,Baral-Kamdar,881.42,1259.17,30.0,180,19,65,2644.2599999999998,793.2779999999999
9680783354,41853,3,910.44,Curd,Dairy & Breakfast,Handa PLC,910.44,1138.05,20.0,7,14,92,2731.32,546.264
6109792602,723678,3,675.46,Dog Food,Pet Care,"Lall, Datta and Swamy",675.46,1039.17,35.0,365,14,97,2026.38,709.233
2734817654,365132,3,229.38,Instant Noodles,Instant & Frozen Food,Dar-Kumar,229.38,382.3,40.0,180,19,70,688.14,275.25600000000003
6380542008,961614,2,227.22,Chocolates,Snacks & Munchies,Goda Inc,227.22,349.57,35.0,90,26,99,454.44,159.054
4784760589,820973,3,114.52,Baby Wipes,Baby Care,Lall LLC,114.52,163.6,30.0,365,29,56,343.56,103.068
1577703194,647462,1,326.42,Lotion,Personal Care,"Balan, Samra and Sekhon",326.42,502.18,35.0,365,22,64,326.42,114.247
6758737749,186168,2,878.8,Dog Food,Pet Care,"Parekh, Lad and Kadakia",878.8,1352.0,35.0,365,13,75,1757.6,615.16
4081640450,136533,2,826.21,Eggs,Dairy & Breakfast,"Raghavan, Magar and Shanker",826.21,1032.76,20.0,7,15,75,1652.42,330.48400000000004
9258266990,492958,1,84.2,Lotion,Personal Care,Acharya PLC,84.2,129.54,35.0,365,26,88,84.2,29.47
2109410707,91670,3,439.24,Dish Soap,Household Care,Barman-Ahluwalia,439.24,585.65,25.0,365,27,88,1317.72,329.43
576022547,243235,2,109.03,Cat Food,Pet Care,Batta Inc,109.03,167.74,35.0,365,14,71,218.06,76.321
2106943908,133542,1,68.49,Detergent,Household Care,Edwin-Lall,68.49,91.32,25.0,365,21,72,68.49,17.1225
6541281594,26060,1,342.94,Vitamins,Pharmacy,Shah and Sons,342.94,428.67,20.0,365,25,57,342.94,68.58800000000001
2664220988,183929,3,738.74,Bread,Dairy & Breakfast,"Nagi, Sampath and Khurana",738.74,923.42,20.0,7,20,73,2216.2200000000003,443.2440000000001
493514666,542300,2,255.35,Popcorn,Snacks & Munchies,Gulati-Tandon,255.35,392.85,35.0,90,11,66,510.7,178.74499999999998
9658669384,658389,2,152.55,Popcorn,Snacks & Munchies,"Chanda, Som and Vohra",152.55,234.69,35.0,90,22,68,305.1,106.785
8765283513,449106,3,48.55,Soap,Personal Care,"Shere, Thakur and Naik",48.55,74.69,35.0,365,30,95,145.64999999999998,50.97749999999999
6421427812,51036,2,931.61,Baby Food,Baby Care,Karnik PLC,931.61,1330.87,30.0,365,12,86,1863.22,558.966
4467093205,739448,3,755.66,Dish Soap,Household Care,Mand-Choudhry,755.66,1007.55,25.0,365,24,79,2266.98,566.745
7560862152,328457,3,858.57,Mango Drink,Cold Drinks & Juices,Hayre-Shere,858.57,1226.53,30.0,180,12,76,2575.71,772.713
8218080678,365133,1,915.45,Dish Soap,Household Care,Hans Inc,915.45,1220.6,25.0,365,25,60,915.45,228.8625
8196173573,481843,3,297.68,Chocolates,Snacks & Munchies,"Taneja, Kala and Kota",297.68,457.97,35.0,90,10,88,893.04,312.56399999999996
1174856327,654623,2,422.14,Chips,Snacks & Munchies,Pradhan and Sons,422.14,649.45,35.0,90,18,76,844.28,295.498
9754365788,949818,3,483.05,Biscuits,Snacks & Munchies,Yohannan Inc,483.05,743.15,35.0,90,21,76,1449.15,507.2025
8398774908,256051,1,400.92,Lotion,Personal Care,"Mannan, Naidu and Sama",400.92,616.8,35.0,365,17,100,400.92,140.322
626433439,913428,1,392.22,Pet Treats,Pet Care,Narayanan-Kumar,392.22,603.42,35.0,365,30,98,392.22,137.277
3097299525,257719,3,281.73,Eggs,Dairy & Breakfast,Chaudhuri PLC,281.73,352.16,20.0,7,17,93,845.19,169.038
5367488413,592784,3,280.35,Biscuits,Snacks & Munchies,"Andra, Mander and Kari",280.35,431.31,35.0,90,27,64,841.0500000000001,294.3675
3700795655,153019,3,947.95,Onions,Fruits & Vegetables,Aurora LLC,947.95,1263.93,25.0,3,13,88,2843.8500000000004,710.9625000000001
3161904185,654623,2,422.14,Chips,Snacks & Munchies,Pradhan and Sons,422.14,649.45,35.0,90,18,76,844.28,295.498
8149944548,968887,2,40.7,Dish Soap,Household Care,Keer-Gill,40.7,54.27,25.0,365,18,92,81.4,20.35
4961830447,144124,3,162.67,Detergent,Household Care,Lalla-Srinivasan,162.67,216.89,25.0,365,11,82,488.01,122.0025
613578154,287070,3,443.17,Wheat Flour,Grocery & Staples,"Gala, Magar and Rajagopal",443.17,521.38,15.0,365,20,93,1329.51,199.4265
2582466700,444361,2,822.63,Pain Reliever,Pharmacy,"Prakash, Bawa and Kale",822.63,1028.29,20.0,365,20,71,1645.26,329.052
3840910839,592784,1,280.35,Biscuits,Snacks & Munchies,"Andra, Mander and Kari",280.35,431.31,35.0,90,27,64,280.35,98.1225
399559401,658389,2,152.55,Popcorn,Snacks & Munchies,"Chanda, Som and Vohra",152.55,234.69,35.0,90,22,68,305.1,106.785
4037817241,561860,3,874.78,Orange Juice,Cold Drinks & Juices,Gupta Ltd,874.78,1249.69,30.0,180,21,90,2624.34,787.302
582598096,689769,2,46.62,Frozen Vegetables,Instant & Frozen Food,Kothari-Datta,46.62,77.7,40.0,180,17,51,93.24,37.296
9218060399,949818,3,483.05,Biscuits,Snacks & Munchies,Yohannan Inc,483.05,743.15,35.0,90,21,76,1449.15,507.2025
6650174202,833557,2,422.87,Cereal,Dairy & Breakfast,"Gole, Chand and Dada",422.87,528.59,20.0,7,27,69,845.74,169.14800000000002
2715902884,672059,3,672.73,Toothpaste,Personal Care,Kaur-Gola,672.73,1034.97,35.0,365,25,81,2018.19,706.3665
7957986242,41853,2,910.44,Curd,Dairy & Breakfast,Handa PLC,910.44,1138.05,20.0,7,14,92,1820.88,364.17600000000004
7148568995,397973,3,728.73,Bananas,Fruits & Vegetables,"Wable, Randhawa and Mutti",728.73,971.64,25.0,3,27,82,2186.19,546.5475
670358911,124290,2,39.65,Lotion,Personal Care,Sachdev Group,39.65,61.0,35.0,365,23,71,79.3,27.755
6098277214,11422,2,127.16,Potatoes,Fruits & Vegetables,Ramaswamy-Tata,127.16,169.55,25.0,3,20,65,254.32,63.58
4621664126,491314,3,973.44,Ice Cream,Instant & Frozen Food,Banerjee Inc,973.44,1622.4,40.0,180,11,71,2920.32,1168.1280000000002
6336460663,820541,3,576.22,Toilet Cleaner,Household Care,"Borde, Peri and Upadhyay",576.22,768.29,25.0,365,19,71,1728.66,432.165
909027635,444361,3,822.63,Pain Reliever,Pharmacy,"Prakash, Bawa and Kale",822.63,1028.29,20.0,365,20,71,2467.89,493.578
2854202683,51036,3,931.61,Baby Food,Baby Care,Karnik PLC,931.61,1330.87,30.0,365,12,86,2794.83,838.449
7936387697,992178,3,632.43,Pain Reliever,Pharmacy,Basu and Sons,632.43,790.54,20.0,365,16,89,1897.29,379.458
8337736091,613942,1,545.0,Pet Treats,Pet Care,"Dyal, Saraf and Goel",545.0,838.46,35.0,365,28,72,545.0,190.75
4404350734,298985,2,183.76,Vitamins,Pharmacy,"Ramanathan, Joshi and Srinivasan",183.76,229.7,20.0,365,11,61,367.52,73.504
6565246127,803607,2,949.73,Soap,Personal Care,"Kadakia, Mohan and Sathe",949.73,1461.12,35.0,365,21,98,1899.46,664.8109999999999
3494650073,642612,2,517.03,Pet Treats,Pet Care,Pillay-Ahuja,517.03,795.43,35.0,365,16,57,1034.06,361.92099999999994
1920923798,451812,3,530.85,Pain Reliever,Pharmacy,"Batra, Sant and Mandal",530.85,663.56,20.0,365,29,63,1592.5500000000002,318.51000000000005
5069524975,913428,3,392.22,Pet Treats,Pet Care,Narayanan-Kumar,392.22,603.42,35.0,365,30,98,1176.66,411.831
3873368520,812607,2,416.65,Potatoes,Fruits & Vegetables,Rege Group,416.65,555.53,25.0,3,11,63,833.3,208.325
3111414152,587645,1,801.81,Vitamins,Pharmacy,"Sura, Pillay and Mammen",801.81,1002.26,20.0,365,18,90,801.81,160.362
7104489974,53833,1,134.69,Rice,Grocery & Staples,Tella-Master,134.69,158.46,15.0,365,26,89,134.69,20.2035
3211566084,621677,1,317.8,Frozen Biryani,Instant & Frozen Food,Sabharwal-Mital,317.8,529.67,40.0,180,15,71,317.8,127.12
2416717644,183929,3,738.74,Bread,Dairy & Breakfast,"Nagi, Sampath and Khurana",738.74,923.42,20.0,7,20,73,2216.2200000000003,443.2440000000001
4535670244,890232,2,432.0,Mango Drink,Cold Drinks & Juices,Jha Group,432.0,617.14,30.0,180,20,91,864.0,259.2
7309958460,961614,1,227.22,Chocolates,Snacks & Munchies,Goda Inc,227.22,349.57,35.0,90,26,99,227.22,79.527
9996182478,592784,3,280.35,Biscuits,Snacks & Munchies,"Andra, Mander and Kari",280.35,431.31,35.0,90,27,64,841.0500000000001,294.3675
2231942521,659290,2,319.34,Cheese,Dairy & Breakfast,Kapadia-D’Alia,319.34,399.17,20.0,7,18,66,638.68,127.73599999999999
554028972,734789,2,395.82,Popcorn,Snacks & Munchies,"Chaudhari, Pant and Singh",395.82,608.95,35.0,90,22,66,791.64,277.07399999999996
8756001290,726958,1,887.48,Cat Food,Pet Care,Doctor-Patla,887.48,1365.35,35.0,365,18,79,887.48,310.618
8047899303,684939,2,727.95,Lotion,Personal Care,"Sibal, Bhatnagar and Rajan",727.95,1119.92,35.0,365,22,50,1455.9,509.565
9720683332,542300,3,255.35,Popcorn,Snacks & Munchies,Gulati-Tandon,255.35,392.85,35.0,90,11,66,766.05,268.11749999999995
218670241,131748,1,81.35,Dog Food,Pet Care,"Shroff, Wason and Dugar",81.35,125.15,35.0,365,30,53,81.35,28.472499999999997
1382880255,820541,2,576.22,Toilet Cleaner,Household Care,"Borde, Peri and Upadhyay",576.22,768.29,25.0,365,19,71,1152.44,288.11
332975964,490602,1,549.47,Sugar,Grocery & Staples,Raghavan Inc,549.47,646.44,15.0,365,20,71,549.47,82.4205
2638683222,652118,2,22.04,Frozen Biryani,Instant & Frozen Food,Agate and Sons,22.04,36.73,40.0,180,19,55,44.08,17.632
9150146711,734789,2,395.82,Popcorn,Snacks & Munchies,"Chaudhari, Pant and Singh",395.82,608.95,35.0,90,22,66,791.64,277.07399999999996
1553626879,602241,3,976.55,Nuts,Snacks & Munchies,Bahl-Pau,976.55,1502.38,35.0,90,12,75,2929.6499999999996,1025.3774999999998
9271384187,186168,2,878.8,Dog Food,Pet Care,"Parekh, Lad and Kadakia",878.8,1352.0,35.0,365,13,75,1757.6,615.16
1409544327,677542,3,212.61,Toilet Cleaner,Household Care,Thaman-Lanka,212.61,283.48,25.0,365,10,52,637.83,159.4575
637100019,677169,1,261.03,Cough Syrup,Pharmacy,Char-Divan,261.03,326.29,20.0,365,12,77,261.03,52.205999999999996
186083059,337168,3,545.49,Eggs,Dairy & Breakfast,Dasgupta PLC,545.49,681.86,20.0,7,25,98,1636.47,327.29400000000004
1804073530,661577,1,720.95,Cat Food,Pet Care,Majumdar PLC,720.95,1109.15,35.0,365,28,95,720.95,252.3325
5291430311,894539,2,445.48,Dish Soap,Household Care,"Pall, Sule and Sood",445.48,593.97,25.0,365,14,93,890.96,222.74
6947225582,34200,3,319.8,Lotion,Personal Care,Munshi-Grewal,319.8,492.0,35.0,365,19,75,959.4000000000001,335.79
5710643134,712307,3,264.89,Orange Juice,Cold Drinks & Juices,Chana LLC,264.89,378.41,30.0,180,16,73,794.67,238.40099999999998
8329733630,36412,2,397.68,Dish Soap,Household Care,Muni-Shankar,397.68,530.24,25.0,365,27,92,795.36,198.84
6772651293,818522,2,96.09,Cheese,Dairy & Breakfast,Hora-Roy,96.09,120.11,20.0,7,12,90,192.18,38.43600000000001
581212790,219598,2,367.08,Shampoo,Personal Care,Arora-Magar,367.08,564.74,35.0,365,28,83,734.16,256.95599999999996
4766571706,131748,3,81.35,Dog Food,Pet Care,"Shroff, Wason and Dugar",81.35,125.15,35.0,365,30,53,244.04999999999998,85.41749999999999
9961298199,336847,1,936.98,Toilet Cleaner,Household Care,"Dayal, Mammen and More",936.98,1249.31,25.0,365,17,55,936.98,234.245
8102675591,679865,1,347.91,Wheat Flour,Grocery & Staples,Memon-Barad,347.91,409.31,15.0,365,14,85,347.91,52.1865
604050223,818990,1,163.55,Tomatoes,Fruits & Vegetables,Dugar Group,163.55,218.07,25.0,3,22,92,163.55,40.8875
782327552,52729,2,316.02,Cat Food,Pet Care,Saini LLC,316.02,486.18,35.0,365,25,100,632.04,221.21399999999997
6156638188,525531,1,831.1,Dog Food,Pet Care,Sandal PLC,831.1,1278.62,35.0,365,28,65,831.1,290.885
6475299855,567671,1,418.48,Biscuits,Snacks & Munchies,Nagar LLC,418.48,643.82,35.0,90,12,90,418.48,146.468
689110145,378676,3,881.42,Orange Juice,Cold Drinks & Juices,Baral-Kamdar,881.42,1259.17,30.0,180,19,65,2644.2599999999998,793.2779999999999
2785467351,587645,3,801.81,Vitamins,Pharmacy,"Sura, Pillay and Mammen",801.81,1002.26,20.0,365,18,90,2405.43,481.086
7188270379,704868,2,193.46,Detergent,Household Care,"Parikh, Oak and Kara",193.46,257.95,25.0,365,24,58,386.92,96.73
9209192342,799952,3,922.64,Cheese,Dairy & Breakfast,Padmanabhan-Virk,922.64,1153.3,20.0,7,13,66,2767.92,553.5840000000001
3193016310,990993,3,263.7,Chocolates,Snacks & Munchies,Guha-Subramaniam,263.7,405.69,35.0,90,22,61,791.0999999999999,276.88499999999993
9743228131,131748,3,81.35,Dog Food,Pet Care,"Shroff, Wason and Dugar",81.35,125.15,35.0,365,30,53,244.04999999999998,85.41749999999999
4417542973,131937,2,287.81,Frozen Pizza,Instant & Frozen Food,"Varkey, Devi and Ganguly",287.81,479.68,40.0,180,18,68,575.62,230.24800000000002
3065857200,222892,1,869.22,Tomatoes,Fruits & Vegetables,Ramakrishnan-Ghose,869.22,1158.96,25.0,3,28,88,869.22,217.305
6994732191,94225,2,77.11,Toilet Cleaner,Household Care,"Gulati, Ram and Sarkar",77.11,102.81,25.0,365,13,70,154.22,38.555
7663189769,937542,2,97.04,Wheat Flour,Grocery & Staples,Khurana and Sons,97.04,114.16,15.0,365,28,93,194.08,29.112000000000002
5012619147,287070,1,443.17,Wheat Flour,Grocery & Staples,"Gala, Magar and Rajagopal",443.17,521.38,15.0,365,20,93,443.17,66.4755
7456088789,799952,1,922.64,Cheese,Dairy & Breakfast,Padmanabhan-Virk,922.64,1153.3,20.0,7,13,66,922.64,184.52800000000002
3270559373,382511,1,702.54,Butter,Dairy & Breakfast,Bora-Thakkar,702.54,878.17,20.0,7,26,88,702.54,140.508
4703798183,557908,3,942.37,Vitamins,Pharmacy,Sundaram Inc,942.37,1177.96,20.0,365,14,53,2827.11,565.422
3968840556,818522,3,96.09,Cheese,Dairy & Breakfast,Hora-Roy,96.09,120.11,20.0,7,12,90,288.27,57.653999999999996
2331647373,832348,1,831.43,Biscuits,Snacks & Munchies,Jani-Ram,831.43,1279.12,35.0,90,10,79,831.43,291.0005
6683347454,847349,2,781.08,Potatoes,Fruits & Vegetables,Chhabra-Agrawal,781.08,1041.44,25.0,3,26,69,1562.16,390.54
5710259220,222892,1,869.22,Tomatoes,Fruits & Vegetables,Ramakrishnan-Ghose,869.22,1158.96,25.0,3,28,88,869.22,217.305
9871546057,894539,1,445.48,Dish Soap,Household Care,"Pall, Sule and Sood",445.48,593.97,25.0,365,14,93,445.48,111.37
5459704311,77308,1,223.27,Onions,Fruits & Vegetables,Ratta-Sagar,223.27,297.69,25.0,3,29,91,223.27,55.8175
3426702134,542300,3,255.35,Popcorn,Snacks & Munchies,Gulati-Tandon,255.35,392.85,35.0,90,11,66,766.05,268.11749999999995
7671357353,256051,1,400.92,Lotion,Personal Care,"Mannan, Naidu and Sama",400.92,616.8,35.0,365,17,100,400.92,140.322
9656230693,604184,3,397.55,Toilet Cleaner,Household Care,"Gaba, Sodhi and Choudhary",397.55,530.07,25.0,365,24,84,1192.65,298.1625
3315369956,33955,3,186.08,Frozen Pizza,Instant & Frozen Food,Baral Group,186.08,310.13,40.0,180,29,84,558.24,223.29600000000002
1762287720,851978,3,715.72,Vitamins,Pharmacy,Parsa-Bala,715.72,894.65,20.0,365,28,92,2147.16,429.432
4816206081,667163,2,441.2,Orange Juice,Cold Drinks & Juices,Palla LLC,441.2,630.29,30.0,180,25,72,882.4,264.71999999999997
2808133351,94225,1,77.11,Toilet Cleaner,Household Care,"Gulati, Ram and Sarkar",77.11,102.81,25.0,365,13,70,77.11,19.2775
3444569396,237083,3,577.13,Cough Syrup,Pharmacy,Hayer-Banerjee,577.13,721.41,20.0,365,24,86,1731.3899999999999,346.278
9704671447,306177,2,769.24,Frozen Biryani,Instant & Frozen Food,Som Inc,769.24,1282.07,40.0,180,11,54,1538.48,615.392
6454001692,319388,1,657.8,Orange Juice,Cold Drinks & Juices,D’Alia-Dey,657.8,939.71,30.0,180,26,56,657.8,197.33999999999997
2624508626,70969,3,631.7,Carrots,Fruits & Vegetables,Mohan Group,631.7,842.27,25.0,3,25,96,1895.1000000000001,473.77500000000003
932273820,513199,3,422.23,Cola,Cold Drinks & Juices,Rastogi Inc,422.23,603.19,30.0,180,26,52,1266.69,380.007
7908614088,600767,3,722.42,Toothpaste,Personal Care,Balan Group,722.42,1111.42,35.0,365,22,68,2167.2599999999998,758.5409999999998
9730765358,654623,2,422.14,Chips,Snacks & Munchies,Pradhan and Sons,422.14,649.45,35.0,90,18,76,844.28,295.498
4748284156,118820,1,12.32,Iced Tea,Cold Drinks & Juices,"Warrior, Ravel and Amble",12.32,17.6,30.0,180,12,61,12.32,3.6959999999999997
1829286278,6405,2,236.51,Baby Food,Baby Care,Kashyap-Reddy,236.51,337.87,30.0,365,11,81,473.02,141.90599999999998
3180415318,697683,1,123.74,Toilet Cleaner,Household Care,"Murty, Varghese and Saxena",123.74,164.99,25.0,365,14,82,123.74,30.935
1008158736,721521,1,417.39,Rice,Grocery & Staples,"Ramanathan, Agarwal and Baria",417.39,491.05,15.0,365,20,72,417.39,62.60849999999999
5092816701,337168,3,545.49,Eggs,Dairy & Breakfast,Dasgupta PLC,545.49,681.86,20.0,7,25,98,1636.47,327.29400000000004
4339850858,914071,1,296.94,Chips,Snacks & Munchies,Datta Ltd,296.94,456.83,35.0,90,25,90,296.94,103.92899999999999
1564040362,217710,1,58.59,Eggs,Dairy & Breakfast,Rout-Sarna,58.59,73.24,20.0,7,19,53,58.59,11.718000000000002
4856827800,398340,1,651.93,Instant Noodles,Instant & Frozen Food,"Nadig, Zachariah and Soni",651.93,1086.55,40.0,180,11,56,651.93,260.772
2465711187,513199,2,422.23,Cola,Cold Drinks & Juices,Rastogi Inc,422.23,603.19,30.0,180,26,52,844.46,253.338
7741314063,26060,2,342.94,Vitamins,Pharmacy,Shah and Sons,342.94,428.67,20.0,365,25,57,685.88,137.17600000000002
6973696848,965755,3,532.57,Bananas,Fruits & Vegetables,"Doshi, Sarraf and Sama",532.57,710.09,25.0,3,21,91,1597.71,399.4275
443178123,587645,1,801.81,Vitamins,Pharmacy,"Sura, Pillay and Mammen",801.81,1002.26,20.0,365,18,90,801.81,160.362
2155491764,194682,2,912.29,Iced Tea,Cold Drinks & Juices,Sastry-Issac,912.29,1303.27,30.0,180,11,86,1824.58,547.3739999999999
282887897,491521,3,556.35,Nuts,Snacks & Munchies,Karpe Inc,556.35,855.92,35.0,90,28,98,1669.0500000000002,584.1675
1014190951,913428,2,392.22,Pet Treats,Pet Care,Narayanan-Kumar,392.22,603.42,35.0,365,30,98,784.44,274.554
4632027192,298985,2,183.76,Vitamins,Pharmacy,"Ramanathan, Joshi and Srinivasan",183.76,229.7,20.0,365,11,61,367.52,73.504
9196809062,222892,2,869.22,Tomatoes,Fruits & Vegetables,Ramakrishnan-Ghose,869.22,1158.96,25.0,3,28,88,1738.44,434.61
3802671506,876139,2,415.75,Pulses,Grocery & Staples,Cherian-Dara,415.75,489.12,15.0,365,14,83,831.5,124.725
931138604,378676,2,881.42,Orange Juice,Cold Drinks & Juices,Baral-Kamdar,881.42,1259.17,30.0,180,19,65,1762.84,528.852
6507222211,131136,2,37.8,Salt,Grocery & Staples,Deshpande-Rama,37.8,44.47,15.0,365,29,95,75.6,11.339999999999998
9091185978,552883,2,888.16,Potatoes,Fruits & Vegetables,"Balan, Patel and Mall",888.16,1184.21,25.0,3,18,94,1776.32,444.08
6314310505,615545,2,448.16,Soap,Personal Care,Barman Inc,448.16,689.48,35.0,365,20,67,896.32,313.712
2711467206,124290,1,39.65,Lotion,Personal Care,Sachdev Group,39.65,61.0,35.0,365,23,71,39.65,13.8775
1359318731,120532,1,697.53,Wheat Flour,Grocery & Staples,Nazareth Ltd,697.53,820.62,15.0,365,29,95,697.53,104.6295
4521042050,57405,2,607.67,Baby Food,Baby Care,Srinivas PLC,607.67,868.1,30.0,365,21,64,1215.34,364.602
1317016672,818522,3,96.09,Cheese,Dairy & Breakfast,Hora-Roy,96.09,120.11,20.0,7,12,90,288.27,57.653999999999996
7624598493,661577,1,720.95,Cat Food,Pet Care,Majumdar PLC,720.95,1109.15,35.0,365,28,95,720.95,252.3325
1753431230,222892,2,869.22,Tomatoes,Fruits & Vegetables,Ramakrishnan-Ghose,869.22,1158.96,25.0,3,28,88,1738.44,434.61
8650539199,194682,1,912.29,Iced Tea,Cold Drinks & Juices,Sastry-Issac,912.29,1303.27,30.0,180,11,86,912.29,273.68699999999995
3276478503,329351,3,310.87,Cheese,Dairy & Breakfast,"Lala, Kalita and Sathe",310.87,388.59,20.0,7,23,95,932.61,186.52200000000002
5080943123,15314,1,578.85,Cheese,Dairy & Breakfast,Banik-Ratta,578.85,723.56,20.0,7,30,91,578.85,115.77000000000001
6158083683,832348,3,831.43,Biscuits,Snacks & Munchies,Jani-Ram,831.43,1279.12,35.0,90,10,79,2494.29,873.0015
9228072842,883013,1,989.88,Eggs,Dairy & Breakfast,Chahal Group,989.88,1237.35,20.0,7,13,98,989.88,197.976
4028432722,951463,3,787.4,Pet Treats,Pet Care,Balakrishnan-Kaur,787.4,1211.38,35.0,365,16,82,2362.2,826.7699999999999
3679730192,707935,1,820.9,Cat Food,Pet Care,"Anne, Mammen and Khatri",820.9,1262.92,35.0,365,30,97,820.9,287.315
71793937,94225,1,77.11,Toilet Cleaner,Household Care,"Gulati, Ram and Sarkar",77.11,102.81,25.0,365,13,70,77.11,19.2775
47467466,120385,1,597.91,Pet Treats,Pet Care,Dubey-Sarin,597.91,919.86,35.0,365,28,73,597.91,209.2685
4538136436,726958,2,887.48,Cat Food,Pet Care,Doctor-Patla,887.48,1365.35,35.0,365,18,79,1774.96,621.236
8750169461,373536,2,494.17,Dog Food,Pet Care,Chauhan-Sabharwal,494.17,760.26,35.0,365,14,64,988.34,345.919
9371021811,753354,3,423.56,Shampoo,Personal Care,Sant-Mahajan,423.56,651.63,35.0,365,20,52,1270.68,444.738
679274212,721521,2,417.39,Rice,Grocery & Staples,"Ramanathan, Agarwal and Baria",417.39,491.05,15.0,365,20,72,834.78,125.21699999999998
6601671674,500739,2,359.98,Bread,Dairy & Breakfast,Aggarwal Group,359.98,449.98,20.0,7,18,81,719.96,143.99200000000002
2708441500,14145,1,630.84,Spinach,Fruits & Vegetables,"Thakur, Shah and Pingle",630.84,841.12,25.0,3,14,53,630.84,157.71
9548480220,799688,1,309.62,Lotion,Personal Care,Arora LLC,309.62,476.34,35.0,365,22,90,309.62,108.36699999999999
5440864021,324809,3,608.0,Bread,Dairy & Breakfast,Sidhu PLC,608.0,760.0,20.0,7,26,76,1824.0,364.8
5705224767,604184,2,397.55,Toilet Cleaner,Household Care,"Gaba, Sodhi and Choudhary",397.55,530.07,25.0,365,24,84,795.1,198.775
9945458771,63769,3,878.07,Lotion,Personal Care,Dalal-Shan,878.07,1350.88,35.0,365,27,69,2634.21,921.9735
336832815,647462,3,326.42,Lotion,Personal Care,"Balan, Samra and Sekhon",326.42,502.18,35.0,365,22,64,979.26,342.741
9543126726,600767,3,722.42,Toothpaste,Personal Care,Balan Group,722.42,1111.42,35.0,365,22,68,2167.2599999999998,758.5409999999998
5134666123,942001,1,671.55,Cat Food,Pet Care,Acharya Ltd,671.55,1033.15,35.0,365,20,84,671.55,235.04249999999996
5663657880,859361,1,432.39,Shampoo,Personal Care,Mitter Group,432.39,665.22,35.0,365,25,77,432.39,151.33649999999997
5352647396,606256,3,369.28,Frozen Biryani,Instant & Frozen Food,Agate Ltd,369.28,615.47,40.0,180,16,57,1107.84,443.13599999999997
7995172779,913428,2,392.22,Pet Treats,Pet Care,Narayanan-Kumar,392.22,603.42,35.0,365,30,98,784.44,274.554
605779703,888807,1,230.58,Bread,Dairy & Breakfast,Arya Group,230.58,288.23,20.0,7,13,91,230.58,46.11600000000001
685688121,337168,3,545.49,Eggs,Dairy & Breakfast,Dasgupta PLC,545.49,681.86,20.0,7,25,98,1636.47,327.29400000000004
5966726971,26060,2,342.94,Vitamins,Pharmacy,Shah and Sons,342.94,428.67,20.0,365,25,57,685.88,137.17600000000002
6763510083,11422,1,127.16,Potatoes,Fruits & Vegetables,Ramaswamy-Tata,127.16,169.55,25.0,3,20,65,127.16,31.79
6735813139,171602,3,883.44,Cola,Cold Drinks & Juices,Pal-Sehgal,883.44,1262.06,30.0,180,28,58,2650.32,795.096
8361205778,820973,2,114.52,Baby Wipes,Baby Care,Lall LLC,114.52,163.6,30.0,365,29,56,229.04,68.71199999999999
3640952655,954722,2,616.45,Ice Cream,Instant & Frozen Food,Mohan-Virk,616.45,1027.42,40.0,180,11,58,1232.9,493.1600000000001
6395279829,833557,2,422.87,Cereal,Dairy & Breakfast,"Gole, Chand and Dada",422.87,528.59,20.0,7,27,69,845.74,169.14800000000002
339410846,760684,1,71.6,Rice,Grocery & Staples,Kanda-Gupta,71.6,84.24,15.0,365,14,64,71.6,10.739999999999998
8924056486,820973,2,114.52,Baby Wipes,Baby Care,Lall LLC,114.52,163.6,30.0,365,29,56,229.04,68.71199999999999
6616322616,927651,1,426.72,Baby Wipes,Baby Care,Narula Group,426.72,609.6,30.0,365,15,60,426.72,128.016
4178578583,291238,1,746.03,Chocolates,Snacks & Munchies,"Sinha, Pau and Chhabra",746.03,1147.74,35.0,90,16,68,746.03,261.1105
7558107764,692985,3,197.39,Pulses,Grocery & Staples,"Wable, Sankaran and Hari",197.39,232.22,15.0,365,30,86,592.17,88.82549999999999
7894708851,455755,3,44.09,Detergent,Household Care,Mangal-Sathe,44.09,58.79,25.0,365,23,53,132.27,33.0675
1916638346,9436,2,88.43,Toothpaste,Personal Care,Naidu PLC,88.43,136.05,35.0,365,19,76,176.86,61.901
4973943462,704868,3,193.46,Detergent,Household Care,"Parikh, Oak and Kara",193.46,257.95,25.0,365,24,58,580.38,145.095
6567129123,891833,1,493.19,Curd,Dairy & Breakfast,Mani PLC,493.19,616.49,20.0,7,11,69,493.19,98.638
8702642032,107548,1,891.6,Cola,Cold Drinks & Juices,"Bhandari, Bhasin and Palan",891.6,1273.71,30.0,180,27,53,891.6,267.48
7857954356,903336,3,551.88,Pulses,Grocery & Staples,"Vaidya, Amble and Palla",551.88,649.27,15.0,365,14,60,1655.6399999999999,248.34599999999998
5376218500,644847,2,622.81,Salt,Grocery & Staples,"Jhaveri, Kata and Kapur",622.81,732.72,15.0,365,24,52,1245.62,186.843
3452449295,555121,2,354.91,Carrots,Fruits & Vegetables,"Subramanian, Chaudhuri and Dora",354.91,473.21,25.0,3,30,67,709.82,177.455
1694826296,709916,1,33.76,Detergent,Household Care,Varkey LLC,33.76,45.01,25.0,365,30,88,33.76,8.44
9449954611,63769,1,878.07,Lotion,Personal Care,Dalal-Shan,878.07,1350.88,35.0,365,27,69,878.07,307.3245
7722059222,888807,1,230.58,Bread,Dairy & Breakfast,Arya Group,230.58,288.23,20.0,7,13,91,230.58,46.11600000000001
2871448124,798639,2,211.25,Eggs,Dairy & Breakfast,Subramaniam LLC,211.25,264.06,20.0,7,12,78,422.5,84.5
4158839033,4452,1,169.88,Baby Wipes,Baby Care,Morar-Mistry,169.88,242.69,30.0,365,27,100,169.88,50.964
9936118648,961614,1,227.22,Chocolates,Snacks & Munchies,Goda Inc,227.22,349.57,35.0,90,26,99,227.22,79.527
6804747901,848226,2,209.59,Tomatoes,Fruits & Vegetables,Barad and Sons,209.59,279.45,25.0,3,10,51,419.18,104.795
7579444448,500633,3,154.5,Cereal,Dairy & Breakfast,Trivedi-Ahluwalia,154.5,193.12,20.0,7,24,87,463.5,92.7
4379043082,587420,2,357.42,Cookies,Snacks & Munchies,Raj and Sons,357.42,549.88,35.0,90,22,50,714.84,250.194
4212894712,883013,1,989.88,Eggs,Dairy & Breakfast,Chahal Group,989.88,1237.35,20.0,7,13,98,989.88,197.976
7962511808,687218,1,317.82,Mango Drink,Cold Drinks & Juices,"Sankaran, Pall and Gola",317.82,454.03,30.0,180,22,58,317.82,95.34599999999999
6478815087,67197,3,552.2,Butter,Dairy & Breakfast,Shetty-Bora,552.2,690.25,20.0,7,20,79,1656.6000000000001,331.32000000000005
6239166986,679865,3,347.91,Wheat Flour,Grocery & Staples,Memon-Barad,347.91,409.31,15.0,365,14,85,1043.73,156.55949999999999
9894863460,945635,1,778.9,Pulses,Grocery & Staples,Balasubramanian PLC,778.9,916.35,15.0,365,16,59,778.9,116.835
2982638677,706112,2,478.79,Vitamins,Pharmacy,"Magar, Gara and Garg",478.79,598.49,20.0,365,12,77,957.58,191.51600000000002
3284797515,925482,3,475.04,Frozen Biryani,Instant & Frozen Food,Viswanathan-Sha,475.04,791.73,40.0,180,23,66,1425.1200000000001,570.0480000000001
8895501673,82484,1,914.88,Baby Food,Baby Care,Mallick PLC,914.88,1306.97,30.0,365,12,73,914.88,274.464
914992221,194682,3,912.29,Iced Tea,Cold Drinks & Juices,Sastry-Issac,912.29,1303.27,30.0,180,11,86,2736.87,821.0609999999999
2067729457,679321,3,738.46,Cola,Cold Drinks & Juices,Khurana-Dewan,738.46,1054.94,30.0,180,20,68,2215.38,664.614
5389250154,481843,2,297.68,Chocolates,Snacks & Munchies,"Taneja, Kala and Kota",297.68,457.97,35.0,90,10,88,595.36,208.376
4352973016,883013,3,989.88,Eggs,Dairy & Breakfast,Chahal Group,989.88,1237.35,20.0,7,13,98,2969.64,593.928
7667555396,365133,1,915.45,Dish Soap,Household Care,Hans Inc,915.45,1220.6,25.0,365,25,60,915.45,228.8625
168804744,925482,1,475.04,Frozen Biryani,Instant & Frozen Food,Viswanathan-Sha,475.04,791.73,40.0,180,23,66,475.04,190.01600000000002
854218304,863930,2,242.57,Shampoo,Personal Care,"Sathe, Agarwal and Dhar",242.57,373.18,35.0,365,26,72,485.14,169.79899999999998
2616618240,171602,3,883.44,Cola,Cold Drinks & Juices,Pal-Sehgal,883.44,1262.06,30.0,180,28,58,2650.32,795.096
8891144024,492958,1,84.2,Lotion,Personal Care,Acharya PLC,84.2,129.54,35.0,365,26,88,84.2,29.47
4606856320,217710,2,58.59,Eggs,Dairy & Breakfast,Rout-Sarna,58.59,73.24,20.0,7,19,53,117.18,23.436000000000003
1876194333,540618,2,317.05,Popcorn,Snacks & Munchies,Golla-Luthra,317.05,487.77,35.0,90,28,87,634.1,221.935
1471186096,455083,2,959.01,Butter,Dairy & Breakfast,Dutta Inc,959.01,1198.76,20.0,7,29,63,1918.02,383.60400000000004
4763556417,18035,3,968.94,Dish Soap,Household Care,Ramesh Inc,968.94,1291.92,25.0,365,12,87,2906.82,726.705
5961097387,992178,2,632.43,Pain Reliever,Pharmacy,Basu and Sons,632.43,790.54,20.0,365,16,89,1264.86,252.97199999999998
1509646137,481843,3,297.68,Chocolates,Snacks & Munchies,"Taneja, Kala and Kota",297.68,457.97,35.0,90,10,88,893.04,312.56399999999996
7533431274,63769,3,878.07,Lotion,Personal Care,Dalal-Shan,878.07,1350.88,35.0,365,27,69,2634.21,921.9735
3598818329,196719,2,217.5,Bananas,Fruits & Vegetables,Yogi Group,217.5,290.0,25.0,3,15,91,435.0,108.75
2561337790,853932,3,941.19,Baby Wipes,Baby Care,Ranganathan-Peri,941.19,1344.56,30.0,365,21,94,2823.57,847.071
2359692348,284460,3,505.95,Potatoes,Fruits & Vegetables,"Ramakrishnan, Anand and Khare",505.95,674.6,25.0,3,21,85,1517.85,379.4625
3146098826,513199,3,422.23,Cola,Cold Drinks & Juices,Rastogi Inc,422.23,603.19,30.0,180,26,52,1266.69,380.007
8638050442,689769,3,46.62,Frozen Vegetables,Instant & Frozen Food,Kothari-Datta,46.62,77.7,40.0,180,17,51,139.85999999999999,55.943999999999996
1833854180,992178,2,632.43,Pain Reliever,Pharmacy,Basu and Sons,632.43,790.54,20.0,365,16,89,1264.86,252.97199999999998
5687148136,859361,2,432.39,Shampoo,Personal Care,Mitter Group,432.39,665.22,35.0,365,25,77,864.78,302.67299999999994
7133253616,654297,1,13.25,Potatoes,Fruits & Vegetables,Chandran-Dass,13.25,17.67,25.0,3,20,86,13.25,3.3125
7899569162,500633,1,154.5,Cereal,Dairy & Breakfast,Trivedi-Ahluwalia,154.5,193.12,20.0,7,24,87,154.5,30.900000000000002
6119637917,903336,3,551.88,Pulses,Grocery & Staples,"Vaidya, Amble and Palla",551.88,649.27,15.0,365,14,60,1655.6399999999999,248.34599999999998
4924477011,500633,3,154.5,Cereal,Dairy & Breakfast,Trivedi-Ahluwalia,154.5,193.12,20.0,7,24,87,463.5,92.7
577458306,863930,1,242.57,Shampoo,Personal Care,"Sathe, Agarwal and Dhar",242.57,373.18,35.0,365,26,72,242.57,84.89949999999999
1605287230,871592,2,870.29,Carrots,Fruits & Vegetables,"Shankar, Nadkarni and Kumer",870.29,1160.39,25.0,3,25,50,1740.58,435.145
5743074720,589812,2,163.03,Detergent,Household Care,Bir PLC,163.03,217.37,25.0,365,22,52,326.06,81.515
1645477578,473929,3,440.19,Carrots,Fruits & Vegetables,"Bhardwaj, Bhatia and Deshmukh",440.19,586.92,25.0,3,19,70,1320.57,330.1425
6231311270,965755,1,532.57,Bananas,Fruits & Vegetables,"Doshi, Sarraf and Sama",532.57,710.09,25.0,3,21,91,532.57,133.1425
4629648516,689769,2,46.62,Frozen Vegetables,Instant & Frozen Food,Kothari-Datta,46.62,77.7,40.0,180,17,51,93.24,37.296
2706229594,36412,3,397.68,Dish Soap,Household Care,Muni-Shankar,397.68,530.24,25.0,365,27,92,1193.04,298.26
6814009039,291238,2,746.03,Chocolates,Snacks & Munchies,"Sinha, Pau and Chhabra",746.03,1147.74,35.0,90,16,68,1492.06,522.221
5604135912,757274,2,98.32,Pet Treats,Pet Care,"Minhas, Kapoor and Sethi",98.32,151.26,35.0,365,27,95,196.64,68.82399999999998
766789724,709916,1,33.76,Detergent,Household Care,Varkey LLC,33.76,45.01,25.0,365,30,88,33.76,8.44
2727595593,739534,1,994.56,Toilet Cleaner,Household Care,"Gera, Narang and Karpe",994.56,1326.08,25.0,365,14,59,994.56,248.64
9887978407,968887,2,40.7,Dish Soap,Household Care,Keer-Gill,40.7,54.27,25.0,365,18,92,81.4,20.35
6825742544,365132,2,229.38,Instant Noodles,Instant & Frozen Food,Dar-Kumar,229.38,382.3,40.0,180,19,70,458.76,183.50400000000002
7081192087,847349,2,781.08,Potatoes,Fruits & Vegetables,Chhabra-Agrawal,781.08,1041.44,25.0,3,26,69,1562.16,390.54
3185620074,305754,1,979.99,Frozen Vegetables,Instant & Frozen Food,Mammen-Hegde,979.99,1633.32,40.0,180,22,81,979.99,391.99600000000004
7162086351,962591,1,130.01,Orange Juice,Cold Drinks & Juices,Murthy-Kaul,130.01,185.73,30.0,180,24,74,130.01,39.00299999999999
5504768409,39154,3,946.86,Mangoes,Fruits & Vegetables,"Suresh, Bose and Bajwa",946.86,1262.48,25.0,3,21,84,2840.58,710.145
6721093047,473929,3,440.19,Carrots,Fruits & Vegetables,"Bhardwaj, Bhatia and Deshmukh",440.19,586.92,25.0,3,19,70,1320.57,330.1425
1134990529,704868,2,193.46,Detergent,Household Care,"Parikh, Oak and Kara",193.46,257.95,25.0,365,24,58,386.92,96.73
4632975114,287070,2,443.17,Wheat Flour,Grocery & Staples,"Gala, Magar and Rajagopal",443.17,521.38,15.0,365,20,93,886.34,132.951
1471897083,228286,2,179.08,Cola,Cold Drinks & Juices,Bhattacharyya PLC,179.08,255.83,30.0,180,26,79,358.16,107.44800000000001
6081974624,621677,1,317.8,Frozen Biryani,Instant & Frozen Food,Sabharwal-Mital,317.8,529.67,40.0,180,15,71,317.8,127.12
806680874,739534,2,994.56,Toilet Cleaner,Household Care,"Gera, Narang and Karpe",994.56,1326.08,25.0,365,14,59,1989.12,497.28
8213018419,689769,3,46.62,Frozen Vegetables,Instant & Frozen Food,Kothari-Datta,46.62,77.7,40.0,180,17,51,139.85999999999999,55.943999999999996
4610876894,654297,1,13.25,Potatoes,Fruits & Vegetables,Chandran-Dass,13.25,17.67,25.0,3,20,86,13.25,3.3125
9116180240,890623,1,354.52,Onions,Fruits & Vegetables,"Sangha, Nagar and Varty",354.52,472.69,25.0,3,27,55,354.52,88.63
8916648395,952168,3,236.95,Popcorn,Snacks & Munchies,"Krishnamurthy, Sibal and Das",236.95,364.54,35.0,90,28,79,710.8499999999999,248.79749999999996
3626990751,171602,2,883.44,Cola,Cold Drinks & Juices,Pal-Sehgal,883.44,1262.06,30.0,180,28,58,1766.88,530.064
2544173358,487931,3,709.08,Sugar,Grocery & Staples,"Bahl, Jaggi and Nath",709.08,834.21,15.0,365,27,68,2127.2400000000002,319.086
3654075570,94225,1,77.11,Toilet Cleaner,Household Care,"Gulati, Ram and Sarkar",77.11,102.81,25.0,365,13,70,77.11,19.2775
9846277624,677169,2,261.03,Cough Syrup,Pharmacy,Char-Divan,261.03,326.29,20.0,365,12,77,522.06,104.41199999999999
8600159148,799459,3,852.02,Vitamins,Pharmacy,"Garg, Kari and Kapur",852.02,1065.02,20.0,365,29,66,2556.06,511.212
9184012674,171602,3,883.44,Cola,Cold Drinks & Juices,Pal-Sehgal,883.44,1262.06,30.0,180,28,58,2650.32,795.096
5842678913,962054,1,16.86,Orange Juice,Cold Drinks & Juices,Toor-Nagar,16.86,24.09,30.0,180,11,74,16.86,5.058
6284066457,51036,3,931.61,Baby Food,Baby Care,Karnik PLC,931.61,1330.87,30.0,365,12,86,2794.83,838.449
957188879,561860,1,874.78,Orange Juice,Cold Drinks & Juices,Gupta Ltd,874.78,1249.69,30.0,180,21,90,874.78,262.43399999999997
2027766693,969851,1,340.66,Frozen Vegetables,Instant & Frozen Food,"Kara, Sodhi and Bassi",340.66,567.77,40.0,180,27,64,340.66,136.264
5201172375,621677,2,317.8,Frozen Biryani,Instant & Frozen Food,Sabharwal-Mital,317.8,529.67,40.0,180,15,71,635.6,254.24
5211206337,679865,2,347.91,Wheat Flour,Grocery & Staples,Memon-Barad,347.91,409.31,15.0,365,14,85,695.82,104.373
519985157,91670,1,439.24,Dish Soap,Household Care,Barman-Ahluwalia,439.24,585.65,25.0,365,27,88,439.24,109.81
2599819074,378230,3,166.42,Nuts,Snacks & Munchies,Kala-Vig,166.42,256.03,35.0,90,13,76,499.26,174.74099999999999
6564176767,146840,3,786.85,Bread,Dairy & Breakfast,"Bains, Deol and Vaidya",786.85,983.56,20.0,7,19,89,2360.55,472.11000000000007
5969684091,771228,2,83.18,Pet Treats,Pet Care,Raja and Sons,83.18,127.97,35.0,365,25,73,166.36,58.226
8152246475,478531,1,825.46,Carrots,Fruits & Vegetables,Uppal Group,825.46,1100.61,25.0,3,24,90,825.46,206.365
1954493018,820973,3,114.52,Baby Wipes,Baby Care,Lall LLC,114.52,163.6,30.0,365,29,56,343.56,103.068
3695589383,41853,2,910.44,Curd,Dairy & Breakfast,Handa PLC,910.44,1138.05,20.0,7,14,92,1820.88,364.17600000000004
6340807810,673058,3,765.76,Cough Syrup,Pharmacy,Balan-Madan,765.76,957.2,20.0,365,30,94,2297.2799999999997,459.45599999999996
8029845822,435929,3,856.89,Toilet Cleaner,Household Care,Memon Ltd,856.89,1142.52,25.0,365,13,71,2570.67,642.6675
8208755570,487931,3,709.08,Sugar,Grocery & Staples,"Bahl, Jaggi and Nath",709.08,834.21,15.0,365,27,68,2127.2400000000002,319.086
9622488249,837480,1,217.4,Cough Syrup,Pharmacy,Edwin and Sons,217.4,271.75,20.0,365,22,82,217.4,43.480000000000004
5410788959,853932,3,941.19,Baby Wipes,Baby Care,Ranganathan-Peri,941.19,1344.56,30.0,365,21,94,2823.57,847.071
7087374685,677542,3,212.61,Toilet Cleaner,Household Care,Thaman-Lanka,212.61,283.48,25.0,365,10,52,637.83,159.4575
1469556300,951463,3,787.4,Pet Treats,Pet Care,Balakrishnan-Kaur,787.4,1211.38,35.0,365,16,82,2362.2,826.7699999999999
864290652,473647,3,43.05,Toothpaste,Personal Care,Ben-Ravi,43.05,66.23,35.0,365,18,82,129.14999999999998,45.202499999999986
3052167498,659290,2,319.34,Cheese,Dairy & Breakfast,Kapadia-D’Alia,319.34,399.17,20.0,7,18,66,638.68,127.73599999999999
8370088792,491521,1,556.35,Nuts,Snacks & Munchies,Karpe Inc,556.35,855.92,35.0,90,28,98,556.35,194.7225
8955500595,925482,1,475.04,Frozen Biryani,Instant & Frozen Food,Viswanathan-Sha,475.04,791.73,40.0,180,23,66,475.04,190.01600000000002
6946637946,540618,2,317.05,Popcorn,Snacks & Munchies,Golla-Luthra,317.05,487.77,35.0,90,28,87,634.1,221.935
5461546808,673058,1,765.76,Cough Syrup,Pharmacy,Balan-Madan,765.76,957.2,20.0,365,30,94,765.76,153.15200000000002
9921425481,700048,3,141.28,Dish Soap,Household Care,Khalsa-Bhavsar,141.28,188.37,25.0,365,25,98,423.84000000000003,105.96000000000001
3583323379,690565,1,951.27,Cookies,Snacks & Munchies,"Roy, Seth and Patla",951.27,1463.49,35.0,90,15,56,951.27,332.94449999999995
3427534518,77308,1,223.27,Onions,Fruits & Vegetables,Ratta-Sagar,223.27,297.69,25.0,3,29,91,223.27,55.8175
9997994965,461804,2,310.69,Sugar,Grocery & Staples,"Ghose, Ben and Divan",310.69,365.52,15.0,365,15,97,621.38,93.207
5015358514,891833,1,493.19,Curd,Dairy & Breakfast,Mani PLC,493.19,616.49,20.0,7,11,69,493.19,98.638
5769065545,376447,3,724.84,Butter,Dairy & Breakfast,Gara and Sons,724.84,906.05,20.0,7,17,64,2174.52,434.904
4062815570,492958,1,84.2,Lotion,Personal Care,Acharya PLC,84.2,129.54,35.0,365,26,88,84.2,29.47
39405769,880510,2,951.43,Bread,Dairy & Breakfast,Roy-Char,951.43,1189.29,20.0,7,29,54,1902.86,380.572
9553518696,336847,3,936.98,Toilet Cleaner,Household Care,"Dayal, Mammen and More",936.98,1249.31,25.0,365,17,55,2810.94,702.735
8023712979,328457,2,858.57,Mango Drink,Cold Drinks & Juices,Hayre-Shere,858.57,1226.53,30.0,180,12,76,1717.14,515.142
1111747100,677169,1,261.03,Cough Syrup,Pharmacy,Char-Divan,261.03,326.29,20.0,365,12,77,261.03,52.205999999999996
3598180305,492958,1,84.2,Lotion,Personal Care,Acharya PLC,84.2,129.54,35.0,365,26,88,84.2,29.47
8171660349,118820,3,12.32,Iced Tea,Cold Drinks & Juices,"Warrior, Ravel and Amble",12.32,17.6,30.0,180,12,61,36.96,11.088
3644704128,186168,1,878.8,Dog Food,Pet Care,"Parekh, Lad and Kadakia",878.8,1352.0,35.0,365,13,75,878.8,307.58
1254907139,183929,1,738.74,Bread,Dairy & Breakfast,"Nagi, Sampath and Khurana",738.74,923.42,20.0,7,20,73,738.74,147.74800000000002
9810593187,942001,3,671.55,Cat Food,Pet Care,Acharya Ltd,671.55,1033.15,35.0,365,20,84,2014.6499999999999,705.1274999999999
3205629870,552883,1,888.16,Potatoes,Fruits & Vegetables,"Balan, Patel and Mall",888.16,1184.21,25.0,3,18,94,888.16,222.04
8608459871,39154,3,946.86,Mangoes,Fruits & Vegetables,"Suresh, Bose and Bajwa",946.86,1262.48,25.0,3,21,84,2840.58,710.145
2730458449,425341,1,486.28,Pet Treats,Pet Care,"Mani, Dhar and Muni",486.28,748.12,35.0,365,21,68,486.28,170.19799999999998
2807397566,669378,2,212.14,Potatoes,Fruits & Vegetables,Chadha and Sons,212.14,282.85,25.0,3,23,70,424.28,106.07
7217535512,954722,3,616.45,Ice Cream,Instant & Frozen Food,Mohan-Virk,616.45,1027.42,40.0,180,11,58,1849.3500000000001,739.7400000000001
3321951407,901144,2,340.36,Sugar,Grocery & Staples,Deo-Kamdar,340.36,400.42,15.0,365,12,71,680.72,102.108
7189146676,18035,2,968.94,Dish Soap,Household Care,Ramesh Inc,968.94,1291.92,25.0,365,12,87,1937.88,484.47
5601251774,602241,2,976.55,Nuts,Snacks & Munchies,Bahl-Pau,976.55,1502.38,35.0,90,12,75,1953.1,683.5849999999999
8884350133,851978,1,715.72,Vitamins,Pharmacy,Parsa-Bala,715.72,894.65,20.0,365,28,92,715.72,143.144
8168306307,557908,2,942.37,Vitamins,Pharmacy,Sundaram Inc,942.37,1177.96,20.0,365,14,53,1884.74,376.94800000000004
7689275881,564692,1,215.65,Cat Food,Pet Care,"Krishna, Bail and Dyal",215.65,331.77,35.0,365,25,82,215.65,75.47749999999999
6593510732,741341,1,923.84,Eggs,Dairy & Breakfast,Prasad LLC,923.84,1154.8,20.0,7,13,62,923.84,184.76800000000003
3066405445,883013,3,989.88,Eggs,Dairy & Breakfast,Chahal Group,989.88,1237.35,20.0,7,13,98,2969.64,593.928
5319633841,137909,2,864.3,Cough Syrup,Pharmacy,Dalal PLC,864.3,1080.37,20.0,365,23,65,1728.6,345.72
1113665104,82484,3,914.88,Baby Food,Baby Care,Mallick PLC,914.88,1306.97,30.0,365,12,73,2744.64,823.3919999999999
8436983782,376447,3,724.84,Butter,Dairy & Breakfast,Gara and Sons,724.84,906.05,20.0,7,17,64,2174.52,434.904
1958942711,669378,2,212.14,Potatoes,Fruits & Vegetables,Chadha and Sons,212.14,282.85,25.0,3,23,70,424.28,106.07
6485627928,257719,2,281.73,Eggs,Dairy & Breakfast,Chaudhuri PLC,281.73,352.16,20.0,7,17,93,563.46,112.69200000000001
8147959428,712307,2,264.89,Orange Juice,Cold Drinks & Juices,Chana LLC,264.89,378.41,30.0,180,16,73,529.78,158.934
3697060283,949818,2,483.05,Biscuits,Snacks & Munchies,Yohannan Inc,483.05,743.15,35.0,90,21,76,966.1,338.135
2039437258,992178,2,632.43,Pain Reliever,Pharmacy,Basu and Sons,632.43,790.54,20.0,365,16,89,1264.86,252.97199999999998
7655293952,337168,1,545.49,Eggs,Dairy & Breakfast,Dasgupta PLC,545.49,681.86,20.0,7,25,98,545.49,109.09800000000001
39791095,700048,3,141.28,Dish Soap,Household Care,Khalsa-Bhavsar,141.28,188.37,25.0,365,25,98,423.84000000000003,105.96000000000001
8071046067,26060,2,342.94,Vitamins,Pharmacy,Shah and Sons,342.94,428.67,20.0,365,25,57,685.88,137.17600000000002
2656326203,613942,1,545.0,Pet Treats,Pet Care,"Dyal, Saraf and Goel",545.0,838.46,35.0,365,28,72,545.0,190.75
2366866840,52729,1,316.02,Cat Food,Pet Care,Saini LLC,316.02,486.18,35.0,365,25,100,316.02,110.60699999999999
8227348656,487931,1,709.08,Sugar,Grocery & Staples,"Bahl, Jaggi and Nath",709.08,834.21,15.0,365,27,68,709.08,106.36200000000001
3917024194,927651,1,426.72,Baby Wipes,Baby Care,Narula Group,426.72,609.6,30.0,365,15,60,426.72,128.016
3101265,300159,1,44.35,Cola,Cold Drinks & Juices,"Basu, Rout and Mistry",44.35,63.36,30.0,180,20,93,44.35,13.305
9907835880,432617,3,863.18,Baby Wipes,Baby Care,Dora-Pillai,863.18,1233.11,30.0,365,17,97,2589.54,776.862
3396210655,700048,3,141.28,Dish Soap,Household Care,Khalsa-Bhavsar,141.28,188.37,25.0,365,25,98,423.84000000000003,105.96000000000001
3000018472,70969,2,631.7,Carrots,Fruits & Vegetables,Mohan Group,631.7,842.27,25.0,3,25,96,1263.4,315.85
7166339556,667163,1,441.2,Orange Juice,Cold Drinks & Juices,Palla LLC,441.2,630.29,30.0,180,25,72,441.2,132.35999999999999
2194351161,561860,3,874.78,Orange Juice,Cold Drinks & Juices,Gupta Ltd,874.78,1249.69,30.0,180,21,90,2624.34,787.302
3224986973,876139,3,415.75,Pulses,Grocery & Staples,Cherian-Dara,415.75,489.12,15.0,365,14,83,1247.25,187.0875
6882280967,305754,2,979.99,Frozen Vegetables,Instant & Frozen Food,Mammen-Hegde,979.99,1633.32,40.0,180,22,81,1959.98,783.9920000000001
8556188247,721521,3,417.39,Rice,Grocery & Staples,"Ramanathan, Agarwal and Baria",417.39,491.05,15.0,365,20,72,1252.17,187.8255
5236345617,613942,1,545.0,Pet Treats,Pet Care,"Dyal, Saraf and Goel",545.0,838.46,35.0,365,28,72,545.0,190.75
5153146875,677169,1,261.03,Cough Syrup,Pharmacy,Char-Divan,261.03,326.29,20.0,365,12,77,261.03,52.205999999999996
2011151353,525531,3,831.1,Dog Food,Pet Care,Sandal PLC,831.1,1278.62,35.0,365,28,65,2493.3,872.655
9880145668,433521,3,321.33,Diapers,Baby Care,Mahal Group,321.33,459.04,30.0,365,27,58,963.99,289.197
2724264210,990993,3,263.7,Chocolates,Snacks & Munchies,Guha-Subramaniam,263.7,405.69,35.0,90,22,61,791.0999999999999,276.88499999999993
871734663,4452,1,169.88,Baby Wipes,Baby Care,Morar-Mistry,169.88,242.69,30.0,365,27,100,169.88,50.964
3883638432,89084,1,598.83,Milk,Dairy & Breakfast,"Wali, Virk and Iyer",598.83,748.54,20.0,7,27,74,598.83,119.76600000000002
1282422181,478531,1,825.46,Carrots,Fruits & Vegetables,Uppal Group,825.46,1100.61,25.0,3,24,90,825.46,206.365
4500802008,228286,3,179.08,Cola,Cold Drinks & Juices,Bhattacharyya PLC,179.08,255.83,30.0,180,26,79,537.24,161.172
8209715885,807452,2,144.19,Pulses,Grocery & Staples,Naik Ltd,144.19,169.64,15.0,365,27,61,288.38,43.257
9391482926,490602,3,549.47,Sugar,Grocery & Staples,Raghavan Inc,549.47,646.44,15.0,365,20,71,1648.41,247.2615
7217765772,672059,1,672.73,Toothpaste,Personal Care,Kaur-Gola,672.73,1034.97,35.0,365,25,81,672.73,235.4555
7848556658,36412,3,397.68,Dish Soap,Household Care,Muni-Shankar,397.68,530.24,25.0,365,27,92,1193.04,298.26
9000851345,623234,3,329.79,Frozen Biryani,Instant & Frozen Food,Chakrabarti-Batra,329.79,549.65,40.0,180,13,72,989.3700000000001,395.74800000000005
3019634875,118820,1,12.32,Iced Tea,Cold Drinks & Juices,"Warrior, Ravel and Amble",12.32,17.6,30.0,180,12,61,12.32,3.6959999999999997
7013612817,237083,2,577.13,Cough Syrup,Pharmacy,Hayer-Banerjee,577.13,721.41,20.0,365,24,86,1154.26,230.852
59461109,991434,3,237.62,Cookies,Snacks & Munchies,Mital-Oza,237.62,365.57,35.0,90,12,87,712.86,249.50099999999998
740245864,901144,2,340.36,Sugar,Grocery & Staples,Deo-Kamdar,340.36,400.42,15.0,365,12,71,680.72,102.108
8432648823,26060,2,342.94,Vitamins,Pharmacy,Shah and Sons,342.94,428.67,20.0,365,25,57,685.88,137.17600000000002
5863164527,433521,1,321.33,Diapers,Baby Care,Mahal Group,321.33,459.04,30.0,365,27,58,321.33,96.39899999999999
8615999186,6405,2,236.51,Baby Food,Baby Care,Kashyap-Reddy,236.51,337.87,30.0,365,11,81,473.02,141.90599999999998
1743268828,9436,1,88.43,Toothpaste,Personal Care,Naidu PLC,88.43,136.05,35.0,365,19,76,88.43,30.9505
5475369740,133542,2,68.49,Detergent,Household Care,Edwin-Lall,68.49,91.32,25.0,365,21,72,136.98,34.245
6520584496,820973,3,114.52,Baby Wipes,Baby Care,Lall LLC,114.52,163.6,30.0,365,29,56,343.56,103.068
3854394048,300159,2,44.35,Cola,Cold Drinks & Juices,"Basu, Rout and Mistry",44.35,63.36,30.0,180,20,93,88.7,26.61
4105779656,243235,3,109.03,Cat Food,Pet Care,Batta Inc,109.03,167.74,35.0,365,14,71,327.09000000000003,114.4815
5960266785,760684,3,71.6,Rice,Grocery & Staples,Kanda-Gupta,71.6,84.24,15.0,365,14,64,214.79999999999998,32.22
7380998329,621677,3,317.8,Frozen Biryani,Instant & Frozen Food,Sabharwal-Mital,317.8,529.67,40.0,180,15,71,953.4000000000001,381.36000000000007
460625201,131748,1,81.35,Dog Food,Pet Care,"Shroff, Wason and Dugar",81.35,125.15,35.0,365,30,53,81.35,28.472499999999997
5442705208,739534,2,994.56,Toilet Cleaner,Household Care,"Gera, Narang and Karpe",994.56,1326.08,25.0,365,14,59,1989.12,497.28
643302284,726958,3,887.48,Cat Food,Pet Care,Doctor-Patla,887.48,1365.35,35.0,365,18,79,2662.44,931.8539999999999
6141016209,451812,2,530.85,Pain Reliever,Pharmacy,"Batra, Sant and Mandal",530.85,663.56,20.0,365,29,63,1061.7,212.34000000000003
4058658914,937542,3,97.04,Wheat Flour,Grocery & Staples,Khurana and Sons,97.04,114.16,15.0,365,28,93,291.12,43.668
4731454539,140154,3,171.2,Shampoo,Personal Care,Malhotra LLC,171.2,263.38,35.0,365,24,59,513.5999999999999,179.75999999999996
148408710,448752,2,160.07,Toilet Cleaner,Household Care,Batta-Doctor,160.07,213.43,25.0,365,23,96,320.14,80.035
3263142674,969851,1,340.66,Frozen Vegetables,Instant & Frozen Food,"Kara, Sodhi and Bassi",340.66,567.77,40.0,180,27,64,340.66,136.264
9591201821,146840,3,786.85,Bread,Dairy & Breakfast,"Bains, Deol and Vaidya",786.85,983.56,20.0,7,19,89,2360.55,472.11000000000007
2227944524,914071,1,296.94,Chips,Snacks & Munchies,Datta Ltd,296.94,456.83,35.0,90,25,90,296.94,103.92899999999999
2307375554,328457,1,858.57,Mango Drink,Cold Drinks & Juices,Hayre-Shere,858.57,1226.53,30.0,180,12,76,858.57,257.571
8521887524,131937,3,287.81,Frozen Pizza,Instant & Frozen Food,"Varkey, Devi and Ganguly",287.81,479.68,40.0,180,18,68,863.4300000000001,345.37200000000007
3298709387,604184,1,397.55,Toilet Cleaner,Household Care,"Gaba, Sodhi and Choudhary",397.55,530.07,25.0,365,24,84,397.55,99.3875
8608686211,336847,3,936.98,Toilet Cleaner,Household Care,"Dayal, Mammen and More",936.98,1249.31,25.0,365,17,55,2810.94,702.735
5125482761,118820,3,12.32,Iced Tea,Cold Drinks & Juices,"Warrior, Ravel and Amble",12.32,17.6,30.0,180,12,61,36.96,11.088
7388146343,721521,2,417.39,Rice,Grocery & Staples,"Ramanathan, Agarwal and Baria",417.39,491.05,15.0,365,20,72,834.78,125.21699999999998
7064723322,257719,3,281.73,Eggs,Dairy & Breakfast,Chaudhuri PLC,281.73,352.16,20.0,7,17,93,845.19,169.038
1766291529,799459,3,852.02,Vitamins,Pharmacy,"Garg, Kari and Kapur",852.02,1065.02,20.0,365,29,66,2556.06,511.212
8183491568,684939,1,727.95,Lotion,Personal Care,"Sibal, Bhatnagar and Rajan",727.95,1119.92,35.0,365,22,50,727.95,254.7825
6419111681,784673,1,491.39,Dog Food,Pet Care,Ramanathan Group,491.39,755.98,35.0,365,21,84,491.39,171.98649999999998
9193945481,991434,3,237.62,Cookies,Snacks & Munchies,Mital-Oza,237.62,365.57,35.0,90,12,87,712.86,249.50099999999998
3937750618,41853,3,910.44,Curd,Dairy & Breakfast,Handa PLC,910.44,1138.05,20.0,7,14,92,2731.32,546.264
2056682923,654297,1,13.25,Potatoes,Fruits & Vegetables,Chandran-Dass,13.25,17.67,25.0,3,20,86,13.25,3.3125
7229998672,970529,3,827.44,Diapers,Baby Care,"Kurian, Patla and Sanghvi",827.44,1182.06,30.0,365,19,84,2482.32,744.696
7028582657,487931,1,709.08,Sugar,Grocery & Staples,"Bahl, Jaggi and Nath",709.08,834.21,15.0,365,27,68,709.08,106.36200000000001
1732091066,851978,1,715.72,Vitamins,Pharmacy,Parsa-Bala,715.72,894.65,20.0,365,28,92,715.72,143.144
9389363975,679865,2,347.91,Wheat Flour,Grocery & Staples,Memon-Barad,347.91,409.31,15.0,365,14,85,695.82,104.373
9477050930,187399,1,53.49,Frozen Pizza,Instant & Frozen Food,Chauhan Inc,53.49,89.15,40.0,180,14,73,53.49,21.396
6808771388,264803,3,995.98,Vitamins,Pharmacy,Gole-Doshi,995.98,1244.97,20.0,365,17,69,2987.94,597.5880000000001
7616458551,67197,1,552.2,Butter,Dairy & Breakfast,Shetty-Bora,552.2,690.25,20.0,7,20,79,552.2,110.44000000000001
2784959025,962054,3,16.86,Orange Juice,Cold Drinks & Juices,Toor-Nagar,16.86,24.09,30.0,180,11,74,50.58,15.174
2716611235,9436,1,88.43,Toothpaste,Personal Care,Naidu PLC,88.43,136.05,35.0,365,19,76,88.43,30.9505
3797871396,140154,1,171.2,Shampoo,Personal Care,Malhotra LLC,171.2,263.38,35.0,365,24,59,171.2,59.919999999999995
5895445193,897083,2,972.69,Detergent,Household Care,Dutta-Halder,972.69,1296.92,25.0,365,10,100,1945.38,486.345
5281640953,611575,3,482.06,Frozen Pizza,Instant & Frozen Food,"Bhat, Nigam and Hayer",482.06,803.43,40.0,180,25,87,1446.18,578.4720000000001
9006387145,968887,3,40.7,Dish Soap,Household Care,Keer-Gill,40.7,54.27,25.0,365,18,92,122.10000000000001,30.525000000000002
2015702046,219598,3,367.08,Shampoo,Personal Care,Arora-Magar,367.08,564.74,35.0,365,28,83,1101.24,385.43399999999997
9260334793,992178,3,632.43,Pain Reliever,Pharmacy,Basu and Sons,632.43,790.54,20.0,365,16,89,1897.29,379.458
5912752928,833557,1,422.87,Cereal,Dairy & Breakfast,"Gole, Chand and Dada",422.87,528.59,20.0,7,27,69,422.87,84.57400000000001
7691723645,455755,2,44.09,Detergent,Household Care,Mangal-Sathe,44.09,58.79,25.0,365,23,53,88.18,22.045
9166904790,194682,3,912.29,Iced Tea,Cold Drinks & Juices,Sastry-Issac,912.29,1303.27,30.0,180,11,86,2736.87,821.0609999999999
1668797251,133542,2,68.49,Detergent,Household Care,Edwin-Lall,68.49,91.32,25.0,365,21,72,136.98,34.245
3350348511,726958,2,887.48,Cat Food,Pet Care,Doctor-Patla,887.48,1365.35,35.0,365,18,79,1774.96,621.236
2475154947,317242,3,198.15,Pulses,Grocery & Staples,Rastogi Group,198.15,233.12,15.0,365,22,63,594.45,89.1675
1348544692,587420,3,357.42,Cookies,Snacks & Munchies,Raj and Sons,357.42,549.88,35.0,90,22,50,1072.26,375.291
6770208707,228286,1,179.08,Cola,Cold Drinks & Juices,Bhattacharyya PLC,179.08,255.83,30.0,180,26,79,179.08,53.724000000000004
9500356395,284460,1,505.95,Potatoes,Fruits & Vegetables,"Ramakrishnan, Anand and Khare",505.95,674.6,25.0,3,21,85,505.95,126.4875
6280233997,118820,2,12.32,Iced Tea,Cold Drinks & Juices,"Warrior, Ravel and Amble",12.32,17.6,30.0,180,12,61,24.64,7.3919999999999995
935645101,677169,1,261.03,Cough Syrup,Pharmacy,Char-Divan,261.03,326.29,20.0,365,12,77,261.03,52.205999999999996
3492077995,863930,3,242.57,Shampoo,Personal Care,"Sathe, Agarwal and Dhar",242.57,373.18,35.0,365,26,72,727.71,254.6985
6971044672,120532,2,697.53,Wheat Flour,Grocery & Staples,Nazareth Ltd,697.53,820.62,15.0,365,29,95,1395.06,209.259
9417710958,70969,1,631.7,Carrots,Fruits & Vegetables,Mohan Group,631.7,842.27,25.0,3,25,96,631.7,157.925
114851727,11422,1,127.16,Potatoes,Fruits & Vegetables,Ramaswamy-Tata,127.16,169.55,25.0,3,20,65,127.16,31.79
7521503340,642612,2,517.03,Pet Treats,Pet Care,Pillay-Ahuja,517.03,795.43,35.0,365,16,57,1034.06,361.92099999999994
7709878408,555121,1,354.91,Carrots,Fruits & Vegetables,"Subramanian, Chaudhuri and Dora",354.91,473.21,25.0,3,30,67,354.91,88.7275
7941755463,851978,1,715.72,Vitamins,Pharmacy,Parsa-Bala,715.72,894.65,20.0,365,28,92,715.72,143.144
4540271027,257719,1,281.73,Eggs,Dairy & Breakfast,Chaudhuri PLC,281.73,352.16,20.0,7,17,93,281.73,56.346000000000004
8022168472,67197,1,552.2,Butter,Dairy & Breakfast,Shetty-Bora,552.2,690.25,20.0,7,20,79,552.2,110.44000000000001
3808358945,257719,2,281.73,Eggs,Dairy & Breakfast,Chaudhuri PLC,281.73,352.16,20.0,7,17,93,563.46,112.69200000000001
5112444865,747801,3,277.76,Toilet Cleaner,Household Care,Saha-Vora,277.76,370.35,25.0,365,23,71,833.28,208.32
9965551056,123983,2,785.67,Cough Syrup,Pharmacy,Kurian-Chhabra,785.67,982.09,20.0,365,25,72,1571.34,314.26800000000003
7695708103,487065,3,374.68,Chips,Snacks & Munchies,Kadakia-Yadav,374.68,576.43,35.0,90,27,87,1124.04,393.414
7022728237,455083,1,959.01,Butter,Dairy & Breakfast,Dutta Inc,959.01,1198.76,20.0,7,29,63,959.01,191.80200000000002
2062715135,661577,2,720.95,Cat Food,Pet Care,Majumdar PLC,720.95,1109.15,35.0,365,28,95,1441.9,504.665
3287815959,34186,1,925.65,Mangoes,Fruits & Vegetables,Mandal-Kar,925.65,1234.2,25.0,3,27,74,925.65,231.4125
9015471552,679865,2,347.91,Wheat Flour,Grocery & Staples,Memon-Barad,347.91,409.31,15.0,365,14,85,695.82,104.373
1595123446,137909,2,864.3,Cough Syrup,Pharmacy,Dalal PLC,864.3,1080.37,20.0,365,23,65,1728.6,345.72
4888577440,697683,2,123.74,Toilet Cleaner,Household Care,"Murty, Varghese and Saxena",123.74,164.99,25.0,365,14,82,247.48,61.87
9039053330,94225,3,77.11,Toilet Cleaner,Household Care,"Gulati, Ram and Sarkar",77.11,102.81,25.0,365,13,70,231.32999999999998,57.832499999999996
3091360904,799459,1,852.02,Vitamins,Pharmacy,"Garg, Kari and Kapur",852.02,1065.02,20.0,365,29,66,852.02,170.404
6821938492,256051,3,400.92,Lotion,Personal Care,"Mannan, Naidu and Sama",400.92,616.8,35.0,365,17,100,1202.76,420.96599999999995
4553785640,818990,2,163.55,Tomatoes,Fruits & Vegetables,Dugar Group,163.55,218.07,25.0,3,22,92,327.1,81.775
4005611015,613942,3,545.0,Pet Treats,Pet Care,"Dyal, Saraf and Goel",545.0,838.46,35.0,365,28,72,1635.0,572.25
8480910658,871592,3,870.29,Carrots,Fruits & Vegetables,"Shankar, Nadkarni and Kumer",870.29,1160.39,25.0,3,25,50,2610.87,652.7175
1922667245,378287,3,332.84,Lemonade,Cold Drinks & Juices,Ramesh-Jain,332.84,475.49,30.0,180,22,51,998.52,299.556
379758677,171602,2,883.44,Cola,Cold Drinks & Juices,Pal-Sehgal,883.44,1262.06,30.0,180,28,58,1766.88,530.064
4903380842,317242,3,198.15,Pulses,Grocery & Staples,Rastogi Group,198.15,233.12,15.0,365,22,63,594.45,89.1675
9244122658,26060,3,342.94,Vitamins,Pharmacy,Shah and Sons,342.94,428.67,20.0,365,25,57,1028.82,205.764
5054410467,60619,2,726.41,Iced Tea,Cold Drinks & Juices,Bhasin LLC,726.41,1037.73,30.0,180,10,97,1452.82,435.84599999999995
9877212995,739534,3,994.56,Toilet Cleaner,Household Care,"Gera, Narang and Karpe",994.56,1326.08,25.0,365,14,59,2983.68,745.92
8375236356,890232,1,432.0,Mango Drink,Cold Drinks & Juices,Jha Group,432.0,617.14,30.0,180,20,91,432.0,129.6
2652063230,604184,3,397.55,Toilet Cleaner,Household Care,"Gaba, Sodhi and Choudhary",397.55,530.07,25.0,365,24,84,1192.65,298.1625
7258243894,473929,3,440.19,Carrots,Fruits & Vegetables,"Bhardwaj, Bhatia and Deshmukh",440.19,586.92,25.0,3,19,70,1320.57,330.1425
5980648426,373536,2,494.17,Dog Food,Pet Care,Chauhan-Sabharwal,494.17,760.26,35.0,365,14,64,988.34,345.919
365104159,771228,2,83.18,Pet Treats,Pet Care,Raja and Sons,83.18,127.97,35.0,365,25,73,166.36,58.226
7038005775,284460,1,505.95,Potatoes,Fruits & Vegetables,"Ramakrishnan, Anand and Khare",505.95,674.6,25.0,3,21,85,505.95,126.4875
1456792223,33797,2,888.12,Pain Reliever,Pharmacy,Gaba LLC,888.12,1110.15,20.0,365,12,51,1776.24,355.24800000000005
6673964264,133542,1,68.49,Detergent,Household Care,Edwin-Lall,68.49,91.32,25.0,365,21,72,68.49,17.1225
5780280518,883013,1,989.88,Eggs,Dairy & Breakfast,Chahal Group,989.88,1237.35,20.0,7,13,98,989.88,197.976
6220137166,11422,1,127.16,Potatoes,Fruits & Vegetables,Ramaswamy-Tata,127.16,169.55,25.0,3,20,65,127.16,31.79
2615887425,784827,3,274.25,Baby Wipes,Baby Care,Balakrishnan Ltd,274.25,391.79,30.0,365,26,77,822.75,246.825
5610987488,611575,2,482.06,Frozen Pizza,Instant & Frozen Food,"Bhat, Nigam and Hayer",482.06,803.43,40.0,180,25,87,964.12,385.648
6038240765,51036,2,931.61,Baby Food,Baby Care,Karnik PLC,931.61,1330.87,30.0,365,12,86,1863.22,558.966
5004974422,567671,1,418.48,Biscuits,Snacks & Munchies,Nagar LLC,418.48,643.82,35.0,90,12,90,418.48,146.468
2349863203,726958,3,887.48,Cat Food,Pet Care,Doctor-Patla,887.48,1365.35,35.0,365,18,79,2662.44,931.8539999999999
9487956261,4452,1,169.88,Baby Wipes,Baby Care,Morar-Mistry,169.88,242.69,30.0,365,27,100,169.88,50.964
7169945062,376447,3,724.84,Butter,Dairy & Breakfast,Gara and Sons,724.84,906.05,20.0,7,17,64,2174.52,434.904
5393866026,256051,2,400.92,Lotion,Personal Care,"Mannan, Naidu and Sama",400.92,616.8,35.0,365,17,100,801.84,280.644
7266772806,137909,1,864.3,Cough Syrup,Pharmacy,Dalal PLC,864.3,1080.37,20.0,365,23,65,864.3,172.86
2411227007,337168,1,545.49,Eggs,Dairy & Breakfast,Dasgupta PLC,545.49,681.86,20.0,7,25,98,545.49,109.09800000000001
960728650,187399,3,53.49,Frozen Pizza,Instant & Frozen Food,Chauhan Inc,53.49,89.15,40.0,180,14,73,160.47,64.188
2326500581,123983,2,785.67,Cough Syrup,Pharmacy,Kurian-Chhabra,785.67,982.09,20.0,365,25,72,1571.34,314.26800000000003
9489310879,891833,3,493.19,Curd,Dairy & Breakfast,Mani PLC,493.19,616.49,20.0,7,11,69,1479.57,295.914
2341242955,171602,1,883.44,Cola,Cold Drinks & Juices,Pal-Sehgal,883.44,1262.06,30.0,180,28,58,883.44,265.032
1023485121,94225,3,77.11,Toilet Cleaner,Household Care,"Gulati, Ram and Sarkar",77.11,102.81,25.0,365,13,70,231.32999999999998,57.832499999999996
9742218709,891833,2,493.19,Curd,Dairy & Breakfast,Mani PLC,493.19,616.49,20.0,7,11,69,986.38,197.276
9039933820,317242,3,198.15,Pulses,Grocery & Staples,Rastogi Group,198.15,233.12,15.0,365,22,63,594.45,89.1675
1391881327,123983,3,785.67,Cough Syrup,Pharmacy,Kurian-Chhabra,785.67,982.09,20.0,365,25,72,2357.0099999999998,471.402
3360648053,131136,1,37.8,Salt,Grocery & Staples,Deshpande-Rama,37.8,44.47,15.0,365,29,95,37.8,5.669999999999999
9758418980,949818,2,483.05,Biscuits,Snacks & Munchies,Yohannan Inc,483.05,743.15,35.0,90,21,76,966.1,338.135
9859459525,667163,2,441.2,Orange Juice,Cold Drinks & Juices,Palla LLC,441.2,630.29,30.0,180,25,72,882.4,264.71999999999997
6924226309,604184,2,397.55,Toilet Cleaner,Household Care,"Gaba, Sodhi and Choudhary",397.55,530.07,25.0,365,24,84,795.1,198.775
7672052920,228286,3,179.08,Cola,Cold Drinks & Juices,Bhattacharyya PLC,179.08,255.83,30.0,180,26,79,537.24,161.172
4597359399,552496,3,508.0,Dish Soap,Household Care,Dhar PLC,508.0,677.33,25.0,365,17,59,1524.0,381.0
665402174,894539,2,445.48,Dish Soap,Household Care,"Pall, Sule and Sood",445.48,593.97,25.0,365,14,93,890.96,222.74
3986082657,604184,1,397.55,Toilet Cleaner,Household Care,"Gaba, Sodhi and Choudhary",397.55,530.07,25.0,365,24,84,397.55,99.3875
4275746826,120532,3,697.53,Wheat Flour,Grocery & Staples,Nazareth Ltd,697.53,820.62,15.0,365,29,95,2092.59,313.8885
525864604,6405,3,236.51,Baby Food,Baby Care,Kashyap-Reddy,236.51,337.87,30.0,365,11,81,709.53,212.85899999999998
4473658819,432617,2,863.18,Baby Wipes,Baby Care,Dora-Pillai,863.18,1233.11,30.0,365,17,97,1726.36,517.9079999999999
8824559505,578097,3,267.61,Nuts,Snacks & Munchies,Jha Group,267.61,411.71,35.0,90,22,75,802.83,280.9905
1824646473,378287,3,332.84,Lemonade,Cold Drinks & Juices,Ramesh-Jain,332.84,475.49,30.0,180,22,51,998.52,299.556
776389097,243235,1,109.03,Cat Food,Pet Care,Batta Inc,109.03,167.74,35.0,365,14,71,109.03,38.1605
4908634706,839170,3,481.63,Curd,Dairy & Breakfast,Shetty and Sons,481.63,602.04,20.0,7,11,59,1444.8899999999999,288.978
3516204561,677169,2,261.03,Cough Syrup,Pharmacy,Char-Divan,261.03,326.29,20.0,365,12,77,522.06,104.41199999999999
9510792757,937542,1,97.04,Wheat Flour,Grocery & Staples,Khurana and Sons,97.04,114.16,15.0,365,28,93,97.04,14.556000000000001
3504903228,256783,1,906.54,Pet Treats,Pet Care,"Basu, Thakur and Rege",906.54,1394.68,35.0,365,16,98,906.54,317.289
3438202422,602241,2,976.55,Nuts,Snacks & Munchies,Bahl-Pau,976.55,1502.38,35.0,90,12,75,1953.1,683.5849999999999
3007616042,451933,2,568.94,Wheat Flour,Grocery & Staples,Nadig Ltd,568.94,669.34,15.0,365,28,98,1137.88,170.68200000000002
4656199468,373536,3,494.17,Dog Food,Pet Care,Chauhan-Sabharwal,494.17,760.26,35.0,365,14,64,1482.51,518.8784999999999
6994560237,366066,2,918.58,Soap,Personal Care,Mandal LLC,918.58,1413.2,35.0,365,16,52,1837.16,643.006
8442552565,385113,1,816.38,Lotion,Personal Care,"Sampath, Mane and Mody",816.38,1255.97,35.0,365,21,50,816.38,285.733
414299117,470449,3,827.77,Frozen Biryani,Instant & Frozen Food,Kohli-Sawhney,827.77,1379.62,40.0,180,27,57,2483.31,993.3240000000001
8146956033,490602,2,549.47,Sugar,Grocery & Staples,Raghavan Inc,549.47,646.44,15.0,365,20,71,1098.94,164.841
7919748594,481843,1,297.68,Chocolates,Snacks & Munchies,"Taneja, Kala and Kota",297.68,457.97,35.0,90,10,88,297.68,104.188
7834171020,687218,2,317.82,Mango Drink,Cold Drinks & Juices,"Sankaran, Pall and Gola",317.82,454.03,30.0,180,22,58,635.64,190.69199999999998
3735968672,767398,3,22.14,Dish Soap,Household Care,"Arya, Sundaram and Pingle",22.14,29.52,25.0,365,15,57,66.42,16.605
3864051985,490939,1,80.25,Lotion,Personal Care,"Roy, Barad and De",80.25,123.46,35.0,365,12,67,80.25,28.0875
8299074079,600767,1,722.42,Toothpaste,Personal Care,Balan Group,722.42,1111.42,35.0,365,22,68,722.42,252.84699999999998
891333736,552496,1,508.0,Dish Soap,Household Care,Dhar PLC,508.0,677.33,25.0,365,17,59,508.0,127.0
2874220576,146840,2,786.85,Bread,Dairy & Breakfast,"Bains, Deol and Vaidya",786.85,983.56,20.0,7,19,89,1573.7,314.74
6375536946,937542,3,97.04,Wheat Flour,Grocery & Staples,Khurana and Sons,97.04,114.16,15.0,365,28,93,291.12,43.668
1966054573,552883,1,888.16,Potatoes,Fruits & Vegetables,"Balan, Patel and Mall",888.16,1184.21,25.0,3,18,94,888.16,222.04
1565942558,272170,2,140.8,Ice Cream,Instant & Frozen Food,Purohit Group,140.8,234.67,40.0,180,10,92,281.6,112.64000000000001
4624281313,490939,2,80.25,Lotion,Personal Care,"Roy, Barad and De",80.25,123.46,35.0,365,12,67,160.5,56.175
6884010758,818990,2,163.55,Tomatoes,Fruits & Vegetables,Dugar Group,163.55,218.07,25.0,3,22,92,327.1,81.775
4351744653,851978,1,715.72,Vitamins,Pharmacy,Parsa-Bala,715.72,894.65,20.0,365,28,92,715.72,143.144
8698000932,690565,2,951.27,Cookies,Snacks & Munchies,"Roy, Seth and Patla",951.27,1463.49,35.0,90,15,56,1902.54,665.8889999999999
3844380421,131937,3,287.81,Frozen Pizza,Instant & Frozen Food,"Varkey, Devi and Ganguly",287.81,479.68,40.0,180,18,68,863.4300000000001,345.37200000000007
7105842598,897083,1,972.69,Detergent,Household Care,Dutta-Halder,972.69,1296.92,25.0,365,10,100,972.69,243.1725
8993722297,952124,2,127.08,Onions,Fruits & Vegetables,"Wali, Sood and Bala",127.08,169.44,25.0,3,15,50,254.16,63.54
2929439019,654623,1,422.14,Chips,Snacks & Munchies,Pradhan and Sons,422.14,649.45,35.0,90,18,76,422.14,147.749
1661854320,382511,2,702.54,Butter,Dairy & Breakfast,Bora-Thakkar,702.54,878.17,20.0,7,26,88,1405.08,281.016
3082165628,621677,3,317.8,Frozen Biryani,Instant & Frozen Food,Sabharwal-Mital,317.8,529.67,40.0,180,15,71,953.4000000000001,381.36000000000007
1745045814,677169,1,261.03,Cough Syrup,Pharmacy,Char-Divan,261.03,326.29,20.0,365,12,77,261.03,52.205999999999996
813387880,897083,1,972.69,Detergent,Household Care,Dutta-Halder,972.69,1296.92,25.0,365,10,100,972.69,243.1725
8189879400,491521,1,556.35,Nuts,Snacks & Munchies,Karpe Inc,556.35,855.92,35.0,90,28,98,556.35,194.7225
8465045467,136533,3,826.21,Eggs,Dairy & Breakfast,"Raghavan, Magar and Shanker",826.21,1032.76,20.0,7,15,75,2478.63,495.72600000000006
9232350528,67197,2,552.2,Butter,Dairy & Breakfast,Shetty-Bora,552.2,690.25,20.0,7,20,79,1104.4,220.88000000000002
1728666371,131748,1,81.35,Dog Food,Pet Care,"Shroff, Wason and Dugar",81.35,125.15,35.0,365,30,53,81.35,28.472499999999997
6131815766,564692,2,215.65,Cat Food,Pet Care,"Krishna, Bail and Dyal",215.65,331.77,35.0,365,25,82,431.3,150.95499999999998
6438773635,965755,2,532.57,Bananas,Fruits & Vegetables,"Doshi, Sarraf and Sama",532.57,710.09,25.0,3,21,91,1065.14,266.285
6912676966,26060,1,342.94,Vitamins,Pharmacy,Shah and Sons,342.94,428.67,20.0,365,25,57,342.94,68.58800000000001
2840314717,679321,3,738.46,Cola,Cold Drinks & Juices,Khurana-Dewan,738.46,1054.94,30.0,180,20,68,2215.38,664.614
9508359721,679865,2,347.91,Wheat Flour,Grocery & Staples,Memon-Barad,347.91,409.31,15.0,365,14,85,695.82,104.373
2244679313,557908,3,942.37,Vitamins,Pharmacy,Sundaram Inc,942.37,1177.96,20.0,365,14,53,2827.11,565.422
9407544177,34200,1,319.8,Lotion,Personal Care,Munshi-Grewal,319.8,492.0,35.0,365,19,75,319.8,111.92999999999999
2528398796,552496,3,508.0,Dish Soap,Household Care,Dhar PLC,508.0,677.33,25.0,365,17,59,1524.0,381.0
9464988762,33955,3,186.08,Frozen Pizza,Instant & Frozen Food,Baral Group,186.08,310.13,40.0,180,29,84,558.24,223.29600000000002
6373867899,36412,2,397.68,Dish Soap,Household Care,Muni-Shankar,397.68,530.24,25.0,365,27,92,795.36,198.84
4028185110,367391,1,939.55,Baby Wipes,Baby Care,Talwar and Sons,939.55,1342.21,30.0,365,18,52,939.55,281.86499999999995
9717018638,613942,3,545.0,Pet Treats,Pet Care,"Dyal, Saraf and Goel",545.0,838.46,35.0,365,28,72,1635.0,572.25
4898477588,287070,2,443.17,Wheat Flour,Grocery & Staples,"Gala, Magar and Rajagopal",443.17,521.38,15.0,365,20,93,886.34,132.951
4723165081,461804,3,310.69,Sugar,Grocery & Staples,"Ghose, Ben and Divan",310.69,365.52,15.0,365,15,97,932.0699999999999,139.8105
2845954128,237083,2,577.13,Cough Syrup,Pharmacy,Hayer-Banerjee,577.13,721.41,20.0,365,24,86,1154.26,230.852
23158044,669378,1,212.14,Potatoes,Fruits & Vegetables,Chadha and Sons,212.14,282.85,25.0,3,23,70,212.14,53.035
1486548042,222892,3,869.22,Tomatoes,Fruits & Vegetables,Ramakrishnan-Ghose,869.22,1158.96,25.0,3,28,88,2607.66,651.915
708351411,659290,2,319.34,Cheese,Dairy & Breakfast,Kapadia-D’Alia,319.34,399.17,20.0,7,18,66,638.68,127.73599999999999
5512110908,654623,2,422.14,Chips,Snacks & Munchies,Pradhan and Sons,422.14,649.45,35.0,90,18,76,844.28,295.498
2295441899,820973,3,114.52,Baby Wipes,Baby Care,Lall LLC,114.52,163.6,30.0,365,29,56,343.56,103.068
4867173151,287070,2,443.17,Wheat Flour,Grocery & Staples,"Gala, Magar and Rajagopal",443.17,521.38,15.0,365,20,93,886.34,132.951
4635037652,256783,3,906.54,Pet Treats,Pet Care,"Basu, Thakur and Rege",906.54,1394.68,35.0,365,16,98,2719.62,951.8669999999998
2209259378,305754,1,979.99,Frozen Vegetables,Instant & Frozen Food,Mammen-Hegde,979.99,1633.32,40.0,180,22,81,979.99,391.99600000000004
4079286483,487065,2,374.68,Chips,Snacks & Munchies,Kadakia-Yadav,374.68,576.43,35.0,90,27,87,749.36,262.276
9506078962,114414,2,832.06,Vitamins,Pharmacy,Kara-Golla,832.06,1040.07,20.0,365,26,66,1664.12,332.824
6894691072,606256,2,369.28,Frozen Biryani,Instant & Frozen Food,Agate Ltd,369.28,615.47,40.0,180,16,57,738.56,295.424
4481256065,937542,2,97.04,Wheat Flour,Grocery & Staples,Khurana and Sons,97.04,114.16,15.0,365,28,93,194.08,29.112000000000002
5050919809,760828,1,563.45,Pet Treats,Pet Care,"Khurana, Khosla and Yohannan",563.45,866.85,35.0,365,23,93,563.45,197.2075
1328085383,131937,2,287.81,Frozen Pizza,Instant & Frozen Food,"Varkey, Devi and Ganguly",287.81,479.68,40.0,180,18,68,575.62,230.24800000000002
5382246981,897083,2,972.69,Detergent,Household Care,Dutta-Halder,972.69,1296.92,25.0,365,10,100,1945.38,486.345
5647827263,264803,2,995.98,Vitamins,Pharmacy,Gole-Doshi,995.98,1244.97,20.0,365,17,69,1991.96,398.39200000000005
9244268951,712003,1,671.68,Cola,Cold Drinks & Juices,"Karan, Bandi and Acharya",671.68,959.54,30.0,180,30,54,671.68,201.504
6217777735,305754,2,979.99,Frozen Vegetables,Instant & Frozen Food,Mammen-Hegde,979.99,1633.32,40.0,180,22,81,1959.98,783.9920000000001
3682639473,654297,1,13.25,Potatoes,Fruits & Vegetables,Chandran-Dass,13.25,17.67,25.0,3,20,86,13.25,3.3125
3859331666,677542,1,212.61,Toilet Cleaner,Household Care,Thaman-Lanka,212.61,283.48,25.0,365,10,52,212.61,53.1525
7971689217,642612,3,517.03,Pet Treats,Pet Care,Pillay-Ahuja,517.03,795.43,35.0,365,16,57,1551.09,542.8815
6822492679,767398,3,22.14,Dish Soap,Household Care,"Arya, Sundaram and Pingle",22.14,29.52,25.0,365,15,57,66.42,16.605
7211194993,734789,2,395.82,Popcorn,Snacks & Munchies,"Chaudhari, Pant and Singh",395.82,608.95,35.0,90,22,66,791.64,277.07399999999996
461485679,723678,1,675.46,Dog Food,Pet Care,"Lall, Datta and Swamy",675.46,1039.17,35.0,365,14,97,675.46,236.411
3209732414,264803,1,995.98,Vitamins,Pharmacy,Gole-Doshi,995.98,1244.97,20.0,365,17,69,995.98,199.19600000000003
6537694730,930284,3,189.47,Baby Food,Baby Care,"Garg, Saraf and Dutta",189.47,270.67,30.0,365,20,58,568.41,170.523
7653097776,487065,1,374.68,Chips,Snacks & Munchies,Kadakia-Yadav,374.68,576.43,35.0,90,27,87,374.68,131.138
4928556641,589812,2,163.03,Detergent,Household Care,Bir PLC,163.03,217.37,25.0,365,22,52,326.06,81.515
5905518100,604184,1,397.55,Toilet Cleaner,Household Care,"Gaba, Sodhi and Choudhary",397.55,530.07,25.0,365,24,84,397.55,99.3875
8337948336,687218,2,317.82,Mango Drink,Cold Drinks & Juices,"Sankaran, Pall and Gola",317.82,454.03,30.0,180,22,58,635.64,190.69199999999998
8814435884,256783,1,906.54,Pet Treats,Pet Care,"Basu, Thakur and Rege",906.54,1394.68,35.0,365,16,98,906.54,317.289
6645415772,704868,2,193.46,Detergent,Household Care,"Parikh, Oak and Kara",193.46,257.95,25.0,365,24,58,386.92,96.73
5274039950,41853,1,910.44,Curd,Dairy & Breakfast,Handa PLC,910.44,1138.05,20.0,7,14,92,910.44,182.08800000000002
7404052550,33955,3,186.08,Frozen Pizza,Instant & Frozen Food,Baral Group,186.08,310.13,40.0,180,29,84,558.24,223.29600000000002
8179058864,222892,1,869.22,Tomatoes,Fruits & Vegetables,Ramakrishnan-Ghose,869.22,1158.96,25.0,3,28,88,869.22,217.305
5195997912,951463,2,787.4,Pet Treats,Pet Care,Balakrishnan-Kaur,787.4,1211.38,35.0,365,16,82,1574.8,551.18
3320194259,734789,1,395.82,Popcorn,Snacks & Munchies,"Chaudhari, Pant and Singh",395.82,608.95,35.0,90,22,66,395.82,138.53699999999998
8185684967,784673,2,491.39,Dog Food,Pet Care,Ramanathan Group,491.39,755.98,35.0,365,21,84,982.78,343.97299999999996
2324568019,313754,2,136.6,Biscuits,Snacks & Munchies,"Swaminathan, Mahal and Dara",136.6,210.15,35.0,90,25,67,273.2,95.61999999999999
3522645150,513199,2,422.23,Cola,Cold Drinks & Juices,Rastogi Inc,422.23,603.19,30.0,180,26,52,844.46,253.338
4510488834,63769,1,878.07,Lotion,Personal Care,Dalal-Shan,878.07,1350.88,35.0,365,27,69,878.07,307.3245
9433427403,623234,2,329.79,Frozen Biryani,Instant & Frozen Food,Chakrabarti-Batra,329.79,549.65,40.0,180,13,72,659.58,263.83200000000005
8065436106,490602,1,549.47,Sugar,Grocery & Staples,Raghavan Inc,549.47,646.44,15.0,365,20,71,549.47,82.4205
846586265,585299,1,799.46,Pet Treats,Pet Care,"Sharma, Chandra and Prashad",799.46,1229.94,35.0,365,13,50,799.46,279.811
4337013612,739534,2,994.56,Toilet Cleaner,Household Care,"Gera, Narang and Karpe",994.56,1326.08,25.0,365,14,59,1989.12,497.28
8916023990,34186,2,925.65,Mangoes,Fruits & Vegetables,Mandal-Kar,925.65,1234.2,25.0,3,27,74,1851.3,462.825
6018805430,440875,1,275.03,Baby Wipes,Baby Care,Loyal Inc,275.03,392.9,30.0,365,15,80,275.03,82.50899999999999
2676353168,327290,3,862.28,Sugar,Grocery & Staples,Nadkarni Inc,862.28,1014.45,15.0,365,22,65,2586.84,388.026
1069724600,890623,3,354.52,Onions,Fruits & Vegetables,"Sangha, Nagar and Varty",354.52,472.69,25.0,3,27,55,1063.56,265.89
5503476312,604184,3,397.55,Toilet Cleaner,Household Care,"Gaba, Sodhi and Choudhary",397.55,530.07,25.0,365,24,84,1192.65,298.1625
4439677910,961614,2,227.22,Chocolates,Snacks & Munchies,Goda Inc,227.22,349.57,35.0,90,26,99,454.44,159.054
8045361592,602241,1,976.55,Nuts,Snacks & Munchies,Bahl-Pau,976.55,1502.38,35.0,90,12,75,976.55,341.79249999999996
1873731593,647462,2,326.42,Lotion,Personal Care,"Balan, Samra and Sekhon",326.42,502.18,35.0,365,22,64,652.84,228.494
1126011099,714999,2,882.51,Bread,Dairy & Breakfast,Kala Group,882.51,1103.14,20.0,7,27,81,1765.02,353.004
4100626744,760684,3,71.6,Rice,Grocery & Staples,Kanda-Gupta,71.6,84.24,15.0,365,14,64,214.79999999999998,32.22
8616880376,859361,2,432.39,Shampoo,Personal Care,Mitter Group,432.39,665.22,35.0,365,25,77,864.78,302.67299999999994
1427911940,451933,3,568.94,Wheat Flour,Grocery & Staples,Nadig Ltd,568.94,669.34,15.0,365,28,98,1706.8200000000002,256.023
4416398885,863930,1,242.57,Shampoo,Personal Care,"Sathe, Agarwal and Dhar",242.57,373.18,35.0,365,26,72,242.57,84.89949999999999
2584579895,953175,1,225.21,Baby Food,Baby Care,Sehgal-Nagarajan,225.21,321.73,30.0,365,11,73,225.21,67.563
7770651576,114414,3,832.06,Vitamins,Pharmacy,Kara-Golla,832.06,1040.07,20.0,365,26,66,2496.18,499.236
3705985582,473647,3,43.05,Toothpaste,Personal Care,Ben-Ravi,43.05,66.23,35.0,365,18,82,129.14999999999998,45.202499999999986
5160295213,186168,3,878.8,Dog Food,Pet Care,"Parekh, Lad and Kadakia",878.8,1352.0,35.0,365,13,75,2636.3999999999996,922.7399999999998
4374285559,820541,3,576.22,Toilet Cleaner,Household Care,"Borde, Peri and Upadhyay",576.22,768.29,25.0,365,19,71,1728.66,432.165
9096638812,240179,3,90.56,Cough Syrup,Pharmacy,Ram-Suri,90.56,113.2,20.0,365,20,56,271.68,54.336000000000006
2888179397,818522,3,96.09,Cheese,Dairy & Breakfast,Hora-Roy,96.09,120.11,20.0,7,12,90,288.27,57.653999999999996
3387165389,146840,3,786.85,Bread,Dairy & Breakfast,"Bains, Deol and Vaidya",786.85,983.56,20.0,7,19,89,2360.55,472.11000000000007
1925647539,397973,1,728.73,Bananas,Fruits & Vegetables,"Wable, Randhawa and Mutti",728.73,971.64,25.0,3,27,82,728.73,182.1825
6160848562,397973,2,728.73,Bananas,Fruits & Vegetables,"Wable, Randhawa and Mutti",728.73,971.64,25.0,3,27,82,1457.46,364.365
2343495895,552496,3,508.0,Dish Soap,Household Care,Dhar PLC,508.0,677.33,25.0,365,17,59,1524.0,381.0
8812220964,659290,2,319.34,Cheese,Dairy & Breakfast,Kapadia-D’Alia,319.34,399.17,20.0,7,18,66,638.68,127.73599999999999
8640364495,398340,3,651.93,Instant Noodles,Instant & Frozen Food,"Nadig, Zachariah and Soni",651.93,1086.55,40.0,180,11,56,1955.79,782.316
4610687284,723678,1,675.46,Dog Food,Pet Care,"Lall, Datta and Swamy",675.46,1039.17,35.0,365,14,97,675.46,236.411
189431942,51036,3,931.61,Baby Food,Baby Care,Karnik PLC,931.61,1330.87,30.0,365,12,86,2794.83,838.449
1746826454,798639,2,211.25,Eggs,Dairy & Breakfast,Subramaniam LLC,211.25,264.06,20.0,7,12,78,422.5,84.5
948345459,993331,1,102.44,Pulses,Grocery & Staples,"Parmer, Gola and Yogi",102.44,120.52,15.0,365,28,86,102.44,15.366
9959881029,654623,2,422.14,Chips,Snacks & Munchies,Pradhan and Sons,422.14,649.45,35.0,90,18,76,844.28,295.498
621213006,739448,3,755.66,Dish Soap,Household Care,Mand-Choudhry,755.66,1007.55,25.0,365,24,79,2266.98,566.745
1772464528,954722,1,616.45,Ice Cream,Instant & Frozen Food,Mohan-Virk,616.45,1027.42,40.0,180,11,58,616.45,246.58000000000004
7732863862,194682,2,912.29,Iced Tea,Cold Drinks & Juices,Sastry-Issac,912.29,1303.27,30.0,180,11,86,1824.58,547.3739999999999
3064828239,689769,1,46.62,Frozen Vegetables,Instant & Frozen Food,Kothari-Datta,46.62,77.7,40.0,180,17,51,46.62,18.648
6363526452,965755,3,532.57,Bananas,Fruits & Vegetables,"Doshi, Sarraf and Sama",532.57,710.09,25.0,3,21,91,1597.71,399.4275
6988011282,807452,1,144.19,Pulses,Grocery & Staples,Naik Ltd,144.19,169.64,15.0,365,27,61,144.19,21.6285
8523250818,799459,2,852.02,Vitamins,Pharmacy,"Garg, Kari and Kapur",852.02,1065.02,20.0,365,29,66,1704.04,340.808
5595210484,60619,3,726.41,Iced Tea,Cold Drinks & Juices,Bhasin LLC,726.41,1037.73,30.0,180,10,97,2179.23,653.769
1461081366,33955,1,186.08,Frozen Pizza,Instant & Frozen Food,Baral Group,186.08,310.13,40.0,180,29,84,186.08,74.432
4922364507,313754,3,136.6,Biscuits,Snacks & Munchies,"Swaminathan, Mahal and Dara",136.6,210.15,35.0,90,25,67,409.79999999999995,143.42999999999998
6597871211,478531,3,825.46,Carrots,Fruits & Vegetables,Uppal Group,825.46,1100.61,25.0,3,24,90,2476.38,619.095
2719816862,876139,3,415.75,Pulses,Grocery & Staples,Cherian-Dara,415.75,489.12,15.0,365,14,83,1247.25,187.0875
9830788650,587645,1,801.81,Vitamins,Pharmacy,"Sura, Pillay and Mammen",801.81,1002.26,20.0,365,18,90,801.81,160.362
140980199,492958,2,84.2,Lotion,Personal Care,Acharya PLC,84.2,129.54,35.0,365,26,88,168.4,58.94
7595842583,555121,1,354.91,Carrots,Fruits & Vegetables,"Subramanian, Chaudhuri and Dora",354.91,473.21,25.0,3,30,67,354.91,88.7275
2390228992,328457,2,858.57,Mango Drink,Cold Drinks & Juices,Hayre-Shere,858.57,1226.53,30.0,180,12,76,1717.14,515.142
8178738469,140154,3,171.2,Shampoo,Personal Care,Malhotra LLC,171.2,263.38,35.0,365,24,59,513.5999999999999,179.75999999999996
9964671001,256051,1,400.92,Lotion,Personal Care,"Mannan, Naidu and Sama",400.92,616.8,35.0,365,17,100,400.92,140.322
1258689954,623234,3,329.79,Frozen Biryani,Instant & Frozen Food,Chakrabarti-Batra,329.79,549.65,40.0,180,13,72,989.3700000000001,395.74800000000005
4647158015,990993,3,263.7,Chocolates,Snacks & Munchies,Guha-Subramaniam,263.7,405.69,35.0,90,22,61,791.0999999999999,276.88499999999993
2382974038,461804,1,310.69,Sugar,Grocery & Staples,"Ghose, Ben and Divan",310.69,365.52,15.0,365,15,97,310.69,46.6035
3663827875,604184,3,397.55,Toilet Cleaner,Household Care,"Gaba, Sodhi and Choudhary",397.55,530.07,25.0,365,24,84,1192.65,298.1625
6501113916,871592,3,870.29,Carrots,Fruits & Vegetables,"Shankar, Nadkarni and Kumer",870.29,1160.39,25.0,3,25,50,2610.87,652.7175
3300719369,739534,1,994.56,Toilet Cleaner,Household Care,"Gera, Narang and Karpe",994.56,1326.08,25.0,365,14,59,994.56,248.64
3239722852,39154,3,946.86,Mangoes,Fruits & Vegetables,"Suresh, Bose and Bajwa",946.86,1262.48,25.0,3,21,84,2840.58,710.145
6694899030,361361,3,826.21,Biscuits,Snacks & Munchies,"Kunda, Dave and Sahni",826.21,1271.09,35.0,90,20,64,2478.63,867.5205
992895707,324809,1,608.0,Bread,Dairy & Breakfast,Sidhu PLC,608.0,760.0,20.0,7,26,76,608.0,121.60000000000001
8432150432,621677,2,317.8,Frozen Biryani,Instant & Frozen Food,Sabharwal-Mital,317.8,529.67,40.0,180,15,71,635.6,254.24
6220520171,764014,2,612.04,Salt,Grocery & Staples,"Grewal, Swamy and Dayal",612.04,720.05,15.0,365,30,100,1224.08,183.612
735608722,784673,3,491.39,Dog Food,Pet Care,Ramanathan Group,491.39,755.98,35.0,365,21,84,1474.17,515.9595
7303161073,94225,1,77.11,Toilet Cleaner,Household Care,"Gulati, Ram and Sarkar",77.11,102.81,25.0,365,13,70,77.11,19.2775
9783380107,243235,3,109.03,Cat Food,Pet Care,Batta Inc,109.03,167.74,35.0,365,14,71,327.09000000000003,114.4815
3835886077,839170,2,481.63,Curd,Dairy & Breakfast,Shetty and Sons,481.63,602.04,20.0,7,11,59,963.26,192.65200000000002
8140652447,585299,1,799.46,Pet Treats,Pet Care,"Sharma, Chandra and Prashad",799.46,1229.94,35.0,365,13,50,799.46,279.811
6412390967,196719,2,217.5,Bananas,Fruits & Vegetables,Yogi Group,217.5,290.0,25.0,3,15,91,435.0,108.75
6688575911,848226,1,209.59,Tomatoes,Fruits & Vegetables,Barad and Sons,209.59,279.45,25.0,3,10,51,209.59,52.3975
3890111511,305754,3,979.99,Frozen Vegetables,Instant & Frozen Food,Mammen-Hegde,979.99,1633.32,40.0,180,22,81,2939.9700000000003,1175.988
5145256852,888807,3,230.58,Bread,Dairy & Breakfast,Arya Group,230.58,288.23,20.0,7,13,91,691.74,138.348
7375057413,237083,1,577.13,Cough Syrup,Pharmacy,Hayer-Banerjee,577.13,721.41,20.0,365,24,86,577.13,115.426
3047491006,14145,1,630.84,Spinach,Fruits & Vegetables,"Thakur, Shah and Pingle",630.84,841.12,25.0,3,14,53,630.84,157.71
7715738110,820973,1,114.52,Baby Wipes,Baby Care,Lall LLC,114.52,163.6,30.0,365,29,56,114.52,34.355999999999995
6191554160,154179,3,582.87,Pain Reliever,Pharmacy,"Barad, Devi and Andra",582.87,728.59,20.0,365,10,59,1748.6100000000001,349.72200000000004
896919031,378230,3,166.42,Nuts,Snacks & Munchies,Kala-Vig,166.42,256.03,35.0,90,13,76,499.26,174.74099999999999
1535818185,803607,1,949.73,Soap,Personal Care,"Kadakia, Mohan and Sathe",949.73,1461.12,35.0,365,21,98,949.73,332.40549999999996
4428830794,131748,1,81.35,Dog Food,Pet Care,"Shroff, Wason and Dugar",81.35,125.15,35.0,365,30,53,81.35,28.472499999999997
3610035622,561860,3,874.78,Orange Juice,Cold Drinks & Juices,Gupta Ltd,874.78,1249.69,30.0,180,21,90,2624.34,787.302
8674445072,891833,3,493.19,Curd,Dairy & Breakfast,Mani PLC,493.19,616.49,20.0,7,11,69,1479.57,295.914
9623704312,425341,3,486.28,Pet Treats,Pet Care,"Mani, Dhar and Muni",486.28,748.12,35.0,365,21,68,1458.84,510.59399999999994
7786002894,237083,1,577.13,Cough Syrup,Pharmacy,Hayer-Banerjee,577.13,721.41,20.0,365,24,86,577.13,115.426
3264409553,336847,2,936.98,Toilet Cleaner,Household Care,"Dayal, Mammen and More",936.98,1249.31,25.0,365,17,55,1873.96,468.49
7736534043,14145,3,630.84,Spinach,Fruits & Vegetables,"Thakur, Shah and Pingle",630.84,841.12,25.0,3,14,53,1892.52,473.13
5936596117,952124,1,127.08,Onions,Fruits & Vegetables,"Wali, Sood and Bala",127.08,169.44,25.0,3,15,50,127.08,31.77
1980087245,306177,3,769.24,Frozen Biryani,Instant & Frozen Food,Som Inc,769.24,1282.07,40.0,180,11,54,2307.7200000000003,923.0880000000002
8861557989,398340,3,651.93,Instant Noodles,Instant & Frozen Food,"Nadig, Zachariah and Soni",651.93,1086.55,40.0,180,11,56,1955.79,782.316
6702391437,256051,2,400.92,Lotion,Personal Care,"Mannan, Naidu and Sama",400.92,616.8,35.0,365,17,100,801.84,280.644
6385452188,564692,3,215.65,Cat Food,Pet Care,"Krishna, Bail and Dyal",215.65,331.77,35.0,365,25,82,646.95,226.4325
8813216380,876139,3,415.75,Pulses,Grocery & Staples,Cherian-Dara,415.75,489.12,15.0,365,14,83,1247.25,187.0875
5563712992,354409,2,325.08,Pulses,Grocery & Staples,Bose-Pandit,325.08,382.45,15.0,365,24,60,650.16,97.52399999999999
966468552,949818,2,483.05,Biscuits,Snacks & Munchies,Yohannan Inc,483.05,743.15,35.0,90,21,76,966.1,338.135
4368529506,461804,2,310.69,Sugar,Grocery & Staples,"Ghose, Ben and Divan",310.69,365.52,15.0,365,15,97,621.38,93.207
3777009463,491314,1,973.44,Ice Cream,Instant & Frozen Food,Banerjee Inc,973.44,1622.4,40.0,180,11,71,973.44,389.37600000000003
3560912801,894539,3,445.48,Dish Soap,Household Care,"Pall, Sule and Sood",445.48,593.97,25.0,365,14,93,1336.44,334.11
1741224538,306177,2,769.24,Frozen Biryani,Instant & Frozen Food,Som Inc,769.24,1282.07,40.0,180,11,54,1538.48,615.392
4579251445,131136,2,37.8,Salt,Grocery & Staples,Deshpande-Rama,37.8,44.47,15.0,365,29,95,75.6,11.339999999999998
3438127101,287070,1,443.17,Wheat Flour,Grocery & Staples,"Gala, Magar and Rajagopal",443.17,521.38,15.0,365,20,93,443.17,66.4755
9741958794,903336,3,551.88,Pulses,Grocery & Staples,"Vaidya, Amble and Palla",551.88,649.27,15.0,365,14,60,1655.6399999999999,248.34599999999998
882082341,470449,3,827.77,Frozen Biryani,Instant & Frozen Food,Kohli-Sawhney,827.77,1379.62,40.0,180,27,57,2483.31,993.3240000000001
3629321763,757274,3,98.32,Pet Treats,Pet Care,"Minhas, Kapoor and Sethi",98.32,151.26,35.0,365,27,95,294.96,103.23599999999999
888938572,240179,2,90.56,Cough Syrup,Pharmacy,Ram-Suri,90.56,113.2,20.0,365,20,56,181.12,36.224000000000004
5263181887,264803,1,995.98,Vitamins,Pharmacy,Gole-Doshi,995.98,1244.97,20.0,365,17,69,995.98,199.19600000000003
7071557807,667163,3,441.2,Orange Juice,Cold Drinks & Juices,Palla LLC,441.2,630.29,30.0,180,25,72,1323.6,397.08
6888804296,542300,2,255.35,Popcorn,Snacks & Munchies,Gulati-Tandon,255.35,392.85,35.0,90,11,66,510.7,178.74499999999998
814182718,930284,3,189.47,Baby Food,Baby Care,"Garg, Saraf and Dutta",189.47,270.67,30.0,365,20,58,568.41,170.523
3513524740,373536,1,494.17,Dog Food,Pet Care,Chauhan-Sabharwal,494.17,760.26,35.0,365,14,64,494.17,172.9595
1234169434,378230,1,166.42,Nuts,Snacks & Munchies,Kala-Vig,166.42,256.03,35.0,90,13,76,166.42,58.24699999999999
2577990012,500633,2,154.5,Cereal,Dairy & Breakfast,Trivedi-Ahluwalia,154.5,193.12,20.0,7,24,87,309.0,61.800000000000004
8446065263,153019,3,947.95,Onions,Fruits & Vegetables,Aurora LLC,947.95,1263.93,25.0,3,13,88,2843.8500000000004,710.9625000000001
4220970302,812607,2,416.65,Potatoes,Fruits & Vegetables,Rege Group,416.65,555.53,25.0,3,11,63,833.3,208.325
5712516128,228286,3,179.08,Cola,Cold Drinks & Juices,Bhattacharyya PLC,179.08,255.83,30.0,180,26,79,537.24,161.172
807167715,14145,1,630.84,Spinach,Fruits & Vegetables,"Thakur, Shah and Pingle",630.84,841.12,25.0,3,14,53,630.84,157.71
213972345,927651,3,426.72,Baby Wipes,Baby Care,Narula Group,426.72,609.6,30.0,365,15,60,1280.16,384.048
1013762407,552496,1,508.0,Dish Soap,Household Care,Dhar PLC,508.0,677.33,25.0,365,17,59,508.0,127.0
5234194751,94225,1,77.11,Toilet Cleaner,Household Care,"Gulati, Ram and Sarkar",77.11,102.81,25.0,365,13,70,77.11,19.2775
1389077693,319388,3,657.8,Orange Juice,Cold Drinks & Juices,D’Alia-Dey,657.8,939.71,30.0,180,26,56,1973.3999999999999,592.02
1895143216,621677,1,317.8,Frozen Biryani,Instant & Frozen Food,Sabharwal-Mital,317.8,529.67,40.0,180,15,71,317.8,127.12
3667250123,324809,3,608.0,Bread,Dairy & Breakfast,Sidhu PLC,608.0,760.0,20.0,7,26,76,1824.0,364.8
6430529802,709916,2,33.76,Detergent,Household Care,Varkey LLC,33.76,45.01,25.0,365,30,88,67.52,16.88
4856277700,592784,2,280.35,Biscuits,Snacks & Munchies,"Andra, Mander and Kari",280.35,431.31,35.0,90,27,64,560.7,196.245
1492403962,4452,1,169.88,Baby Wipes,Baby Care,Morar-Mistry,169.88,242.69,30.0,365,27,100,169.88,50.964
4348167632,140154,2,171.2,Shampoo,Personal Care,Malhotra LLC,171.2,263.38,35.0,365,24,59,342.4,119.83999999999999
3682471195,953175,2,225.21,Baby Food,Baby Care,Sehgal-Nagarajan,225.21,321.73,30.0,365,11,73,450.42,135.126
6888837939,274207,3,328.51,Cough Syrup,Pharmacy,"Savant, Batta and Mander",328.51,410.64,20.0,365,25,51,985.53,197.106
2278004109,954722,1,616.45,Ice Cream,Instant & Frozen Food,Mohan-Virk,616.45,1027.42,40.0,180,11,58,616.45,246.58000000000004
7471013149,398340,2,651.93,Instant Noodles,Instant & Frozen Food,"Nadig, Zachariah and Soni",651.93,1086.55,40.0,180,11,56,1303.86,521.544
755745232,871592,3,870.29,Carrots,Fruits & Vegetables,"Shankar, Nadkarni and Kumer",870.29,1160.39,25.0,3,25,50,2610.87,652.7175
2963187161,799688,2,309.62,Lotion,Personal Care,Arora LLC,309.62,476.34,35.0,365,22,90,619.24,216.73399999999998
3980591844,566052,3,87.3,Pain Reliever,Pharmacy,"Apte, Soman and Raju",87.3,109.12,20.0,365,14,53,261.9,52.379999999999995
9960808976,123983,2,785.67,Cough Syrup,Pharmacy,Kurian-Chhabra,785.67,982.09,20.0,365,25,72,1571.34,314.26800000000003
8740552000,876139,1,415.75,Pulses,Grocery & Staples,Cherian-Dara,415.75,489.12,15.0,365,14,83,415.75,62.3625
9230099449,969851,2,340.66,Frozen Vegetables,Instant & Frozen Food,"Kara, Sodhi and Bassi",340.66,567.77,40.0,180,27,64,681.32,272.528
4277432248,337168,2,545.49,Eggs,Dairy & Breakfast,Dasgupta PLC,545.49,681.86,20.0,7,25,98,1090.98,218.19600000000003
3624765984,689769,2,46.62,Frozen Vegetables,Instant & Frozen Food,Kothari-Datta,46.62,77.7,40.0,180,17,51,93.24,37.296
8533110341,880510,3,951.43,Bread,Dairy & Breakfast,Roy-Char,951.43,1189.29,20.0,7,29,54,2854.29,570.8580000000001
5036664068,952168,3,236.95,Popcorn,Snacks & Munchies,"Krishnamurthy, Sibal and Das",236.95,364.54,35.0,90,28,79,710.8499999999999,248.79749999999996
9989636336,762527,1,690.08,Biscuits,Snacks & Munchies,"Chad, Yohannan and Chopra",690.08,1061.66,35.0,90,23,71,690.08,241.528
2843642858,615545,1,448.16,Soap,Personal Care,Barman Inc,448.16,689.48,35.0,365,20,67,448.16,156.856
7510849424,140154,2,171.2,Shampoo,Personal Care,Malhotra LLC,171.2,263.38,35.0,365,24,59,342.4,119.83999999999999
8744806310,491521,3,556.35,Nuts,Snacks & Munchies,Karpe Inc,556.35,855.92,35.0,90,28,98,1669.0500000000002,584.1675
7605774154,33955,1,186.08,Frozen Pizza,Instant & Frozen Food,Baral Group,186.08,310.13,40.0,180,29,84,186.08,74.432
6904233594,771228,2,83.18,Pet Treats,Pet Care,Raja and Sons,83.18,127.97,35.0,365,25,73,166.36,58.226
6371336060,820973,2,114.52,Baby Wipes,Baby Care,Lall LLC,114.52,163.6,30.0,365,29,56,229.04,68.71199999999999
8137624530,462526,2,449.97,Curd,Dairy & Breakfast,Pau and Sons,449.97,562.46,20.0,7,25,69,899.94,179.98800000000003
9131474241,367391,1,939.55,Baby Wipes,Baby Care,Talwar and Sons,939.55,1342.21,30.0,365,18,52,939.55,281.86499999999995
7413772322,14145,2,630.84,Spinach,Fruits & Vegetables,"Thakur, Shah and Pingle",630.84,841.12,25.0,3,14,53,1261.68,315.42
9400852015,952124,1,127.08,Onions,Fruits & Vegetables,"Wali, Sood and Bala",127.08,169.44,25.0,3,15,50,127.08,31.77
4867437863,677542,1,212.61,Toilet Cleaner,Household Care,Thaman-Lanka,212.61,283.48,25.0,365,10,52,212.61,53.1525
4219458877,812607,1,416.65,Potatoes,Fruits & Vegetables,Rege Group,416.65,555.53,25.0,3,11,63,416.65,104.1625
35135941,306177,1,769.24,Frozen Biryani,Instant & Frozen Food,Som Inc,769.24,1282.07,40.0,180,11,54,769.24,307.696
4754258275,14145,1,630.84,Spinach,Fruits & Vegetables,"Thakur, Shah and Pingle",630.84,841.12,25.0,3,14,53,630.84,157.71
9195687538,897083,2,972.69,Detergent,Household Care,Dutta-Halder,972.69,1296.92,25.0,365,10,100,1945.38,486.345
344554037,140154,3,171.2,Shampoo,Personal Care,Malhotra LLC,171.2,263.38,35.0,365,24,59,513.5999999999999,179.75999999999996
7503255456,140489,3,650.2,Soap,Personal Care,"Biswas, Kapoor and Patel",650.2,1000.31,35.0,365,28,95,1950.6000000000001,682.71
5903638531,613942,1,545.0,Pet Treats,Pet Care,"Dyal, Saraf and Goel",545.0,838.46,35.0,365,28,72,545.0,190.75
1670694517,704868,3,193.46,Detergent,Household Care,"Parikh, Oak and Kara",193.46,257.95,25.0,365,24,58,580.38,145.095
2369121788,444361,1,822.63,Pain Reliever,Pharmacy,"Prakash, Bawa and Kale",822.63,1028.29,20.0,365,20,71,822.63,164.526
6012082951,34186,2,925.65,Mangoes,Fruits & Vegetables,Mandal-Kar,925.65,1234.2,25.0,3,27,74,1851.3,462.825
3675914158,329351,1,310.87,Cheese,Dairy & Breakfast,"Lala, Kalita and Sathe",310.87,388.59,20.0,7,23,95,310.87,62.17400000000001
1396605672,451812,2,530.85,Pain Reliever,Pharmacy,"Batra, Sant and Mandal",530.85,663.56,20.0,365,29,63,1061.7,212.34000000000003
4260996213,642612,2,517.03,Pet Treats,Pet Care,Pillay-Ahuja,517.03,795.43,35.0,365,16,57,1034.06,361.92099999999994
4749534376,566052,1,87.3,Pain Reliever,Pharmacy,"Apte, Soman and Raju",87.3,109.12,20.0,365,14,53,87.3,17.46
6095091385,123983,2,785.67,Cough Syrup,Pharmacy,Kurian-Chhabra,785.67,982.09,20.0,365,25,72,1571.34,314.26800000000003
1131338162,451933,2,568.94,Wheat Flour,Grocery & Staples,Nadig Ltd,568.94,669.34,15.0,365,28,98,1137.88,170.68200000000002
6100236720,274207,2,328.51,Cough Syrup,Pharmacy,"Savant, Batta and Mander",328.51,410.64,20.0,365,25,51,657.02,131.404
3363683548,679284,3,877.89,Cough Syrup,Pharmacy,Pant LLC,877.89,1097.36,20.0,365,28,95,2633.67,526.734
8721540965,328457,2,858.57,Mango Drink,Cold Drinks & Juices,Hayre-Shere,858.57,1226.53,30.0,180,12,76,1717.14,515.142
1712456261,669378,1,212.14,Potatoes,Fruits & Vegetables,Chadha and Sons,212.14,282.85,25.0,3,23,70,212.14,53.035
760930025,969851,1,340.66,Frozen Vegetables,Instant & Frozen Food,"Kara, Sodhi and Bassi",340.66,567.77,40.0,180,27,64,340.66,136.264
5652465358,712307,1,264.89,Orange Juice,Cold Drinks & Juices,Chana LLC,264.89,378.41,30.0,180,16,73,264.89,79.467
3580915899,51036,1,931.61,Baby Food,Baby Care,Karnik PLC,931.61,1330.87,30.0,365,12,86,931.61,279.483
1174382816,284460,2,505.95,Potatoes,Fruits & Vegetables,"Ramakrishnan, Anand and Khare",505.95,674.6,25.0,3,21,85,1011.9,252.975
3200474667,60619,3,726.41,Iced Tea,Cold Drinks & Juices,Bhasin LLC,726.41,1037.73,30.0,180,10,97,2179.23,653.769
7474651061,712003,1,671.68,Cola,Cold Drinks & Juices,"Karan, Bandi and Acharya",671.68,959.54,30.0,180,30,54,671.68,201.504
1892282465,67197,3,552.2,Butter,Dairy & Breakfast,Shetty-Bora,552.2,690.25,20.0,7,20,79,1656.6000000000001,331.32000000000005
3859828998,287070,1,443.17,Wheat Flour,Grocery & Staples,"Gala, Magar and Rajagopal",443.17,521.38,15.0,365,20,93,443.17,66.4755
2554590672,306177,3,769.24,Frozen Biryani,Instant & Frozen Food,Som Inc,769.24,1282.07,40.0,180,11,54,2307.7200000000003,923.0880000000002
9667675052,77308,2,223.27,Onions,Fruits & Vegetables,Ratta-Sagar,223.27,297.69,25.0,3,29,91,446.54,111.635
8382437838,848226,2,209.59,Tomatoes,Fruits & Vegetables,Barad and Sons,209.59,279.45,25.0,3,10,51,419.18,104.795
6247090607,298985,2,183.76,Vitamins,Pharmacy,"Ramanathan, Joshi and Srinivasan",183.76,229.7,20.0,365,11,61,367.52,73.504
5004073261,451933,1,568.94,Wheat Flour,Grocery & Staples,Nadig Ltd,568.94,669.34,15.0,365,28,98,568.94,85.34100000000001
6595898122,901144,1,340.36,Sugar,Grocery & Staples,Deo-Kamdar,340.36,400.42,15.0,365,12,71,340.36,51.054
9844371682,799688,1,309.62,Lotion,Personal Care,Arora LLC,309.62,476.34,35.0,365,22,90,309.62,108.36699999999999
7198169379,726958,1,887.48,Cat Food,Pet Care,Doctor-Patla,887.48,1365.35,35.0,365,18,79,887.48,310.618
2815855636,883013,1,989.88,Eggs,Dairy & Breakfast,Chahal Group,989.88,1237.35,20.0,7,13,98,989.88,197.976
6033660622,658389,3,152.55,Popcorn,Snacks & Munchies,"Chanda, Som and Vohra",152.55,234.69,35.0,90,22,68,457.65000000000003,160.1775
7944056454,853932,1,941.19,Baby Wipes,Baby Care,Ranganathan-Peri,941.19,1344.56,30.0,365,21,94,941.19,282.357
4354264440,667163,2,441.2,Orange Juice,Cold Drinks & Juices,Palla LLC,441.2,630.29,30.0,180,25,72,882.4,264.71999999999997
5623096090,237083,1,577.13,Cough Syrup,Pharmacy,Hayer-Banerjee,577.13,721.41,20.0,365,24,86,577.13,115.426
701856661,681063,2,321.28,Mango Drink,Cold Drinks & Juices,Dass and Sons,321.28,458.97,30.0,180,20,91,642.56,192.76799999999997
1911276445,264803,1,995.98,Vitamins,Pharmacy,Gole-Doshi,995.98,1244.97,20.0,365,17,69,995.98,199.19600000000003
9323909987,398340,1,651.93,Instant Noodles,Instant & Frozen Food,"Nadig, Zachariah and Soni",651.93,1086.55,40.0,180,11,56,651.93,260.772
1988898073,942001,1,671.55,Cat Food,Pet Care,Acharya Ltd,671.55,1033.15,35.0,365,20,84,671.55,235.04249999999996
6457671753,382511,1,702.54,Butter,Dairy & Breakfast,Bora-Thakkar,702.54,878.17,20.0,7,26,88,702.54,140.508
3556497272,880510,3,951.43,Bread,Dairy & Breakfast,Roy-Char,951.43,1189.29,20.0,7,29,54,2854.29,570.8580000000001
2182762247,291238,2,746.03,Chocolates,Snacks & Munchies,"Sinha, Pau and Chhabra",746.03,1147.74,35.0,90,16,68,1492.06,522.221
6026842782,397973,2,728.73,Bananas,Fruits & Vegetables,"Wable, Randhawa and Mutti",728.73,971.64,25.0,3,27,82,1457.46,364.365
1227108607,525531,1,831.1,Dog Food,Pet Care,Sandal PLC,831.1,1278.62,35.0,365,28,65,831.1,290.885
9362226645,131937,2,287.81,Frozen Pizza,Instant & Frozen Food,"Varkey, Devi and Ganguly",287.81,479.68,40.0,180,18,68,575.62,230.24800000000002
6313785973,564692,3,215.65,Cat Food,Pet Care,"Krishna, Bail and Dyal",215.65,331.77,35.0,365,25,82,646.95,226.4325
1297253359,63769,1,878.07,Lotion,Personal Care,Dalal-Shan,878.07,1350.88,35.0,365,27,69,878.07,307.3245
6138091203,376447,2,724.84,Butter,Dairy & Breakfast,Gara and Sons,724.84,906.05,20.0,7,17,64,1449.68,289.93600000000004
4770739350,425341,3,486.28,Pet Treats,Pet Care,"Mani, Dhar and Muni",486.28,748.12,35.0,365,21,68,1458.84,510.59399999999994
6253838449,448752,1,160.07,Toilet Cleaner,Household Care,Batta-Doctor,160.07,213.43,25.0,365,23,96,160.07,40.0175
1015708455,444361,3,822.63,Pain Reliever,Pharmacy,"Prakash, Bawa and Kale",822.63,1028.29,20.0,365,20,71,2467.89,493.578
2201201842,137909,1,864.3,Cough Syrup,Pharmacy,Dalal PLC,864.3,1080.37,20.0,365,23,65,864.3,172.86
200000051,552496,1,508.0,Dish Soap,Household Care,Dhar PLC,508.0,677.33,25.0,365,17,59,508.0,127.0
409570377,712307,1,264.89,Orange Juice,Cold Drinks & Juices,Chana LLC,264.89,378.41,30.0,180,16,73,264.89,79.467
5944464513,913428,3,392.22,Pet Treats,Pet Care,Narayanan-Kumar,392.22,603.42,35.0,365,30,98,1176.66,411.831
7064377287,564692,3,215.65,Cat Food,Pet Care,"Krishna, Bail and Dyal",215.65,331.77,35.0,365,25,82,646.95,226.4325
7763036477,953175,3,225.21,Baby Food,Baby Care,Sehgal-Nagarajan,225.21,321.73,30.0,365,11,73,675.63,202.689
7494002152,228286,3,179.08,Cola,Cold Drinks & Juices,Bhattacharyya PLC,179.08,255.83,30.0,180,26,79,537.24,161.172
692127479,739534,2,994.56,Toilet Cleaner,Household Care,"Gera, Narang and Karpe",994.56,1326.08,25.0,365,14,59,1989.12,497.28
7544245121,689769,1,46.62,Frozen Vegetables,Instant & Frozen Food,Kothari-Datta,46.62,77.7,40.0,180,17,51,46.62,18.648
4429641190,669378,2,212.14,Potatoes,Fruits & Vegetables,Chadha and Sons,212.14,282.85,25.0,3,23,70,424.28,106.07
8093366865,53833,1,134.69,Rice,Grocery & Staples,Tella-Master,134.69,158.46,15.0,365,26,89,134.69,20.2035
6269075067,89084,3,598.83,Milk,Dairy & Breakfast,"Wali, Virk and Iyer",598.83,748.54,20.0,7,27,74,1796.4900000000002,359.29800000000006
4056304110,516376,2,877.43,Onions,Fruits & Vegetables,Agarwal-Dhar,877.43,1169.91,25.0,3,21,71,1754.86,438.715
4447978623,481843,1,297.68,Chocolates,Snacks & Munchies,"Taneja, Kala and Kota",297.68,457.97,35.0,90,10,88,297.68,104.188
5875285677,953175,3,225.21,Baby Food,Baby Care,Sehgal-Nagarajan,225.21,321.73,30.0,365,11,73,675.63,202.689
4177774653,120385,1,597.91,Pet Treats,Pet Care,Dubey-Sarin,597.91,919.86,35.0,365,28,73,597.91,209.2685
502632296,525531,2,831.1,Dog Food,Pet Care,Sandal PLC,831.1,1278.62,35.0,365,28,65,1662.2,581.77
5037688536,9436,3,88.43,Toothpaste,Personal Care,Naidu PLC,88.43,136.05,35.0,365,19,76,265.29,92.8515
6844277478,376447,1,724.84,Butter,Dairy & Breakfast,Gara and Sons,724.84,906.05,20.0,7,17,64,724.84,144.96800000000002
3368317718,39154,1,946.86,Mangoes,Fruits & Vegetables,"Suresh, Bose and Bajwa",946.86,1262.48,25.0,3,21,84,946.86,236.715
913881994,993331,2,102.44,Pulses,Grocery & Staples,"Parmer, Gola and Yogi",102.44,120.52,15.0,365,28,86,204.88,30.732
6445700839,951463,2,787.4,Pet Treats,Pet Care,Balakrishnan-Kaur,787.4,1211.38,35.0,365,16,82,1574.8,551.18
101613683,784827,2,274.25,Baby Wipes,Baby Care,Balakrishnan Ltd,274.25,391.79,30.0,365,26,77,548.5,164.54999999999998
7094586913,564692,2,215.65,Cat Food,Pet Care,"Krishna, Bail and Dyal",215.65,331.77,35.0,365,25,82,431.3,150.95499999999998
2478557609,968887,3,40.7,Dish Soap,Household Care,Keer-Gill,40.7,54.27,25.0,365,18,92,122.10000000000001,30.525000000000002
9516720368,839170,1,481.63,Curd,Dairy & Breakfast,Shetty and Sons,481.63,602.04,20.0,7,11,59,481.63,96.32600000000001
3808010352,448752,2,160.07,Toilet Cleaner,Household Care,Batta-Doctor,160.07,213.43,25.0,365,23,96,320.14,80.035
7921886899,673058,1,765.76,Cough Syrup,Pharmacy,Balan-Madan,765.76,957.2,20.0,365,30,94,765.76,153.15200000000002
6818712547,367391,2,939.55,Baby Wipes,Baby Care,Talwar and Sons,939.55,1342.21,30.0,365,18,52,1879.1,563.7299999999999
4538204462,490602,3,549.47,Sugar,Grocery & Staples,Raghavan Inc,549.47,646.44,15.0,365,20,71,1648.41,247.2615
2008331630,451933,2,568.94,Wheat Flour,Grocery & Staples,Nadig Ltd,568.94,669.34,15.0,365,28,98,1137.88,170.68200000000002
3901338038,89084,2,598.83,Milk,Dairy & Breakfast,"Wali, Virk and Iyer",598.83,748.54,20.0,7,27,74,1197.66,239.53200000000004
1483786406,555121,2,354.91,Carrots,Fruits & Vegetables,"Subramanian, Chaudhuri and Dora",354.91,473.21,25.0,3,30,67,709.82,177.455
5022936426,532965,1,307.23,Frozen Pizza,Instant & Frozen Food,Sachdev Inc,307.23,512.05,40.0,180,20,94,307.23,122.89200000000001
5470875365,992178,2,632.43,Pain Reliever,Pharmacy,Basu and Sons,632.43,790.54,20.0,365,16,89,1264.86,252.97199999999998
7144611408,490939,3,80.25,Lotion,Personal Care,"Roy, Barad and De",80.25,123.46,35.0,365,12,67,240.75,84.26249999999999
9411421675,56589,1,517.77,Vitamins,Pharmacy,"Pai, Kashyap and Ramachandran",517.77,647.21,20.0,365,16,85,517.77,103.554
7315949343,112390,1,877.98,Toothpaste,Personal Care,"Kibe, Contractor and Randhawa",877.98,1350.74,35.0,365,23,85,877.98,307.293
9430475133,798639,2,211.25,Eggs,Dairy & Breakfast,Subramaniam LLC,211.25,264.06,20.0,7,12,78,422.5,84.5
3062145702,448752,2,160.07,Toilet Cleaner,Household Care,Batta-Doctor,160.07,213.43,25.0,365,23,96,320.14,80.035
6500458984,859361,1,432.39,Shampoo,Personal Care,Mitter Group,432.39,665.22,35.0,365,25,77,432.39,151.33649999999997
7429306851,712003,3,671.68,Cola,Cold Drinks & Juices,"Karan, Bandi and Acharya",671.68,959.54,30.0,180,30,54,2015.04,604.512
2687236003,4452,2,169.88,Baby Wipes,Baby Care,Morar-Mistry,169.88,242.69,30.0,365,27,100,339.76,101.928
1885906938,672059,1,672.73,Toothpaste,Personal Care,Kaur-Gola,672.73,1034.97,35.0,365,25,81,672.73,235.4555
9949334146,704868,1,193.46,Detergent,Household Care,"Parikh, Oak and Kara",193.46,257.95,25.0,365,24,58,193.46,48.365
2555454584,470449,3,827.77,Frozen Biryani,Instant & Frozen Food,Kohli-Sawhney,827.77,1379.62,40.0,180,27,57,2483.31,993.3240000000001
2503209946,661577,1,720.95,Cat Food,Pet Care,Majumdar PLC,720.95,1109.15,35.0,365,28,95,720.95,252.3325
2329563439,186168,3,878.8,Dog Food,Pet Care,"Parekh, Lad and Kadakia",878.8,1352.0,35.0,365,13,75,2636.3999999999996,922.7399999999998
1041536174,89084,1,598.83,Milk,Dairy & Breakfast,"Wali, Virk and Iyer",598.83,748.54,20.0,7,27,74,598.83,119.76600000000002
6631188689,63769,2,878.07,Lotion,Personal Care,Dalal-Shan,878.07,1350.88,35.0,365,27,69,1756.14,614.649
9300178512,818522,2,96.09,Cheese,Dairy & Breakfast,Hora-Roy,96.09,120.11,20.0,7,12,90,192.18,38.43600000000001
1086881691,621677,3,317.8,Frozen Biryani,Instant & Frozen Food,Sabharwal-Mital,317.8,529.67,40.0,180,15,71,953.4000000000001,381.36000000000007
8008880980,589812,3,163.03,Detergent,Household Care,Bir PLC,163.03,217.37,25.0,365,22,52,489.09000000000003,122.27250000000001
2417680703,687218,3,317.82,Mango Drink,Cold Drinks & Juices,"Sankaran, Pall and Gola",317.82,454.03,30.0,180,22,58,953.46,286.038
1117730990,820973,1,114.52,Baby Wipes,Baby Care,Lall LLC,114.52,163.6,30.0,365,29,56,114.52,34.355999999999995
1678557345,329351,1,310.87,Cheese,Dairy & Breakfast,"Lala, Kalita and Sathe",310.87,388.59,20.0,7,23,95,310.87,62.17400000000001
4505129824,382511,2,702.54,Butter,Dairy & Breakfast,Bora-Thakkar,702.54,878.17,20.0,7,26,88,1405.08,281.016
8737295686,490602,3,549.47,Sugar,Grocery & Staples,Raghavan Inc,549.47,646.44,15.0,365,20,71,1648.41,247.2615
7997347191,803607,3,949.73,Soap,Personal Care,"Kadakia, Mohan and Sathe",949.73,1461.12,35.0,365,21,98,2849.19,997.2165
1930645698,140489,3,650.2,Soap,Personal Care,"Biswas, Kapoor and Patel",650.2,1000.31,35.0,365,28,95,1950.6000000000001,682.71
5393373590,112390,2,877.98,Toothpaste,Personal Care,"Kibe, Contractor and Randhawa",877.98,1350.74,35.0,365,23,85,1755.96,614.586
5851854765,587645,2,801.81,Vitamins,Pharmacy,"Sura, Pillay and Mammen",801.81,1002.26,20.0,365,18,90,1603.62,320.724
3765179520,373536,1,494.17,Dog Food,Pet Care,Chauhan-Sabharwal,494.17,760.26,35.0,365,14,64,494.17,172.9595
683969424,540618,3,317.05,Popcorn,Snacks & Munchies,Golla-Luthra,317.05,487.77,35.0,90,28,87,951.1500000000001,332.90250000000003
8459624382,602241,3,976.55,Nuts,Snacks & Munchies,Bahl-Pau,976.55,1502.38,35.0,90,12,75,2929.6499999999996,1025.3774999999998
7110044004,298985,1,183.76,Vitamins,Pharmacy,"Ramanathan, Joshi and Srinivasan",183.76,229.7,20.0,365,11,61,183.76,36.752
4302375314,942001,2,671.55,Cat Food,Pet Care,Acharya Ltd,671.55,1033.15,35.0,365,20,84,1343.1,470.0849999999999
1245307588,669378,2,212.14,Potatoes,Fruits & Vegetables,Chadha and Sons,212.14,282.85,25.0,3,23,70,424.28,106.07
3876260101,451933,1,568.94,Wheat Flour,Grocery & Staples,Nadig Ltd,568.94,669.34,15.0,365,28,98,568.94,85.34100000000001
3162263618,94225,3,77.11,Toilet Cleaner,Household Care,"Gulati, Ram and Sarkar",77.11,102.81,25.0,365,13,70,231.32999999999998,57.832499999999996
655792395,798639,1,211.25,Eggs,Dairy & Breakfast,Subramaniam LLC,211.25,264.06,20.0,7,12,78,211.25,42.25
7624743284,257719,3,281.73,Eggs,Dairy & Breakfast,Chaudhuri PLC,281.73,352.16,20.0,7,17,93,845.19,169.038
4783962671,272170,1,140.8,Ice Cream,Instant & Frozen Food,Purohit Group,140.8,234.67,40.0,180,10,92,140.8,56.32000000000001
7166787473,425341,2,486.28,Pet Treats,Pet Care,"Mani, Dhar and Muni",486.28,748.12,35.0,365,21,68,972.56,340.39599999999996
9395228070,52729,2,316.02,Cat Food,Pet Care,Saini LLC,316.02,486.18,35.0,365,25,100,632.04,221.21399999999997
902157975,440875,1,275.03,Baby Wipes,Baby Care,Loyal Inc,275.03,392.9,30.0,365,15,80,275.03,82.50899999999999
6947741744,272170,2,140.8,Ice Cream,Instant & Frozen Food,Purohit Group,140.8,234.67,40.0,180,10,92,281.6,112.64000000000001
4788498083,451812,2,530.85,Pain Reliever,Pharmacy,"Batra, Sant and Mandal",530.85,663.56,20.0,365,29,63,1061.7,212.34000000000003
8070127087,120532,2,697.53,Wheat Flour,Grocery & Staples,Nazareth Ltd,697.53,820.62,15.0,365,29,95,1395.06,209.259
5191429552,734789,3,395.82,Popcorn,Snacks & Munchies,"Chaudhari, Pant and Singh",395.82,608.95,35.0,90,22,66,1187.46,415.611
5220651138,448752,2,160.07,Toilet Cleaner,Household Care,Batta-Doctor,160.07,213.43,25.0,365,23,96,320.14,80.035
2758734705,563740,3,96.33,Chips,Snacks & Munchies,Mann-Kapadia,96.33,148.2,35.0,90,20,61,288.99,101.1465
2907887532,937542,1,97.04,Wheat Flour,Grocery & Staples,Khurana and Sons,97.04,114.16,15.0,365,28,93,97.04,14.556000000000001
7388846009,561860,2,874.78,Orange Juice,Cold Drinks & Juices,Gupta Ltd,874.78,1249.69,30.0,180,21,90,1749.56,524.8679999999999
2606843929,354409,1,325.08,Pulses,Grocery & Staples,Bose-Pandit,325.08,382.45,15.0,365,24,60,325.08,48.76199999999999
5637567433,513199,2,422.23,Cola,Cold Drinks & Juices,Rastogi Inc,422.23,603.19,30.0,180,26,52,844.46,253.338
8838095431,592784,1,280.35,Biscuits,Snacks & Munchies,"Andra, Mander and Kari",280.35,431.31,35.0,90,27,64,280.35,98.1225
1564649286,425341,3,486.28,Pet Treats,Pet Care,"Mani, Dhar and Muni",486.28,748.12,35.0,365,21,68,1458.84,510.59399999999994
4098166849,771228,2,83.18,Pet Treats,Pet Care,Raja and Sons,83.18,127.97,35.0,365,25,73,166.36,58.226
8091143423,611575,3,482.06,Frozen Pizza,Instant & Frozen Food,"Bhat, Nigam and Hayer",482.06,803.43,40.0,180,25,87,1446.18,578.4720000000001
3024045336,600767,2,722.42,Toothpaste,Personal Care,Balan Group,722.42,1111.42,35.0,365,22,68,1444.84,505.69399999999996
6152984028,153019,2,947.95,Onions,Fruits & Vegetables,Aurora LLC,947.95,1263.93,25.0,3,13,88,1895.9,473.975
3450790653,803607,3,949.73,Soap,Personal Care,"Kadakia, Mohan and Sathe",949.73,1461.12,35.0,365,21,98,2849.19,997.2165
8028917900,491521,1,556.35,Nuts,Snacks & Munchies,Karpe Inc,556.35,855.92,35.0,90,28,98,556.35,194.7225
7781884407,196719,3,217.5,Bananas,Fruits & Vegetables,Yogi Group,217.5,290.0,25.0,3,15,91,652.5,163.125
3483689828,9436,2,88.43,Toothpaste,Personal Care,Naidu PLC,88.43,136.05,35.0,365,19,76,176.86,61.901
8341286014,767398,3,22.14,Dish Soap,Household Care,"Arya, Sundaram and Pingle",22.14,29.52,25.0,365,15,57,66.42,16.605
7936106887,367391,2,939.55,Baby Wipes,Baby Care,Talwar and Sons,939.55,1342.21,30.0,365,18,52,1879.1,563.7299999999999
2247354978,589812,2,163.03,Detergent,Household Care,Bir PLC,163.03,217.37,25.0,365,22,52,326.06,81.515
5347701114,337168,2,545.49,Eggs,Dairy & Breakfast,Dasgupta PLC,545.49,681.86,20.0,7,25,98,1090.98,218.19600000000003
7846068436,914071,3,296.94,Chips,Snacks & Munchies,Datta Ltd,296.94,456.83,35.0,90,25,90,890.8199999999999,311.787
9893439302,14145,2,630.84,Spinach,Fruits & Vegetables,"Thakur, Shah and Pingle",630.84,841.12,25.0,3,14,53,1261.68,315.42
4160816433,34186,2,925.65,Mangoes,Fruits & Vegetables,Mandal-Kar,925.65,1234.2,25.0,3,27,74,1851.3,462.825
6000890622,33955,3,186.08,Frozen Pizza,Instant & Frozen Food,Baral Group,186.08,310.13,40.0,180,29,84,558.24,223.29600000000002
7317676958,667163,1,441.2,Orange Juice,Cold Drinks & Juices,Palla LLC,441.2,630.29,30.0,180,25,72,441.2,132.35999999999999
8620144614,123983,2,785.67,Cough Syrup,Pharmacy,Kurian-Chhabra,785.67,982.09,20.0,365,25,72,1571.34,314.26800000000003
3940758882,136533,2,826.21,Eggs,Dairy & Breakfast,"Raghavan, Magar and Shanker",826.21,1032.76,20.0,7,15,75,1652.42,330.48400000000004
5216555041,914071,1,296.94,Chips,Snacks & Munchies,Datta Ltd,296.94,456.83,35.0,90,25,90,296.94,103.92899999999999
5144793312,937542,1,97.04,Wheat Flour,Grocery & Staples,Khurana and Sons,97.04,114.16,15.0,365,28,93,97.04,14.556000000000001
7241413847,684939,3,727.95,Lotion,Personal Care,"Sibal, Bhatnagar and Rajan",727.95,1119.92,35.0,365,22,50,2183.8500000000004,764.3475000000001
3567610983,337168,2,545.49,Eggs,Dairy & Breakfast,Dasgupta PLC,545.49,681.86,20.0,7,25,98,1090.98,218.19600000000003
16878685,432617,2,863.18,Baby Wipes,Baby Care,Dora-Pillai,863.18,1233.11,30.0,365,17,97,1726.36,517.9079999999999
951657166,679321,3,738.46,Cola,Cold Drinks & Juices,Khurana-Dewan,738.46,1054.94,30.0,180,20,68,2215.38,664.614
4189022307,968887,1,40.7,Dish Soap,Household Care,Keer-Gill,40.7,54.27,25.0,365,18,92,40.7,10.175
7378521428,833557,3,422.87,Cereal,Dairy & Breakfast,"Gole, Chand and Dada",422.87,528.59,20.0,7,27,69,1268.6100000000001,253.72200000000004
6266311709,644847,3,622.81,Salt,Grocery & Staples,"Jhaveri, Kata and Kapur",622.81,732.72,15.0,365,24,52,1868.4299999999998,280.26449999999994
7985347262,15314,2,578.85,Cheese,Dairy & Breakfast,Banik-Ratta,578.85,723.56,20.0,7,30,91,1157.7,231.54000000000002
992764262,324809,3,608.0,Bread,Dairy & Breakfast,Sidhu PLC,608.0,760.0,20.0,7,26,76,1824.0,364.8
3080291353,888807,2,230.58,Bread,Dairy & Breakfast,Arya Group,230.58,288.23,20.0,7,13,91,461.16,92.23200000000001
5532188237,131136,1,37.8,Salt,Grocery & Staples,Deshpande-Rama,37.8,44.47,15.0,365,29,95,37.8,5.669999999999999
6814658453,661577,2,720.95,Cat Food,Pet Care,Majumdar PLC,720.95,1109.15,35.0,365,28,95,1441.9,504.665
4861499558,615545,3,448.16,Soap,Personal Care,Barman Inc,448.16,689.48,35.0,365,20,67,1344.48,470.568
2521042570,516376,3,877.43,Onions,Fruits & Vegetables,Agarwal-Dhar,877.43,1169.91,25.0,3,21,71,2632.29,658.0725
5217781278,34200,3,319.8,Lotion,Personal Care,Munshi-Grewal,319.8,492.0,35.0,365,19,75,959.4000000000001,335.79
8006034379,807452,1,144.19,Pulses,Grocery & Staples,Naik Ltd,144.19,169.64,15.0,365,27,61,144.19,21.6285
7380913411,723678,2,675.46,Dog Food,Pet Care,"Lall, Datta and Swamy",675.46,1039.17,35.0,365,14,97,1350.92,472.822
7706841114,461804,3,310.69,Sugar,Grocery & Staples,"Ghose, Ben and Divan",310.69,365.52,15.0,365,15,97,932.0699999999999,139.8105
1561779937,367391,1,939.55,Baby Wipes,Baby Care,Talwar and Sons,939.55,1342.21,30.0,365,18,52,939.55,281.86499999999995
7196559586,77308,2,223.27,Onions,Fruits & Vegetables,Ratta-Sagar,223.27,297.69,25.0,3,29,91,446.54,111.635
2359961993,500633,2,154.5,Cereal,Dairy & Breakfast,Trivedi-Ahluwalia,154.5,193.12,20.0,7,24,87,309.0,61.800000000000004
243819964,880510,3,951.43,Bread,Dairy & Breakfast,Roy-Char,951.43,1189.29,20.0,7,29,54,2854.29,570.8580000000001
4806735178,677169,2,261.03,Cough Syrup,Pharmacy,Char-Divan,261.03,326.29,20.0,365,12,77,522.06,104.41199999999999
9198762300,131937,2,287.81,Frozen Pizza,Instant & Frozen Food,"Varkey, Devi and Ganguly",287.81,479.68,40.0,180,18,68,575.62,230.24800000000002
1105231941,585299,1,799.46,Pet Treats,Pet Care,"Sharma, Chandra and Prashad",799.46,1229.94,35.0,365,13,50,799.46,279.811
5533955218,552496,2,508.0,Dish Soap,Household Care,Dhar PLC,508.0,677.33,25.0,365,17,59,1016.0,254.0
5130246751,33797,1,888.12,Pain Reliever,Pharmacy,Gaba LLC,888.12,1110.15,20.0,365,12,51,888.12,177.62400000000002
4528445001,689769,2,46.62,Frozen Vegetables,Instant & Frozen Food,Kothari-Datta,46.62,77.7,40.0,180,17,51,93.24,37.296
9503959018,473929,1,440.19,Carrots,Fruits & Vegetables,"Bhardwaj, Bhatia and Deshmukh",440.19,586.92,25.0,3,19,70,440.19,110.0475
4107052604,306177,2,769.24,Frozen Biryani,Instant & Frozen Food,Som Inc,769.24,1282.07,40.0,180,11,54,1538.48,615.392
5578822558,298985,3,183.76,Vitamins,Pharmacy,"Ramanathan, Joshi and Srinivasan",183.76,229.7,20.0,365,11,61,551.28,110.256
5506634472,894539,1,445.48,Dish Soap,Household Care,"Pall, Sule and Sood",445.48,593.97,25.0,365,14,93,445.48,111.37
4112426763,41853,1,910.44,Curd,Dairy & Breakfast,Handa PLC,910.44,1138.05,20.0,7,14,92,910.44,182.08800000000002
7157334145,18035,3,968.94,Dish Soap,Household Care,Ramesh Inc,968.94,1291.92,25.0,365,12,87,2906.82,726.705
8423458672,491521,1,556.35,Nuts,Snacks & Munchies,Karpe Inc,556.35,855.92,35.0,90,28,98,556.35,194.7225
3011683470,712307,1,264.89,Orange Juice,Cold Drinks & Juices,Chana LLC,264.89,378.41,30.0,180,16,73,264.89,79.467
1884947290,455083,2,959.01,Butter,Dairy & Breakfast,Dutta Inc,959.01,1198.76,20.0,7,29,63,1918.02,383.60400000000004
558163882,585299,2,799.46,Pet Treats,Pet Care,"Sharma, Chandra and Prashad",799.46,1229.94,35.0,365,13,50,1598.92,559.622
824869105,376447,2,724.84,Butter,Dairy & Breakfast,Gara and Sons,724.84,906.05,20.0,7,17,64,1449.68,289.93600000000004
4193492511,51036,2,931.61,Baby Food,Baby Care,Karnik PLC,931.61,1330.87,30.0,365,12,86,1863.22,558.966
120996684,690565,2,951.27,Cookies,Snacks & Munchies,"Roy, Seth and Patla",951.27,1463.49,35.0,90,15,56,1902.54,665.8889999999999
2531932780,726958,3,887.48,Cat Food,Pet Care,Doctor-Patla,887.48,1365.35,35.0,365,18,79,2662.44,931.8539999999999
8095547865,89084,2,598.83,Milk,Dairy & Breakfast,"Wali, Virk and Iyer",598.83,748.54,20.0,7,27,74,1197.66,239.53200000000004
6894204435,992178,3,632.43,Pain Reliever,Pharmacy,Basu and Sons,632.43,790.54,20.0,365,16,89,1897.29,379.458
9514917126,425341,2,486.28,Pet Treats,Pet Care,"Mani, Dhar and Muni",486.28,748.12,35.0,365,21,68,972.56,340.39599999999996
9329665908,140154,2,171.2,Shampoo,Personal Care,Malhotra LLC,171.2,263.38,35.0,365,24,59,342.4,119.83999999999999
1435406360,723678,3,675.46,Dog Food,Pet Care,"Lall, Datta and Swamy",675.46,1039.17,35.0,365,14,97,2026.38,709.233
3460843508,883013,3,989.88,Eggs,Dairy & Breakfast,Chahal Group,989.88,1237.35,20.0,7,13,98,2969.64,593.928
4762084133,433521,3,321.33,Diapers,Baby Care,Mahal Group,321.33,459.04,30.0,365,27,58,963.99,289.197
3884862300,712003,1,671.68,Cola,Cold Drinks & Juices,"Karan, Bandi and Acharya",671.68,959.54,30.0,180,30,54,671.68,201.504
1990946411,237083,1,577.13,Cough Syrup,Pharmacy,Hayer-Banerjee,577.13,721.41,20.0,365,24,86,577.13,115.426
5054937065,552496,2,508.0,Dish Soap,Household Care,Dhar PLC,508.0,677.33,25.0,365,17,59,1016.0,254.0
9431652023,63769,1,878.07,Lotion,Personal Care,Dalal-Shan,878.07,1350.88,35.0,365,27,69,878.07,307.3245
2268736598,243235,1,109.03,Cat Food,Pet Care,Batta Inc,109.03,167.74,35.0,365,14,71,109.03,38.1605
2793638565,120532,2,697.53,Wheat Flour,Grocery & Staples,Nazareth Ltd,697.53,820.62,15.0,365,29,95,1395.06,209.259
4168839407,487065,2,374.68,Chips,Snacks & Munchies,Kadakia-Yadav,374.68,576.43,35.0,90,27,87,749.36,262.276
7406514357,611575,2,482.06,Frozen Pizza,Instant & Frozen Food,"Bhat, Nigam and Hayer",482.06,803.43,40.0,180,25,87,964.12,385.648
6087916798,557908,3,942.37,Vitamins,Pharmacy,Sundaram Inc,942.37,1177.96,20.0,365,14,53,2827.11,565.422
4319962076,644847,2,622.81,Salt,Grocery & Staples,"Jhaveri, Kata and Kapur",622.81,732.72,15.0,365,24,52,1245.62,186.843
3904134741,120385,1,597.91,Pet Treats,Pet Care,Dubey-Sarin,597.91,919.86,35.0,365,28,73,597.91,209.2685
3770123374,753354,1,423.56,Shampoo,Personal Care,Sant-Mahajan,423.56,651.63,35.0,365,20,52,423.56,148.24599999999998
4494390731,714999,1,882.51,Bread,Dairy & Breakfast,Kala Group,882.51,1103.14,20.0,7,27,81,882.51,176.502
6109777696,378230,3,166.42,Nuts,Snacks & Munchies,Kala-Vig,166.42,256.03,35.0,90,13,76,499.26,174.74099999999999
1401372388,679321,3,738.46,Cola,Cold Drinks & Juices,Khurana-Dewan,738.46,1054.94,30.0,180,20,68,2215.38,664.614
4283973398,361361,2,826.21,Biscuits,Snacks & Munchies,"Kunda, Dave and Sahni",826.21,1271.09,35.0,90,20,64,1652.42,578.347
3261847147,455755,1,44.09,Detergent,Household Care,Mangal-Sathe,44.09,58.79,25.0,365,23,53,44.09,11.0225
3153811191,739534,3,994.56,Toilet Cleaner,Household Care,"Gera, Narang and Karpe",994.56,1326.08,25.0,365,14,59,2983.68,745.92
2639216409,120532,3,697.53,Wheat Flour,Grocery & Staples,Nazareth Ltd,697.53,820.62,15.0,365,29,95,2092.59,313.8885
5948575331,487931,2,709.08,Sugar,Grocery & Staples,"Bahl, Jaggi and Nath",709.08,834.21,15.0,365,27,68,1418.16,212.72400000000002
7792925364,968887,1,40.7,Dish Soap,Household Care,Keer-Gill,40.7,54.27,25.0,365,18,92,40.7,10.175
7286478750,871592,2,870.29,Carrots,Fruits & Vegetables,"Shankar, Nadkarni and Kumer",870.29,1160.39,25.0,3,25,50,1740.58,435.145
9776505630,672059,3,672.73,Toothpaste,Personal Care,Kaur-Gola,672.73,1034.97,35.0,365,25,81,2018.19,706.3665
4527342708,57405,2,607.67,Baby Food,Baby Care,Srinivas PLC,607.67,868.1,30.0,365,21,64,1215.34,364.602
1124359689,799952,1,922.64,Cheese,Dairy & Breakfast,Padmanabhan-Virk,922.64,1153.3,20.0,7,13,66,922.64,184.52800000000002
3717458742,56589,2,517.77,Vitamins,Pharmacy,"Pai, Kashyap and Ramachandran",517.77,647.21,20.0,365,16,85,1035.54,207.108
283675535,53833,3,134.69,Rice,Grocery & Staples,Tella-Master,134.69,158.46,15.0,365,26,89,404.07,60.610499999999995
6039353394,692985,1,197.39,Pulses,Grocery & Staples,"Wable, Sankaran and Hari",197.39,232.22,15.0,365,30,86,197.39,29.608499999999996
6735917931,264803,1,995.98,Vitamins,Pharmacy,Gole-Doshi,995.98,1244.97,20.0,365,17,69,995.98,199.19600000000003
5155256671,679865,2,347.91,Wheat Flour,Grocery & Staples,Memon-Barad,347.91,409.31,15.0,365,14,85,695.82,104.373
3984108726,832348,3,831.43,Biscuits,Snacks & Munchies,Jani-Ram,831.43,1279.12,35.0,90,10,79,2494.29,873.0015
2491374111,762527,2,690.08,Biscuits,Snacks & Munchies,"Chad, Yohannan and Chopra",690.08,1061.66,35.0,90,23,71,1380.16,483.056
2043371805,784673,3,491.39,Dog Food,Pet Care,Ramanathan Group,491.39,755.98,35.0,365,21,84,1474.17,515.9595
9657782153,89084,3,598.83,Milk,Dairy & Breakfast,"Wali, Virk and Iyer",598.83,748.54,20.0,7,27,74,1796.4900000000002,359.29800000000006
9237289778,219598,1,367.08,Shampoo,Personal Care,Arora-Magar,367.08,564.74,35.0,365,28,83,367.08,128.47799999999998
8917116859,34186,1,925.65,Mangoes,Fruits & Vegetables,Mandal-Kar,925.65,1234.2,25.0,3,27,74,925.65,231.4125
720578658,382511,2,702.54,Butter,Dairy & Breakfast,Bora-Thakkar,702.54,878.17,20.0,7,26,88,1405.08,281.016
9122210530,567671,3,418.48,Biscuits,Snacks & Munchies,Nagar LLC,418.48,643.82,35.0,90,12,90,1255.44,439.404
3540524256,349294,2,934.75,Onions,Fruits & Vegetables,Ganesan Ltd,934.75,1246.33,25.0,3,25,70,1869.5,467.375
1909520255,361361,3,826.21,Biscuits,Snacks & Munchies,"Kunda, Dave and Sahni",826.21,1271.09,35.0,90,20,64,2478.63,867.5205
8022279737,784827,1,274.25,Baby Wipes,Baby Care,Balakrishnan Ltd,274.25,391.79,30.0,365,26,77,274.25,82.27499999999999
7381549355,4452,2,169.88,Baby Wipes,Baby Care,Morar-Mistry,169.88,242.69,30.0,365,27,100,339.76,101.928
3998829973,491521,1,556.35,Nuts,Snacks & Munchies,Karpe Inc,556.35,855.92,35.0,90,28,98,556.35,194.7225
2895464675,589812,2,163.03,Detergent,Household Care,Bir PLC,163.03,217.37,25.0,365,22,52,326.06,81.515
3971098657,818990,3,163.55,Tomatoes,Fruits & Vegetables,Dugar Group,163.55,218.07,25.0,3,22,92,490.65000000000003,122.66250000000001
5278249111,951463,2,787.4,Pet Treats,Pet Care,Balakrishnan-Kaur,787.4,1211.38,35.0,365,16,82,1574.8,551.18
9810576443,681063,2,321.28,Mango Drink,Cold Drinks & Juices,Dass and Sons,321.28,458.97,30.0,180,20,91,642.56,192.76799999999997
4128844410,741341,2,923.84,Eggs,Dairy & Breakfast,Prasad LLC,923.84,1154.8,20.0,7,13,62,1847.68,369.53600000000006
6103869123,589812,3,163.03,Detergent,Household Care,Bir PLC,163.03,217.37,25.0,365,22,52,489.09000000000003,122.27250000000001
6595041423,183929,2,738.74,Bread,Dairy & Breakfast,"Nagi, Sampath and Khurana",738.74,923.42,20.0,7,20,73,1477.48,295.49600000000004
3991011923,726958,1,887.48,Cat Food,Pet Care,Doctor-Patla,887.48,1365.35,35.0,365,18,79,887.48,310.618
5275440923,969851,3,340.66,Frozen Vegetables,Instant & Frozen Food,"Kara, Sodhi and Bassi",340.66,567.77,40.0,180,27,64,1021.98,408.79200000000003
6468633344,15314,2,578.85,Cheese,Dairy & Breakfast,Banik-Ratta,578.85,723.56,20.0,7,30,91,1157.7,231.54000000000002
9992859795,196719,2,217.5,Bananas,Fruits & Vegetables,Yogi Group,217.5,290.0,25.0,3,15,91,435.0,108.75
7518488485,140489,3,650.2,Soap,Personal Care,"Biswas, Kapoor and Patel",650.2,1000.31,35.0,365,28,95,1950.6000000000001,682.71
9746950023,952168,3,236.95,Popcorn,Snacks & Munchies,"Krishnamurthy, Sibal and Das",236.95,364.54,35.0,90,28,79,710.8499999999999,248.79749999999996
2721433550,217710,2,58.59,Eggs,Dairy & Breakfast,Rout-Sarna,58.59,73.24,20.0,7,19,53,117.18,23.436000000000003
6131680348,123983,1,785.67,Cough Syrup,Pharmacy,Kurian-Chhabra,785.67,982.09,20.0,365,25,72,785.67,157.13400000000001
2281544500,217710,1,58.59,Eggs,Dairy & Breakfast,Rout-Sarna,58.59,73.24,20.0,7,19,53,58.59,11.718000000000002
4283802879,305754,1,979.99,Frozen Vegetables,Instant & Frozen Food,Mammen-Hegde,979.99,1633.32,40.0,180,22,81,979.99,391.99600000000004
8621732366,256051,1,400.92,Lotion,Personal Care,"Mannan, Naidu and Sama",400.92,616.8,35.0,365,17,100,400.92,140.322
3797679856,118820,2,12.32,Iced Tea,Cold Drinks & Juices,"Warrior, Ravel and Amble",12.32,17.6,30.0,180,12,61,24.64,7.3919999999999995
8532100929,726958,3,887.48,Cat Food,Pet Care,Doctor-Patla,887.48,1365.35,35.0,365,18,79,2662.44,931.8539999999999
2973976544,39154,1,946.86,Mangoes,Fruits & Vegetables,"Suresh, Bose and Bajwa",946.86,1262.48,25.0,3,21,84,946.86,236.715
814260962,15314,1,578.85,Cheese,Dairy & Breakfast,Banik-Ratta,578.85,723.56,20.0,7,30,91,578.85,115.77000000000001
9411848231,183929,2,738.74,Bread,Dairy & Breakfast,"Nagi, Sampath and Khurana",738.74,923.42,20.0,7,20,73,1477.48,295.49600000000004
6637284724,721521,2,417.39,Rice,Grocery & Staples,"Ramanathan, Agarwal and Baria",417.39,491.05,15.0,365,20,72,834.78,125.21699999999998
6497594124,487065,1,374.68,Chips,Snacks & Munchies,Kadakia-Yadav,374.68,576.43,35.0,90,27,87,374.68,131.138
7213146086,287070,2,443.17,Wheat Flour,Grocery & Staples,"Gala, Magar and Rajagopal",443.17,521.38,15.0,365,20,93,886.34,132.951
5110274761,373536,1,494.17,Dog Food,Pet Care,Chauhan-Sabharwal,494.17,760.26,35.0,365,14,64,494.17,172.9595
1112110363,566052,1,87.3,Pain Reliever,Pharmacy,"Apte, Soman and Raju",87.3,109.12,20.0,365,14,53,87.3,17.46
1209202931,219598,2,367.08,Shampoo,Personal Care,Arora-Magar,367.08,564.74,35.0,365,28,83,734.16,256.95599999999996
6384745391,39154,3,946.86,Mangoes,Fruits & Vegetables,"Suresh, Bose and Bajwa",946.86,1262.48,25.0,3,21,84,2840.58,710.145
3367452972,611575,1,482.06,Frozen Pizza,Instant & Frozen Food,"Bhat, Nigam and Hayer",482.06,803.43,40.0,180,25,87,482.06,192.824
2317597587,894539,3,445.48,Dish Soap,Household Care,"Pall, Sule and Sood",445.48,593.97,25.0,365,14,93,1336.44,334.11
2254884198,970529,2,827.44,Diapers,Baby Care,"Kurian, Patla and Sanghvi",827.44,1182.06,30.0,365,19,84,1654.88,496.464
679196318,799952,3,922.64,Cheese,Dairy & Breakfast,Padmanabhan-Virk,922.64,1153.3,20.0,7,13,66,2767.92,553.5840000000001
2185319815,433521,1,321.33,Diapers,Baby Care,Mahal Group,321.33,459.04,30.0,365,27,58,321.33,96.39899999999999
5965281449,39154,1,946.86,Mangoes,Fruits & Vegetables,"Suresh, Bose and Bajwa",946.86,1262.48,25.0,3,21,84,946.86,236.715
8616726869,217710,2,58.59,Eggs,Dairy & Breakfast,Rout-Sarna,58.59,73.24,20.0,7,19,53,117.18,23.436000000000003
4786027510,33955,3,186.08,Frozen Pizza,Instant & Frozen Food,Baral Group,186.08,310.13,40.0,180,29,84,558.24,223.29600000000002
4910445344,444361,2,822.63,Pain Reliever,Pharmacy,"Prakash, Bawa and Kale",822.63,1028.29,20.0,365,20,71,1645.26,329.052
7629577899,613942,1,545.0,Pet Treats,Pet Care,"Dyal, Saraf and Goel",545.0,838.46,35.0,365,28,72,545.0,190.75
4769055037,82484,2,914.88,Baby Food,Baby Care,Mallick PLC,914.88,1306.97,30.0,365,12,73,1829.76,548.928
8476029654,734789,2,395.82,Popcorn,Snacks & Munchies,"Chaudhari, Pant and Singh",395.82,608.95,35.0,90,22,66,791.64,277.07399999999996
7809866112,491521,1,556.35,Nuts,Snacks & Munchies,Karpe Inc,556.35,855.92,35.0,90,28,98,556.35,194.7225
5453896364,803607,2,949.73,Soap,Personal Care,"Kadakia, Mohan and Sathe",949.73,1461.12,35.0,365,21,98,1899.46,664.8109999999999
9080432189,140489,2,650.2,Soap,Personal Care,"Biswas, Kapoor and Patel",650.2,1000.31,35.0,365,28,95,1300.4,455.14
3079758919,451933,1,568.94,Wheat Flour,Grocery & Staples,Nadig Ltd,568.94,669.34,15.0,365,28,98,568.94,85.34100000000001
4076039325,832348,1,831.43,Biscuits,Snacks & Munchies,Jani-Ram,831.43,1279.12,35.0,90,10,79,831.43,291.0005
9239241275,880510,3,951.43,Bread,Dairy & Breakfast,Roy-Char,951.43,1189.29,20.0,7,29,54,2854.29,570.8580000000001
4864829217,136533,2,826.21,Eggs,Dairy & Breakfast,"Raghavan, Magar and Shanker",826.21,1032.76,20.0,7,15,75,1652.42,330.48400000000004
5108704843,57405,2,607.67,Baby Food,Baby Care,Srinivas PLC,607.67,868.1,30.0,365,21,64,1215.34,364.602
8049805410,378287,3,332.84,Lemonade,Cold Drinks & Juices,Ramesh-Jain,332.84,475.49,30.0,180,22,51,998.52,299.556
4711642504,349294,2,934.75,Onions,Fruits & Vegetables,Ganesan Ltd,934.75,1246.33,25.0,3,25,70,1869.5,467.375
8952094523,654623,2,422.14,Chips,Snacks & Munchies,Pradhan and Sons,422.14,649.45,35.0,90,18,76,844.28,295.498
4285784267,36412,3,397.68,Dish Soap,Household Care,Muni-Shankar,397.68,530.24,25.0,365,27,92,1193.04,298.26
7494670835,970529,2,827.44,Diapers,Baby Care,"Kurian, Patla and Sanghvi",827.44,1182.06,30.0,365,19,84,1654.88,496.464
7667090453,448752,1,160.07,Toilet Cleaner,Household Care,Batta-Doctor,160.07,213.43,25.0,365,23,96,160.07,40.0175
2193572534,378287,1,332.84,Lemonade,Cold Drinks & Juices,Ramesh-Jain,332.84,475.49,30.0,180,22,51,332.84,99.85199999999999
5357089776,490939,3,80.25,Lotion,Personal Care,"Roy, Barad and De",80.25,123.46,35.0,365,12,67,240.75,84.26249999999999
1191016829,435929,3,856.89,Toilet Cleaner,Household Care,Memon Ltd,856.89,1142.52,25.0,365,13,71,2570.67,642.6675
549484032,903336,2,551.88,Pulses,Grocery & Staples,"Vaidya, Amble and Palla",551.88,649.27,15.0,365,14,60,1103.76,165.564
8164076900,991434,2,237.62,Cookies,Snacks & Munchies,Mital-Oza,237.62,365.57,35.0,90,12,87,475.24,166.334
7136165651,336847,3,936.98,Toilet Cleaner,Household Care,"Dayal, Mammen and More",936.98,1249.31,25.0,365,17,55,2810.94,702.735
5368349643,487931,3,709.08,Sugar,Grocery & Staples,"Bahl, Jaggi and Nath",709.08,834.21,15.0,365,27,68,2127.2400000000002,319.086
6965901435,94225,3,77.11,Toilet Cleaner,Household Care,"Gulati, Ram and Sarkar",77.11,102.81,25.0,365,13,70,231.32999999999998,57.832499999999996
6687307827,706112,2,478.79,Vitamins,Pharmacy,"Magar, Gara and Garg",478.79,598.49,20.0,365,12,77,957.58,191.51600000000002
475294138,63769,2,878.07,Lotion,Personal Care,Dalal-Shan,878.07,1350.88,35.0,365,27,69,1756.14,614.649
9047534059,673058,3,765.76,Cough Syrup,Pharmacy,Balan-Madan,765.76,957.2,20.0,365,30,94,2297.2799999999997,459.45599999999996
2807487047,992178,3,632.43,Pain Reliever,Pharmacy,Basu and Sons,632.43,790.54,20.0,365,16,89,1897.29,379.458
5840148195,613942,2,545.0,Pet Treats,Pet Care,"Dyal, Saraf and Goel",545.0,838.46,35.0,365,28,72,1090.0,381.5
3758135932,306177,3,769.24,Frozen Biryani,Instant & Frozen Food,Som Inc,769.24,1282.07,40.0,180,11,54,2307.7200000000003,923.0880000000002
1978476136,500633,2,154.5,Cereal,Dairy & Breakfast,Trivedi-Ahluwalia,154.5,193.12,20.0,7,24,87,309.0,61.800000000000004
423648434,863930,2,242.57,Shampoo,Personal Care,"Sathe, Agarwal and Dhar",242.57,373.18,35.0,365,26,72,485.14,169.79899999999998
7201868330,256783,3,906.54,Pet Treats,Pet Care,"Basu, Thakur and Rege",906.54,1394.68,35.0,365,16,98,2719.62,951.8669999999998
9710106935,587420,1,357.42,Cookies,Snacks & Munchies,Raj and Sons,357.42,549.88,35.0,90,22,50,357.42,125.097
4432235479,243235,1,109.03,Cat Food,Pet Care,Batta Inc,109.03,167.74,35.0,365,14,71,109.03,38.1605
6951956244,473929,2,440.19,Carrots,Fruits & Vegetables,"Bhardwaj, Bhatia and Deshmukh",440.19,586.92,25.0,3,19,70,880.38,220.095
378485826,555121,1,354.91,Carrots,Fruits & Vegetables,"Subramanian, Chaudhuri and Dora",354.91,473.21,25.0,3,30,67,354.91,88.7275
8982211913,992178,1,632.43,Pain Reliever,Pharmacy,Basu and Sons,632.43,790.54,20.0,365,16,89,632.43,126.48599999999999
6487868576,726958,3,887.48,Cat Food,Pet Care,Doctor-Patla,887.48,1365.35,35.0,365,18,79,2662.44,931.8539999999999
2973502797,51036,2,931.61,Baby Food,Baby Care,Karnik PLC,931.61,1330.87,30.0,365,12,86,1863.22,558.966
4105022903,726958,3,887.48,Cat Food,Pet Care,Doctor-Patla,887.48,1365.35,35.0,365,18,79,2662.44,931.8539999999999
3668828731,34200,1,319.8,Lotion,Personal Care,Munshi-Grewal,319.8,492.0,35.0,365,19,75,319.8,111.92999999999999
8644734267,659290,1,319.34,Cheese,Dairy & Breakfast,Kapadia-D’Alia,319.34,399.17,20.0,7,18,66,319.34,63.867999999999995
3757871565,847349,2,781.08,Potatoes,Fruits & Vegetables,Chhabra-Agrawal,781.08,1041.44,25.0,3,26,69,1562.16,390.54
5770510806,306177,3,769.24,Frozen Biryani,Instant & Frozen Food,Som Inc,769.24,1282.07,40.0,180,11,54,2307.7200000000003,923.0880000000002
4514836077,739448,2,755.66,Dish Soap,Household Care,Mand-Choudhry,755.66,1007.55,25.0,365,24,79,1511.32,377.83
5927852227,51036,2,931.61,Baby Food,Baby Care,Karnik PLC,931.61,1330.87,30.0,365,12,86,1863.22,558.966
350719542,555121,2,354.91,Carrots,Fruits & Vegetables,"Subramanian, Chaudhuri and Dora",354.91,473.21,25.0,3,30,67,709.82,177.455
868288823,962591,3,130.01,Orange Juice,Cold Drinks & Juices,Murthy-Kaul,130.01,185.73,30.0,180,24,74,390.03,117.00899999999999
7199670826,491521,1,556.35,Nuts,Snacks & Munchies,Karpe Inc,556.35,855.92,35.0,90,28,98,556.35,194.7225
3091948113,336847,2,936.98,Toilet Cleaner,Household Care,"Dayal, Mammen and More",936.98,1249.31,25.0,365,17,55,1873.96,468.49
5793742966,361361,3,826.21,Biscuits,Snacks & Munchies,"Kunda, Dave and Sahni",826.21,1271.09,35.0,90,20,64,2478.63,867.5205
7347109009,992178,2,632.43,Pain Reliever,Pharmacy,Basu and Sons,632.43,790.54,20.0,365,16,89,1264.86,252.97199999999998
7078912146,837480,3,217.4,Cough Syrup,Pharmacy,Edwin and Sons,217.4,271.75,20.0,365,22,82,652.2,130.44000000000003
2480856222,107548,1,891.6,Cola,Cold Drinks & Juices,"Bhandari, Bhasin and Palan",891.6,1273.71,30.0,180,27,53,891.6,267.48
281421547,760684,2,71.6,Rice,Grocery & Staples,Kanda-Gupta,71.6,84.24,15.0,365,14,64,143.2,21.479999999999997
5226963306,564692,2,215.65,Cat Food,Pet Care,"Krishna, Bail and Dyal",215.65,331.77,35.0,365,25,82,431.3,150.95499999999998
7316642056,684939,3,727.95,Lotion,Personal Care,"Sibal, Bhatnagar and Rajan",727.95,1119.92,35.0,365,22,50,2183.8500000000004,764.3475000000001
8997415290,883013,2,989.88,Eggs,Dairy & Breakfast,Chahal Group,989.88,1237.35,20.0,7,13,98,1979.76,395.952
6737025662,848226,1,209.59,Tomatoes,Fruits & Vegetables,Barad and Sons,209.59,279.45,25.0,3,10,51,209.59,52.3975
8395290763,291238,1,746.03,Chocolates,Snacks & Munchies,"Sinha, Pau and Chhabra",746.03,1147.74,35.0,90,16,68,746.03,261.1105
7261119579,690565,1,951.27,Cookies,Snacks & Munchies,"Roy, Seth and Patla",951.27,1463.49,35.0,90,15,56,951.27,332.94449999999995
9938037878,298985,3,183.76,Vitamins,Pharmacy,"Ramanathan, Joshi and Srinivasan",183.76,229.7,20.0,365,11,61,551.28,110.256
7154987905,871592,1,870.29,Carrots,Fruits & Vegetables,"Shankar, Nadkarni and Kumer",870.29,1160.39,25.0,3,25,50,870.29,217.5725
3605534244,373536,2,494.17,Dog Food,Pet Care,Chauhan-Sabharwal,494.17,760.26,35.0,365,14,64,988.34,345.919
5626601040,53833,2,134.69,Rice,Grocery & Staples,Tella-Master,134.69,158.46,15.0,365,26,89,269.38,40.407
2577064886,478531,1,825.46,Carrots,Fruits & Vegetables,Uppal Group,825.46,1100.61,25.0,3,24,90,825.46,206.365
2561362173,243235,2,109.03,Cat Food,Pet Care,Batta Inc,109.03,167.74,35.0,365,14,71,218.06,76.321
2793120553,397973,1,728.73,Bananas,Fruits & Vegetables,"Wable, Randhawa and Mutti",728.73,971.64,25.0,3,27,82,728.73,182.1825
4476563699,153019,2,947.95,Onions,Fruits & Vegetables,Aurora LLC,947.95,1263.93,25.0,3,13,88,1895.9,473.975
1580021952,327290,3,862.28,Sugar,Grocery & Staples,Nadkarni Inc,862.28,1014.45,15.0,365,22,65,2586.84,388.026
7263454149,739534,3,994.56,Toilet Cleaner,Household Care,"Gera, Narang and Karpe",994.56,1326.08,25.0,365,14,59,2983.68,745.92
4371924002,537274,2,702.71,Pet Treats,Pet Care,Lal-Chauhan,702.71,1081.09,35.0,365,17,67,1405.42,491.897
2955277471,120532,2,697.53,Wheat Flour,Grocery & Staples,Nazareth Ltd,697.53,820.62,15.0,365,29,95,1395.06,209.259
9445490338,94225,3,77.11,Toilet Cleaner,Household Care,"Gulati, Ram and Sarkar",77.11,102.81,25.0,365,13,70,231.32999999999998,57.832499999999996
2668915104,690565,1,951.27,Cookies,Snacks & Munchies,"Roy, Seth and Patla",951.27,1463.49,35.0,90,15,56,951.27,332.94449999999995
1045621584,669378,3,212.14,Potatoes,Fruits & Vegetables,Chadha and Sons,212.14,282.85,25.0,3,23,70,636.42,159.105
4550545705,136533,3,826.21,Eggs,Dairy & Breakfast,"Raghavan, Magar and Shanker",826.21,1032.76,20.0,7,15,75,2478.63,495.72600000000006
3373390154,240179,2,90.56,Cough Syrup,Pharmacy,Ram-Suri,90.56,113.2,20.0,365,20,56,181.12,36.224000000000004
5142985961,644847,3,622.81,Salt,Grocery & Staples,"Jhaveri, Kata and Kapur",622.81,732.72,15.0,365,24,52,1868.4299999999998,280.26449999999994
649220272,883013,2,989.88,Eggs,Dairy & Breakfast,Chahal Group,989.88,1237.35,20.0,7,13,98,1979.76,395.952
5023958886,337168,1,545.49,Eggs,Dairy & Breakfast,Dasgupta PLC,545.49,681.86,20.0,7,25,98,545.49,109.09800000000001
9993542681,880510,1,951.43,Bread,Dairy & Breakfast,Roy-Char,951.43,1189.29,20.0,7,29,54,951.43,190.286
4380367305,952168,1,236.95,Popcorn,Snacks & Munchies,"Krishnamurthy, Sibal and Das",236.95,364.54,35.0,90,28,79,236.95,82.93249999999999
3626113485,863930,2,242.57,Shampoo,Personal Care,"Sathe, Agarwal and Dhar",242.57,373.18,35.0,365,26,72,485.14,169.79899999999998
4399099668,354409,1,325.08,Pulses,Grocery & Staples,Bose-Pandit,325.08,382.45,15.0,365,24,60,325.08,48.76199999999999
3760880745,723678,1,675.46,Dog Food,Pet Care,"Lall, Datta and Swamy",675.46,1039.17,35.0,365,14,97,675.46,236.411
1803155516,378287,2,332.84,Lemonade,Cold Drinks & Juices,Ramesh-Jain,332.84,475.49,30.0,180,22,51,665.68,199.70399999999998
4413782983,799459,3,852.02,Vitamins,Pharmacy,"Garg, Kari and Kapur",852.02,1065.02,20.0,365,29,66,2556.06,511.212
6766424456,721521,1,417.39,Rice,Grocery & Staples,"Ramanathan, Agarwal and Baria",417.39,491.05,15.0,365,20,72,417.39,62.60849999999999
8701531535,219598,3,367.08,Shampoo,Personal Care,Arora-Magar,367.08,564.74,35.0,365,28,83,1101.24,385.43399999999997
3961971562,707935,2,820.9,Cat Food,Pet Care,"Anne, Mammen and Khatri",820.9,1262.92,35.0,365,30,97,1641.8,574.63
1337510774,848226,1,209.59,Tomatoes,Fruits & Vegetables,Barad and Sons,209.59,279.45,25.0,3,10,51,209.59,52.3975
8859147707,123983,1,785.67,Cough Syrup,Pharmacy,Kurian-Chhabra,785.67,982.09,20.0,365,25,72,785.67,157.13400000000001
5850669672,611575,2,482.06,Frozen Pizza,Instant & Frozen Food,"Bhat, Nigam and Hayer",482.06,803.43,40.0,180,25,87,964.12,385.648
1183906926,706112,2,478.79,Vitamins,Pharmacy,"Magar, Gara and Garg",478.79,598.49,20.0,365,12,77,957.58,191.51600000000002
6277509652,942001,3,671.55,Cat Food,Pet Care,Acharya Ltd,671.55,1033.15,35.0,365,20,84,2014.6499999999999,705.1274999999999
72748189,36412,3,397.68,Dish Soap,Household Care,Muni-Shankar,397.68,530.24,25.0,365,27,92,1193.04,298.26
3164922639,537274,3,702.71,Pet Treats,Pet Care,Lal-Chauhan,702.71,1081.09,35.0,365,17,67,2108.13,737.8455
1768504415,762527,3,690.08,Biscuits,Snacks & Munchies,"Chad, Yohannan and Chopra",690.08,1061.66,35.0,90,23,71,2070.2400000000002,724.5840000000001
8173155169,140489,1,650.2,Soap,Personal Care,"Biswas, Kapoor and Patel",650.2,1000.31,35.0,365,28,95,650.2,227.57
6164820061,237083,2,577.13,Cough Syrup,Pharmacy,Hayer-Banerjee,577.13,721.41,20.0,365,24,86,1154.26,230.852
768283559,771228,3,83.18,Pet Treats,Pet Care,Raja and Sons,83.18,127.97,35.0,365,25,73,249.54000000000002,87.339
5091744424,328457,1,858.57,Mango Drink,Cold Drinks & Juices,Hayre-Shere,858.57,1226.53,30.0,180,12,76,858.57,257.571
932482893,481843,1,297.68,Chocolates,Snacks & Munchies,"Taneja, Kala and Kota",297.68,457.97,35.0,90,10,88,297.68,104.188
4588148640,136533,3,826.21,Eggs,Dairy & Breakfast,"Raghavan, Magar and Shanker",826.21,1032.76,20.0,7,15,75,2478.63,495.72600000000006
8120457107,365133,2,915.45,Dish Soap,Household Care,Hans Inc,915.45,1220.6,25.0,365,25,60,1830.9,457.725
6107471725,859361,1,432.39,Shampoo,Personal Care,Mitter Group,432.39,665.22,35.0,365,25,77,432.39,151.33649999999997
7001417958,714999,2,882.51,Bread,Dairy & Breakfast,Kala Group,882.51,1103.14,20.0,7,27,81,1765.02,353.004
7983443604,124290,3,39.65,Lotion,Personal Care,Sachdev Group,39.65,61.0,35.0,365,23,71,118.94999999999999,41.63249999999999
3057907418,757274,2,98.32,Pet Treats,Pet Care,"Minhas, Kapoor and Sethi",98.32,151.26,35.0,365,27,95,196.64,68.82399999999998
3312147996,890232,3,432.0,Mango Drink,Cold Drinks & Juices,Jha Group,432.0,617.14,30.0,180,20,91,1296.0,388.8
6822269883,901144,3,340.36,Sugar,Grocery & Staples,Deo-Kamdar,340.36,400.42,15.0,365,12,71,1021.08,153.162
5004539711,451933,1,568.94,Wheat Flour,Grocery & Staples,Nadig Ltd,568.94,669.34,15.0,365,28,98,568.94,85.34100000000001
2426015858,487931,3,709.08,Sugar,Grocery & Staples,"Bahl, Jaggi and Nath",709.08,834.21,15.0,365,27,68,2127.2400000000002,319.086
4415332793,114414,1,832.06,Vitamins,Pharmacy,Kara-Golla,832.06,1040.07,20.0,365,26,66,832.06,166.412
1256813796,589812,3,163.03,Detergent,Household Care,Bir PLC,163.03,217.37,25.0,365,22,52,489.09000000000003,122.27250000000001
633633688,490939,2,80.25,Lotion,Personal Care,"Roy, Barad and De",80.25,123.46,35.0,365,12,67,160.5,56.175
8311814996,112390,3,877.98,Toothpaste,Personal Care,"Kibe, Contractor and Randhawa",877.98,1350.74,35.0,365,23,85,2633.94,921.8789999999999
1441735184,365132,3,229.38,Instant Noodles,Instant & Frozen Food,Dar-Kumar,229.38,382.3,40.0,180,19,70,688.14,275.25600000000003
1525742840,324809,3,608.0,Bread,Dairy & Breakfast,Sidhu PLC,608.0,760.0,20.0,7,26,76,1824.0,364.8
1947080315,883013,2,989.88,Eggs,Dairy & Breakfast,Chahal Group,989.88,1237.35,20.0,7,13,98,1979.76,395.952
5682081545,847349,3,781.08,Potatoes,Fruits & Vegetables,Chhabra-Agrawal,781.08,1041.44,25.0,3,26,69,2343.2400000000002,585.8100000000001
8100817128,623234,1,329.79,Frozen Biryani,Instant & Frozen Food,Chakrabarti-Batra,329.79,549.65,40.0,180,13,72,329.79,131.91600000000003
6051792089,767398,2,22.14,Dish Soap,Household Care,"Arya, Sundaram and Pingle",22.14,29.52,25.0,365,15,57,44.28,11.07
1158173915,451812,2,530.85,Pain Reliever,Pharmacy,"Batra, Sant and Mandal",530.85,663.56,20.0,365,29,63,1061.7,212.34000000000003
266072469,432617,3,863.18,Baby Wipes,Baby Care,Dora-Pillai,863.18,1233.11,30.0,365,17,97,2589.54,776.862
2529883737,760828,2,563.45,Pet Treats,Pet Care,"Khurana, Khosla and Yohannan",563.45,866.85,35.0,365,23,93,1126.9,394.415
9090089969,552883,1,888.16,Potatoes,Fruits & Vegetables,"Balan, Patel and Mall",888.16,1184.21,25.0,3,18,94,888.16,222.04
7102272749,592784,1,280.35,Biscuits,Snacks & Munchies,"Andra, Mander and Kari",280.35,431.31,35.0,90,27,64,280.35,98.1225
4948925080,328457,2,858.57,Mango Drink,Cold Drinks & Juices,Hayre-Shere,858.57,1226.53,30.0,180,12,76,1717.14,515.142
9463013186,654297,3,13.25,Potatoes,Fruits & Vegetables,Chandran-Dass,13.25,17.67,25.0,3,20,86,39.75,9.9375
5581013292,578097,1,267.61,Nuts,Snacks & Munchies,Jha Group,267.61,411.71,35.0,90,22,75,267.61,93.6635
7009619835,67197,2,552.2,Butter,Dairy & Breakfast,Shetty-Bora,552.2,690.25,20.0,7,20,79,1104.4,220.88000000000002
9177283950,124290,3,39.65,Lotion,Personal Care,Sachdev Group,39.65,61.0,35.0,365,23,71,118.94999999999999,41.63249999999999
9359187866,833557,2,422.87,Cereal,Dairy & Breakfast,"Gole, Chand and Dada",422.87,528.59,20.0,7,27,69,845.74,169.14800000000002
1524480475,930284,1,189.47,Baby Food,Baby Care,"Garg, Saraf and Dutta",189.47,270.67,30.0,365,20,58,189.47,56.841
3829990099,435929,3,856.89,Toilet Cleaner,Household Care,Memon Ltd,856.89,1142.52,25.0,365,13,71,2570.67,642.6675
1058609445,120532,2,697.53,Wheat Flour,Grocery & Staples,Nazareth Ltd,697.53,820.62,15.0,365,29,95,1395.06,209.259
1022764286,942001,1,671.55,Cat Food,Pet Care,Acharya Ltd,671.55,1033.15,35.0,365,20,84,671.55,235.04249999999996
1913299658,324809,1,608.0,Bread,Dairy & Breakfast,Sidhu PLC,608.0,760.0,20.0,7,26,76,608.0,121.60000000000001
5305443623,930284,1,189.47,Baby Food,Baby Care,"Garg, Saraf and Dutta",189.47,270.67,30.0,365,20,58,189.47,56.841
4074369199,642612,3,517.03,Pet Treats,Pet Care,Pillay-Ahuja,517.03,795.43,35.0,365,16,57,1551.09,542.8815
9966404015,378230,2,166.42,Nuts,Snacks & Munchies,Kala-Vig,166.42,256.03,35.0,90,13,76,332.84,116.49399999999999
3192917514,667163,3,441.2,Orange Juice,Cold Drinks & Juices,Palla LLC,441.2,630.29,30.0,180,25,72,1323.6,397.08
1256718210,542300,2,255.35,Popcorn,Snacks & Munchies,Gulati-Tandon,255.35,392.85,35.0,90,11,66,510.7,178.74499999999998
6067839426,654297,3,13.25,Potatoes,Fruits & Vegetables,Chandran-Dass,13.25,17.67,25.0,3,20,86,39.75,9.9375
2254923956,647462,1,326.42,Lotion,Personal Care,"Balan, Samra and Sekhon",326.42,502.18,35.0,365,22,64,326.42,114.247
7367673526,587645,3,801.81,Vitamins,Pharmacy,"Sura, Pillay and Mammen",801.81,1002.26,20.0,365,18,90,2405.43,481.086
9467422683,659290,3,319.34,Cheese,Dairy & Breakfast,Kapadia-D’Alia,319.34,399.17,20.0,7,18,66,958.02,191.604
819853692,709916,3,33.76,Detergent,Household Care,Varkey LLC,33.76,45.01,25.0,365,30,88,101.28,25.32
3070834475,435929,3,856.89,Toilet Cleaner,Household Care,Memon Ltd,856.89,1142.52,25.0,365,13,71,2570.67,642.6675
3620552357,679865,1,347.91,Wheat Flour,Grocery & Staples,Memon-Barad,347.91,409.31,15.0,365,14,85,347.91,52.1865
5938542755,329351,1,310.87,Cheese,Dairy & Breakfast,"Lala, Kalita and Sathe",310.87,388.59,20.0,7,23,95,310.87,62.17400000000001
9315535975,697683,3,123.74,Toilet Cleaner,Household Care,"Murty, Varghese and Saxena",123.74,164.99,25.0,365,14,82,371.21999999999997,92.80499999999999
3547873471,880510,1,951.43,Bread,Dairy & Breakfast,Roy-Char,951.43,1189.29,20.0,7,29,54,951.43,190.286
6546999829,120532,2,697.53,Wheat Flour,Grocery & Staples,Nazareth Ltd,697.53,820.62,15.0,365,29,95,1395.06,209.259
9039495201,677169,3,261.03,Cough Syrup,Pharmacy,Char-Divan,261.03,326.29,20.0,365,12,77,783.0899999999999,156.618
99708985,760684,2,71.6,Rice,Grocery & Staples,Kanda-Gupta,71.6,84.24,15.0,365,14,64,143.2,21.479999999999997
6312811061,689769,2,46.62,Frozen Vegetables,Instant & Frozen Food,Kothari-Datta,46.62,77.7,40.0,180,17,51,93.24,37.296
3915885220,14145,1,630.84,Spinach,Fruits & Vegetables,"Thakur, Shah and Pingle",630.84,841.12,25.0,3,14,53,630.84,157.71
6654736751,853932,1,941.19,Baby Wipes,Baby Care,Ranganathan-Peri,941.19,1344.56,30.0,365,21,94,941.19,282.357
841915361,26060,2,342.94,Vitamins,Pharmacy,Shah and Sons,342.94,428.67,20.0,365,25,57,685.88,137.17600000000002
2543233800,833557,2,422.87,Cereal,Dairy & Breakfast,"Gole, Chand and Dada",422.87,528.59,20.0,7,27,69,845.74,169.14800000000002
5271947935,77308,1,223.27,Onions,Fruits & Vegetables,Ratta-Sagar,223.27,297.69,25.0,3,29,91,223.27,55.8175
6339554317,319388,3,657.8,Orange Juice,Cold Drinks & Juices,D’Alia-Dey,657.8,939.71,30.0,180,26,56,1973.3999999999999,592.02
1840475676,367391,1,939.55,Baby Wipes,Baby Care,Talwar and Sons,939.55,1342.21,30.0,365,18,52,939.55,281.86499999999995
6812031667,613942,1,545.0,Pet Treats,Pet Care,"Dyal, Saraf and Goel",545.0,838.46,35.0,365,28,72,545.0,190.75
3031698482,563740,2,96.33,Chips,Snacks & Munchies,Mann-Kapadia,96.33,148.2,35.0,90,20,61,192.66,67.431
7902025520,378676,1,881.42,Orange Juice,Cold Drinks & Juices,Baral-Kamdar,881.42,1259.17,30.0,180,19,65,881.42,264.426
1969446314,883013,2,989.88,Eggs,Dairy & Breakfast,Chahal Group,989.88,1237.35,20.0,7,13,98,1979.76,395.952
9949497098,566052,1,87.3,Pain Reliever,Pharmacy,"Apte, Soman and Raju",87.3,109.12,20.0,365,14,53,87.3,17.46
4572338018,256783,2,906.54,Pet Treats,Pet Care,"Basu, Thakur and Rege",906.54,1394.68,35.0,365,16,98,1813.08,634.578
2964153358,4452,1,169.88,Baby Wipes,Baby Care,Morar-Mistry,169.88,242.69,30.0,365,27,100,169.88,50.964
7642038633,41853,3,910.44,Curd,Dairy & Breakfast,Handa PLC,910.44,1138.05,20.0,7,14,92,2731.32,546.264
8208980848,26060,2,342.94,Vitamins,Pharmacy,Shah and Sons,342.94,428.67,20.0,365,25,57,685.88,137.17600000000002
3343789681,837480,1,217.4,Cough Syrup,Pharmacy,Edwin and Sons,217.4,271.75,20.0,365,22,82,217.4,43.480000000000004
9478305481,153019,2,947.95,Onions,Fruits & Vegetables,Aurora LLC,947.95,1263.93,25.0,3,13,88,1895.9,473.975
3475260976,642612,1,517.03,Pet Treats,Pet Care,Pillay-Ahuja,517.03,795.43,35.0,365,16,57,517.03,180.96049999999997
3665443705,585299,2,799.46,Pet Treats,Pet Care,"Sharma, Chandra and Prashad",799.46,1229.94,35.0,365,13,50,1598.92,559.622
673592541,952168,2,236.95,Popcorn,Snacks & Munchies,"Krishnamurthy, Sibal and Das",236.95,364.54,35.0,90,28,79,473.9,165.86499999999998
8074949320,328457,3,858.57,Mango Drink,Cold Drinks & Juices,Hayre-Shere,858.57,1226.53,30.0,180,12,76,2575.71,772.713
8056021378,240179,3,90.56,Cough Syrup,Pharmacy,Ram-Suri,90.56,113.2,20.0,365,20,56,271.68,54.336000000000006
2331582000,747801,1,277.76,Toilet Cleaner,Household Care,Saha-Vora,277.76,370.35,25.0,365,23,71,277.76,69.44
5844776722,305754,3,979.99,Frozen Vegetables,Instant & Frozen Food,Mammen-Hegde,979.99,1633.32,40.0,180,22,81,2939.9700000000003,1175.988
8426465860,542300,2,255.35,Popcorn,Snacks & Munchies,Gulati-Tandon,255.35,392.85,35.0,90,11,66,510.7,178.74499999999998
9057555029,757274,2,98.32,Pet Treats,Pet Care,"Minhas, Kapoor and Sethi",98.32,151.26,35.0,365,27,95,196.64,68.82399999999998
2210486526,397973,1,728.73,Bananas,Fruits & Vegetables,"Wable, Randhawa and Mutti",728.73,971.64,25.0,3,27,82,728.73,182.1825
6421432903,993331,2,102.44,Pulses,Grocery & Staples,"Parmer, Gola and Yogi",102.44,120.52,15.0,365,28,86,204.88,30.732
3562901354,298985,2,183.76,Vitamins,Pharmacy,"Ramanathan, Joshi and Srinivasan",183.76,229.7,20.0,365,11,61,367.52,73.504
8194268842,455083,1,959.01,Butter,Dairy & Breakfast,Dutta Inc,959.01,1198.76,20.0,7,29,63,959.01,191.80200000000002
7524467684,925482,2,475.04,Frozen Biryani,Instant & Frozen Food,Viswanathan-Sha,475.04,791.73,40.0,180,23,66,950.08,380.03200000000004
1254195766,690565,2,951.27,Cookies,Snacks & Munchies,"Roy, Seth and Patla",951.27,1463.49,35.0,90,15,56,1902.54,665.8889999999999
6476646153,880510,1,951.43,Bread,Dairy & Breakfast,Roy-Char,951.43,1189.29,20.0,7,29,54,951.43,190.286
8278568103,478531,3,825.46,Carrots,Fruits & Vegetables,Uppal Group,825.46,1100.61,25.0,3,24,90,2476.38,619.095
8589621333,839170,1,481.63,Curd,Dairy & Breakfast,Shetty and Sons,481.63,602.04,20.0,7,11,59,481.63,96.32600000000001
8531683720,34200,2,319.8,Lotion,Personal Care,Munshi-Grewal,319.8,492.0,35.0,365,19,75,639.6,223.85999999999999
327291657,317242,1,198.15,Pulses,Grocery & Staples,Rastogi Group,198.15,233.12,15.0,365,22,63,198.15,29.7225
6159164139,563740,1,96.33,Chips,Snacks & Munchies,Mann-Kapadia,96.33,148.2,35.0,90,20,61,96.33,33.7155
8029863164,376447,3,724.84,Butter,Dairy & Breakfast,Gara and Sons,724.84,906.05,20.0,7,17,64,2174.52,434.904
9387824629,367391,3,939.55,Baby Wipes,Baby Care,Talwar and Sons,939.55,1342.21,30.0,365,18,52,2818.6499999999996,845.5949999999999
3289836195,942001,2,671.55,Cat Food,Pet Care,Acharya Ltd,671.55,1033.15,35.0,365,20,84,1343.1,470.0849999999999
5001931575,449106,1,48.55,Soap,Personal Care,"Shere, Thakur and Naik",48.55,74.69,35.0,365,30,95,48.55,16.992499999999996
7258292820,540618,2,317.05,Popcorn,Snacks & Munchies,Golla-Luthra,317.05,487.77,35.0,90,28,87,634.1,221.935
4924862857,961614,2,227.22,Chocolates,Snacks & Munchies,Goda Inc,227.22,349.57,35.0,90,26,99,454.44,159.054
8666314034,962591,1,130.01,Orange Juice,Cold Drinks & Juices,Murthy-Kaul,130.01,185.73,30.0,180,24,74,130.01,39.00299999999999
6775326324,592784,3,280.35,Biscuits,Snacks & Munchies,"Andra, Mander and Kari",280.35,431.31,35.0,90,27,64,841.0500000000001,294.3675
6092636899,739534,2,994.56,Toilet Cleaner,Household Care,"Gera, Narang and Karpe",994.56,1326.08,25.0,365,14,59,1989.12,497.28
4115558056,39154,2,946.86,Mangoes,Fruits & Vegetables,"Suresh, Bose and Bajwa",946.86,1262.48,25.0,3,21,84,1893.72,473.43
2352136184,328457,1,858.57,Mango Drink,Cold Drinks & Juices,Hayre-Shere,858.57,1226.53,30.0,180,12,76,858.57,257.571
1706445141,146840,1,786.85,Bread,Dairy & Breakfast,"Bains, Deol and Vaidya",786.85,983.56,20.0,7,19,89,786.85,157.37
9000165912,60619,2,726.41,Iced Tea,Cold Drinks & Juices,Bhasin LLC,726.41,1037.73,30.0,180,10,97,1452.82,435.84599999999995
7457305850,300159,2,44.35,Cola,Cold Drinks & Juices,"Basu, Rout and Mistry",44.35,63.36,30.0,180,20,93,88.7,26.61
9685973820,654623,1,422.14,Chips,Snacks & Munchies,Pradhan and Sons,422.14,649.45,35.0,90,18,76,422.14,147.749
168067196,563740,1,96.33,Chips,Snacks & Munchies,Mann-Kapadia,96.33,148.2,35.0,90,20,61,96.33,33.7155
6105240201,432617,3,863.18,Baby Wipes,Baby Care,Dora-Pillai,863.18,1233.11,30.0,365,17,97,2589.54,776.862
1888247163,709916,2,33.76,Detergent,Household Care,Varkey LLC,33.76,45.01,25.0,365,30,88,67.52,16.88
7145162326,859361,3,432.39,Shampoo,Personal Care,Mitter Group,432.39,665.22,35.0,365,25,77,1297.17,454.0095
7611231659,272170,2,140.8,Ice Cream,Instant & Frozen Food,Purohit Group,140.8,234.67,40.0,180,10,92,281.6,112.64000000000001
4508784747,120385,3,597.91,Pet Treats,Pet Care,Dubey-Sarin,597.91,919.86,35.0,365,28,73,1793.73,627.8054999999999
2567590825,112390,1,877.98,Toothpaste,Personal Care,"Kibe, Contractor and Randhawa",877.98,1350.74,35.0,365,23,85,877.98,307.293
9255982861,540618,3,317.05,Popcorn,Snacks & Munchies,Golla-Luthra,317.05,487.77,35.0,90,28,87,951.1500000000001,332.90250000000003
4102063254,525531,1,831.1,Dog Food,Pet Care,Sandal PLC,831.1,1278.62,35.0,365,28,65,831.1,290.885
7373931740,51036,2,931.61,Baby Food,Baby Care,Karnik PLC,931.61,1330.87,30.0,365,12,86,1863.22,558.966
5682816404,140489,2,650.2,Soap,Personal Care,"Biswas, Kapoor and Patel",650.2,1000.31,35.0,365,28,95,1300.4,455.14
544018743,611575,1,482.06,Frozen Pizza,Instant & Frozen Food,"Bhat, Nigam and Hayer",482.06,803.43,40.0,180,25,87,482.06,192.824
3292929952,378230,2,166.42,Nuts,Snacks & Munchies,Kala-Vig,166.42,256.03,35.0,90,13,76,332.84,116.49399999999999
9144790321,140154,2,171.2,Shampoo,Personal Care,Malhotra LLC,171.2,263.38,35.0,365,24,59,342.4,119.83999999999999
9075991438,444361,3,822.63,Pain Reliever,Pharmacy,"Prakash, Bawa and Kale",822.63,1028.29,20.0,365,20,71,2467.89,493.578
3634813810,9436,3,88.43,Toothpaste,Personal Care,Naidu PLC,88.43,136.05,35.0,365,19,76,265.29,92.8515
8250406975,473647,3,43.05,Toothpaste,Personal Care,Ben-Ravi,43.05,66.23,35.0,365,18,82,129.14999999999998,45.202499999999986
5877618756,969851,3,340.66,Frozen Vegetables,Instant & Frozen Food,"Kara, Sodhi and Bassi",340.66,567.77,40.0,180,27,64,1021.98,408.79200000000003
2419292139,328457,1,858.57,Mango Drink,Cold Drinks & Juices,Hayre-Shere,858.57,1226.53,30.0,180,12,76,858.57,257.571
9547123332,901144,3,340.36,Sugar,Grocery & Staples,Deo-Kamdar,340.36,400.42,15.0,365,12,71,1021.08,153.162
6968636396,324809,3,608.0,Bread,Dairy & Breakfast,Sidhu PLC,608.0,760.0,20.0,7,26,76,1824.0,364.8
5247557644,473647,1,43.05,Toothpaste,Personal Care,Ben-Ravi,43.05,66.23,35.0,365,18,82,43.05,15.067499999999997
7731193394,891833,2,493.19,Curd,Dairy & Breakfast,Mani PLC,493.19,616.49,20.0,7,11,69,986.38,197.276
6048321120,925482,3,475.04,Frozen Biryani,Instant & Frozen Food,Viswanathan-Sha,475.04,791.73,40.0,180,23,66,1425.1200000000001,570.0480000000001
8494582006,51036,3,931.61,Baby Food,Baby Care,Karnik PLC,931.61,1330.87,30.0,365,12,86,2794.83,838.449
5600781757,112390,3,877.98,Toothpaste,Personal Care,"Kibe, Contractor and Randhawa",877.98,1350.74,35.0,365,23,85,2633.94,921.8789999999999
495091707,378287,1,332.84,Lemonade,Cold Drinks & Juices,Ramesh-Jain,332.84,475.49,30.0,180,22,51,332.84,99.85199999999999
3239613823,647462,1,326.42,Lotion,Personal Care,"Balan, Samra and Sekhon",326.42,502.18,35.0,365,22,64,326.42,114.247
3643352219,120532,3,697.53,Wheat Flour,Grocery & Staples,Nazareth Ltd,697.53,820.62,15.0,365,29,95,2092.59,313.8885
2051599638,4452,2,169.88,Baby Wipes,Baby Care,Morar-Mistry,169.88,242.69,30.0,365,27,100,339.76,101.928
3514859549,274207,2,328.51,Cough Syrup,Pharmacy,"Savant, Batta and Mander",328.51,410.64,20.0,365,25,51,657.02,131.404
3907599008,658389,2,152.55,Popcorn,Snacks & Munchies,"Chanda, Som and Vohra",152.55,234.69,35.0,90,22,68,305.1,106.785
1534993603,537274,1,702.71,Pet Treats,Pet Care,Lal-Chauhan,702.71,1081.09,35.0,365,17,67,702.71,245.9485
8980701254,219598,2,367.08,Shampoo,Personal Care,Arora-Magar,367.08,564.74,35.0,365,28,83,734.16,256.95599999999996
6695408903,34200,1,319.8,Lotion,Personal Care,Munshi-Grewal,319.8,492.0,35.0,365,19,75,319.8,111.92999999999999
3268455899,784827,1,274.25,Baby Wipes,Baby Care,Balakrishnan Ltd,274.25,391.79,30.0,365,26,77,274.25,82.27499999999999
7809161755,449106,1,48.55,Soap,Personal Care,"Shere, Thakur and Naik",48.55,74.69,35.0,365,30,95,48.55,16.992499999999996
8873697539,378287,2,332.84,Lemonade,Cold Drinks & Juices,Ramesh-Jain,332.84,475.49,30.0,180,22,51,665.68,199.70399999999998
8603941640,818522,1,96.09,Cheese,Dairy & Breakfast,Hora-Roy,96.09,120.11,20.0,7,12,90,96.09,19.218000000000004
8308184279,799459,1,852.02,Vitamins,Pharmacy,"Garg, Kari and Kapur",852.02,1065.02,20.0,365,29,66,852.02,170.404
7572826287,839170,2,481.63,Curd,Dairy & Breakfast,Shetty and Sons,481.63,602.04,20.0,7,11,59,963.26,192.65200000000002
7478396641,555121,1,354.91,Carrots,Fruits & Vegetables,"Subramanian, Chaudhuri and Dora",354.91,473.21,25.0,3,30,67,354.91,88.7275
3569283921,183929,3,738.74,Bread,Dairy & Breakfast,"Nagi, Sampath and Khurana",738.74,923.42,20.0,7,20,73,2216.2200000000003,443.2440000000001
9947619677,689769,2,46.62,Frozen Vegetables,Instant & Frozen Food,Kothari-Datta,46.62,77.7,40.0,180,17,51,93.24,37.296
5396237918,901144,1,340.36,Sugar,Grocery & Staples,Deo-Kamdar,340.36,400.42,15.0,365,12,71,340.36,51.054
455878765,194682,3,912.29,Iced Tea,Cold Drinks & Juices,Sastry-Issac,912.29,1303.27,30.0,180,11,86,2736.87,821.0609999999999
2079195080,444361,3,822.63,Pain Reliever,Pharmacy,"Prakash, Bawa and Kale",822.63,1028.29,20.0,365,20,71,2467.89,493.578
6104211214,913428,3,392.22,Pet Treats,Pet Care,Narayanan-Kumar,392.22,603.42,35.0,365,30,98,1176.66,411.831
9442939134,723678,1,675.46,Dog Food,Pet Care,"Lall, Datta and Swamy",675.46,1039.17,35.0,365,14,97,675.46,236.411
3317293496,187399,3,53.49,Frozen Pizza,Instant & Frozen Food,Chauhan Inc,53.49,89.15,40.0,180,14,73,160.47,64.188
8243326501,968887,1,40.7,Dish Soap,Household Care,Keer-Gill,40.7,54.27,25.0,365,18,92,40.7,10.175
4109483569,669378,3,212.14,Potatoes,Fruits & Vegetables,Chadha and Sons,212.14,282.85,25.0,3,23,70,636.42,159.105
5390352336,847349,1,781.08,Potatoes,Fruits & Vegetables,Chhabra-Agrawal,781.08,1041.44,25.0,3,26,69,781.08,195.27
2581584982,953175,2,225.21,Baby Food,Baby Care,Sehgal-Nagarajan,225.21,321.73,30.0,365,11,73,450.42,135.126
1668737869,183929,1,738.74,Bread,Dairy & Breakfast,"Nagi, Sampath and Khurana",738.74,923.42,20.0,7,20,73,738.74,147.74800000000002
5046906329,36412,2,397.68,Dish Soap,Household Care,Muni-Shankar,397.68,530.24,25.0,365,27,92,795.36,198.84
2536833157,654623,1,422.14,Chips,Snacks & Munchies,Pradhan and Sons,422.14,649.45,35.0,90,18,76,422.14,147.749
9176170352,954722,3,616.45,Ice Cream,Instant & Frozen Food,Mohan-Virk,616.45,1027.42,40.0,180,11,58,1849.3500000000001,739.7400000000001
833930925,18035,3,968.94,Dish Soap,Household Care,Ramesh Inc,968.94,1291.92,25.0,365,12,87,2906.82,726.705
8515226099,679865,3,347.91,Wheat Flour,Grocery & Staples,Memon-Barad,347.91,409.31,15.0,365,14,85,1043.73,156.55949999999999
2023020278,433521,1,321.33,Diapers,Baby Care,Mahal Group,321.33,459.04,30.0,365,27,58,321.33,96.39899999999999
2840526544,15314,1,578.85,Cheese,Dairy & Breakfast,Banik-Ratta,578.85,723.56,20.0,7,30,91,578.85,115.77000000000001
7267422945,762527,1,690.08,Biscuits,Snacks & Munchies,"Chad, Yohannan and Chopra",690.08,1061.66,35.0,90,23,71,690.08,241.528
9400777426,473929,3,440.19,Carrots,Fruits & Vegetables,"Bhardwaj, Bhatia and Deshmukh",440.19,586.92,25.0,3,19,70,1320.57,330.1425
3298603544,462526,2,449.97,Curd,Dairy & Breakfast,Pau and Sons,449.97,562.46,20.0,7,25,69,899.94,179.98800000000003
4479973293,962054,3,16.86,Orange Juice,Cold Drinks & Juices,Toor-Nagar,16.86,24.09,30.0,180,11,74,50.58,15.174
356236208,365133,1,915.45,Dish Soap,Household Care,Hans Inc,915.45,1220.6,25.0,365,25,60,915.45,228.8625
6699845542,700048,1,141.28,Dish Soap,Household Care,Khalsa-Bhavsar,141.28,188.37,25.0,365,25,98,141.28,35.32
3106057977,287070,2,443.17,Wheat Flour,Grocery & Staples,"Gala, Magar and Rajagopal",443.17,521.38,15.0,365,20,93,886.34,132.951
1905367587,799459,1,852.02,Vitamins,Pharmacy,"Garg, Kari and Kapur",852.02,1065.02,20.0,365,29,66,852.02,170.404
169590729,897083,1,972.69,Detergent,Household Care,Dutta-Halder,972.69,1296.92,25.0,365,10,100,972.69,243.1725
9820743709,435929,2,856.89,Toilet Cleaner,Household Care,Memon Ltd,856.89,1142.52,25.0,365,13,71,1713.78,428.445
6605882211,462526,2,449.97,Curd,Dairy & Breakfast,Pau and Sons,449.97,562.46,20.0,7,25,69,899.94,179.98800000000003
9517765444,847349,3,781.08,Potatoes,Fruits & Vegetables,Chhabra-Agrawal,781.08,1041.44,25.0,3,26,69,2343.2400000000002,585.8100000000001
7766311749,228286,2,179.08,Cola,Cold Drinks & Juices,Bhattacharyya PLC,179.08,255.83,30.0,180,26,79,358.16,107.44800000000001
742238239,153019,1,947.95,Onions,Fruits & Vegetables,Aurora LLC,947.95,1263.93,25.0,3,13,88,947.95,236.9875
3146141485,385113,2,816.38,Lotion,Personal Care,"Sampath, Mane and Mody",816.38,1255.97,35.0,365,21,50,1632.76,571.466
6633702824,53833,1,134.69,Rice,Grocery & Staples,Tella-Master,134.69,158.46,15.0,365,26,89,134.69,20.2035
5033749011,672059,1,672.73,Toothpaste,Personal Care,Kaur-Gola,672.73,1034.97,35.0,365,25,81,672.73,235.4555
4009496217,692985,1,197.39,Pulses,Grocery & Staples,"Wable, Sankaran and Hari",197.39,232.22,15.0,365,30,86,197.39,29.608499999999996
4284473821,677542,2,212.61,Toilet Cleaner,Household Care,Thaman-Lanka,212.61,283.48,25.0,365,10,52,425.22,106.305
8860588793,378287,1,332.84,Lemonade,Cold Drinks & Juices,Ramesh-Jain,332.84,475.49,30.0,180,22,51,332.84,99.85199999999999
5305428485,890232,3,432.0,Mango Drink,Cold Drinks & Juices,Jha Group,432.0,617.14,30.0,180,20,91,1296.0,388.8
676278878,120532,2,697.53,Wheat Flour,Grocery & Staples,Nazareth Ltd,697.53,820.62,15.0,365,29,95,1395.06,209.259
9459854097,398340,3,651.93,Instant Noodles,Instant & Frozen Food,"Nadig, Zachariah and Soni",651.93,1086.55,40.0,180,11,56,1955.79,782.316
3895596621,681063,1,321.28,Mango Drink,Cold Drinks & Juices,Dass and Sons,321.28,458.97,30.0,180,20,91,321.28,96.38399999999999
7750915110,585299,3,799.46,Pet Treats,Pet Care,"Sharma, Chandra and Prashad",799.46,1229.94,35.0,365,13,50,2398.38,839.433
5173951989,968887,3,40.7,Dish Soap,Household Care,Keer-Gill,40.7,54.27,25.0,365,18,92,122.10000000000001,30.525000000000002
6388954643,600767,3,722.42,Toothpaste,Personal Care,Balan Group,722.42,1111.42,35.0,365,22,68,2167.2599999999998,758.5409999999998
5819387689,942001,3,671.55,Cat Food,Pet Care,Acharya Ltd,671.55,1033.15,35.0,365,20,84,2014.6499999999999,705.1274999999999
4184037584,901144,3,340.36,Sugar,Grocery & Staples,Deo-Kamdar,340.36,400.42,15.0,365,12,71,1021.08,153.162
9525140554,153019,3,947.95,Onions,Fruits & Vegetables,Aurora LLC,947.95,1263.93,25.0,3,13,88,2843.8500000000004,710.9625000000001
1617927874,365132,1,229.38,Instant Noodles,Instant & Frozen Food,Dar-Kumar,229.38,382.3,40.0,180,19,70,229.38,91.75200000000001
1543944105,818990,3,163.55,Tomatoes,Fruits & Vegetables,Dugar Group,163.55,218.07,25.0,3,22,92,490.65000000000003,122.66250000000001
341580530,706112,2,478.79,Vitamins,Pharmacy,"Magar, Gara and Garg",478.79,598.49,20.0,365,12,77,957.58,191.51600000000002
5133661902,937542,1,97.04,Wheat Flour,Grocery & Staples,Khurana and Sons,97.04,114.16,15.0,365,28,93,97.04,14.556000000000001
4557328309,690565,2,951.27,Cookies,Snacks & Munchies,"Roy, Seth and Patla",951.27,1463.49,35.0,90,15,56,1902.54,665.8889999999999
4479421205,890232,3,432.0,Mango Drink,Cold Drinks & Juices,Jha Group,432.0,617.14,30.0,180,20,91,1296.0,388.8
5740294639,799688,2,309.62,Lotion,Personal Care,Arora LLC,309.62,476.34,35.0,365,22,90,619.24,216.73399999999998
8114060961,803607,3,949.73,Soap,Personal Care,"Kadakia, Mohan and Sathe",949.73,1461.12,35.0,365,21,98,2849.19,997.2165
5744553133,373536,1,494.17,Dog Food,Pet Care,Chauhan-Sabharwal,494.17,760.26,35.0,365,14,64,494.17,172.9595
5029893308,771228,2,83.18,Pet Treats,Pet Care,Raja and Sons,83.18,127.97,35.0,365,25,73,166.36,58.226
9663384689,739534,1,994.56,Toilet Cleaner,Household Care,"Gera, Narang and Karpe",994.56,1326.08,25.0,365,14,59,994.56,248.64
7919240958,799459,2,852.02,Vitamins,Pharmacy,"Garg, Kari and Kapur",852.02,1065.02,20.0,365,29,66,1704.04,340.808
5211751826,15314,2,578.85,Cheese,Dairy & Breakfast,Banik-Ratta,578.85,723.56,20.0,7,30,91,1157.7,231.54000000000002
8713129069,470449,2,827.77,Frozen Biryani,Instant & Frozen Food,Kohli-Sawhney,827.77,1379.62,40.0,180,27,57,1655.54,662.216
1407304162,969851,3,340.66,Frozen Vegetables,Instant & Frozen Food,"Kara, Sodhi and Bassi",340.66,567.77,40.0,180,27,64,1021.98,408.79200000000003
3793875046,589812,2,163.03,Detergent,Household Care,Bir PLC,163.03,217.37,25.0,365,22,52,326.06,81.515
4903700958,131136,1,37.8,Salt,Grocery & Staples,Deshpande-Rama,37.8,44.47,15.0,365,29,95,37.8,5.669999999999999
1989547877,398340,3,651.93,Instant Noodles,Instant & Frozen Food,"Nadig, Zachariah and Soni",651.93,1086.55,40.0,180,11,56,1955.79,782.316
9584857115,361361,3,826.21,Biscuits,Snacks & Munchies,"Kunda, Dave and Sahni",826.21,1271.09,35.0,90,20,64,2478.63,867.5205
7236760938,712307,3,264.89,Orange Juice,Cold Drinks & Juices,Chana LLC,264.89,378.41,30.0,180,16,73,794.67,238.40099999999998
4346903287,444361,2,822.63,Pain Reliever,Pharmacy,"Prakash, Bawa and Kale",822.63,1028.29,20.0,365,20,71,1645.26,329.052
6353755071,319388,1,657.8,Orange Juice,Cold Drinks & Juices,D’Alia-Dey,657.8,939.71,30.0,180,26,56,657.8,197.33999999999997
89194627,897083,3,972.69,Detergent,Household Care,Dutta-Halder,972.69,1296.92,25.0,365,10,100,2918.07,729.5175
544919267,540618,2,317.05,Popcorn,Snacks & Munchies,Golla-Luthra,317.05,487.77,35.0,90,28,87,634.1,221.935
6665075012,433521,3,321.33,Diapers,Baby Care,Mahal Group,321.33,459.04,30.0,365,27,58,963.99,289.197
4461389660,739448,1,755.66,Dish Soap,Household Care,Mand-Choudhry,755.66,1007.55,25.0,365,24,79,755.66,188.915
8789328634,196719,2,217.5,Bananas,Fruits & Vegetables,Yogi Group,217.5,290.0,25.0,3,15,91,435.0,108.75
147066568,832348,2,831.43,Biscuits,Snacks & Munchies,Jani-Ram,831.43,1279.12,35.0,90,10,79,1662.86,582.001
6712947216,432617,1,863.18,Baby Wipes,Baby Care,Dora-Pillai,863.18,1233.11,30.0,365,17,97,863.18,258.95399999999995
4731158560,11422,2,127.16,Potatoes,Fruits & Vegetables,Ramaswamy-Tata,127.16,169.55,25.0,3,20,65,254.32,63.58
6228958238,623234,2,329.79,Frozen Biryani,Instant & Frozen Food,Chakrabarti-Batra,329.79,549.65,40.0,180,13,72,659.58,263.83200000000005
8006440384,490602,2,549.47,Sugar,Grocery & Staples,Raghavan Inc,549.47,646.44,15.0,365,20,71,1098.94,164.841
7330672658,604184,3,397.55,Toilet Cleaner,Household Care,"Gaba, Sodhi and Choudhary",397.55,530.07,25.0,365,24,84,1192.65,298.1625
1766200974,33955,1,186.08,Frozen Pizza,Instant & Frozen Food,Baral Group,186.08,310.13,40.0,180,29,84,186.08,74.432
2878422829,378676,2,881.42,Orange Juice,Cold Drinks & Juices,Baral-Kamdar,881.42,1259.17,30.0,180,19,65,1762.84,528.852
5862535621,642612,3,517.03,Pet Treats,Pet Care,Pillay-Ahuja,517.03,795.43,35.0,365,16,57,1551.09,542.8815
3781134163,491521,2,556.35,Nuts,Snacks & Munchies,Karpe Inc,556.35,855.92,35.0,90,28,98,1112.7,389.445
7835720444,451812,1,530.85,Pain Reliever,Pharmacy,"Batra, Sant and Mandal",530.85,663.56,20.0,365,29,63,530.85,106.17000000000002
1952343673,721521,3,417.39,Rice,Grocery & Staples,"Ramanathan, Agarwal and Baria",417.39,491.05,15.0,365,20,72,1252.17,187.8255
9406096007,692985,2,197.39,Pulses,Grocery & Staples,"Wable, Sankaran and Hari",197.39,232.22,15.0,365,30,86,394.78,59.21699999999999
1136528533,382511,2,702.54,Butter,Dairy & Breakfast,Bora-Thakkar,702.54,878.17,20.0,7,26,88,1405.08,281.016
9137126466,820973,1,114.52,Baby Wipes,Baby Care,Lall LLC,114.52,163.6,30.0,365,29,56,114.52,34.355999999999995
1495517558,914071,2,296.94,Chips,Snacks & Munchies,Datta Ltd,296.94,456.83,35.0,90,25,90,593.88,207.85799999999998
1643011737,677542,3,212.61,Toilet Cleaner,Household Care,Thaman-Lanka,212.61,283.48,25.0,365,10,52,637.83,159.4575
4067366774,532965,3,307.23,Frozen Pizza,Instant & Frozen Food,Sachdev Inc,307.23,512.05,40.0,180,20,94,921.69,368.67600000000004
1683118802,992178,3,632.43,Pain Reliever,Pharmacy,Basu and Sons,632.43,790.54,20.0,365,16,89,1897.29,379.458
5770514189,487065,3,374.68,Chips,Snacks & Munchies,Kadakia-Yadav,374.68,576.43,35.0,90,27,87,1124.04,393.414
9612669334,123983,2,785.67,Cough Syrup,Pharmacy,Kurian-Chhabra,785.67,982.09,20.0,365,25,72,1571.34,314.26800000000003
3262295808,146840,2,786.85,Bread,Dairy & Breakfast,"Bains, Deol and Vaidya",786.85,983.56,20.0,7,19,89,1573.7,314.74
1593291198,52729,2,316.02,Cat Food,Pet Care,Saini LLC,316.02,486.18,35.0,365,25,100,632.04,221.21399999999997
5327721432,490939,2,80.25,Lotion,Personal Care,"Roy, Barad and De",80.25,123.46,35.0,365,12,67,160.5,56.175
4879497185,67197,3,552.2,Butter,Dairy & Breakfast,Shetty-Bora,552.2,690.25,20.0,7,20,79,1656.6000000000001,331.32000000000005
6883107728,820541,3,576.22,Toilet Cleaner,Household Care,"Borde, Peri and Upadhyay",576.22,768.29,25.0,365,19,71,1728.66,432.165
1643246998,677169,3,261.03,Cough Syrup,Pharmacy,Char-Divan,261.03,326.29,20.0,365,12,77,783.0899999999999,156.618
913309291,313754,3,136.6,Biscuits,Snacks & Munchies,"Swaminathan, Mahal and Dara",136.6,210.15,35.0,90,25,67,409.79999999999995,143.42999999999998
8298829689,487065,2,374.68,Chips,Snacks & Munchies,Kadakia-Yadav,374.68,576.43,35.0,90,27,87,749.36,262.276
7155488252,587420,3,357.42,Cookies,Snacks & Munchies,Raj and Sons,357.42,549.88,35.0,90,22,50,1072.26,375.291
8316192789,131937,1,287.81,Frozen Pizza,Instant & Frozen Food,"Varkey, Devi and Ganguly",287.81,479.68,40.0,180,18,68,287.81,115.12400000000001
3589756658,382511,3,702.54,Butter,Dairy & Breakfast,Bora-Thakkar,702.54,878.17,20.0,7,26,88,2107.62,421.524
8371900149,542300,2,255.35,Popcorn,Snacks & Munchies,Gulati-Tandon,255.35,392.85,35.0,90,11,66,510.7,178.74499999999998
6659686612,991434,2,237.62,Cookies,Snacks & Munchies,Mital-Oza,237.62,365.57,35.0,90,12,87,475.24,166.334
2937676500,654623,2,422.14,Chips,Snacks & Munchies,Pradhan and Sons,422.14,649.45,35.0,90,18,76,844.28,295.498
9908301442,673058,1,765.76,Cough Syrup,Pharmacy,Balan-Madan,765.76,957.2,20.0,365,30,94,765.76,153.15200000000002
3325049330,461804,1,310.69,Sugar,Grocery & Staples,"Ghose, Ben and Divan",310.69,365.52,15.0,365,15,97,310.69,46.6035
2330986566,449106,3,48.55,Soap,Personal Care,"Shere, Thakur and Naik",48.55,74.69,35.0,365,30,95,145.64999999999998,50.97749999999999
1495975802,747801,2,277.76,Toilet Cleaner,Household Care,Saha-Vora,277.76,370.35,25.0,365,23,71,555.52,138.88
4207249029,432617,2,863.18,Baby Wipes,Baby Care,Dora-Pillai,863.18,1233.11,30.0,365,17,97,1726.36,517.9079999999999
1150143976,652118,2,22.04,Frozen Biryani,Instant & Frozen Food,Agate and Sons,22.04,36.73,40.0,180,19,55,44.08,17.632
8443390148,859361,1,432.39,Shampoo,Personal Care,Mitter Group,432.39,665.22,35.0,365,25,77,432.39,151.33649999999997
8358703267,317242,3,198.15,Pulses,Grocery & Staples,Rastogi Group,198.15,233.12,15.0,365,22,63,594.45,89.1675
1608084881,652118,1,22.04,Frozen Biryani,Instant & Frozen Food,Agate and Sons,22.04,36.73,40.0,180,19,55,22.04,8.816
2744486953,741341,1,923.84,Eggs,Dairy & Breakfast,Prasad LLC,923.84,1154.8,20.0,7,13,62,923.84,184.76800000000003
3036885153,913428,3,392.22,Pet Treats,Pet Care,Narayanan-Kumar,392.22,603.42,35.0,365,30,98,1176.66,411.831
7335148205,123983,3,785.67,Cough Syrup,Pharmacy,Kurian-Chhabra,785.67,982.09,20.0,365,25,72,2357.0099999999998,471.402
2356580295,336847,3,936.98,Toilet Cleaner,Household Care,"Dayal, Mammen and More",936.98,1249.31,25.0,365,17,55,2810.94,702.735
8999547266,952124,3,127.08,Onions,Fruits & Vegetables,"Wali, Sood and Bala",127.08,169.44,25.0,3,15,50,381.24,95.31
3094439783,689769,3,46.62,Frozen Vegetables,Instant & Frozen Food,Kothari-Datta,46.62,77.7,40.0,180,17,51,139.85999999999999,55.943999999999996
2753579193,120385,1,597.91,Pet Treats,Pet Care,Dubey-Sarin,597.91,919.86,35.0,365,28,73,597.91,209.2685
7683077217,183929,2,738.74,Bread,Dairy & Breakfast,"Nagi, Sampath and Khurana",738.74,923.42,20.0,7,20,73,1477.48,295.49600000000004
2366099898,433521,2,321.33,Diapers,Baby Care,Mahal Group,321.33,459.04,30.0,365,27,58,642.66,192.79799999999997
1252810532,186168,1,878.8,Dog Food,Pet Care,"Parekh, Lad and Kadakia",878.8,1352.0,35.0,365,13,75,878.8,307.58
6493039553,658389,2,152.55,Popcorn,Snacks & Munchies,"Chanda, Som and Vohra",152.55,234.69,35.0,90,22,68,305.1,106.785
9274842886,9436,2,88.43,Toothpaste,Personal Care,Naidu PLC,88.43,136.05,35.0,365,19,76,176.86,61.901
8255275254,26060,1,342.94,Vitamins,Pharmacy,Shah and Sons,342.94,428.67,20.0,365,25,57,342.94,68.58800000000001
2136873695,707935,2,820.9,Cat Food,Pet Care,"Anne, Mammen and Khatri",820.9,1262.92,35.0,365,30,97,1641.8,574.63
3253225736,14145,1,630.84,Spinach,Fruits & Vegetables,"Thakur, Shah and Pingle",630.84,841.12,25.0,3,14,53,630.84,157.71
7712604853,712307,1,264.89,Orange Juice,Cold Drinks & Juices,Chana LLC,264.89,378.41,30.0,180,16,73,264.89,79.467
5698803942,398340,2,651.93,Instant Noodles,Instant & Frozen Food,"Nadig, Zachariah and Soni",651.93,1086.55,40.0,180,11,56,1303.86,521.544
4393804577,723678,2,675.46,Dog Food,Pet Care,"Lall, Datta and Swamy",675.46,1039.17,35.0,365,14,97,1350.92,472.822
9307961643,697683,3,123.74,Toilet Cleaner,Household Care,"Murty, Varghese and Saxena",123.74,164.99,25.0,365,14,82,371.21999999999997,92.80499999999999
14103943,228286,1,179.08,Cola,Cold Drinks & Juices,Bhattacharyya PLC,179.08,255.83,30.0,180,26,79,179.08,53.724000000000004
4183595096,67197,1,552.2,Butter,Dairy & Breakfast,Shetty-Bora,552.2,690.25,20.0,7,20,79,552.2,110.44000000000001
9915365099,700048,1,141.28,Dish Soap,Household Care,Khalsa-Bhavsar,141.28,188.37,25.0,365,25,98,141.28,35.32
7979108696,274207,3,328.51,Cough Syrup,Pharmacy,"Savant, Batta and Mander",328.51,410.64,20.0,365,25,51,985.53,197.106
8756485728,60619,3,726.41,Iced Tea,Cold Drinks & Juices,Bhasin LLC,726.41,1037.73,30.0,180,10,97,2179.23,653.769
4859441294,833557,3,422.87,Cereal,Dairy & Breakfast,"Gole, Chand and Dada",422.87,528.59,20.0,7,27,69,1268.6100000000001,253.72200000000004
8100291984,764014,2,612.04,Salt,Grocery & Staples,"Grewal, Swamy and Dayal",612.04,720.05,15.0,365,30,100,1224.08,183.612
7825714018,451933,3,568.94,Wheat Flour,Grocery & Staples,Nadig Ltd,568.94,669.34,15.0,365,28,98,1706.8200000000002,256.023
1785144322,131748,1,81.35,Dog Food,Pet Care,"Shroff, Wason and Dugar",81.35,125.15,35.0,365,30,53,81.35,28.472499999999997
242240959,60619,3,726.41,Iced Tea,Cold Drinks & Juices,Bhasin LLC,726.41,1037.73,30.0,180,10,97,2179.23,653.769
3527621284,382511,2,702.54,Butter,Dairy & Breakfast,Bora-Thakkar,702.54,878.17,20.0,7,26,88,1405.08,281.016
2254856113,516376,1,877.43,Onions,Fruits & Vegetables,Agarwal-Dhar,877.43,1169.91,25.0,3,21,71,877.43,219.3575
4295420935,131748,2,81.35,Dog Food,Pet Care,"Shroff, Wason and Dugar",81.35,125.15,35.0,365,30,53,162.7,56.94499999999999
8739415992,433521,2,321.33,Diapers,Baby Care,Mahal Group,321.33,459.04,30.0,365,27,58,642.66,192.79799999999997
2123879653,707935,3,820.9,Cat Food,Pet Care,"Anne, Mammen and Khatri",820.9,1262.92,35.0,365,30,97,2462.7,861.9449999999999
1054974834,432617,2,863.18,Baby Wipes,Baby Care,Dora-Pillai,863.18,1233.11,30.0,365,17,97,1726.36,517.9079999999999
6660596550,144124,2,162.67,Detergent,Household Care,Lalla-Srinivasan,162.67,216.89,25.0,365,11,82,325.34,81.335
1633238374,487065,1,374.68,Chips,Snacks & Munchies,Kadakia-Yadav,374.68,576.43,35.0,90,27,87,374.68,131.138
8133246330,500633,2,154.5,Cereal,Dairy & Breakfast,Trivedi-Ahluwalia,154.5,193.12,20.0,7,24,87,309.0,61.800000000000004
4696656818,784827,1,274.25,Baby Wipes,Baby Care,Balakrishnan Ltd,274.25,391.79,30.0,365,26,77,274.25,82.27499999999999
7590214417,361361,1,826.21,Biscuits,Snacks & Munchies,"Kunda, Dave and Sahni",826.21,1271.09,35.0,90,20,64,826.21,289.1735
1736212920,196719,1,217.5,Bananas,Fruits & Vegetables,Yogi Group,217.5,290.0,25.0,3,15,91,217.5,54.375
4507702369,4452,3,169.88,Baby Wipes,Baby Care,Morar-Mistry,169.88,242.69,30.0,365,27,100,509.64,152.892
6458765046,112390,2,877.98,Toothpaste,Personal Care,"Kibe, Contractor and Randhawa",877.98,1350.74,35.0,365,23,85,1755.96,614.586
47953423,585299,1,799.46,Pet Treats,Pet Care,"Sharma, Chandra and Prashad",799.46,1229.94,35.0,365,13,50,799.46,279.811
1263714922,256051,2,400.92,Lotion,Personal Care,"Mannan, Naidu and Sama",400.92,616.8,35.0,365,17,100,801.84,280.644
2061768860,154179,1,582.87,Pain Reliever,Pharmacy,"Barad, Devi and Andra",582.87,728.59,20.0,365,10,59,582.87,116.57400000000001
4264335652,14145,3,630.84,Spinach,Fruits & Vegetables,"Thakur, Shah and Pingle",630.84,841.12,25.0,3,14,53,1892.52,473.13
3087181728,367391,1,939.55,Baby Wipes,Baby Care,Talwar and Sons,939.55,1342.21,30.0,365,18,52,939.55,281.86499999999995
599772156,34200,2,319.8,Lotion,Personal Care,Munshi-Grewal,319.8,492.0,35.0,365,19,75,639.6,223.85999999999999
6074313668,552883,3,888.16,Potatoes,Fruits & Vegetables,"Balan, Patel and Mall",888.16,1184.21,25.0,3,18,94,2664.48,666.12
5497551107,764014,1,612.04,Salt,Grocery & Staples,"Grewal, Swamy and Dayal",612.04,720.05,15.0,365,30,100,612.04,91.806
9102202025,832348,3,831.43,Biscuits,Snacks & Munchies,Jani-Ram,831.43,1279.12,35.0,90,10,79,2494.29,873.0015
8794436743,329351,3,310.87,Cheese,Dairy & Breakfast,"Lala, Kalita and Sathe",310.87,388.59,20.0,7,23,95,932.61,186.52200000000002
3299603042,264803,1,995.98,Vitamins,Pharmacy,Gole-Doshi,995.98,1244.97,20.0,365,17,69,995.98,199.19600000000003
243077069,602241,1,976.55,Nuts,Snacks & Munchies,Bahl-Pau,976.55,1502.38,35.0,90,12,75,976.55,341.79249999999996
6749594412,847349,2,781.08,Potatoes,Fruits & Vegetables,Chhabra-Agrawal,781.08,1041.44,25.0,3,26,69,1562.16,390.54
5378344982,146840,1,786.85,Bread,Dairy & Breakfast,"Bains, Deol and Vaidya",786.85,983.56,20.0,7,19,89,786.85,157.37
9103834515,57405,3,607.67,Baby Food,Baby Care,Srinivas PLC,607.67,868.1,30.0,365,21,64,1823.0099999999998,546.9029999999999
6237437720,219598,2,367.08,Shampoo,Personal Care,Arora-Magar,367.08,564.74,35.0,365,28,83,734.16,256.95599999999996
2719670578,228286,3,179.08,Cola,Cold Drinks & Juices,Bhattacharyya PLC,179.08,255.83,30.0,180,26,79,537.24,161.172
2748681349,851978,3,715.72,Vitamins,Pharmacy,Parsa-Bala,715.72,894.65,20.0,365,28,92,2147.16,429.432
9851618724,6405,1,236.51,Baby Food,Baby Care,Kashyap-Reddy,236.51,337.87,30.0,365,11,81,236.51,70.95299999999999
7013533376,818990,1,163.55,Tomatoes,Fruits & Vegetables,Dugar Group,163.55,218.07,25.0,3,22,92,163.55,40.8875
9727047029,444361,2,822.63,Pain Reliever,Pharmacy,"Prakash, Bawa and Kale",822.63,1028.29,20.0,365,20,71,1645.26,329.052
1191540022,243235,2,109.03,Cat Food,Pet Care,Batta Inc,109.03,167.74,35.0,365,14,71,218.06,76.321
5733572517,491314,1,973.44,Ice Cream,Instant & Frozen Food,Banerjee Inc,973.44,1622.4,40.0,180,11,71,973.44,389.37600000000003
9647928644,36412,3,397.68,Dish Soap,Household Care,Muni-Shankar,397.68,530.24,25.0,365,27,92,1193.04,298.26
9696598689,880510,2,951.43,Bread,Dairy & Breakfast,Roy-Char,951.43,1189.29,20.0,7,29,54,1902.86,380.572
1091207520,771228,3,83.18,Pet Treats,Pet Care,Raja and Sons,83.18,127.97,35.0,365,25,73,249.54000000000002,87.339
7995971909,131748,1,81.35,Dog Food,Pet Care,"Shroff, Wason and Dugar",81.35,125.15,35.0,365,30,53,81.35,28.472499999999997
6077755741,707935,2,820.9,Cat Food,Pet Care,"Anne, Mammen and Khatri",820.9,1262.92,35.0,365,30,97,1641.8,574.63
1240745644,942001,2,671.55,Cat Food,Pet Care,Acharya Ltd,671.55,1033.15,35.0,365,20,84,1343.1,470.0849999999999
1397810713,89084,2,598.83,Milk,Dairy & Breakfast,"Wali, Virk and Iyer",598.83,748.54,20.0,7,27,74,1197.66,239.53200000000004
5149614189,131937,3,287.81,Frozen Pizza,Instant & Frozen Food,"Varkey, Devi and Ganguly",287.81,479.68,40.0,180,18,68,863.4300000000001,345.37200000000007
7453349798,36412,1,397.68,Dish Soap,Household Care,Muni-Shankar,397.68,530.24,25.0,365,27,92,397.68,99.42
7570986632,284460,2,505.95,Potatoes,Fruits & Vegetables,"Ramakrishnan, Anand and Khare",505.95,674.6,25.0,3,21,85,1011.9,252.975
5292931220,433521,1,321.33,Diapers,Baby Care,Mahal Group,321.33,459.04,30.0,365,27,58,321.33,96.39899999999999
2654499230,257719,1,281.73,Eggs,Dairy & Breakfast,Chaudhuri PLC,281.73,352.16,20.0,7,17,93,281.73,56.346000000000004
2327587597,888807,2,230.58,Bread,Dairy & Breakfast,Arya Group,230.58,288.23,20.0,7,13,91,461.16,92.23200000000001
5852189277,767398,1,22.14,Dish Soap,Household Care,"Arya, Sundaram and Pingle",22.14,29.52,25.0,365,15,57,22.14,5.535
8943211530,487931,3,709.08,Sugar,Grocery & Staples,"Bahl, Jaggi and Nath",709.08,834.21,15.0,365,27,68,2127.2400000000002,319.086
3305649506,837480,3,217.4,Cough Syrup,Pharmacy,Edwin and Sons,217.4,271.75,20.0,365,22,82,652.2,130.44000000000003
538997323,615545,2,448.16,Soap,Personal Care,Barman Inc,448.16,689.48,35.0,365,20,67,896.32,313.712
2966187610,461804,1,310.69,Sugar,Grocery & Staples,"Ghose, Ben and Divan",310.69,365.52,15.0,365,15,97,310.69,46.6035
866693541,803607,2,949.73,Soap,Personal Care,"Kadakia, Mohan and Sathe",949.73,1461.12,35.0,365,21,98,1899.46,664.8109999999999
440721658,89084,2,598.83,Milk,Dairy & Breakfast,"Wali, Virk and Iyer",598.83,748.54,20.0,7,27,74,1197.66,239.53200000000004
2084323012,871592,3,870.29,Carrots,Fruits & Vegetables,"Shankar, Nadkarni and Kumer",870.29,1160.39,25.0,3,25,50,2610.87,652.7175
4876314410,962591,2,130.01,Orange Juice,Cold Drinks & Juices,Murthy-Kaul,130.01,185.73,30.0,180,24,74,260.02,78.00599999999999
2401282648,473647,1,43.05,Toothpaste,Personal Care,Ben-Ravi,43.05,66.23,35.0,365,18,82,43.05,15.067499999999997
2117291471,440875,3,275.03,Baby Wipes,Baby Care,Loyal Inc,275.03,392.9,30.0,365,15,80,825.0899999999999,247.52699999999996
5455295163,264803,2,995.98,Vitamins,Pharmacy,Gole-Doshi,995.98,1244.97,20.0,365,17,69,1991.96,398.39200000000005
3219761206,585299,3,799.46,Pet Treats,Pet Care,"Sharma, Chandra and Prashad",799.46,1229.94,35.0,365,13,50,2398.38,839.433
7423918026,131136,2,37.8,Salt,Grocery & Staples,Deshpande-Rama,37.8,44.47,15.0,365,29,95,75.6,11.339999999999998
1793817443,448752,3,160.07,Toilet Cleaner,Household Care,Batta-Doctor,160.07,213.43,25.0,365,23,96,480.21,120.0525
2644609220,784673,2,491.39,Dog Food,Pet Care,Ramanathan Group,491.39,755.98,35.0,365,21,84,982.78,343.97299999999996
1353492780,274207,3,328.51,Cough Syrup,Pharmacy,"Savant, Batta and Mander",328.51,410.64,20.0,365,25,51,985.53,197.106
1230061693,739534,2,994.56,Toilet Cleaner,Household Care,"Gera, Narang and Karpe",994.56,1326.08,25.0,365,14,59,1989.12,497.28
6299572675,952124,2,127.08,Onions,Fruits & Vegetables,"Wali, Sood and Bala",127.08,169.44,25.0,3,15,50,254.16,63.54
5956863364,890623,1,354.52,Onions,Fruits & Vegetables,"Sangha, Nagar and Varty",354.52,472.69,25.0,3,27,55,354.52,88.63
6788884093,337168,1,545.49,Eggs,Dairy & Breakfast,Dasgupta PLC,545.49,681.86,20.0,7,25,98,545.49,109.09800000000001
6120799223,107548,3,891.6,Cola,Cold Drinks & Juices,"Bhandari, Bhasin and Palan",891.6,1273.71,30.0,180,27,53,2674.8,802.44
3892854030,365133,1,915.45,Dish Soap,Household Care,Hans Inc,915.45,1220.6,25.0,365,25,60,915.45,228.8625
1883324334,63769,1,878.07,Lotion,Personal Care,Dalal-Shan,878.07,1350.88,35.0,365,27,69,878.07,307.3245
4541530278,669378,2,212.14,Potatoes,Fruits & Vegetables,Chadha and Sons,212.14,282.85,25.0,3,23,70,424.28,106.07
8807380767,490602,1,549.47,Sugar,Grocery & Staples,Raghavan Inc,549.47,646.44,15.0,365,20,71,549.47,82.4205
5865396281,525531,2,831.1,Dog Food,Pet Care,Sandal PLC,831.1,1278.62,35.0,365,28,65,1662.2,581.77
340451825,552496,3,508.0,Dish Soap,Household Care,Dhar PLC,508.0,677.33,25.0,365,17,59,1524.0,381.0
3327784606,604184,3,397.55,Toilet Cleaner,Household Care,"Gaba, Sodhi and Choudhary",397.55,530.07,25.0,365,24,84,1192.65,298.1625
5990129875,490602,3,549.47,Sugar,Grocery & Staples,Raghavan Inc,549.47,646.44,15.0,365,20,71,1648.41,247.2615
8808930721,67197,1,552.2,Butter,Dairy & Breakfast,Shetty-Bora,552.2,690.25,20.0,7,20,79,552.2,110.44000000000001
8116880443,945635,1,778.9,Pulses,Grocery & Staples,Balasubramanian PLC,778.9,916.35,15.0,365,16,59,778.9,116.835
9933926720,56589,2,517.77,Vitamins,Pharmacy,"Pai, Kashyap and Ramachandran",517.77,647.21,20.0,365,16,85,1035.54,207.108
776562418,566052,1,87.3,Pain Reliever,Pharmacy,"Apte, Soman and Raju",87.3,109.12,20.0,365,14,53,87.3,17.46
6105793582,659290,1,319.34,Cheese,Dairy & Breakfast,Kapadia-D’Alia,319.34,399.17,20.0,7,18,66,319.34,63.867999999999995
9247779866,440875,2,275.03,Baby Wipes,Baby Care,Loyal Inc,275.03,392.9,30.0,365,15,80,550.06,165.01799999999997
5456672526,969851,3,340.66,Frozen Vegetables,Instant & Frozen Food,"Kara, Sodhi and Bassi",340.66,567.77,40.0,180,27,64,1021.98,408.79200000000003
6676994910,60619,1,726.41,Iced Tea,Cold Drinks & Juices,Bhasin LLC,726.41,1037.73,30.0,180,10,97,726.41,217.92299999999997
9353512235,652118,3,22.04,Frozen Biryani,Instant & Frozen Food,Agate and Sons,22.04,36.73,40.0,180,19,55,66.12,26.448000000000004
6539196955,914071,3,296.94,Chips,Snacks & Munchies,Datta Ltd,296.94,456.83,35.0,90,25,90,890.8199999999999,311.787
7886908865,449106,1,48.55,Soap,Personal Care,"Shere, Thakur and Naik",48.55,74.69,35.0,365,30,95,48.55,16.992499999999996
7548844176,962591,2,130.01,Orange Juice,Cold Drinks & Juices,Murthy-Kaul,130.01,185.73,30.0,180,24,74,260.02,78.00599999999999
3375735380,432617,1,863.18,Baby Wipes,Baby Care,Dora-Pillai,863.18,1233.11,30.0,365,17,97,863.18,258.95399999999995
32604190,812607,3,416.65,Potatoes,Fruits & Vegetables,Rege Group,416.65,555.53,25.0,3,11,63,1249.9499999999998,312.48749999999995
5731985133,327290,2,862.28,Sugar,Grocery & Staples,Nadkarni Inc,862.28,1014.45,15.0,365,22,65,1724.56,258.68399999999997
7586577278,961614,3,227.22,Chocolates,Snacks & Munchies,Goda Inc,227.22,349.57,35.0,90,26,99,681.66,238.58099999999996
7765930124,552883,3,888.16,Potatoes,Fruits & Vegetables,"Balan, Patel and Mall",888.16,1184.21,25.0,3,18,94,2664.48,666.12
299059193,567671,2,418.48,Biscuits,Snacks & Munchies,Nagar LLC,418.48,643.82,35.0,90,12,90,836.96,292.936
135053432,500739,1,359.98,Bread,Dairy & Breakfast,Aggarwal Group,359.98,449.98,20.0,7,18,81,359.98,71.99600000000001
9618593702,140489,2,650.2,Soap,Personal Care,"Biswas, Kapoor and Patel",650.2,1000.31,35.0,365,28,95,1300.4,455.14
2802699236,723678,1,675.46,Dog Food,Pet Care,"Lall, Datta and Swamy",675.46,1039.17,35.0,365,14,97,675.46,236.411
2044567188,194682,2,912.29,Iced Tea,Cold Drinks & Juices,Sastry-Issac,912.29,1303.27,30.0,180,11,86,1824.58,547.3739999999999
913489768,451933,3,568.94,Wheat Flour,Grocery & Staples,Nadig Ltd,568.94,669.34,15.0,365,28,98,1706.8200000000002,256.023
6856986497,328457,3,858.57,Mango Drink,Cold Drinks & Juices,Hayre-Shere,858.57,1226.53,30.0,180,12,76,2575.71,772.713
7292898570,970529,2,827.44,Diapers,Baby Care,"Kurian, Patla and Sanghvi",827.44,1182.06,30.0,365,19,84,1654.88,496.464
6223087303,784673,2,491.39,Dog Food,Pet Care,Ramanathan Group,491.39,755.98,35.0,365,21,84,982.78,343.97299999999996
403352765,537274,1,702.71,Pet Treats,Pet Care,Lal-Chauhan,702.71,1081.09,35.0,365,17,67,702.71,245.9485
7004560997,644847,2,622.81,Salt,Grocery & Staples,"Jhaveri, Kata and Kapur",622.81,732.72,15.0,365,24,52,1245.62,186.843
8159868515,564692,1,215.65,Cat Food,Pet Care,"Krishna, Bail and Dyal",215.65,331.77,35.0,365,25,82,215.65,75.47749999999999
8854320668,123983,3,785.67,Cough Syrup,Pharmacy,Kurian-Chhabra,785.67,982.09,20.0,365,25,72,2357.0099999999998,471.402
2285302205,970529,3,827.44,Diapers,Baby Care,"Kurian, Patla and Sanghvi",827.44,1182.06,30.0,365,19,84,2482.32,744.696
5160584867,672059,2,672.73,Toothpaste,Personal Care,Kaur-Gola,672.73,1034.97,35.0,365,25,81,1345.46,470.911
4314105605,953175,3,225.21,Baby Food,Baby Care,Sehgal-Nagarajan,225.21,321.73,30.0,365,11,73,675.63,202.689
9895756835,378230,2,166.42,Nuts,Snacks & Munchies,Kala-Vig,166.42,256.03,35.0,90,13,76,332.84,116.49399999999999
1975300826,36412,3,397.68,Dish Soap,Household Care,Muni-Shankar,397.68,530.24,25.0,365,27,92,1193.04,298.26
2214666083,435929,2,856.89,Toilet Cleaner,Household Care,Memon Ltd,856.89,1142.52,25.0,365,13,71,1713.78,428.445
4735339432,540618,1,317.05,Popcorn,Snacks & Munchies,Golla-Luthra,317.05,487.77,35.0,90,28,87,317.05,110.9675
9863540120,124290,1,39.65,Lotion,Personal Care,Sachdev Group,39.65,61.0,35.0,365,23,71,39.65,13.8775
8789376461,903336,2,551.88,Pulses,Grocery & Staples,"Vaidya, Amble and Palla",551.88,649.27,15.0,365,14,60,1103.76,165.564
4784591220,146840,2,786.85,Bread,Dairy & Breakfast,"Bains, Deol and Vaidya",786.85,983.56,20.0,7,19,89,1573.7,314.74
6759658833,587645,3,801.81,Vitamins,Pharmacy,"Sura, Pillay and Mammen",801.81,1002.26,20.0,365,18,90,2405.43,481.086
1241631129,820973,1,114.52,Baby Wipes,Baby Care,Lall LLC,114.52,163.6,30.0,365,29,56,114.52,34.355999999999995
8803314647,367391,3,939.55,Baby Wipes,Baby Care,Talwar and Sons,939.55,1342.21,30.0,365,18,52,2818.6499999999996,845.5949999999999
1016410657,798639,2,211.25,Eggs,Dairy & Breakfast,Subramaniam LLC,211.25,264.06,20.0,7,12,78,422.5,84.5
8284240513,39154,3,946.86,Mangoes,Fruits & Vegetables,"Suresh, Bose and Bajwa",946.86,1262.48,25.0,3,21,84,2840.58,710.145
343239069,455083,3,959.01,Butter,Dairy & Breakfast,Dutta Inc,959.01,1198.76,20.0,7,29,63,2877.0299999999997,575.406
3941137932,385113,2,816.38,Lotion,Personal Care,"Sampath, Mane and Mody",816.38,1255.97,35.0,365,21,50,1632.76,571.466
8955573840,880510,1,951.43,Bread,Dairy & Breakfast,Roy-Char,951.43,1189.29,20.0,7,29,54,951.43,190.286
6832435511,739534,3,994.56,Toilet Cleaner,Household Care,"Gera, Narang and Karpe",994.56,1326.08,25.0,365,14,59,2983.68,745.92
3014319697,712003,2,671.68,Cola,Cold Drinks & Juices,"Karan, Bandi and Acharya",671.68,959.54,30.0,180,30,54,1343.36,403.008
7367717333,679321,3,738.46,Cola,Cold Drinks & Juices,Khurana-Dewan,738.46,1054.94,30.0,180,20,68,2215.38,664.614
9389677233,891833,3,493.19,Curd,Dairy & Breakfast,Mani PLC,493.19,616.49,20.0,7,11,69,1479.57,295.914
2929883167,39154,1,946.86,Mangoes,Fruits & Vegetables,"Suresh, Bose and Bajwa",946.86,1262.48,25.0,3,21,84,946.86,236.715
9045592834,473647,2,43.05,Toothpaste,Personal Care,Ben-Ravi,43.05,66.23,35.0,365,18,82,86.1,30.134999999999994
7128308885,673058,2,765.76,Cough Syrup,Pharmacy,Balan-Madan,765.76,957.2,20.0,365,30,94,1531.52,306.30400000000003
2060028411,240179,2,90.56,Cough Syrup,Pharmacy,Ram-Suri,90.56,113.2,20.0,365,20,56,181.12,36.224000000000004
3856301920,4452,1,169.88,Baby Wipes,Baby Care,Morar-Mistry,169.88,242.69,30.0,365,27,100,169.88,50.964
7248479077,306177,2,769.24,Frozen Biryani,Instant & Frozen Food,Som Inc,769.24,1282.07,40.0,180,11,54,1538.48,615.392
2738466605,378287,3,332.84,Lemonade,Cold Drinks & Juices,Ramesh-Jain,332.84,475.49,30.0,180,22,51,998.52,299.556
9801353230,112390,1,877.98,Toothpaste,Personal Care,"Kibe, Contractor and Randhawa",877.98,1350.74,35.0,365,23,85,877.98,307.293
2103613260,449106,2,48.55,Soap,Personal Care,"Shere, Thakur and Naik",48.55,74.69,35.0,365,30,95,97.1,33.98499999999999
7624166218,39154,1,946.86,Mangoes,Fruits & Vegetables,"Suresh, Bose and Bajwa",946.86,1262.48,25.0,3,21,84,946.86,236.715
4692680597,18035,3,968.94,Dish Soap,Household Care,Ramesh Inc,968.94,1291.92,25.0,365,12,87,2906.82,726.705
2028074931,673058,3,765.76,Cough Syrup,Pharmacy,Balan-Madan,765.76,957.2,20.0,365,30,94,2297.2799999999997,459.45599999999996
6247819401,256783,1,906.54,Pet Treats,Pet Care,"Basu, Thakur and Rege",906.54,1394.68,35.0,365,16,98,906.54,317.289
6299879620,481843,2,297.68,Chocolates,Snacks & Munchies,"Taneja, Kala and Kota",297.68,457.97,35.0,90,10,88,595.36,208.376
3398014747,604184,2,397.55,Toilet Cleaner,Household Care,"Gaba, Sodhi and Choudhary",397.55,530.07,25.0,365,24,84,795.1,198.775
4526087670,803607,2,949.73,Soap,Personal Care,"Kadakia, Mohan and Sathe",949.73,1461.12,35.0,365,21,98,1899.46,664.8109999999999
4473653758,880510,3,951.43,Bread,Dairy & Breakfast,Roy-Char,951.43,1189.29,20.0,7,29,54,2854.29,570.8580000000001
1286821727,771228,3,83.18,Pet Treats,Pet Care,Raja and Sons,83.18,127.97,35.0,365,25,73,249.54000000000002,87.339
5566617391,757274,1,98.32,Pet Treats,Pet Care,"Minhas, Kapoor and Sethi",98.32,151.26,35.0,365,27,95,98.32,34.41199999999999
6630935939,833557,1,422.87,Cereal,Dairy & Breakfast,"Gole, Chand and Dada",422.87,528.59,20.0,7,27,69,422.87,84.57400000000001
8676443273,144124,1,162.67,Detergent,Household Care,Lalla-Srinivasan,162.67,216.89,25.0,365,11,82,162.67,40.6675
439562091,753354,3,423.56,Shampoo,Personal Care,Sant-Mahajan,423.56,651.63,35.0,365,20,52,1270.68,444.738
7361440096,991434,2,237.62,Cookies,Snacks & Munchies,Mital-Oza,237.62,365.57,35.0,90,12,87,475.24,166.334
2480611325,684939,1,727.95,Lotion,Personal Care,"Sibal, Bhatnagar and Rajan",727.95,1119.92,35.0,365,22,50,727.95,254.7825
5091640382,741341,3,923.84,Eggs,Dairy & Breakfast,Prasad LLC,923.84,1154.8,20.0,7,13,62,2771.52,554.304
1443292147,131136,3,37.8,Salt,Grocery & Staples,Deshpande-Rama,37.8,44.47,15.0,365,29,95,113.39999999999999,17.009999999999998
3342653518,53833,2,134.69,Rice,Grocery & Staples,Tella-Master,134.69,158.46,15.0,365,26,89,269.38,40.407
3836073957,455755,2,44.09,Detergent,Household Care,Mangal-Sathe,44.09,58.79,25.0,365,23,53,88.18,22.045
4192669219,812607,1,416.65,Potatoes,Fruits & Vegetables,Rege Group,416.65,555.53,25.0,3,11,63,416.65,104.1625
6922121165,256783,2,906.54,Pet Treats,Pet Care,"Basu, Thakur and Rege",906.54,1394.68,35.0,365,16,98,1813.08,634.578
4850653474,398340,1,651.93,Instant Noodles,Instant & Frozen Food,"Nadig, Zachariah and Soni",651.93,1086.55,40.0,180,11,56,651.93,260.772
1229660813,642612,2,517.03,Pet Treats,Pet Care,Pillay-Ahuja,517.03,795.43,35.0,365,16,57,1034.06,361.92099999999994
5194396051,925482,3,475.04,Frozen Biryani,Instant & Frozen Food,Viswanathan-Sha,475.04,791.73,40.0,180,23,66,1425.1200000000001,570.0480000000001
8971899775,186168,1,878.8,Dog Food,Pet Care,"Parekh, Lad and Kadakia",878.8,1352.0,35.0,365,13,75,878.8,307.58
5619049608,451812,3,530.85,Pain Reliever,Pharmacy,"Batra, Sant and Mandal",530.85,663.56,20.0,365,29,63,1592.5500000000002,318.51000000000005
9943996342,954722,2,616.45,Ice Cream,Instant & Frozen Food,Mohan-Virk,616.45,1027.42,40.0,180,11,58,1232.9,493.1600000000001
4548721519,876139,1,415.75,Pulses,Grocery & Staples,Cherian-Dara,415.75,489.12,15.0,365,14,83,415.75,62.3625
6211537502,349294,2,934.75,Onions,Fruits & Vegetables,Ganesan Ltd,934.75,1246.33,25.0,3,25,70,1869.5,467.375
347093563,313754,3,136.6,Biscuits,Snacks & Munchies,"Swaminathan, Mahal and Dara",136.6,210.15,35.0,90,25,67,409.79999999999995,143.42999999999998
1855924568,455755,2,44.09,Detergent,Household Care,Mangal-Sathe,44.09,58.79,25.0,365,23,53,88.18,22.045
5914484553,969851,3,340.66,Frozen Vegetables,Instant & Frozen Food,"Kara, Sodhi and Bassi",340.66,567.77,40.0,180,27,64,1021.98,408.79200000000003
8068903161,473647,1,43.05,Toothpaste,Personal Care,Ben-Ravi,43.05,66.23,35.0,365,18,82,43.05,15.067499999999997
2147159735,123983,1,785.67,Cough Syrup,Pharmacy,Kurian-Chhabra,785.67,982.09,20.0,365,25,72,785.67,157.13400000000001
9006983686,305754,3,979.99,Frozen Vegetables,Instant & Frozen Food,Mammen-Hegde,979.99,1633.32,40.0,180,22,81,2939.9700000000003,1175.988
7606134274,451812,1,530.85,Pain Reliever,Pharmacy,"Batra, Sant and Mandal",530.85,663.56,20.0,365,29,63,530.85,106.17000000000002
4034750827,690565,1,951.27,Cookies,Snacks & Munchies,"Roy, Seth and Patla",951.27,1463.49,35.0,90,15,56,951.27,332.94449999999995
851062565,901144,2,340.36,Sugar,Grocery & Staples,Deo-Kamdar,340.36,400.42,15.0,365,12,71,680.72,102.108
4283323746,642612,1,517.03,Pet Treats,Pet Care,Pillay-Ahuja,517.03,795.43,35.0,365,16,57,517.03,180.96049999999997
7842390585,287070,1,443.17,Wheat Flour,Grocery & Staples,"Gala, Magar and Rajagopal",443.17,521.38,15.0,365,20,93,443.17,66.4755
2449548943,124290,3,39.65,Lotion,Personal Care,Sachdev Group,39.65,61.0,35.0,365,23,71,118.94999999999999,41.63249999999999
7067924535,679284,2,877.89,Cough Syrup,Pharmacy,Pant LLC,877.89,1097.36,20.0,365,28,95,1755.78,351.156
1602291242,131937,3,287.81,Frozen Pizza,Instant & Frozen Food,"Varkey, Devi and Ganguly",287.81,479.68,40.0,180,18,68,863.4300000000001,345.37200000000007
7067630786,481843,2,297.68,Chocolates,Snacks & Munchies,"Taneja, Kala and Kota",297.68,457.97,35.0,90,10,88,595.36,208.376
9726762425,137909,3,864.3,Cough Syrup,Pharmacy,Dalal PLC,864.3,1080.37,20.0,365,23,65,2592.8999999999996,518.5799999999999
1129887168,77308,1,223.27,Onions,Fruits & Vegetables,Ratta-Sagar,223.27,297.69,25.0,3,29,91,223.27,55.8175
3371892236,425341,2,486.28,Pet Treats,Pet Care,"Mani, Dhar and Muni",486.28,748.12,35.0,365,21,68,972.56,340.39599999999996
6532953824,473647,1,43.05,Toothpaste,Personal Care,Ben-Ravi,43.05,66.23,35.0,365,18,82,43.05,15.067499999999997
252964377,240179,2,90.56,Cough Syrup,Pharmacy,Ram-Suri,90.56,113.2,20.0,365,20,56,181.12,36.224000000000004
6270495384,51036,3,931.61,Baby Food,Baby Care,Karnik PLC,931.61,1330.87,30.0,365,12,86,2794.83,838.449
2450770184,385113,1,816.38,Lotion,Personal Care,"Sampath, Mane and Mody",816.38,1255.97,35.0,365,21,50,816.38,285.733
7543192113,114414,1,832.06,Vitamins,Pharmacy,Kara-Golla,832.06,1040.07,20.0,365,26,66,832.06,166.412
9890817032,487065,2,374.68,Chips,Snacks & Munchies,Kadakia-Yadav,374.68,576.43,35.0,90,27,87,749.36,262.276
183165359,762527,3,690.08,Biscuits,Snacks & Munchies,"Chad, Yohannan and Chopra",690.08,1061.66,35.0,90,23,71,2070.2400000000002,724.5840000000001
2136907826,11422,2,127.16,Potatoes,Fruits & Vegetables,Ramaswamy-Tata,127.16,169.55,25.0,3,20,65,254.32,63.58
2801605687,681063,3,321.28,Mango Drink,Cold Drinks & Juices,Dass and Sons,321.28,458.97,30.0,180,20,91,963.8399999999999,289.152
8869292457,567671,1,418.48,Biscuits,Snacks & Munchies,Nagar LLC,418.48,643.82,35.0,90,12,90,418.48,146.468
5414471648,337168,2,545.49,Eggs,Dairy & Breakfast,Dasgupta PLC,545.49,681.86,20.0,7,25,98,1090.98,218.19600000000003
7827370415,448752,3,160.07,Toilet Cleaner,Household Care,Batta-Doctor,160.07,213.43,25.0,365,23,96,480.21,120.0525
7216662926,820973,2,114.52,Baby Wipes,Baby Care,Lall LLC,114.52,163.6,30.0,365,29,56,229.04,68.71199999999999
349410429,34186,3,925.65,Mangoes,Fruits & Vegetables,Mandal-Kar,925.65,1234.2,25.0,3,27,74,2776.95,694.2375
8512030806,991434,1,237.62,Cookies,Snacks & Munchies,Mital-Oza,237.62,365.57,35.0,90,12,87,237.62,83.167
8003807551,354409,1,325.08,Pulses,Grocery & Staples,Bose-Pandit,325.08,382.45,15.0,365,24,60,325.08,48.76199999999999
274320517,153019,2,947.95,Onions,Fruits & Vegetables,Aurora LLC,947.95,1263.93,25.0,3,13,88,1895.9,473.975
2150447285,18035,3,968.94,Dish Soap,Household Care,Ramesh Inc,968.94,1291.92,25.0,365,12,87,2906.82,726.705
5089385450,726958,2,887.48,Cat Food,Pet Care,Doctor-Patla,887.48,1365.35,35.0,365,18,79,1774.96,621.236
8622799862,679865,1,347.91,Wheat Flour,Grocery & Staples,Memon-Barad,347.91,409.31,15.0,365,14,85,347.91,52.1865
2773034272,6405,2,236.51,Baby Food,Baby Care,Kashyap-Reddy,236.51,337.87,30.0,365,11,81,473.02,141.90599999999998
4028266143,937542,3,97.04,Wheat Flour,Grocery & Staples,Khurana and Sons,97.04,114.16,15.0,365,28,93,291.12,43.668
9691888826,57405,1,607.67,Baby Food,Baby Care,Srinivas PLC,607.67,868.1,30.0,365,21,64,607.67,182.301
8891340263,623234,3,329.79,Frozen Biryani,Instant & Frozen Food,Chakrabarti-Batra,329.79,549.65,40.0,180,13,72,989.3700000000001,395.74800000000005
1149293318,925482,3,475.04,Frozen Biryani,Instant & Frozen Food,Viswanathan-Sha,475.04,791.73,40.0,180,23,66,1425.1200000000001,570.0480000000001
1288695184,264803,2,995.98,Vitamins,Pharmacy,Gole-Doshi,995.98,1244.97,20.0,365,17,69,1991.96,398.39200000000005
5229336544,692985,3,197.39,Pulses,Grocery & Staples,"Wable, Sankaran and Hari",197.39,232.22,15.0,365,30,86,592.17,88.82549999999999
196885435,451812,2,530.85,Pain Reliever,Pharmacy,"Batra, Sant and Mandal",530.85,663.56,20.0,365,29,63,1061.7,212.34000000000003
6961457996,18035,3,968.94,Dish Soap,Household Care,Ramesh Inc,968.94,1291.92,25.0,365,12,87,2906.82,726.705
5059907679,723678,3,675.46,Dog Food,Pet Care,"Lall, Datta and Swamy",675.46,1039.17,35.0,365,14,97,2026.38,709.233
9046226901,954722,3,616.45,Ice Cream,Instant & Frozen Food,Mohan-Virk,616.45,1027.42,40.0,180,11,58,1849.3500000000001,739.7400000000001
515408216,51036,1,931.61,Baby Food,Baby Care,Karnik PLC,931.61,1330.87,30.0,365,12,86,931.61,279.483
9048597167,661577,1,720.95,Cat Food,Pet Care,Majumdar PLC,720.95,1109.15,35.0,365,28,95,720.95,252.3325
4308216668,990993,2,263.7,Chocolates,Snacks & Munchies,Guha-Subramaniam,263.7,405.69,35.0,90,22,61,527.4,184.58999999999997
8671875127,15314,2,578.85,Cheese,Dairy & Breakfast,Banik-Ratta,578.85,723.56,20.0,7,30,91,1157.7,231.54000000000002
9622968817,537274,3,702.71,Pet Treats,Pet Care,Lal-Chauhan,702.71,1081.09,35.0,365,17,67,2108.13,737.8455
7832599414,490602,1,549.47,Sugar,Grocery & Staples,Raghavan Inc,549.47,646.44,15.0,365,20,71,549.47,82.4205
5533307028,67197,1,552.2,Butter,Dairy & Breakfast,Shetty-Bora,552.2,690.25,20.0,7,20,79,552.2,110.44000000000001
752185231,659290,1,319.34,Cheese,Dairy & Breakfast,Kapadia-D’Alia,319.34,399.17,20.0,7,18,66,319.34,63.867999999999995
5859787209,131136,2,37.8,Salt,Grocery & Staples,Deshpande-Rama,37.8,44.47,15.0,365,29,95,75.6,11.339999999999998
1736713150,661577,1,720.95,Cat Food,Pet Care,Majumdar PLC,720.95,1109.15,35.0,365,28,95,720.95,252.3325
3620570172,57405,1,607.67,Baby Food,Baby Care,Srinivas PLC,607.67,868.1,30.0,365,21,64,607.67,182.301
5758119413,642612,3,517.03,Pet Treats,Pet Care,Pillay-Ahuja,517.03,795.43,35.0,365,16,57,1551.09,542.8815
2204489775,679865,2,347.91,Wheat Flour,Grocery & Staples,Memon-Barad,347.91,409.31,15.0,365,14,85,695.82,104.373
5881059783,112390,3,877.98,Toothpaste,Personal Care,"Kibe, Contractor and Randhawa",877.98,1350.74,35.0,365,23,85,2633.94,921.8789999999999
9475167773,487931,2,709.08,Sugar,Grocery & Staples,"Bahl, Jaggi and Nath",709.08,834.21,15.0,365,27,68,1418.16,212.72400000000002
4635228647,131136,2,37.8,Salt,Grocery & Staples,Deshpande-Rama,37.8,44.47,15.0,365,29,95,75.6,11.339999999999998
8394536341,257719,1,281.73,Eggs,Dairy & Breakfast,Chaudhuri PLC,281.73,352.16,20.0,7,17,93,281.73,56.346000000000004
4726427550,487065,2,374.68,Chips,Snacks & Munchies,Kadakia-Yadav,374.68,576.43,35.0,90,27,87,749.36,262.276
5387935727,532965,3,307.23,Frozen Pizza,Instant & Frozen Food,Sachdev Inc,307.23,512.05,40.0,180,20,94,921.69,368.67600000000004
1886705751,734789,1,395.82,Popcorn,Snacks & Munchies,"Chaudhari, Pant and Singh",395.82,608.95,35.0,90,22,66,395.82,138.53699999999998
4224014067,679865,2,347.91,Wheat Flour,Grocery & Staples,Memon-Barad,347.91,409.31,15.0,365,14,85,695.82,104.373
8726515908,34186,2,925.65,Mangoes,Fruits & Vegetables,Mandal-Kar,925.65,1234.2,25.0,3,27,74,1851.3,462.825
7388091459,832348,1,831.43,Biscuits,Snacks & Munchies,Jani-Ram,831.43,1279.12,35.0,90,10,79,831.43,291.0005
9320256091,382511,2,702.54,Butter,Dairy & Breakfast,Bora-Thakkar,702.54,878.17,20.0,7,26,88,1405.08,281.016
3872093894,18035,2,968.94,Dish Soap,Household Care,Ramesh Inc,968.94,1291.92,25.0,365,12,87,1937.88,484.47
992848455,435929,2,856.89,Toilet Cleaner,Household Care,Memon Ltd,856.89,1142.52,25.0,365,13,71,1713.78,428.445
4458723519,970529,2,827.44,Diapers,Baby Care,"Kurian, Patla and Sanghvi",827.44,1182.06,30.0,365,19,84,1654.88,496.464
7755662096,799952,3,922.64,Cheese,Dairy & Breakfast,Padmanabhan-Virk,922.64,1153.3,20.0,7,13,66,2767.92,553.5840000000001
5779793224,537274,3,702.71,Pet Treats,Pet Care,Lal-Chauhan,702.71,1081.09,35.0,365,17,67,2108.13,737.8455
8253576531,361361,2,826.21,Biscuits,Snacks & Munchies,"Kunda, Dave and Sahni",826.21,1271.09,35.0,90,20,64,1652.42,578.347
4993169316,243235,3,109.03,Cat Food,Pet Care,Batta Inc,109.03,167.74,35.0,365,14,71,327.09000000000003,114.4815
828017545,264803,3,995.98,Vitamins,Pharmacy,Gole-Doshi,995.98,1244.97,20.0,365,17,69,2987.94,597.5880000000001
2012368621,991434,1,237.62,Cookies,Snacks & Munchies,Mital-Oza,237.62,365.57,35.0,90,12,87,237.62,83.167
6603205997,604184,2,397.55,Toilet Cleaner,Household Care,"Gaba, Sodhi and Choudhary",397.55,530.07,25.0,365,24,84,795.1,198.775
833581472,455083,3,959.01,Butter,Dairy & Breakfast,Dutta Inc,959.01,1198.76,20.0,7,29,63,2877.0299999999997,575.406
8755782101,961614,3,227.22,Chocolates,Snacks & Munchies,Goda Inc,227.22,349.57,35.0,90,26,99,681.66,238.58099999999996
1049830215,349294,2,934.75,Onions,Fruits & Vegetables,Ganesan Ltd,934.75,1246.33,25.0,3,25,70,1869.5,467.375
2399383238,114414,1,832.06,Vitamins,Pharmacy,Kara-Golla,832.06,1040.07,20.0,365,26,66,832.06,166.412
143399998,187399,2,53.49,Frozen Pizza,Instant & Frozen Food,Chauhan Inc,53.49,89.15,40.0,180,14,73,106.98,42.792
2444273306,679284,3,877.89,Cough Syrup,Pharmacy,Pant LLC,877.89,1097.36,20.0,365,28,95,2633.67,526.734
1309618968,487931,3,709.08,Sugar,Grocery & Staples,"Bahl, Jaggi and Nath",709.08,834.21,15.0,365,27,68,2127.2400000000002,319.086
3972788794,561860,1,874.78,Orange Juice,Cold Drinks & Juices,Gupta Ltd,874.78,1249.69,30.0,180,21,90,874.78,262.43399999999997
2356073413,451812,1,530.85,Pain Reliever,Pharmacy,"Batra, Sant and Mandal",530.85,663.56,20.0,365,29,63,530.85,106.17000000000002
3775683944,741341,3,923.84,Eggs,Dairy & Breakfast,Prasad LLC,923.84,1154.8,20.0,7,13,62,2771.52,554.304
8994776653,487065,3,374.68,Chips,Snacks & Munchies,Kadakia-Yadav,374.68,576.43,35.0,90,27,87,1124.04,393.414
8124075720,659290,1,319.34,Cheese,Dairy & Breakfast,Kapadia-D’Alia,319.34,399.17,20.0,7,18,66,319.34,63.867999999999995
5534171862,611575,1,482.06,Frozen Pizza,Instant & Frozen Food,"Bhat, Nigam and Hayer",482.06,803.43,40.0,180,25,87,482.06,192.824
4825558658,542300,3,255.35,Popcorn,Snacks & Munchies,Gulati-Tandon,255.35,392.85,35.0,90,11,66,766.05,268.11749999999995
1541676341,833557,2,422.87,Cereal,Dairy & Breakfast,"Gole, Chand and Dada",422.87,528.59,20.0,7,27,69,845.74,169.14800000000002
5360755658,647462,2,326.42,Lotion,Personal Care,"Balan, Samra and Sekhon",326.42,502.18,35.0,365,22,64,652.84,228.494
844328418,799459,3,852.02,Vitamins,Pharmacy,"Garg, Kari and Kapur",852.02,1065.02,20.0,365,29,66,2556.06,511.212
1843468816,952124,3,127.08,Onions,Fruits & Vegetables,"Wali, Sood and Bala",127.08,169.44,25.0,3,15,50,381.24,95.31
3771484570,378287,1,332.84,Lemonade,Cold Drinks & Juices,Ramesh-Jain,332.84,475.49,30.0,180,22,51,332.84,99.85199999999999
2458783424,820973,3,114.52,Baby Wipes,Baby Care,Lall LLC,114.52,163.6,30.0,365,29,56,343.56,103.068
2272849018,871592,1,870.29,Carrots,Fruits & Vegetables,"Shankar, Nadkarni and Kumer",870.29,1160.39,25.0,3,25,50,870.29,217.5725
8549503132,349294,2,934.75,Onions,Fruits & Vegetables,Ganesan Ltd,934.75,1246.33,25.0,3,25,70,1869.5,467.375
4032847942,264803,2,995.98,Vitamins,Pharmacy,Gole-Doshi,995.98,1244.97,20.0,365,17,69,1991.96,398.39200000000005
8224665612,425341,3,486.28,Pet Treats,Pet Care,"Mani, Dhar and Muni",486.28,748.12,35.0,365,21,68,1458.84,510.59399999999994
8007222259,120532,2,697.53,Wheat Flour,Grocery & Staples,Nazareth Ltd,697.53,820.62,15.0,365,29,95,1395.06,209.259
3522030676,365132,2,229.38,Instant Noodles,Instant & Frozen Food,Dar-Kumar,229.38,382.3,40.0,180,19,70,458.76,183.50400000000002
3224743071,600767,3,722.42,Toothpaste,Personal Care,Balan Group,722.42,1111.42,35.0,365,22,68,2167.2599999999998,758.5409999999998
7474790671,52729,3,316.02,Cat Food,Pet Care,Saini LLC,316.02,486.18,35.0,365,25,100,948.06,331.82099999999997
7884745950,305754,1,979.99,Frozen Vegetables,Instant & Frozen Food,Mammen-Hegde,979.99,1633.32,40.0,180,22,81,979.99,391.99600000000004
8269502930,762527,2,690.08,Biscuits,Snacks & Munchies,"Chad, Yohannan and Chopra",690.08,1061.66,35.0,90,23,71,1380.16,483.056
985347383,440875,2,275.03,Baby Wipes,Baby Care,Loyal Inc,275.03,392.9,30.0,365,15,80,550.06,165.01799999999997
5932091553,9436,2,88.43,Toothpaste,Personal Care,Naidu PLC,88.43,136.05,35.0,365,19,76,176.86,61.901
69932727,753354,3,423.56,Shampoo,Personal Care,Sant-Mahajan,423.56,651.63,35.0,365,20,52,1270.68,444.738
2715027145,677542,3,212.61,Toilet Cleaner,Household Care,Thaman-Lanka,212.61,283.48,25.0,365,10,52,637.83,159.4575
5234261944,291238,1,746.03,Chocolates,Snacks & Munchies,"Sinha, Pau and Chhabra",746.03,1147.74,35.0,90,16,68,746.03,261.1105
2818967815,56589,2,517.77,Vitamins,Pharmacy,"Pai, Kashyap and Ramachandran",517.77,647.21,20.0,365,16,85,1035.54,207.108
1598213217,51036,3,931.61,Baby Food,Baby Care,Karnik PLC,931.61,1330.87,30.0,365,12,86,2794.83,838.449
9087747856,256783,2,906.54,Pet Treats,Pet Care,"Basu, Thakur and Rege",906.54,1394.68,35.0,365,16,98,1813.08,634.578
9606925547,89084,1,598.83,Milk,Dairy & Breakfast,"Wali, Virk and Iyer",598.83,748.54,20.0,7,27,74,598.83,119.76600000000002
9866554851,561860,1,874.78,Orange Juice,Cold Drinks & Juices,Gupta Ltd,874.78,1249.69,30.0,180,21,90,874.78,262.43399999999997
3719294769,784827,1,274.25,Baby Wipes,Baby Care,Balakrishnan Ltd,274.25,391.79,30.0,365,26,77,274.25,82.27499999999999
3576529840,606256,2,369.28,Frozen Biryani,Instant & Frozen Food,Agate Ltd,369.28,615.47,40.0,180,16,57,738.56,295.424
5478986113,567671,1,418.48,Biscuits,Snacks & Munchies,Nagar LLC,418.48,643.82,35.0,90,12,90,418.48,146.468
6724582316,324809,3,608.0,Bread,Dairy & Breakfast,Sidhu PLC,608.0,760.0,20.0,7,26,76,1824.0,364.8
4391559649,123983,2,785.67,Cough Syrup,Pharmacy,Kurian-Chhabra,785.67,982.09,20.0,365,25,72,1571.34,314.26800000000003
9530258400,613942,3,545.0,Pet Treats,Pet Care,"Dyal, Saraf and Goel",545.0,838.46,35.0,365,28,72,1635.0,572.25
609162117,287070,2,443.17,Wheat Flour,Grocery & Staples,"Gala, Magar and Rajagopal",443.17,521.38,15.0,365,20,93,886.34,132.951
755143077,818522,2,96.09,Cheese,Dairy & Breakfast,Hora-Roy,96.09,120.11,20.0,7,12,90,192.18,38.43600000000001
5239439928,851978,3,715.72,Vitamins,Pharmacy,Parsa-Bala,715.72,894.65,20.0,365,28,92,2147.16,429.432
1328248068,602241,1,976.55,Nuts,Snacks & Munchies,Bahl-Pau,976.55,1502.38,35.0,90,12,75,976.55,341.79249999999996
1440606577,992178,1,632.43,Pain Reliever,Pharmacy,Basu and Sons,632.43,790.54,20.0,365,16,89,632.43,126.48599999999999
8884389971,945635,1,778.9,Pulses,Grocery & Staples,Balasubramanian PLC,778.9,916.35,15.0,365,16,59,778.9,116.835
7307977336,672059,2,672.73,Toothpaste,Personal Care,Kaur-Gola,672.73,1034.97,35.0,365,25,81,1345.46,470.911
5953535252,871592,2,870.29,Carrots,Fruits & Vegetables,"Shankar, Nadkarni and Kumer",870.29,1160.39,25.0,3,25,50,1740.58,435.145
6133025410,291238,3,746.03,Chocolates,Snacks & Munchies,"Sinha, Pau and Chhabra",746.03,1147.74,35.0,90,16,68,2238.09,783.3315
798088726,949818,2,483.05,Biscuits,Snacks & Munchies,Yohannan Inc,483.05,743.15,35.0,90,21,76,966.1,338.135
3372412988,435929,3,856.89,Toilet Cleaner,Household Care,Memon Ltd,856.89,1142.52,25.0,365,13,71,2570.67,642.6675
4910060567,385113,3,816.38,Lotion,Personal Care,"Sampath, Mane and Mody",816.38,1255.97,35.0,365,21,50,2449.14,857.199
8708211566,937542,1,97.04,Wheat Flour,Grocery & Staples,Khurana and Sons,97.04,114.16,15.0,365,28,93,97.04,14.556000000000001
2126853184,89084,3,598.83,Milk,Dairy & Breakfast,"Wali, Virk and Iyer",598.83,748.54,20.0,7,27,74,1796.4900000000002,359.29800000000006
4390795259,848226,2,209.59,Tomatoes,Fruits & Vegetables,Barad and Sons,209.59,279.45,25.0,3,10,51,419.18,104.795
9030686359,747801,1,277.76,Toilet Cleaner,Household Care,Saha-Vora,277.76,370.35,25.0,365,23,71,277.76,69.44
8565611606,647462,2,326.42,Lotion,Personal Care,"Balan, Samra and Sekhon",326.42,502.18,35.0,365,22,64,652.84,228.494
6782020758,555121,2,354.91,Carrots,Fruits & Vegetables,"Subramanian, Chaudhuri and Dora",354.91,473.21,25.0,3,30,67,709.82,177.455
561884159,903336,2,551.88,Pulses,Grocery & Staples,"Vaidya, Amble and Palla",551.88,649.27,15.0,365,14,60,1103.76,165.564
2767430579,60619,3,726.41,Iced Tea,Cold Drinks & Juices,Bhasin LLC,726.41,1037.73,30.0,180,10,97,2179.23,653.769
5934372451,144124,2,162.67,Detergent,Household Care,Lalla-Srinivasan,162.67,216.89,25.0,365,11,82,325.34,81.335
6833977302,490602,3,549.47,Sugar,Grocery & Staples,Raghavan Inc,549.47,646.44,15.0,365,20,71,1648.41,247.2615
8396649871,953175,3,225.21,Baby Food,Baby Care,Sehgal-Nagarajan,225.21,321.73,30.0,365,11,73,675.63,202.689
1937188757,257719,3,281.73,Eggs,Dairy & Breakfast,Chaudhuri PLC,281.73,352.16,20.0,7,17,93,845.19,169.038
3142198801,300159,3,44.35,Cola,Cold Drinks & Juices,"Basu, Rout and Mistry",44.35,63.36,30.0,180,20,93,133.05,39.915
6087109745,679284,1,877.89,Cough Syrup,Pharmacy,Pant LLC,877.89,1097.36,20.0,365,28,95,877.89,175.578
8895262247,153019,1,947.95,Onions,Fruits & Vegetables,Aurora LLC,947.95,1263.93,25.0,3,13,88,947.95,236.9875
5138524153,689769,3,46.62,Frozen Vegetables,Instant & Frozen Food,Kothari-Datta,46.62,77.7,40.0,180,17,51,139.85999999999999,55.943999999999996
9789995549,757274,1,98.32,Pet Treats,Pet Care,"Minhas, Kapoor and Sethi",98.32,151.26,35.0,365,27,95,98.32,34.41199999999999
7485459856,455755,2,44.09,Detergent,Household Care,Mangal-Sathe,44.09,58.79,25.0,365,23,53,88.18,22.045
4033626537,89084,3,598.83,Milk,Dairy & Breakfast,"Wali, Virk and Iyer",598.83,748.54,20.0,7,27,74,1796.4900000000002,359.29800000000006
9370915142,760828,3,563.45,Pet Treats,Pet Care,"Khurana, Khosla and Yohannan",563.45,866.85,35.0,365,23,93,1690.3500000000001,591.6225000000001
7211325894,56589,1,517.77,Vitamins,Pharmacy,"Pai, Kashyap and Ramachandran",517.77,647.21,20.0,365,16,85,517.77,103.554
3482827003,604184,2,397.55,Toilet Cleaner,Household Care,"Gaba, Sodhi and Choudhary",397.55,530.07,25.0,365,24,84,795.1,198.775
6656246719,654623,2,422.14,Chips,Snacks & Munchies,Pradhan and Sons,422.14,649.45,35.0,90,18,76,844.28,295.498
6092663288,818522,3,96.09,Cheese,Dairy & Breakfast,Hora-Roy,96.09,120.11,20.0,7,12,90,288.27,57.653999999999996
9346041594,491314,2,973.44,Ice Cream,Instant & Frozen Food,Banerjee Inc,973.44,1622.4,40.0,180,11,71,1946.88,778.7520000000001
9105127475,183929,3,738.74,Bread,Dairy & Breakfast,"Nagi, Sampath and Khurana",738.74,923.42,20.0,7,20,73,2216.2200000000003,443.2440000000001
6120818381,647462,1,326.42,Lotion,Personal Care,"Balan, Samra and Sekhon",326.42,502.18,35.0,365,22,64,326.42,114.247
5174370629,848226,1,209.59,Tomatoes,Fruits & Vegetables,Barad and Sons,209.59,279.45,25.0,3,10,51,209.59,52.3975
3244930036,300159,1,44.35,Cola,Cold Drinks & Juices,"Basu, Rout and Mistry",44.35,63.36,30.0,180,20,93,44.35,13.305
2976493998,91670,3,439.24,Dish Soap,Household Care,Barman-Ahluwalia,439.24,585.65,25.0,365,27,88,1317.72,329.43
7971593791,146840,1,786.85,Bread,Dairy & Breakfast,"Bains, Deol and Vaidya",786.85,983.56,20.0,7,19,89,786.85,157.37
4052544342,222892,1,869.22,Tomatoes,Fruits & Vegetables,Ramakrishnan-Ghose,869.22,1158.96,25.0,3,28,88,869.22,217.305
6264003424,739448,2,755.66,Dish Soap,Household Care,Mand-Choudhry,755.66,1007.55,25.0,365,24,79,1511.32,377.83
3436107152,378230,1,166.42,Nuts,Snacks & Munchies,Kala-Vig,166.42,256.03,35.0,90,13,76,166.42,58.24699999999999
8546631319,863930,2,242.57,Shampoo,Personal Care,"Sathe, Agarwal and Dhar",242.57,373.18,35.0,365,26,72,485.14,169.79899999999998
640960551,52729,1,316.02,Cat Food,Pet Care,Saini LLC,316.02,486.18,35.0,365,25,100,316.02,110.60699999999999
1141173434,53833,1,134.69,Rice,Grocery & Staples,Tella-Master,134.69,158.46,15.0,365,26,89,134.69,20.2035
528309380,118820,2,12.32,Iced Tea,Cold Drinks & Juices,"Warrior, Ravel and Amble",12.32,17.6,30.0,180,12,61,24.64,7.3919999999999995
2387509904,107548,2,891.6,Cola,Cold Drinks & Juices,"Bhandari, Bhasin and Palan",891.6,1273.71,30.0,180,27,53,1783.2,534.96
6791931269,567671,3,418.48,Biscuits,Snacks & Munchies,Nagar LLC,418.48,643.82,35.0,90,12,90,1255.44,439.404
4063689432,837480,1,217.4,Cough Syrup,Pharmacy,Edwin and Sons,217.4,271.75,20.0,365,22,82,217.4,43.480000000000004
1206887762,366066,2,918.58,Soap,Personal Care,Mandal LLC,918.58,1413.2,35.0,365,16,52,1837.16,643.006
6409437174,767398,3,22.14,Dish Soap,Household Care,"Arya, Sundaram and Pingle",22.14,29.52,25.0,365,15,57,66.42,16.605
1355164713,131937,3,287.81,Frozen Pizza,Instant & Frozen Food,"Varkey, Devi and Ganguly",287.81,479.68,40.0,180,18,68,863.4300000000001,345.37200000000007
2604772138,36412,2,397.68,Dish Soap,Household Care,Muni-Shankar,397.68,530.24,25.0,365,27,92,795.36,198.84
5868093790,67197,2,552.2,Butter,Dairy & Breakfast,Shetty-Bora,552.2,690.25,20.0,7,20,79,1104.4,220.88000000000002
10161194,382511,1,702.54,Butter,Dairy & Breakfast,Bora-Thakkar,702.54,878.17,20.0,7,26,88,702.54,140.508
8930380639,107548,1,891.6,Cola,Cold Drinks & Juices,"Bhandari, Bhasin and Palan",891.6,1273.71,30.0,180,27,53,891.6,267.48
2247940574,679284,3,877.89,Cough Syrup,Pharmacy,Pant LLC,877.89,1097.36,20.0,365,28,95,2633.67,526.734
6190907327,18035,3,968.94,Dish Soap,Household Care,Ramesh Inc,968.94,1291.92,25.0,365,12,87,2906.82,726.705
127277515,654297,3,13.25,Potatoes,Fruits & Vegetables,Chandran-Dass,13.25,17.67,25.0,3,20,86,39.75,9.9375
8209093135,91670,2,439.24,Dish Soap,Household Care,Barman-Ahluwalia,439.24,585.65,25.0,365,27,88,878.48,219.62
4419380079,567671,1,418.48,Biscuits,Snacks & Munchies,Nagar LLC,418.48,643.82,35.0,90,12,90,418.48,146.468
2954606845,376447,3,724.84,Butter,Dairy & Breakfast,Gara and Sons,724.84,906.05,20.0,7,17,64,2174.52,434.904
5128739359,131748,1,81.35,Dog Food,Pet Care,"Shroff, Wason and Dugar",81.35,125.15,35.0,365,30,53,81.35,28.472499999999997
8183315245,990993,2,263.7,Chocolates,Snacks & Munchies,Guha-Subramaniam,263.7,405.69,35.0,90,22,61,527.4,184.58999999999997
8820606892,689769,3,46.62,Frozen Vegetables,Instant & Frozen Food,Kothari-Datta,46.62,77.7,40.0,180,17,51,139.85999999999999,55.943999999999996
7779228340,942001,3,671.55,Cat Food,Pet Care,Acharya Ltd,671.55,1033.15,35.0,365,20,84,2014.6499999999999,705.1274999999999
8459230018,4452,1,169.88,Baby Wipes,Baby Care,Morar-Mistry,169.88,242.69,30.0,365,27,100,169.88,50.964
7060468800,112390,2,877.98,Toothpaste,Personal Care,"Kibe, Contractor and Randhawa",877.98,1350.74,35.0,365,23,85,1755.96,614.586
218821567,589812,3,163.03,Detergent,Household Care,Bir PLC,163.03,217.37,25.0,365,22,52,489.09000000000003,122.27250000000001
7795766861,140154,1,171.2,Shampoo,Personal Care,Malhotra LLC,171.2,263.38,35.0,365,24,59,171.2,59.919999999999995
4285804383,890232,2,432.0,Mango Drink,Cold Drinks & Juices,Jha Group,432.0,617.14,30.0,180,20,91,864.0,259.2
5961051248,880510,3,951.43,Bread,Dairy & Breakfast,Roy-Char,951.43,1189.29,20.0,7,29,54,2854.29,570.8580000000001
5630323534,425341,1,486.28,Pet Treats,Pet Care,"Mani, Dhar and Muni",486.28,748.12,35.0,365,21,68,486.28,170.19799999999998
4642824835,672059,3,672.73,Toothpaste,Personal Care,Kaur-Gola,672.73,1034.97,35.0,365,25,81,2018.19,706.3665
3060527554,378230,3,166.42,Nuts,Snacks & Munchies,Kala-Vig,166.42,256.03,35.0,90,13,76,499.26,174.74099999999999
4048252396,451933,2,568.94,Wheat Flour,Grocery & Staples,Nadig Ltd,568.94,669.34,15.0,365,28,98,1137.88,170.68200000000002
1271431612,679321,1,738.46,Cola,Cold Drinks & Juices,Khurana-Dewan,738.46,1054.94,30.0,180,20,68,738.46,221.538
8981940261,552496,2,508.0,Dish Soap,Household Care,Dhar PLC,508.0,677.33,25.0,365,17,59,1016.0,254.0
3896239510,739448,3,755.66,Dish Soap,Household Care,Mand-Choudhry,755.66,1007.55,25.0,365,24,79,2266.98,566.745
711316410,305754,3,979.99,Frozen Vegetables,Instant & Frozen Food,Mammen-Hegde,979.99,1633.32,40.0,180,22,81,2939.9700000000003,1175.988
9863502398,673058,2,765.76,Cough Syrup,Pharmacy,Balan-Madan,765.76,957.2,20.0,365,30,94,1531.52,306.30400000000003
293770293,876139,1,415.75,Pulses,Grocery & Staples,Cherian-Dara,415.75,489.12,15.0,365,14,83,415.75,62.3625
890800429,376447,1,724.84,Butter,Dairy & Breakfast,Gara and Sons,724.84,906.05,20.0,7,17,64,724.84,144.96800000000002
1270503169,6405,2,236.51,Baby Food,Baby Care,Kashyap-Reddy,236.51,337.87,30.0,365,11,81,473.02,141.90599999999998
168180571,136533,1,826.21,Eggs,Dairy & Breakfast,"Raghavan, Magar and Shanker",826.21,1032.76,20.0,7,15,75,826.21,165.24200000000002
111296281,378230,3,166.42,Nuts,Snacks & Munchies,Kala-Vig,166.42,256.03,35.0,90,13,76,499.26,174.74099999999999
7329085364,969851,1,340.66,Frozen Vegetables,Instant & Frozen Food,"Kara, Sodhi and Bassi",340.66,567.77,40.0,180,27,64,340.66,136.264
1129130498,378676,1,881.42,Orange Juice,Cold Drinks & Juices,Baral-Kamdar,881.42,1259.17,30.0,180,19,65,881.42,264.426
996939836,993331,2,102.44,Pulses,Grocery & Staples,"Parmer, Gola and Yogi",102.44,120.52,15.0,365,28,86,204.88,30.732
8263379807,131136,3,37.8,Salt,Grocery & Staples,Deshpande-Rama,37.8,44.47,15.0,365,29,95,113.39999999999999,17.009999999999998
5735975899,611575,3,482.06,Frozen Pizza,Instant & Frozen Food,"Bhat, Nigam and Hayer",482.06,803.43,40.0,180,25,87,1446.18,578.4720000000001
9651034668,669378,3,212.14,Potatoes,Fruits & Vegetables,Chadha and Sons,212.14,282.85,25.0,3,23,70,636.42,159.105
3103539793,771228,1,83.18,Pet Treats,Pet Care,Raja and Sons,83.18,127.97,35.0,365,25,73,83.18,29.113
1611921781,123983,3,785.67,Cough Syrup,Pharmacy,Kurian-Chhabra,785.67,982.09,20.0,365,25,72,2357.0099999999998,471.402
7532381028,925482,2,475.04,Frozen Biryani,Instant & Frozen Food,Viswanathan-Sha,475.04,791.73,40.0,180,23,66,950.08,380.03200000000004
7803665404,516376,1,877.43,Onions,Fruits & Vegetables,Agarwal-Dhar,877.43,1169.91,25.0,3,21,71,877.43,219.3575
466184886,451812,3,530.85,Pain Reliever,Pharmacy,"Batra, Sant and Mandal",530.85,663.56,20.0,365,29,63,1592.5500000000002,318.51000000000005
4692518050,70969,2,631.7,Carrots,Fruits & Vegetables,Mohan Group,631.7,842.27,25.0,3,25,96,1263.4,315.85
9408428,124290,1,39.65,Lotion,Personal Care,Sachdev Group,39.65,61.0,35.0,365,23,71,39.65,13.8775
8766330526,704868,3,193.46,Detergent,Household Care,"Parikh, Oak and Kara",193.46,257.95,25.0,365,24,58,580.38,145.095
9221423039,707935,2,820.9,Cat Food,Pet Care,"Anne, Mammen and Khatri",820.9,1262.92,35.0,365,30,97,1641.8,574.63
4268661538,952124,1,127.08,Onions,Fruits & Vegetables,"Wali, Sood and Bala",127.08,169.44,25.0,3,15,50,127.08,31.77
1378809665,771228,3,83.18,Pet Treats,Pet Care,Raja and Sons,83.18,127.97,35.0,365,25,73,249.54000000000002,87.339
4917941248,764014,1,612.04,Salt,Grocery & Staples,"Grewal, Swamy and Dayal",612.04,720.05,15.0,365,30,100,612.04,91.806
5132792285,516376,2,877.43,Onions,Fruits & Vegetables,Agarwal-Dhar,877.43,1169.91,25.0,3,21,71,1754.86,438.715
3776678112,14145,1,630.84,Spinach,Fruits & Vegetables,"Thakur, Shah and Pingle",630.84,841.12,25.0,3,14,53,630.84,157.71
6940411801,89084,1,598.83,Milk,Dairy & Breakfast,"Wali, Virk and Iyer",598.83,748.54,20.0,7,27,74,598.83,119.76600000000002
7422521525,952124,2,127.08,Onions,Fruits & Vegetables,"Wali, Sood and Bala",127.08,169.44,25.0,3,15,50,254.16,63.54
4419022028,491521,2,556.35,Nuts,Snacks & Munchies,Karpe Inc,556.35,855.92,35.0,90,28,98,1112.7,389.445
8016651984,131748,1,81.35,Dog Food,Pet Care,"Shroff, Wason and Dugar",81.35,125.15,35.0,365,30,53,81.35,28.472499999999997
2361722422,848226,3,209.59,Tomatoes,Fruits & Vegetables,Barad and Sons,209.59,279.45,25.0,3,10,51,628.77,157.1925
1001453982,557908,3,942.37,Vitamins,Pharmacy,Sundaram Inc,942.37,1177.96,20.0,365,14,53,2827.11,565.422
9093918346,91670,3,439.24,Dish Soap,Household Care,Barman-Ahluwalia,439.24,585.65,25.0,365,27,88,1317.72,329.43
3969014433,679865,1,347.91,Wheat Flour,Grocery & Staples,Memon-Barad,347.91,409.31,15.0,365,14,85,347.91,52.1865
9684561720,398340,3,651.93,Instant Noodles,Instant & Frozen Food,"Nadig, Zachariah and Soni",651.93,1086.55,40.0,180,11,56,1955.79,782.316
7031115362,274207,2,328.51,Cough Syrup,Pharmacy,"Savant, Batta and Mander",328.51,410.64,20.0,365,25,51,657.02,131.404
8204766849,709916,1,33.76,Detergent,Household Care,Varkey LLC,33.76,45.01,25.0,365,30,88,33.76,8.44
2785412612,764014,3,612.04,Salt,Grocery & Staples,"Grewal, Swamy and Dayal",612.04,720.05,15.0,365,30,100,1836.12,275.41799999999995
2624138741,82484,3,914.88,Baby Food,Baby Care,Mallick PLC,914.88,1306.97,30.0,365,12,73,2744.64,823.3919999999999
748376248,194682,3,912.29,Iced Tea,Cold Drinks & Juices,Sastry-Issac,912.29,1303.27,30.0,180,11,86,2736.87,821.0609999999999
6096787440,478531,3,825.46,Carrots,Fruits & Vegetables,Uppal Group,825.46,1100.61,25.0,3,24,90,2476.38,619.095
8787660233,672059,2,672.73,Toothpaste,Personal Care,Kaur-Gola,672.73,1034.97,35.0,365,25,81,1345.46,470.911
3845481278,487931,3,709.08,Sugar,Grocery & Staples,"Bahl, Jaggi and Nath",709.08,834.21,15.0,365,27,68,2127.2400000000002,319.086
4636134267,228286,3,179.08,Cola,Cold Drinks & Juices,Bhattacharyya PLC,179.08,255.83,30.0,180,26,79,537.24,161.172
4538825340,124290,2,39.65,Lotion,Personal Care,Sachdev Group,39.65,61.0,35.0,365,23,71,79.3,27.755
4553101047,937542,3,97.04,Wheat Flour,Grocery & Staples,Khurana and Sons,97.04,114.16,15.0,365,28,93,291.12,43.668
2193853405,448752,2,160.07,Toilet Cleaner,Household Care,Batta-Doctor,160.07,213.43,25.0,365,23,96,320.14,80.035
1642059453,70969,1,631.7,Carrots,Fruits & Vegetables,Mohan Group,631.7,842.27,25.0,3,25,96,631.7,157.925
5890339330,891833,2,493.19,Curd,Dairy & Breakfast,Mani PLC,493.19,616.49,20.0,7,11,69,986.38,197.276
313663478,14145,1,630.84,Spinach,Fruits & Vegetables,"Thakur, Shah and Pingle",630.84,841.12,25.0,3,14,53,630.84,157.71
8591576320,692985,2,197.39,Pulses,Grocery & Staples,"Wable, Sankaran and Hari",197.39,232.22,15.0,365,30,86,394.78,59.21699999999999
4728104591,537274,2,702.71,Pet Treats,Pet Care,Lal-Chauhan,702.71,1081.09,35.0,365,17,67,1405.42,491.897
8276401643,833557,1,422.87,Cereal,Dairy & Breakfast,"Gole, Chand and Dada",422.87,528.59,20.0,7,27,69,422.87,84.57400000000001
8709694061,337168,2,545.49,Eggs,Dairy & Breakfast,Dasgupta PLC,545.49,681.86,20.0,7,25,98,1090.98,218.19600000000003
4080156881,300159,2,44.35,Cola,Cold Drinks & Juices,"Basu, Rout and Mistry",44.35,63.36,30.0,180,20,93,88.7,26.61
7485829116,500633,2,154.5,Cereal,Dairy & Breakfast,Trivedi-Ahluwalia,154.5,193.12,20.0,7,24,87,309.0,61.800000000000004
7378865582,661577,3,720.95,Cat Food,Pet Care,Majumdar PLC,720.95,1109.15,35.0,365,28,95,2162.8500000000004,756.9975000000001
335575667,77308,3,223.27,Onions,Fruits & Vegetables,Ratta-Sagar,223.27,297.69,25.0,3,29,91,669.8100000000001,167.45250000000001
1621109077,557908,1,942.37,Vitamins,Pharmacy,Sundaram Inc,942.37,1177.96,20.0,365,14,53,942.37,188.47400000000002
7468088555,654623,1,422.14,Chips,Snacks & Munchies,Pradhan and Sons,422.14,649.45,35.0,90,18,76,422.14,147.749
3676517886,473647,3,43.05,Toothpaste,Personal Care,Ben-Ravi,43.05,66.23,35.0,365,18,82,129.14999999999998,45.202499999999986
1746921111,642612,2,517.03,Pet Treats,Pet Care,Pillay-Ahuja,517.03,795.43,35.0,365,16,57,1034.06,361.92099999999994
7774691391,82484,2,914.88,Baby Food,Baby Care,Mallick PLC,914.88,1306.97,30.0,365,12,73,1829.76,548.928
8220678247,361361,1,826.21,Biscuits,Snacks & Munchies,"Kunda, Dave and Sahni",826.21,1271.09,35.0,90,20,64,826.21,289.1735
6048604080,799459,3,852.02,Vitamins,Pharmacy,"Garg, Kari and Kapur",852.02,1065.02,20.0,365,29,66,2556.06,511.212
8545716586,697683,2,123.74,Toilet Cleaner,Household Care,"Murty, Varghese and Saxena",123.74,164.99,25.0,365,14,82,247.48,61.87
530870056,764014,1,612.04,Salt,Grocery & Staples,"Grewal, Swamy and Dayal",612.04,720.05,15.0,365,30,100,612.04,91.806
4055690435,120385,3,597.91,Pet Treats,Pet Care,Dubey-Sarin,597.91,919.86,35.0,365,28,73,1793.73,627.8054999999999
7096530350,927651,3,426.72,Baby Wipes,Baby Care,Narula Group,426.72,609.6,30.0,365,15,60,1280.16,384.048
7083649345,555121,3,354.91,Carrots,Fruits & Vegetables,"Subramanian, Chaudhuri and Dora",354.91,473.21,25.0,3,30,67,1064.73,266.1825
836457367,937542,2,97.04,Wheat Flour,Grocery & Staples,Khurana and Sons,97.04,114.16,15.0,365,28,93,194.08,29.112000000000002
7698126312,136533,1,826.21,Eggs,Dairy & Breakfast,"Raghavan, Magar and Shanker",826.21,1032.76,20.0,7,15,75,826.21,165.24200000000002
2267297760,448752,1,160.07,Toilet Cleaner,Household Care,Batta-Doctor,160.07,213.43,25.0,365,23,96,160.07,40.0175
1717841423,965755,1,532.57,Bananas,Fruits & Vegetables,"Doshi, Sarraf and Sama",532.57,710.09,25.0,3,21,91,532.57,133.1425
4330597536,537274,1,702.71,Pet Treats,Pet Care,Lal-Chauhan,702.71,1081.09,35.0,365,17,67,702.71,245.9485
3687593721,990993,1,263.7,Chocolates,Snacks & Munchies,Guha-Subramaniam,263.7,405.69,35.0,90,22,61,263.7,92.29499999999999
6660740926,378230,3,166.42,Nuts,Snacks & Munchies,Kala-Vig,166.42,256.03,35.0,90,13,76,499.26,174.74099999999999
9439713009,455755,1,44.09,Detergent,Household Care,Mangal-Sathe,44.09,58.79,25.0,365,23,53,44.09,11.0225
5281121057,681063,3,321.28,Mango Drink,Cold Drinks & Juices,Dass and Sons,321.28,458.97,30.0,180,20,91,963.8399999999999,289.152
7044351561,51036,1,931.61,Baby Food,Baby Care,Karnik PLC,931.61,1330.87,30.0,365,12,86,931.61,279.483
9121393476,219598,3,367.08,Shampoo,Personal Care,Arora-Magar,367.08,564.74,35.0,365,28,83,1101.24,385.43399999999997
7202170939,991434,3,237.62,Cookies,Snacks & Munchies,Mital-Oza,237.62,365.57,35.0,90,12,87,712.86,249.50099999999998
1429047127,847349,3,781.08,Potatoes,Fruits & Vegetables,Chhabra-Agrawal,781.08,1041.44,25.0,3,26,69,2343.2400000000002,585.8100000000001
8551965787,34186,1,925.65,Mangoes,Fruits & Vegetables,Mandal-Kar,925.65,1234.2,25.0,3,27,74,925.65,231.4125
6756882357,26060,3,342.94,Vitamins,Pharmacy,Shah and Sons,342.94,428.67,20.0,365,25,57,1028.82,205.764
618929241,542300,1,255.35,Popcorn,Snacks & Munchies,Gulati-Tandon,255.35,392.85,35.0,90,11,66,255.35,89.37249999999999
9711157887,679284,1,877.89,Cough Syrup,Pharmacy,Pant LLC,877.89,1097.36,20.0,365,28,95,877.89,175.578
354149805,382511,3,702.54,Butter,Dairy & Breakfast,Bora-Thakkar,702.54,878.17,20.0,7,26,88,2107.62,421.524
231328814,820541,3,576.22,Toilet Cleaner,Household Care,"Borde, Peri and Upadhyay",576.22,768.29,25.0,365,19,71,1728.66,432.165
523916986,799459,2,852.02,Vitamins,Pharmacy,"Garg, Kari and Kapur",852.02,1065.02,20.0,365,29,66,1704.04,340.808
1930887811,602241,2,976.55,Nuts,Snacks & Munchies,Bahl-Pau,976.55,1502.38,35.0,90,12,75,1953.1,683.5849999999999
9958741781,818522,2,96.09,Cheese,Dairy & Breakfast,Hora-Roy,96.09,120.11,20.0,7,12,90,192.18,38.43600000000001
6727230123,6405,3,236.51,Baby Food,Baby Care,Kashyap-Reddy,236.51,337.87,30.0,365,11,81,709.53,212.85899999999998
9487368442,992178,2,632.43,Pain Reliever,Pharmacy,Basu and Sons,632.43,790.54,20.0,365,16,89,1264.86,252.97199999999998
671459763,133542,3,68.49,Detergent,Household Care,Edwin-Lall,68.49,91.32,25.0,365,21,72,205.46999999999997,51.36749999999999
9129957352,451812,2,530.85,Pain Reliever,Pharmacy,"Batra, Sant and Mandal",530.85,663.56,20.0,365,29,63,1061.7,212.34000000000003
9206073690,991434,3,237.62,Cookies,Snacks & Munchies,Mital-Oza,237.62,365.57,35.0,90,12,87,712.86,249.50099999999998
5587148302,18035,2,968.94,Dish Soap,Household Care,Ramesh Inc,968.94,1291.92,25.0,365,12,87,1937.88,484.47
6936256414,564692,3,215.65,Cat Food,Pet Care,"Krishna, Bail and Dyal",215.65,331.77,35.0,365,25,82,646.95,226.4325
3341228576,140489,3,650.2,Soap,Personal Care,"Biswas, Kapoor and Patel",650.2,1000.31,35.0,365,28,95,1950.6000000000001,682.71
4817323453,949818,2,483.05,Biscuits,Snacks & Munchies,Yohannan Inc,483.05,743.15,35.0,90,21,76,966.1,338.135
1163454835,373536,2,494.17,Dog Food,Pet Care,Chauhan-Sabharwal,494.17,760.26,35.0,365,14,64,988.34,345.919
5236061455,532965,3,307.23,Frozen Pizza,Instant & Frozen Food,Sachdev Inc,307.23,512.05,40.0,180,20,94,921.69,368.67600000000004
5982829268,478531,3,825.46,Carrots,Fruits & Vegetables,Uppal Group,825.46,1100.61,25.0,3,24,90,2476.38,619.095
1901688056,704868,2,193.46,Detergent,Household Care,"Parikh, Oak and Kara",193.46,257.95,25.0,365,24,58,386.92,96.73
5936051107,798639,1,211.25,Eggs,Dairy & Breakfast,Subramaniam LLC,211.25,264.06,20.0,7,12,78,211.25,42.25
3018272105,585299,3,799.46,Pet Treats,Pet Care,"Sharma, Chandra and Prashad",799.46,1229.94,35.0,365,13,50,2398.38,839.433
3656191983,313754,3,136.6,Biscuits,Snacks & Munchies,"Swaminathan, Mahal and Dara",136.6,210.15,35.0,90,25,67,409.79999999999995,143.42999999999998
5186692805,144124,2,162.67,Detergent,Household Care,Lalla-Srinivasan,162.67,216.89,25.0,365,11,82,325.34,81.335
7281243151,611575,1,482.06,Frozen Pizza,Instant & Frozen Food,"Bhat, Nigam and Hayer",482.06,803.43,40.0,180,25,87,482.06,192.824
7906004940,194682,1,912.29,Iced Tea,Cold Drinks & Juices,Sastry-Issac,912.29,1303.27,30.0,180,11,86,912.29,273.68699999999995
6354703603,992178,3,632.43,Pain Reliever,Pharmacy,Basu and Sons,632.43,790.54,20.0,365,16,89,1897.29,379.458
6444064733,217710,3,58.59,Eggs,Dairy & Breakfast,Rout-Sarna,58.59,73.24,20.0,7,19,53,175.77,35.154
2405783093,623234,2,329.79,Frozen Biryani,Instant & Frozen Food,Chakrabarti-Batra,329.79,549.65,40.0,180,13,72,659.58,263.83200000000005
63363146,136533,2,826.21,Eggs,Dairy & Breakfast,"Raghavan, Magar and Shanker",826.21,1032.76,20.0,7,15,75,1652.42,330.48400000000004
7040313500,256783,3,906.54,Pet Treats,Pet Care,"Basu, Thakur and Rege",906.54,1394.68,35.0,365,16,98,2719.62,951.8669999999998
5844807259,448752,1,160.07,Toilet Cleaner,Household Care,Batta-Doctor,160.07,213.43,25.0,365,23,96,160.07,40.0175
1931703221,876139,1,415.75,Pulses,Grocery & Staples,Cherian-Dara,415.75,489.12,15.0,365,14,83,415.75,62.3625
3525336030,18035,1,968.94,Dish Soap,Household Care,Ramesh Inc,968.94,1291.92,25.0,365,12,87,968.94,242.235
4359807852,564692,1,215.65,Cat Food,Pet Care,"Krishna, Bail and Dyal",215.65,331.77,35.0,365,25,82,215.65,75.47749999999999
6946959356,461804,2,310.69,Sugar,Grocery & Staples,"Ghose, Ben and Divan",310.69,365.52,15.0,365,15,97,621.38,93.207
782338627,349294,1,934.75,Onions,Fruits & Vegetables,Ganesan Ltd,934.75,1246.33,25.0,3,25,70,934.75,233.6875
4942714391,455755,3,44.09,Detergent,Household Care,Mangal-Sathe,44.09,58.79,25.0,365,23,53,132.27,33.0675
919307194,140154,2,171.2,Shampoo,Personal Care,Malhotra LLC,171.2,263.38,35.0,365,24,59,342.4,119.83999999999999
6509263423,615545,1,448.16,Soap,Personal Care,Barman Inc,448.16,689.48,35.0,365,20,67,448.16,156.856
7200105089,298985,1,183.76,Vitamins,Pharmacy,"Ramanathan, Joshi and Srinivasan",183.76,229.7,20.0,365,11,61,183.76,36.752
7120372196,669378,2,212.14,Potatoes,Fruits & Vegetables,Chadha and Sons,212.14,282.85,25.0,3,23,70,424.28,106.07
8710393245,112390,1,877.98,Toothpaste,Personal Care,"Kibe, Contractor and Randhawa",877.98,1350.74,35.0,365,23,85,877.98,307.293
8862036450,954722,1,616.45,Ice Cream,Instant & Frozen Food,Mohan-Virk,616.45,1027.42,40.0,180,11,58,616.45,246.58000000000004
2087769338,18035,3,968.94,Dish Soap,Household Care,Ramesh Inc,968.94,1291.92,25.0,365,12,87,2906.82,726.705
3349267712,532965,3,307.23,Frozen Pizza,Instant & Frozen Food,Sachdev Inc,307.23,512.05,40.0,180,20,94,921.69,368.67600000000004
1689937124,903336,3,551.88,Pulses,Grocery & Staples,"Vaidya, Amble and Palla",551.88,649.27,15.0,365,14,60,1655.6399999999999,248.34599999999998
4498769995,681063,2,321.28,Mango Drink,Cold Drinks & Juices,Dass and Sons,321.28,458.97,30.0,180,20,91,642.56,192.76799999999997
3729771871,578097,2,267.61,Nuts,Snacks & Munchies,Jha Group,267.61,411.71,35.0,90,22,75,535.22,187.327
9065518834,319388,2,657.8,Orange Juice,Cold Drinks & Juices,D’Alia-Dey,657.8,939.71,30.0,180,26,56,1315.6,394.67999999999995
7524465290,684939,3,727.95,Lotion,Personal Care,"Sibal, Bhatnagar and Rajan",727.95,1119.92,35.0,365,22,50,2183.8500000000004,764.3475000000001
2319921666,839170,1,481.63,Curd,Dairy & Breakfast,Shetty and Sons,481.63,602.04,20.0,7,11,59,481.63,96.32600000000001
9541612277,306177,1,769.24,Frozen Biryani,Instant & Frozen Food,Som Inc,769.24,1282.07,40.0,180,11,54,769.24,307.696
6303548068,925482,1,475.04,Frozen Biryani,Instant & Frozen Food,Viswanathan-Sha,475.04,791.73,40.0,180,23,66,475.04,190.01600000000002
5867651793,927651,3,426.72,Baby Wipes,Baby Care,Narula Group,426.72,609.6,30.0,365,15,60,1280.16,384.048
6405947025,894539,2,445.48,Dish Soap,Household Care,"Pall, Sule and Sood",445.48,593.97,25.0,365,14,93,890.96,222.74
2150790907,833557,3,422.87,Cereal,Dairy & Breakfast,"Gole, Chand and Dada",422.87,528.59,20.0,7,27,69,1268.6100000000001,253.72200000000004
212856641,26060,1,342.94,Vitamins,Pharmacy,Shah and Sons,342.94,428.67,20.0,365,25,57,342.94,68.58800000000001
1686508921,659290,3,319.34,Cheese,Dairy & Breakfast,Kapadia-D’Alia,319.34,399.17,20.0,7,18,66,958.02,191.604
5879579208,757274,1,98.32,Pet Treats,Pet Care,"Minhas, Kapoor and Sethi",98.32,151.26,35.0,365,27,95,98.32,34.41199999999999
1882682579,587645,3,801.81,Vitamins,Pharmacy,"Sura, Pillay and Mammen",801.81,1002.26,20.0,365,18,90,2405.43,481.086
8370410622,63769,2,878.07,Lotion,Personal Care,Dalal-Shan,878.07,1350.88,35.0,365,27,69,1756.14,614.649
368599691,890232,1,432.0,Mango Drink,Cold Drinks & Juices,Jha Group,432.0,617.14,30.0,180,20,91,432.0,129.6
9282982332,739534,2,994.56,Toilet Cleaner,Household Care,"Gera, Narang and Karpe",994.56,1326.08,25.0,365,14,59,1989.12,497.28
4874880100,274207,1,328.51,Cough Syrup,Pharmacy,"Savant, Batta and Mander",328.51,410.64,20.0,365,25,51,328.51,65.702
102639985,89084,2,598.83,Milk,Dairy & Breakfast,"Wali, Virk and Iyer",598.83,748.54,20.0,7,27,74,1197.66,239.53200000000004
5288207551,760684,2,71.6,Rice,Grocery & Staples,Kanda-Gupta,71.6,84.24,15.0,365,14,64,143.2,21.479999999999997
693932743,300159,2,44.35,Cola,Cold Drinks & Juices,"Basu, Rout and Mistry",44.35,63.36,30.0,180,20,93,88.7,26.61
2325405669,673058,3,765.76,Cough Syrup,Pharmacy,Balan-Madan,765.76,957.2,20.0,365,30,94,2297.2799999999997,459.45599999999996
8152364696,487065,1,374.68,Chips,Snacks & Munchies,Kadakia-Yadav,374.68,576.43,35.0,90,27,87,374.68,131.138
7682359398,324809,1,608.0,Bread,Dairy & Breakfast,Sidhu PLC,608.0,760.0,20.0,7,26,76,608.0,121.60000000000001
1742951029,954722,1,616.45,Ice Cream,Instant & Frozen Food,Mohan-Virk,616.45,1027.42,40.0,180,11,58,616.45,246.58000000000004
4799787645,140154,3,171.2,Shampoo,Personal Care,Malhotra LLC,171.2,263.38,35.0,365,24,59,513.5999999999999,179.75999999999996
8498666384,930284,2,189.47,Baby Food,Baby Care,"Garg, Saraf and Dutta",189.47,270.67,30.0,365,20,58,378.94,113.682
5013572642,952124,1,127.08,Onions,Fruits & Vegetables,"Wali, Sood and Bala",127.08,169.44,25.0,3,15,50,127.08,31.77
8403006958,433521,2,321.33,Diapers,Baby Care,Mahal Group,321.33,459.04,30.0,365,27,58,642.66,192.79799999999997
4688831157,53833,2,134.69,Rice,Grocery & Staples,Tella-Master,134.69,158.46,15.0,365,26,89,269.38,40.407
394578210,349294,3,934.75,Onions,Fruits & Vegetables,Ganesan Ltd,934.75,1246.33,25.0,3,25,70,2804.25,701.0625
8681711802,56589,3,517.77,Vitamins,Pharmacy,"Pai, Kashyap and Ramachandran",517.77,647.21,20.0,365,16,85,1553.31,310.66200000000003
9311399064,131748,1,81.35,Dog Food,Pet Care,"Shroff, Wason and Dugar",81.35,125.15,35.0,365,30,53,81.35,28.472499999999997
2620581496,34200,2,319.8,Lotion,Personal Care,Munshi-Grewal,319.8,492.0,35.0,365,19,75,639.6,223.85999999999999
5116898322,771228,3,83.18,Pet Treats,Pet Care,Raja and Sons,83.18,127.97,35.0,365,25,73,249.54000000000002,87.339
5995819849,707935,3,820.9,Cat Food,Pet Care,"Anne, Mammen and Khatri",820.9,1262.92,35.0,365,30,97,2462.7,861.9449999999999
7690500286,18035,2,968.94,Dish Soap,Household Care,Ramesh Inc,968.94,1291.92,25.0,365,12,87,1937.88,484.47
6107283203,94225,1,77.11,Toilet Cleaner,Household Care,"Gulati, Ram and Sarkar",77.11,102.81,25.0,365,13,70,77.11,19.2775
3170417508,942001,3,671.55,Cat Food,Pet Care,Acharya Ltd,671.55,1033.15,35.0,365,20,84,2014.6499999999999,705.1274999999999
805682701,57405,3,607.67,Baby Food,Baby Care,Srinivas PLC,607.67,868.1,30.0,365,21,64,1823.0099999999998,546.9029999999999
8960508625,970529,1,827.44,Diapers,Baby Care,"Kurian, Patla and Sanghvi",827.44,1182.06,30.0,365,19,84,827.44,248.232
5580397726,186168,1,878.8,Dog Food,Pet Care,"Parekh, Lad and Kadakia",878.8,1352.0,35.0,365,13,75,878.8,307.58
1506599381,491521,2,556.35,Nuts,Snacks & Munchies,Karpe Inc,556.35,855.92,35.0,90,28,98,1112.7,389.445
8424478165,880510,1,951.43,Bread,Dairy & Breakfast,Roy-Char,951.43,1189.29,20.0,7,29,54,951.43,190.286
6083333956,818522,1,96.09,Cheese,Dairy & Breakfast,Hora-Roy,96.09,120.11,20.0,7,12,90,96.09,19.218000000000004
9611327860,487931,2,709.08,Sugar,Grocery & Staples,"Bahl, Jaggi and Nath",709.08,834.21,15.0,365,27,68,1418.16,212.72400000000002
9539444766,63769,3,878.07,Lotion,Personal Care,Dalal-Shan,878.07,1350.88,35.0,365,27,69,2634.21,921.9735
756168939,4452,1,169.88,Baby Wipes,Baby Care,Morar-Mistry,169.88,242.69,30.0,365,27,100,169.88,50.964
7762624518,171602,1,883.44,Cola,Cold Drinks & Juices,Pal-Sehgal,883.44,1262.06,30.0,180,28,58,883.44,265.032
3681781563,112390,3,877.98,Toothpaste,Personal Care,"Kibe, Contractor and Randhawa",877.98,1350.74,35.0,365,23,85,2633.94,921.8789999999999
1571085226,991434,3,237.62,Cookies,Snacks & Munchies,Mital-Oza,237.62,365.57,35.0,90,12,87,712.86,249.50099999999998
4244306883,604184,3,397.55,Toilet Cleaner,Household Care,"Gaba, Sodhi and Choudhary",397.55,530.07,25.0,365,24,84,1192.65,298.1625
7333141591,876139,3,415.75,Pulses,Grocery & Staples,Cherian-Dara,415.75,489.12,15.0,365,14,83,1247.25,187.0875
1199945706,970529,1,827.44,Diapers,Baby Care,"Kurian, Patla and Sanghvi",827.44,1182.06,30.0,365,19,84,827.44,248.232
5895644119,382511,2,702.54,Butter,Dairy & Breakfast,Bora-Thakkar,702.54,878.17,20.0,7,26,88,1405.08,281.016
7112919210,6405,1,236.51,Baby Food,Baby Care,Kashyap-Reddy,236.51,337.87,30.0,365,11,81,236.51,70.95299999999999
8315937318,962054,1,16.86,Orange Juice,Cold Drinks & Juices,Toor-Nagar,16.86,24.09,30.0,180,11,74,16.86,5.058
5331800057,990993,3,263.7,Chocolates,Snacks & Munchies,Guha-Subramaniam,263.7,405.69,35.0,90,22,61,791.0999999999999,276.88499999999993
5989265505,228286,2,179.08,Cola,Cold Drinks & Juices,Bhattacharyya PLC,179.08,255.83,30.0,180,26,79,358.16,107.44800000000001
7906361274,33955,3,186.08,Frozen Pizza,Instant & Frozen Food,Baral Group,186.08,310.13,40.0,180,29,84,558.24,223.29600000000002
6312476146,433521,1,321.33,Diapers,Baby Care,Mahal Group,321.33,459.04,30.0,365,27,58,321.33,96.39899999999999
9436272631,613942,3,545.0,Pet Treats,Pet Care,"Dyal, Saraf and Goel",545.0,838.46,35.0,365,28,72,1635.0,572.25
8289791792,552883,2,888.16,Potatoes,Fruits & Vegetables,"Balan, Patel and Mall",888.16,1184.21,25.0,3,18,94,1776.32,444.08
7659532788,451812,2,530.85,Pain Reliever,Pharmacy,"Batra, Sant and Mandal",530.85,663.56,20.0,365,29,63,1061.7,212.34000000000003
1498157233,673058,2,765.76,Cough Syrup,Pharmacy,Balan-Madan,765.76,957.2,20.0,365,30,94,1531.52,306.30400000000003
8560951754,942001,3,671.55,Cat Food,Pet Care,Acharya Ltd,671.55,1033.15,35.0,365,20,84,2014.6499999999999,705.1274999999999
8764192824,673058,2,765.76,Cough Syrup,Pharmacy,Balan-Madan,765.76,957.2,20.0,365,30,94,1531.52,306.30400000000003
1900542981,704868,1,193.46,Detergent,Household Care,"Parikh, Oak and Kara",193.46,257.95,25.0,365,24,58,193.46,48.365
9445683691,799688,3,309.62,Lotion,Personal Care,Arora LLC,309.62,476.34,35.0,365,22,90,928.86,325.101
7719808335,491521,1,556.35,Nuts,Snacks & Munchies,Karpe Inc,556.35,855.92,35.0,90,28,98,556.35,194.7225
4865644960,490939,1,80.25,Lotion,Personal Care,"Roy, Barad and De",80.25,123.46,35.0,365,12,67,80.25,28.0875
6518276143,53833,2,134.69,Rice,Grocery & Staples,Tella-Master,134.69,158.46,15.0,365,26,89,269.38,40.407
2211459584,114414,1,832.06,Vitamins,Pharmacy,Kara-Golla,832.06,1040.07,20.0,365,26,66,832.06,166.412
6811633572,491314,3,973.44,Ice Cream,Instant & Frozen Food,Banerjee Inc,973.44,1622.4,40.0,180,11,71,2920.32,1168.1280000000002
1821573240,876139,3,415.75,Pulses,Grocery & Staples,Cherian-Dara,415.75,489.12,15.0,365,14,83,1247.25,187.0875
8848227434,723678,3,675.46,Dog Food,Pet Care,"Lall, Datta and Swamy",675.46,1039.17,35.0,365,14,97,2026.38,709.233
7812276711,306177,3,769.24,Frozen Biryani,Instant & Frozen Food,Som Inc,769.24,1282.07,40.0,180,11,54,2307.7200000000003,923.0880000000002
939966106,354409,3,325.08,Pulses,Grocery & Staples,Bose-Pandit,325.08,382.45,15.0,365,24,60,975.24,146.286
4099108156,94225,2,77.11,Toilet Cleaner,Household Care,"Gulati, Ram and Sarkar",77.11,102.81,25.0,365,13,70,154.22,38.555
5684182622,833557,1,422.87,Cereal,Dairy & Breakfast,"Gole, Chand and Dada",422.87,528.59,20.0,7,27,69,422.87,84.57400000000001
4916740946,712307,3,264.89,Orange Juice,Cold Drinks & Juices,Chana LLC,264.89,378.41,30.0,180,16,73,794.67,238.40099999999998
9732307600,144124,1,162.67,Detergent,Household Care,Lalla-Srinivasan,162.67,216.89,25.0,365,11,82,162.67,40.6675
9280329883,784827,3,274.25,Baby Wipes,Baby Care,Balakrishnan Ltd,274.25,391.79,30.0,365,26,77,822.75,246.825
4284285927,673058,1,765.76,Cough Syrup,Pharmacy,Balan-Madan,765.76,957.2,20.0,365,30,94,765.76,153.15200000000002
8701796,672059,2,672.73,Toothpaste,Personal Care,Kaur-Gola,672.73,1034.97,35.0,365,25,81,1345.46,470.911
6834734512,137909,2,864.3,Cough Syrup,Pharmacy,Dalal PLC,864.3,1080.37,20.0,365,23,65,1728.6,345.72
7127377458,448752,3,160.07,Toilet Cleaner,Household Care,Batta-Doctor,160.07,213.43,25.0,365,23,96,480.21,120.0525
4754481356,124290,3,39.65,Lotion,Personal Care,Sachdev Group,39.65,61.0,35.0,365,23,71,118.94999999999999,41.63249999999999
4726007482,284460,3,505.95,Potatoes,Fruits & Vegetables,"Ramakrishnan, Anand and Khare",505.95,674.6,25.0,3,21,85,1517.85,379.4625
2320560482,557908,1,942.37,Vitamins,Pharmacy,Sundaram Inc,942.37,1177.96,20.0,365,14,53,942.37,188.47400000000002
1456550348,566052,1,87.3,Pain Reliever,Pharmacy,"Apte, Soman and Raju",87.3,109.12,20.0,365,14,53,87.3,17.46
5370744569,478531,1,825.46,Carrots,Fruits & Vegetables,Uppal Group,825.46,1100.61,25.0,3,24,90,825.46,206.365
5819887962,186168,3,878.8,Dog Food,Pet Care,"Parekh, Lad and Kadakia",878.8,1352.0,35.0,365,13,75,2636.3999999999996,922.7399999999998
1929465827,647462,1,326.42,Lotion,Personal Care,"Balan, Samra and Sekhon",326.42,502.18,35.0,365,22,64,326.42,114.247
9430139302,120532,1,697.53,Wheat Flour,Grocery & Staples,Nazareth Ltd,697.53,820.62,15.0,365,29,95,697.53,104.6295
3632715912,679321,3,738.46,Cola,Cold Drinks & Juices,Khurana-Dewan,738.46,1054.94,30.0,180,20,68,2215.38,664.614
3356214803,888807,3,230.58,Bread,Dairy & Breakfast,Arya Group,230.58,288.23,20.0,7,13,91,691.74,138.348
2277864850,513199,2,422.23,Cola,Cold Drinks & Juices,Rastogi Inc,422.23,603.19,30.0,180,26,52,844.46,253.338
1754472592,847349,3,781.08,Potatoes,Fruits & Vegetables,Chhabra-Agrawal,781.08,1041.44,25.0,3,26,69,2343.2400000000002,585.8100000000001
1833208408,194682,3,912.29,Iced Tea,Cold Drinks & Juices,Sastry-Issac,912.29,1303.27,30.0,180,11,86,2736.87,821.0609999999999
6567954047,954722,2,616.45,Ice Cream,Instant & Frozen Food,Mohan-Virk,616.45,1027.42,40.0,180,11,58,1232.9,493.1600000000001
9409585531,448752,3,160.07,Toilet Cleaner,Household Care,Batta-Doctor,160.07,213.43,25.0,365,23,96,480.21,120.0525
731371161,927651,1,426.72,Baby Wipes,Baby Care,Narula Group,426.72,609.6,30.0,365,15,60,426.72,128.016
7863496069,349294,3,934.75,Onions,Fruits & Vegetables,Ganesan Ltd,934.75,1246.33,25.0,3,25,70,2804.25,701.0625
9043955242,56589,3,517.77,Vitamins,Pharmacy,"Pai, Kashyap and Ramachandran",517.77,647.21,20.0,365,16,85,1553.31,310.66200000000003
8257564936,516376,1,877.43,Onions,Fruits & Vegetables,Agarwal-Dhar,877.43,1169.91,25.0,3,21,71,877.43,219.3575
7487631571,120532,3,697.53,Wheat Flour,Grocery & Staples,Nazareth Ltd,697.53,820.62,15.0,365,29,95,2092.59,313.8885
4243307535,592784,2,280.35,Biscuits,Snacks & Munchies,"Andra, Mander and Kari",280.35,431.31,35.0,90,27,64,560.7,196.245
5490221933,563740,1,96.33,Chips,Snacks & Munchies,Mann-Kapadia,96.33,148.2,35.0,90,20,61,96.33,33.7155
577600718,120385,1,597.91,Pet Treats,Pet Care,Dubey-Sarin,597.91,919.86,35.0,365,28,73,597.91,209.2685
1815462789,679865,3,347.91,Wheat Flour,Grocery & Staples,Memon-Barad,347.91,409.31,15.0,365,14,85,1043.73,156.55949999999999
896786012,747801,3,277.76,Toilet Cleaner,Household Care,Saha-Vora,277.76,370.35,25.0,365,23,71,833.28,208.32
2610552179,67197,1,552.2,Butter,Dairy & Breakfast,Shetty-Bora,552.2,690.25,20.0,7,20,79,552.2,110.44000000000001
6244718082,60619,3,726.41,Iced Tea,Cold Drinks & Juices,Bhasin LLC,726.41,1037.73,30.0,180,10,97,2179.23,653.769
1837634871,652118,2,22.04,Frozen Biryani,Instant & Frozen Food,Agate and Sons,22.04,36.73,40.0,180,19,55,44.08,17.632
8684571382,240179,1,90.56,Cough Syrup,Pharmacy,Ram-Suri,90.56,113.2,20.0,365,20,56,90.56,18.112000000000002
1659181364,94225,2,77.11,Toilet Cleaner,Household Care,"Gulati, Ram and Sarkar",77.11,102.81,25.0,365,13,70,154.22,38.555
5626641031,952124,1,127.08,Onions,Fruits & Vegetables,"Wali, Sood and Bala",127.08,169.44,25.0,3,15,50,127.08,31.77
1589326447,647462,3,326.42,Lotion,Personal Care,"Balan, Samra and Sekhon",326.42,502.18,35.0,365,22,64,979.26,342.741
5018325783,367391,3,939.55,Baby Wipes,Baby Care,Talwar and Sons,939.55,1342.21,30.0,365,18,52,2818.6499999999996,845.5949999999999
5111073873,962054,2,16.86,Orange Juice,Cold Drinks & Juices,Toor-Nagar,16.86,24.09,30.0,180,11,74,33.72,10.116
5953426781,532965,1,307.23,Frozen Pizza,Instant & Frozen Food,Sachdev Inc,307.23,512.05,40.0,180,20,94,307.23,122.89200000000001
8966870214,131136,3,37.8,Salt,Grocery & Staples,Deshpande-Rama,37.8,44.47,15.0,365,29,95,113.39999999999999,17.009999999999998
6962915277,540618,2,317.05,Popcorn,Snacks & Munchies,Golla-Luthra,317.05,487.77,35.0,90,28,87,634.1,221.935
4309308088,120532,2,697.53,Wheat Flour,Grocery & Staples,Nazareth Ltd,697.53,820.62,15.0,365,29,95,1395.06,209.259
5391068200,659290,3,319.34,Cheese,Dairy & Breakfast,Kapadia-D’Alia,319.34,399.17,20.0,7,18,66,958.02,191.604
4394681222,952124,3,127.08,Onions,Fruits & Vegetables,"Wali, Sood and Bala",127.08,169.44,25.0,3,15,50,381.24,95.31
4791895461,425341,3,486.28,Pet Treats,Pet Care,"Mani, Dhar and Muni",486.28,748.12,35.0,365,21,68,1458.84,510.59399999999994
7272011740,848226,1,209.59,Tomatoes,Fruits & Vegetables,Barad and Sons,209.59,279.45,25.0,3,10,51,209.59,52.3975
87784691,70969,2,631.7,Carrots,Fruits & Vegetables,Mohan Group,631.7,842.27,25.0,3,25,96,1263.4,315.85
4939105270,444361,3,822.63,Pain Reliever,Pharmacy,"Prakash, Bawa and Kale",822.63,1028.29,20.0,365,20,71,2467.89,493.578
4622303035,880510,2,951.43,Bread,Dairy & Breakfast,Roy-Char,951.43,1189.29,20.0,7,29,54,1902.86,380.572
3460208027,709916,2,33.76,Detergent,Household Care,Varkey LLC,33.76,45.01,25.0,365,30,88,67.52,16.88
2548125971,183929,1,738.74,Bread,Dairy & Breakfast,"Nagi, Sampath and Khurana",738.74,923.42,20.0,7,20,73,738.74,147.74800000000002
2390111460,492958,2,84.2,Lotion,Personal Care,Acharya PLC,84.2,129.54,35.0,365,26,88,168.4,58.94
8309485249,903336,2,551.88,Pulses,Grocery & Staples,"Vaidya, Amble and Palla",551.88,649.27,15.0,365,14,60,1103.76,165.564
8322543480,661577,3,720.95,Cat Food,Pet Care,Majumdar PLC,720.95,1109.15,35.0,365,28,95,2162.8500000000004,756.9975000000001
2819200158,60619,1,726.41,Iced Tea,Cold Drinks & Juices,Bhasin LLC,726.41,1037.73,30.0,180,10,97,726.41,217.92299999999997
7087151227,600767,1,722.42,Toothpaste,Personal Care,Balan Group,722.42,1111.42,35.0,365,22,68,722.42,252.84699999999998
6704234561,962054,1,16.86,Orange Juice,Cold Drinks & Juices,Toor-Nagar,16.86,24.09,30.0,180,11,74,16.86,5.058
6998410196,365133,2,915.45,Dish Soap,Household Care,Hans Inc,915.45,1220.6,25.0,365,25,60,1830.9,457.725
707035635,677542,1,212.61,Toilet Cleaner,Household Care,Thaman-Lanka,212.61,283.48,25.0,365,10,52,212.61,53.1525
543400704,767398,3,22.14,Dish Soap,Household Care,"Arya, Sundaram and Pingle",22.14,29.52,25.0,365,15,57,66.42,16.605
3604694195,52729,1,316.02,Cat Food,Pet Care,Saini LLC,316.02,486.18,35.0,365,25,100,316.02,110.60699999999999
3560549947,913428,2,392.22,Pet Treats,Pet Care,Narayanan-Kumar,392.22,603.42,35.0,365,30,98,784.44,274.554
9982178143,734789,1,395.82,Popcorn,Snacks & Munchies,"Chaudhari, Pant and Singh",395.82,608.95,35.0,90,22,66,395.82,138.53699999999998
1423646541,799952,1,922.64,Cheese,Dairy & Breakfast,Padmanabhan-Virk,922.64,1153.3,20.0,7,13,66,922.64,184.52800000000002
7441941402,820973,1,114.52,Baby Wipes,Baby Care,Lall LLC,114.52,163.6,30.0,365,29,56,114.52,34.355999999999995
8395661807,120532,3,697.53,Wheat Flour,Grocery & Staples,Nazareth Ltd,697.53,820.62,15.0,365,29,95,2092.59,313.8885
5480656353,587645,2,801.81,Vitamins,Pharmacy,"Sura, Pillay and Mammen",801.81,1002.26,20.0,365,18,90,1603.62,320.724
4561602092,306177,1,769.24,Frozen Biryani,Instant & Frozen Food,Som Inc,769.24,1282.07,40.0,180,11,54,769.24,307.696
1695982633,481843,2,297.68,Chocolates,Snacks & Munchies,"Taneja, Kala and Kota",297.68,457.97,35.0,90,10,88,595.36,208.376
6309447153,853932,2,941.19,Baby Wipes,Baby Care,Ranganathan-Peri,941.19,1344.56,30.0,365,21,94,1882.38,564.714
4796733514,604184,2,397.55,Toilet Cleaner,Household Care,"Gaba, Sodhi and Choudhary",397.55,530.07,25.0,365,24,84,795.1,198.775
2858966982,734789,2,395.82,Popcorn,Snacks & Munchies,"Chaudhari, Pant and Singh",395.82,608.95,35.0,90,22,66,791.64,277.07399999999996
6948607495,891833,1,493.19,Curd,Dairy & Breakfast,Mani PLC,493.19,616.49,20.0,7,11,69,493.19,98.638
4959271803,385113,2,816.38,Lotion,Personal Care,"Sampath, Mane and Mody",816.38,1255.97,35.0,365,21,50,1632.76,571.466
5669689881,448752,1,160.07,Toilet Cleaner,Household Care,Batta-Doctor,160.07,213.43,25.0,365,23,96,160.07,40.0175
5352265711,440875,1,275.03,Baby Wipes,Baby Care,Loyal Inc,275.03,392.9,30.0,365,15,80,275.03,82.50899999999999
5498551836,871592,1,870.29,Carrots,Fruits & Vegetables,"Shankar, Nadkarni and Kumer",870.29,1160.39,25.0,3,25,50,870.29,217.5725
6556845822,799688,1,309.62,Lotion,Personal Care,Arora LLC,309.62,476.34,35.0,365,22,90,309.62,108.36699999999999
5167008199,883013,1,989.88,Eggs,Dairy & Breakfast,Chahal Group,989.88,1237.35,20.0,7,13,98,989.88,197.976
966294309,654297,3,13.25,Potatoes,Fruits & Vegetables,Chandran-Dass,13.25,17.67,25.0,3,20,86,39.75,9.9375
3163611427,962591,2,130.01,Orange Juice,Cold Drinks & Juices,Murthy-Kaul,130.01,185.73,30.0,180,24,74,260.02,78.00599999999999
203136866,6405,1,236.51,Baby Food,Baby Care,Kashyap-Reddy,236.51,337.87,30.0,365,11,81,236.51,70.95299999999999
1815555165,382511,1,702.54,Butter,Dairy & Breakfast,Bora-Thakkar,702.54,878.17,20.0,7,26,88,702.54,140.508
1874499212,697683,1,123.74,Toilet Cleaner,Household Care,"Murty, Varghese and Saxena",123.74,164.99,25.0,365,14,82,123.74,30.935
4012779165,462526,2,449.97,Curd,Dairy & Breakfast,Pau and Sons,449.97,562.46,20.0,7,25,69,899.94,179.98800000000003
3669023899,707935,2,820.9,Cat Food,Pet Care,"Anne, Mammen and Khatri",820.9,1262.92,35.0,365,30,97,1641.8,574.63
9296381620,89084,2,598.83,Milk,Dairy & Breakfast,"Wali, Virk and Iyer",598.83,748.54,20.0,7,27,74,1197.66,239.53200000000004
2725513934,604184,3,397.55,Toilet Cleaner,Household Care,"Gaba, Sodhi and Choudhary",397.55,530.07,25.0,365,24,84,1192.65,298.1625
5564338561,257719,1,281.73,Eggs,Dairy & Breakfast,Chaudhuri PLC,281.73,352.16,20.0,7,17,93,281.73,56.346000000000004
4701778121,700048,1,141.28,Dish Soap,Household Care,Khalsa-Bhavsar,141.28,188.37,25.0,365,25,98,141.28,35.32
9529272337,91670,1,439.24,Dish Soap,Household Care,Barman-Ahluwalia,439.24,585.65,25.0,365,27,88,439.24,109.81
869910650,451933,1,568.94,Wheat Flour,Grocery & Staples,Nadig Ltd,568.94,669.34,15.0,365,28,98,568.94,85.34100000000001
2127080399,222892,3,869.22,Tomatoes,Fruits & Vegetables,Ramakrishnan-Ghose,869.22,1158.96,25.0,3,28,88,2607.66,651.915
3547439109,706112,3,478.79,Vitamins,Pharmacy,"Magar, Gara and Garg",478.79,598.49,20.0,365,12,77,1436.3700000000001,287.27400000000006
997535715,606256,1,369.28,Frozen Biryani,Instant & Frozen Food,Agate Ltd,369.28,615.47,40.0,180,16,57,369.28,147.712
2442453181,146840,2,786.85,Bread,Dairy & Breakfast,"Bains, Deol and Vaidya",786.85,983.56,20.0,7,19,89,1573.7,314.74
1182120536,9436,1,88.43,Toothpaste,Personal Care,Naidu PLC,88.43,136.05,35.0,365,19,76,88.43,30.9505
2819297954,500739,2,359.98,Bread,Dairy & Breakfast,Aggarwal Group,359.98,449.98,20.0,7,18,81,719.96,143.99200000000002
9870956079,937542,1,97.04,Wheat Flour,Grocery & Staples,Khurana and Sons,97.04,114.16,15.0,365,28,93,97.04,14.556000000000001
6032675432,60619,2,726.41,Iced Tea,Cold Drinks & Juices,Bhasin LLC,726.41,1037.73,30.0,180,10,97,1452.82,435.84599999999995
329790912,305754,1,979.99,Frozen Vegetables,Instant & Frozen Food,Mammen-Hegde,979.99,1633.32,40.0,180,22,81,979.99,391.99600000000004
6459815532,951463,3,787.4,Pet Treats,Pet Care,Balakrishnan-Kaur,787.4,1211.38,35.0,365,16,82,2362.2,826.7699999999999
9214523757,243235,3,109.03,Cat Food,Pet Care,Batta Inc,109.03,167.74,35.0,365,14,71,327.09000000000003,114.4815
9450279027,367391,2,939.55,Baby Wipes,Baby Care,Talwar and Sons,939.55,1342.21,30.0,365,18,52,1879.1,563.7299999999999
6265551101,890623,2,354.52,Onions,Fruits & Vegetables,"Sangha, Nagar and Varty",354.52,472.69,25.0,3,27,55,709.04,177.26
4138526838,555121,2,354.91,Carrots,Fruits & Vegetables,"Subramanian, Chaudhuri and Dora",354.91,473.21,25.0,3,30,67,709.82,177.455
8005579633,992178,2,632.43,Pain Reliever,Pharmacy,Basu and Sons,632.43,790.54,20.0,365,16,89,1264.86,252.97199999999998
3442984170,673058,2,765.76,Cough Syrup,Pharmacy,Balan-Madan,765.76,957.2,20.0,365,30,94,1531.52,306.30400000000003
8711550413,914071,3,296.94,Chips,Snacks & Munchies,Datta Ltd,296.94,456.83,35.0,90,25,90,890.8199999999999,311.787
2509593585,186168,3,878.8,Dog Food,Pet Care,"Parekh, Lad and Kadakia",878.8,1352.0,35.0,365,13,75,2636.3999999999996,922.7399999999998
6126557370,563740,3,96.33,Chips,Snacks & Munchies,Mann-Kapadia,96.33,148.2,35.0,90,20,61,288.99,101.1465
9876119035,689769,3,46.62,Frozen Vegetables,Instant & Frozen Food,Kothari-Datta,46.62,77.7,40.0,180,17,51,139.85999999999999,55.943999999999996
3739042166,642612,3,517.03,Pet Treats,Pet Care,Pillay-Ahuja,517.03,795.43,35.0,365,16,57,1551.09,542.8815
7938944124,112390,3,877.98,Toothpaste,Personal Care,"Kibe, Contractor and Randhawa",877.98,1350.74,35.0,365,23,85,2633.94,921.8789999999999
506804807,470449,3,827.77,Frozen Biryani,Instant & Frozen Food,Kohli-Sawhney,827.77,1379.62,40.0,180,27,57,2483.31,993.3240000000001
3577900599,140489,1,650.2,Soap,Personal Care,"Biswas, Kapoor and Patel",650.2,1000.31,35.0,365,28,95,650.2,227.57
8337599633,707935,3,820.9,Cat Food,Pet Care,"Anne, Mammen and Khatri",820.9,1262.92,35.0,365,30,97,2462.7,861.9449999999999
8611745429,146840,2,786.85,Bread,Dairy & Breakfast,"Bains, Deol and Vaidya",786.85,983.56,20.0,7,19,89,1573.7,314.74
2990223879,373536,2,494.17,Dog Food,Pet Care,Chauhan-Sabharwal,494.17,760.26,35.0,365,14,64,988.34,345.919
52324496,888807,2,230.58,Bread,Dairy & Breakfast,Arya Group,230.58,288.23,20.0,7,13,91,461.16,92.23200000000001
6594929133,812607,1,416.65,Potatoes,Fruits & Vegetables,Rege Group,416.65,555.53,25.0,3,11,63,416.65,104.1625
2480235830,63769,3,878.07,Lotion,Personal Care,Dalal-Shan,878.07,1350.88,35.0,365,27,69,2634.21,921.9735
9667072962,945635,1,778.9,Pulses,Grocery & Staples,Balasubramanian PLC,778.9,916.35,15.0,365,16,59,778.9,116.835
277700053,552496,2,508.0,Dish Soap,Household Care,Dhar PLC,508.0,677.33,25.0,365,17,59,1016.0,254.0
5691623788,41853,1,910.44,Curd,Dairy & Breakfast,Handa PLC,910.44,1138.05,20.0,7,14,92,910.44,182.08800000000002
6845696161,194682,2,912.29,Iced Tea,Cold Drinks & Juices,Sastry-Issac,912.29,1303.27,30.0,180,11,86,1824.58,547.3739999999999
4098488449,444361,3,822.63,Pain Reliever,Pharmacy,"Prakash, Bawa and Kale",822.63,1028.29,20.0,365,20,71,2467.89,493.578
5653623743,659290,3,319.34,Cheese,Dairy & Breakfast,Kapadia-D’Alia,319.34,399.17,20.0,7,18,66,958.02,191.604
6416399784,52729,1,316.02,Cat Food,Pet Care,Saini LLC,316.02,486.18,35.0,365,25,100,316.02,110.60699999999999
4365565386,490602,2,549.47,Sugar,Grocery & Staples,Raghavan Inc,549.47,646.44,15.0,365,20,71,1098.94,164.841
6423269418,890232,1,432.0,Mango Drink,Cold Drinks & Juices,Jha Group,432.0,617.14,30.0,180,20,91,432.0,129.6
1020534590,953175,3,225.21,Baby Food,Baby Care,Sehgal-Nagarajan,225.21,321.73,30.0,365,11,73,675.63,202.689
4015289878,692985,1,197.39,Pulses,Grocery & Staples,"Wable, Sankaran and Hari",197.39,232.22,15.0,365,30,86,197.39,29.608499999999996
9959668334,361361,3,826.21,Biscuits,Snacks & Munchies,"Kunda, Dave and Sahni",826.21,1271.09,35.0,90,20,64,2478.63,867.5205
8054387790,41853,1,910.44,Curd,Dairy & Breakfast,Handa PLC,910.44,1138.05,20.0,7,14,92,910.44,182.08800000000002
4795344310,747801,3,277.76,Toilet Cleaner,Household Care,Saha-Vora,277.76,370.35,25.0,365,23,71,833.28,208.32
2205862234,891833,2,493.19,Curd,Dairy & Breakfast,Mani PLC,493.19,616.49,20.0,7,11,69,986.38,197.276
4686249863,319388,2,657.8,Orange Juice,Cold Drinks & Juices,D’Alia-Dey,657.8,939.71,30.0,180,26,56,1315.6,394.67999999999995
1270524770,679321,1,738.46,Cola,Cold Drinks & Juices,Khurana-Dewan,738.46,1054.94,30.0,180,20,68,738.46,221.538
5743550453,679284,2,877.89,Cough Syrup,Pharmacy,Pant LLC,877.89,1097.36,20.0,365,28,95,1755.78,351.156
5309699078,51036,1,931.61,Baby Food,Baby Care,Karnik PLC,931.61,1330.87,30.0,365,12,86,931.61,279.483
7565768030,833557,3,422.87,Cereal,Dairy & Breakfast,"Gole, Chand and Dada",422.87,528.59,20.0,7,27,69,1268.6100000000001,253.72200000000004
3210260715,63769,1,878.07,Lotion,Personal Care,Dalal-Shan,878.07,1350.88,35.0,365,27,69,878.07,307.3245
6657245289,679284,1,877.89,Cough Syrup,Pharmacy,Pant LLC,877.89,1097.36,20.0,365,28,95,877.89,175.578
7854526965,658389,2,152.55,Popcorn,Snacks & Munchies,"Chanda, Som and Vohra",152.55,234.69,35.0,90,22,68,305.1,106.785
2770948451,107548,1,891.6,Cola,Cold Drinks & Juices,"Bhandari, Bhasin and Palan",891.6,1273.71,30.0,180,27,53,891.6,267.48
624070426,951463,1,787.4,Pet Treats,Pet Care,Balakrishnan-Kaur,787.4,1211.38,35.0,365,16,82,787.4,275.59
891583492,492958,2,84.2,Lotion,Personal Care,Acharya PLC,84.2,129.54,35.0,365,26,88,168.4,58.94
5811206654,818990,2,163.55,Tomatoes,Fruits & Vegetables,Dugar Group,163.55,218.07,25.0,3,22,92,327.1,81.775
809894905,537274,2,702.71,Pet Treats,Pet Care,Lal-Chauhan,702.71,1081.09,35.0,365,17,67,1405.42,491.897
8209000496,661577,1,720.95,Cat Food,Pet Care,Majumdar PLC,720.95,1109.15,35.0,365,28,95,720.95,252.3325
4901288364,970529,3,827.44,Diapers,Baby Care,"Kurian, Patla and Sanghvi",827.44,1182.06,30.0,365,19,84,2482.32,744.696
5890338566,690565,2,951.27,Cookies,Snacks & Munchies,"Roy, Seth and Patla",951.27,1463.49,35.0,90,15,56,1902.54,665.8889999999999
2745295248,760828,1,563.45,Pet Treats,Pet Care,"Khurana, Khosla and Yohannan",563.45,866.85,35.0,365,23,93,563.45,197.2075
5708700204,274207,2,328.51,Cough Syrup,Pharmacy,"Savant, Batta and Mander",328.51,410.64,20.0,365,25,51,657.02,131.404
8643851643,799952,2,922.64,Cheese,Dairy & Breakfast,Padmanabhan-Virk,922.64,1153.3,20.0,7,13,66,1845.28,369.05600000000004
4525287277,305754,1,979.99,Frozen Vegetables,Instant & Frozen Food,Mammen-Hegde,979.99,1633.32,40.0,180,22,81,979.99,391.99600000000004
6154459753,949818,3,483.05,Biscuits,Snacks & Munchies,Yohannan Inc,483.05,743.15,35.0,90,21,76,1449.15,507.2025
2587790388,11422,3,127.16,Potatoes,Fruits & Vegetables,Ramaswamy-Tata,127.16,169.55,25.0,3,20,65,381.48,95.37
2665891587,767398,2,22.14,Dish Soap,Household Care,"Arya, Sundaram and Pingle",22.14,29.52,25.0,365,15,57,44.28,11.07
6996561687,968887,2,40.7,Dish Soap,Household Care,Keer-Gill,40.7,54.27,25.0,365,18,92,81.4,20.35
961607638,954722,2,616.45,Ice Cream,Instant & Frozen Food,Mohan-Virk,616.45,1027.42,40.0,180,11,58,1232.9,493.1600000000001
4385491839,146840,3,786.85,Bread,Dairy & Breakfast,"Bains, Deol and Vaidya",786.85,983.56,20.0,7,19,89,2360.55,472.11000000000007
1279200190,291238,1,746.03,Chocolates,Snacks & Munchies,"Sinha, Pau and Chhabra",746.03,1147.74,35.0,90,16,68,746.03,261.1105
9668698616,962054,1,16.86,Orange Juice,Cold Drinks & Juices,Toor-Nagar,16.86,24.09,30.0,180,11,74,16.86,5.058
4813038298,500739,3,359.98,Bread,Dairy & Breakfast,Aggarwal Group,359.98,449.98,20.0,7,18,81,1079.94,215.98800000000003
2030125421,222892,3,869.22,Tomatoes,Fruits & Vegetables,Ramakrishnan-Ghose,869.22,1158.96,25.0,3,28,88,2607.66,651.915
6997235339,820541,1,576.22,Toilet Cleaner,Household Care,"Borde, Peri and Upadhyay",576.22,768.29,25.0,365,19,71,576.22,144.055
7438342576,336847,2,936.98,Toilet Cleaner,Household Care,"Dayal, Mammen and More",936.98,1249.31,25.0,365,17,55,1873.96,468.49
9958423263,455755,2,44.09,Detergent,Household Care,Mangal-Sathe,44.09,58.79,25.0,365,23,53,88.18,22.045
3416693628,324809,3,608.0,Bread,Dairy & Breakfast,Sidhu PLC,608.0,760.0,20.0,7,26,76,1824.0,364.8
3440579647,222892,1,869.22,Tomatoes,Fruits & Vegetables,Ramakrishnan-Ghose,869.22,1158.96,25.0,3,28,88,869.22,217.305
5307231496,799688,2,309.62,Lotion,Personal Care,Arora LLC,309.62,476.34,35.0,365,22,90,619.24,216.73399999999998
4779055734,818522,3,96.09,Cheese,Dairy & Breakfast,Hora-Roy,96.09,120.11,20.0,7,12,90,288.27,57.653999999999996
3834705841,432617,1,863.18,Baby Wipes,Baby Care,Dora-Pillai,863.18,1233.11,30.0,365,17,97,863.18,258.95399999999995
9080324081,256783,3,906.54,Pet Treats,Pet Care,"Basu, Thakur and Rege",906.54,1394.68,35.0,365,16,98,2719.62,951.8669999999998
2500757555,284460,3,505.95,Potatoes,Fruits & Vegetables,"Ramakrishnan, Anand and Khare",505.95,674.6,25.0,3,21,85,1517.85,379.4625
1292986566,615545,2,448.16,Soap,Personal Care,Barman Inc,448.16,689.48,35.0,365,20,67,896.32,313.712
6602362287,642612,2,517.03,Pet Treats,Pet Care,Pillay-Ahuja,517.03,795.43,35.0,365,16,57,1034.06,361.92099999999994
184844043,349294,3,934.75,Onions,Fruits & Vegetables,Ganesan Ltd,934.75,1246.33,25.0,3,25,70,2804.25,701.0625
936587253,462526,2,449.97,Curd,Dairy & Breakfast,Pau and Sons,449.97,562.46,20.0,7,25,69,899.94,179.98800000000003
2834429147,700048,3,141.28,Dish Soap,Household Care,Khalsa-Bhavsar,141.28,188.37,25.0,365,25,98,423.84000000000003,105.96000000000001
114306835,448752,3,160.07,Toilet Cleaner,Household Care,Batta-Doctor,160.07,213.43,25.0,365,23,96,480.21,120.0525
1675849477,679321,2,738.46,Cola,Cold Drinks & Juices,Khurana-Dewan,738.46,1054.94,30.0,180,20,68,1476.92,443.076
5191052705,433521,3,321.33,Diapers,Baby Care,Mahal Group,321.33,459.04,30.0,365,27,58,963.99,289.197
7068834722,654623,3,422.14,Chips,Snacks & Munchies,Pradhan and Sons,422.14,649.45,35.0,90,18,76,1266.42,443.247
5051330893,425341,1,486.28,Pet Treats,Pet Care,"Mani, Dhar and Muni",486.28,748.12,35.0,365,21,68,486.28,170.19799999999998
6065496420,500633,1,154.5,Cereal,Dairy & Breakfast,Trivedi-Ahluwalia,154.5,193.12,20.0,7,24,87,154.5,30.900000000000002
7574848635,4452,3,169.88,Baby Wipes,Baby Care,Morar-Mistry,169.88,242.69,30.0,365,27,100,509.64,152.892
8793868975,60619,3,726.41,Iced Tea,Cold Drinks & Juices,Bhasin LLC,726.41,1037.73,30.0,180,10,97,2179.23,653.769
5381466176,94225,1,77.11,Toilet Cleaner,Household Care,"Gulati, Ram and Sarkar",77.11,102.81,25.0,365,13,70,77.11,19.2775
7709366480,228286,2,179.08,Cola,Cold Drinks & Juices,Bhattacharyya PLC,179.08,255.83,30.0,180,26,79,358.16,107.44800000000001
4936667930,131136,1,37.8,Salt,Grocery & Staples,Deshpande-Rama,37.8,44.47,15.0,365,29,95,37.8,5.669999999999999
6860925755,451812,1,530.85,Pain Reliever,Pharmacy,"Batra, Sant and Mandal",530.85,663.56,20.0,365,29,63,530.85,106.17000000000002
5486433396,891833,2,493.19,Curd,Dairy & Breakfast,Mani PLC,493.19,616.49,20.0,7,11,69,986.38,197.276
7089292009,613942,1,545.0,Pet Treats,Pet Care,"Dyal, Saraf and Goel",545.0,838.46,35.0,365,28,72,545.0,190.75
5350760367,734789,1,395.82,Popcorn,Snacks & Munchies,"Chaudhari, Pant and Singh",395.82,608.95,35.0,90,22,66,395.82,138.53699999999998
5581769906,500739,1,359.98,Bread,Dairy & Breakfast,Aggarwal Group,359.98,449.98,20.0,7,18,81,359.98,71.99600000000001
6256637306,677169,3,261.03,Cough Syrup,Pharmacy,Char-Divan,261.03,326.29,20.0,365,12,77,783.0899999999999,156.618
2999946056,673058,1,765.76,Cough Syrup,Pharmacy,Balan-Madan,765.76,957.2,20.0,365,30,94,765.76,153.15200000000002
5218488175,183929,2,738.74,Bread,Dairy & Breakfast,"Nagi, Sampath and Khurana",738.74,923.42,20.0,7,20,73,1477.48,295.49600000000004
8297436592,52729,3,316.02,Cat Food,Pet Care,Saini LLC,316.02,486.18,35.0,365,25,100,948.06,331.82099999999997
1806118907,500739,2,359.98,Bread,Dairy & Breakfast,Aggarwal Group,359.98,449.98,20.0,7,18,81,719.96,143.99200000000002
6999224625,689769,3,46.62,Frozen Vegetables,Instant & Frozen Food,Kothari-Datta,46.62,77.7,40.0,180,17,51,139.85999999999999,55.943999999999996
1809997641,82484,3,914.88,Baby Food,Baby Care,Mallick PLC,914.88,1306.97,30.0,365,12,73,2744.64,823.3919999999999
7528090614,324809,2,608.0,Bread,Dairy & Breakfast,Sidhu PLC,608.0,760.0,20.0,7,26,76,1216.0,243.20000000000002
4884904912,382511,2,702.54,Butter,Dairy & Breakfast,Bora-Thakkar,702.54,878.17,20.0,7,26,88,1405.08,281.016
9811235698,837480,1,217.4,Cough Syrup,Pharmacy,Edwin and Sons,217.4,271.75,20.0,365,22,82,217.4,43.480000000000004
5616653529,329351,2,310.87,Cheese,Dairy & Breakfast,"Lala, Kalita and Sathe",310.87,388.59,20.0,7,23,95,621.74,124.34800000000001
7188183056,455755,3,44.09,Detergent,Household Care,Mangal-Sathe,44.09,58.79,25.0,365,23,53,132.27,33.0675
7898301143,707935,3,820.9,Cat Food,Pet Care,"Anne, Mammen and Khatri",820.9,1262.92,35.0,365,30,97,2462.7,861.9449999999999
5222677885,256051,2,400.92,Lotion,Personal Care,"Mannan, Naidu and Sama",400.92,616.8,35.0,365,17,100,801.84,280.644
8544952346,853932,3,941.19,Baby Wipes,Baby Care,Ranganathan-Peri,941.19,1344.56,30.0,365,21,94,2823.57,847.071
9403371764,9436,3,88.43,Toothpaste,Personal Care,Naidu PLC,88.43,136.05,35.0,365,19,76,265.29,92.8515
3956205476,36412,3,397.68,Dish Soap,Household Care,Muni-Shankar,397.68,530.24,25.0,365,27,92,1193.04,298.26
5678362658,67197,3,552.2,Butter,Dairy & Breakfast,Shetty-Bora,552.2,690.25,20.0,7,20,79,1656.6000000000001,331.32000000000005
8131610255,692985,1,197.39,Pulses,Grocery & Staples,"Wable, Sankaran and Hari",197.39,232.22,15.0,365,30,86,197.39,29.608499999999996
4722653990,990993,2,263.7,Chocolates,Snacks & Munchies,Guha-Subramaniam,263.7,405.69,35.0,90,22,61,527.4,184.58999999999997
6613853662,183929,1,738.74,Bread,Dairy & Breakfast,"Nagi, Sampath and Khurana",738.74,923.42,20.0,7,20,73,738.74,147.74800000000002
8274987671,140489,1,650.2,Soap,Personal Care,"Biswas, Kapoor and Patel",650.2,1000.31,35.0,365,28,95,650.2,227.57
5519983123,449106,1,48.55,Soap,Personal Care,"Shere, Thakur and Naik",48.55,74.69,35.0,365,30,95,48.55,16.992499999999996
2746329488,171602,2,883.44,Cola,Cold Drinks & Juices,Pal-Sehgal,883.44,1262.06,30.0,180,28,58,1766.88,530.064
6443285614,723678,3,675.46,Dog Food,Pet Care,"Lall, Datta and Swamy",675.46,1039.17,35.0,365,14,97,2026.38,709.233
6932426427,832348,1,831.43,Biscuits,Snacks & Munchies,Jani-Ram,831.43,1279.12,35.0,90,10,79,831.43,291.0005
1796512004,462526,1,449.97,Curd,Dairy & Breakfast,Pau and Sons,449.97,562.46,20.0,7,25,69,449.97,89.99400000000001
1464518253,540618,1,317.05,Popcorn,Snacks & Munchies,Golla-Luthra,317.05,487.77,35.0,90,28,87,317.05,110.9675
3585105627,753354,1,423.56,Shampoo,Personal Care,Sant-Mahajan,423.56,651.63,35.0,365,20,52,423.56,148.24599999999998
5387247994,217710,1,58.59,Eggs,Dairy & Breakfast,Rout-Sarna,58.59,73.24,20.0,7,19,53,58.59,11.718000000000002
7568171531,561860,2,874.78,Orange Juice,Cold Drinks & Juices,Gupta Ltd,874.78,1249.69,30.0,180,21,90,1749.56,524.8679999999999
4111193446,133542,3,68.49,Detergent,Household Care,Edwin-Lall,68.49,91.32,25.0,365,21,72,205.46999999999997,51.36749999999999
8683154153,818522,2,96.09,Cheese,Dairy & Breakfast,Hora-Roy,96.09,120.11,20.0,7,12,90,192.18,38.43600000000001
5712367183,329351,3,310.87,Cheese,Dairy & Breakfast,"Lala, Kalita and Sathe",310.87,388.59,20.0,7,23,95,932.61,186.52200000000002
3952854723,700048,2,141.28,Dish Soap,Household Care,Khalsa-Bhavsar,141.28,188.37,25.0,365,25,98,282.56,70.64
4631387671,56589,3,517.77,Vitamins,Pharmacy,"Pai, Kashyap and Ramachandran",517.77,647.21,20.0,365,16,85,1553.31,310.66200000000003
2145309969,953175,3,225.21,Baby Food,Baby Care,Sehgal-Nagarajan,225.21,321.73,30.0,365,11,73,675.63,202.689
4314762741,587645,3,801.81,Vitamins,Pharmacy,"Sura, Pillay and Mammen",801.81,1002.26,20.0,365,18,90,2405.43,481.086
7401889152,888807,3,230.58,Bread,Dairy & Breakfast,Arya Group,230.58,288.23,20.0,7,13,91,691.74,138.348
1932040824,557908,3,942.37,Vitamins,Pharmacy,Sundaram Inc,942.37,1177.96,20.0,365,14,53,2827.11,565.422
9836424713,367391,2,939.55,Baby Wipes,Baby Care,Talwar and Sons,939.55,1342.21,30.0,365,18,52,1879.1,563.7299999999999
9882312203,540618,1,317.05,Popcorn,Snacks & Munchies,Golla-Luthra,317.05,487.77,35.0,90,28,87,317.05,110.9675
3082649585,747801,3,277.76,Toilet Cleaner,Household Care,Saha-Vora,277.76,370.35,25.0,365,23,71,833.28,208.32
6033878151,837480,2,217.4,Cough Syrup,Pharmacy,Edwin and Sons,217.4,271.75,20.0,365,22,82,434.8,86.96000000000001
6395547592,319388,2,657.8,Orange Juice,Cold Drinks & Juices,D’Alia-Dey,657.8,939.71,30.0,180,26,56,1315.6,394.67999999999995
372962997,684939,1,727.95,Lotion,Personal Care,"Sibal, Bhatnagar and Rajan",727.95,1119.92,35.0,365,22,50,727.95,254.7825
2988215377,274207,1,328.51,Cough Syrup,Pharmacy,"Savant, Batta and Mander",328.51,410.64,20.0,365,25,51,328.51,65.702
7081583361,243235,1,109.03,Cat Food,Pet Care,Batta Inc,109.03,167.74,35.0,365,14,71,109.03,38.1605
1860491452,63769,3,878.07,Lotion,Personal Care,Dalal-Shan,878.07,1350.88,35.0,365,27,69,2634.21,921.9735
7499656197,897083,2,972.69,Detergent,Household Care,Dutta-Halder,972.69,1296.92,25.0,365,10,100,1945.38,486.345
4507112412,903336,2,551.88,Pulses,Grocery & Staples,"Vaidya, Amble and Palla",551.88,649.27,15.0,365,14,60,1103.76,165.564
9214595868,56589,2,517.77,Vitamins,Pharmacy,"Pai, Kashyap and Ramachandran",517.77,647.21,20.0,365,16,85,1035.54,207.108
253430904,14145,2,630.84,Spinach,Fruits & Vegetables,"Thakur, Shah and Pingle",630.84,841.12,25.0,3,14,53,1261.68,315.42
5574588218,196719,1,217.5,Bananas,Fruits & Vegetables,Yogi Group,217.5,290.0,25.0,3,15,91,217.5,54.375
2817281674,91670,3,439.24,Dish Soap,Household Care,Barman-Ahluwalia,439.24,585.65,25.0,365,27,88,1317.72,329.43
4932779616,487065,2,374.68,Chips,Snacks & Munchies,Kadakia-Yadav,374.68,576.43,35.0,90,27,87,749.36,262.276
7932879650,621677,3,317.8,Frozen Biryani,Instant & Frozen Food,Sabharwal-Mital,317.8,529.67,40.0,180,15,71,953.4000000000001,381.36000000000007
997698125,876139,1,415.75,Pulses,Grocery & Staples,Cherian-Dara,415.75,489.12,15.0,365,14,83,415.75,62.3625
2403547563,77308,3,223.27,Onions,Fruits & Vegetables,Ratta-Sagar,223.27,297.69,25.0,3,29,91,669.8100000000001,167.45250000000001
8875483494,578097,2,267.61,Nuts,Snacks & Munchies,Jha Group,267.61,411.71,35.0,90,22,75,535.22,187.327
883548284,689769,3,46.62,Frozen Vegetables,Instant & Frozen Food,Kothari-Datta,46.62,77.7,40.0,180,17,51,139.85999999999999,55.943999999999996
2364229435,478531,3,825.46,Carrots,Fruits & Vegetables,Uppal Group,825.46,1100.61,25.0,3,24,90,2476.38,619.095
6845869445,925482,2,475.04,Frozen Biryani,Instant & Frozen Food,Viswanathan-Sha,475.04,791.73,40.0,180,23,66,950.08,380.03200000000004
397818832,692985,3,197.39,Pulses,Grocery & Staples,"Wable, Sankaran and Hari",197.39,232.22,15.0,365,30,86,592.17,88.82549999999999
304166272,913428,3,392.22,Pet Treats,Pet Care,Narayanan-Kumar,392.22,603.42,35.0,365,30,98,1176.66,411.831
1575626085,863930,1,242.57,Shampoo,Personal Care,"Sathe, Agarwal and Dhar",242.57,373.18,35.0,365,26,72,242.57,84.89949999999999
3945644714,654623,2,422.14,Chips,Snacks & Munchies,Pradhan and Sons,422.14,649.45,35.0,90,18,76,844.28,295.498
8370213291,397973,3,728.73,Bananas,Fruits & Vegetables,"Wable, Randhawa and Mutti",728.73,971.64,25.0,3,27,82,2186.19,546.5475
2185375786,337168,2,545.49,Eggs,Dairy & Breakfast,Dasgupta PLC,545.49,681.86,20.0,7,25,98,1090.98,218.19600000000003
1828975788,667163,1,441.2,Orange Juice,Cold Drinks & Juices,Palla LLC,441.2,630.29,30.0,180,25,72,441.2,132.35999999999999
4319450104,354409,1,325.08,Pulses,Grocery & Staples,Bose-Pandit,325.08,382.45,15.0,365,24,60,325.08,48.76199999999999
5059765199,564692,1,215.65,Cat Food,Pet Care,"Krishna, Bail and Dyal",215.65,331.77,35.0,365,25,82,215.65,75.47749999999999
5360089735,925482,3,475.04,Frozen Biryani,Instant & Frozen Food,Viswanathan-Sha,475.04,791.73,40.0,180,23,66,1425.1200000000001,570.0480000000001
8008211695,623234,3,329.79,Frozen Biryani,Instant & Frozen Food,Chakrabarti-Batra,329.79,549.65,40.0,180,13,72,989.3700000000001,395.74800000000005
4400031082,500739,1,359.98,Bread,Dairy & Breakfast,Aggarwal Group,359.98,449.98,20.0,7,18,81,359.98,71.99600000000001
9582738204,604184,1,397.55,Toilet Cleaner,Household Care,"Gaba, Sodhi and Choudhary",397.55,530.07,25.0,365,24,84,397.55,99.3875
1368450162,525531,3,831.1,Dog Food,Pet Care,Sandal PLC,831.1,1278.62,35.0,365,28,65,2493.3,872.655
56705032,692985,2,197.39,Pulses,Grocery & Staples,"Wable, Sankaran and Hari",197.39,232.22,15.0,365,30,86,394.78,59.21699999999999
2407168640,34186,2,925.65,Mangoes,Fruits & Vegetables,Mandal-Kar,925.65,1234.2,25.0,3,27,74,1851.3,462.825
530588807,954722,1,616.45,Ice Cream,Instant & Frozen Food,Mohan-Virk,616.45,1027.42,40.0,180,11,58,616.45,246.58000000000004
9975541696,784827,1,274.25,Baby Wipes,Baby Care,Balakrishnan Ltd,274.25,391.79,30.0,365,26,77,274.25,82.27499999999999
8602707005,883013,2,989.88,Eggs,Dairy & Breakfast,Chahal Group,989.88,1237.35,20.0,7,13,98,1979.76,395.952
2382595056,753354,3,423.56,Shampoo,Personal Care,Sant-Mahajan,423.56,651.63,35.0,365,20,52,1270.68,444.738
8056162498,317242,3,198.15,Pulses,Grocery & Staples,Rastogi Group,198.15,233.12,15.0,365,22,63,594.45,89.1675
4593039089,490939,2,80.25,Lotion,Personal Care,"Roy, Barad and De",80.25,123.46,35.0,365,12,67,160.5,56.175
7311288658,398340,2,651.93,Instant Noodles,Instant & Frozen Food,"Nadig, Zachariah and Soni",651.93,1086.55,40.0,180,11,56,1303.86,521.544
9157217130,306177,2,769.24,Frozen Biryani,Instant & Frozen Food,Som Inc,769.24,1282.07,40.0,180,11,54,1538.48,615.392
9328094731,500739,2,359.98,Bread,Dairy & Breakfast,Aggarwal Group,359.98,449.98,20.0,7,18,81,719.96,143.99200000000002
3259266120,644847,1,622.81,Salt,Grocery & Staples,"Jhaveri, Kata and Kapur",622.81,732.72,15.0,365,24,52,622.81,93.4215
4656541041,592784,2,280.35,Biscuits,Snacks & Munchies,"Andra, Mander and Kari",280.35,431.31,35.0,90,27,64,560.7,196.245
730839483,123983,1,785.67,Cough Syrup,Pharmacy,Kurian-Chhabra,785.67,982.09,20.0,365,25,72,785.67,157.13400000000001
6185824257,337168,3,545.49,Eggs,Dairy & Breakfast,Dasgupta PLC,545.49,681.86,20.0,7,25,98,1636.47,327.29400000000004
225195662,658389,2,152.55,Popcorn,Snacks & Munchies,"Chanda, Som and Vohra",152.55,234.69,35.0,90,22,68,305.1,106.785
6771104541,833557,2,422.87,Cereal,Dairy & Breakfast,"Gole, Chand and Dada",422.87,528.59,20.0,7,27,69,845.74,169.14800000000002
6146830622,435929,3,856.89,Toilet Cleaner,Household Care,Memon Ltd,856.89,1142.52,25.0,365,13,71,2570.67,642.6675
1380326453,14145,2,630.84,Spinach,Fruits & Vegetables,"Thakur, Shah and Pingle",630.84,841.12,25.0,3,14,53,1261.68,315.42
728523620,687218,3,317.82,Mango Drink,Cold Drinks & Juices,"Sankaran, Pall and Gola",317.82,454.03,30.0,180,22,58,953.46,286.038
27296314,313754,2,136.6,Biscuits,Snacks & Munchies,"Swaminathan, Mahal and Dara",136.6,210.15,35.0,90,25,67,273.2,95.61999999999999
2608278705,237083,3,577.13,Cough Syrup,Pharmacy,Hayer-Banerjee,577.13,721.41,20.0,365,24,86,1731.3899999999999,346.278
6786366774,53833,3,134.69,Rice,Grocery & Staples,Tella-Master,134.69,158.46,15.0,365,26,89,404.07,60.610499999999995
5572475750,397973,3,728.73,Bananas,Fruits & Vegetables,"Wable, Randhawa and Mutti",728.73,971.64,25.0,3,27,82,2186.19,546.5475
8276417383,462526,1,449.97,Curd,Dairy & Breakfast,Pau and Sons,449.97,562.46,20.0,7,25,69,449.97,89.99400000000001
784435014,478531,1,825.46,Carrots,Fruits & Vegetables,Uppal Group,825.46,1100.61,25.0,3,24,90,825.46,206.365
9442274046,969851,2,340.66,Frozen Vegetables,Instant & Frozen Food,"Kara, Sodhi and Bassi",340.66,567.77,40.0,180,27,64,681.32,272.528
2470025903,839170,2,481.63,Curd,Dairy & Breakfast,Shetty and Sons,481.63,602.04,20.0,7,11,59,963.26,192.65200000000002
6774241153,707935,2,820.9,Cat Food,Pet Care,"Anne, Mammen and Khatri",820.9,1262.92,35.0,365,30,97,1641.8,574.63
3874644184,853932,3,941.19,Baby Wipes,Baby Care,Ranganathan-Peri,941.19,1344.56,30.0,365,21,94,2823.57,847.071
8078065454,679865,3,347.91,Wheat Flour,Grocery & Staples,Memon-Barad,347.91,409.31,15.0,365,14,85,1043.73,156.55949999999999
340113260,621677,1,317.8,Frozen Biryani,Instant & Frozen Food,Sabharwal-Mital,317.8,529.67,40.0,180,15,71,317.8,127.12
2978839318,435929,2,856.89,Toilet Cleaner,Household Care,Memon Ltd,856.89,1142.52,25.0,365,13,71,1713.78,428.445
3896922017,677542,3,212.61,Toilet Cleaner,Household Care,Thaman-Lanka,212.61,283.48,25.0,365,10,52,637.83,159.4575
7621954956,298985,1,183.76,Vitamins,Pharmacy,"Ramanathan, Joshi and Srinivasan",183.76,229.7,20.0,365,11,61,183.76,36.752
581178324,578097,2,267.61,Nuts,Snacks & Munchies,Jha Group,267.61,411.71,35.0,90,22,75,535.22,187.327
8469170680,240179,1,90.56,Cough Syrup,Pharmacy,Ram-Suri,90.56,113.2,20.0,365,20,56,90.56,18.112000000000002
6779626333,871592,2,870.29,Carrots,Fruits & Vegetables,"Shankar, Nadkarni and Kumer",870.29,1160.39,25.0,3,25,50,1740.58,435.145
6335704206,592784,1,280.35,Biscuits,Snacks & Munchies,"Andra, Mander and Kari",280.35,431.31,35.0,90,27,64,280.35,98.1225
8314342490,440875,2,275.03,Baby Wipes,Baby Care,Loyal Inc,275.03,392.9,30.0,365,15,80,550.06,165.01799999999997
1948795658,186168,1,878.8,Dog Food,Pet Care,"Parekh, Lad and Kadakia",878.8,1352.0,35.0,365,13,75,878.8,307.58
9187864807,871592,1,870.29,Carrots,Fruits & Vegetables,"Shankar, Nadkarni and Kumer",870.29,1160.39,25.0,3,25,50,870.29,217.5725
8399666962,287070,3,443.17,Wheat Flour,Grocery & Staples,"Gala, Magar and Rajagopal",443.17,521.38,15.0,365,20,93,1329.51,199.4265
6196321055,767398,2,22.14,Dish Soap,Household Care,"Arya, Sundaram and Pingle",22.14,29.52,25.0,365,15,57,44.28,11.07
8128518434,449106,2,48.55,Soap,Personal Care,"Shere, Thakur and Naik",48.55,74.69,35.0,365,30,95,97.1,33.98499999999999
9854897999,991434,2,237.62,Cookies,Snacks & Munchies,Mital-Oza,237.62,365.57,35.0,90,12,87,475.24,166.334
2603584546,366066,3,918.58,Soap,Personal Care,Mandal LLC,918.58,1413.2,35.0,365,16,52,2755.7400000000002,964.509
1295119665,378676,2,881.42,Orange Juice,Cold Drinks & Juices,Baral-Kamdar,881.42,1259.17,30.0,180,19,65,1762.84,528.852
599975885,473647,3,43.05,Toothpaste,Personal Care,Ben-Ravi,43.05,66.23,35.0,365,18,82,129.14999999999998,45.202499999999986
5834861324,89084,3,598.83,Milk,Dairy & Breakfast,"Wali, Virk and Iyer",598.83,748.54,20.0,7,27,74,1796.4900000000002,359.29800000000006
2032005162,883013,2,989.88,Eggs,Dairy & Breakfast,Chahal Group,989.88,1237.35,20.0,7,13,98,1979.76,395.952
8391900458,704868,1,193.46,Detergent,Household Care,"Parikh, Oak and Kara",193.46,257.95,25.0,365,24,58,193.46,48.365
1887687323,490602,1,549.47,Sugar,Grocery & Staples,Raghavan Inc,549.47,646.44,15.0,365,20,71,549.47,82.4205
2120411967,34200,3,319.8,Lotion,Personal Care,Munshi-Grewal,319.8,492.0,35.0,365,19,75,959.4000000000001,335.79
3158340906,398340,1,651.93,Instant Noodles,Instant & Frozen Food,"Nadig, Zachariah and Soni",651.93,1086.55,40.0,180,11,56,651.93,260.772
2387343456,820541,2,576.22,Toilet Cleaner,Household Care,"Borde, Peri and Upadhyay",576.22,768.29,25.0,365,19,71,1152.44,288.11
338609144,349294,3,934.75,Onions,Fruits & Vegetables,Ganesan Ltd,934.75,1246.33,25.0,3,25,70,2804.25,701.0625
9056190831,890232,3,432.0,Mango Drink,Cold Drinks & Juices,Jha Group,432.0,617.14,30.0,180,20,91,1296.0,388.8
2803081135,385113,2,816.38,Lotion,Personal Care,"Sampath, Mane and Mody",816.38,1255.97,35.0,365,21,50,1632.76,571.466
5970759669,194682,1,912.29,Iced Tea,Cold Drinks & Juices,Sastry-Issac,912.29,1303.27,30.0,180,11,86,912.29,273.68699999999995
3226693729,444361,3,822.63,Pain Reliever,Pharmacy,"Prakash, Bawa and Kale",822.63,1028.29,20.0,365,20,71,2467.89,493.578
8132845656,965755,3,532.57,Bananas,Fruits & Vegetables,"Doshi, Sarraf and Sama",532.57,710.09,25.0,3,21,91,1597.71,399.4275
7850550725,317242,3,198.15,Pulses,Grocery & Staples,Rastogi Group,198.15,233.12,15.0,365,22,63,594.45,89.1675
2934547619,567671,1,418.48,Biscuits,Snacks & Munchies,Nagar LLC,418.48,643.82,35.0,90,12,90,418.48,146.468
608179182,298985,3,183.76,Vitamins,Pharmacy,"Ramanathan, Joshi and Srinivasan",183.76,229.7,20.0,365,11,61,551.28,110.256
5191326847,621677,3,317.8,Frozen Biryani,Instant & Frozen Food,Sabharwal-Mital,317.8,529.67,40.0,180,15,71,953.4000000000001,381.36000000000007
7614561036,739448,1,755.66,Dish Soap,Household Care,Mand-Choudhry,755.66,1007.55,25.0,365,24,79,755.66,188.915
2947791133,837480,2,217.4,Cough Syrup,Pharmacy,Edwin and Sons,217.4,271.75,20.0,365,22,82,434.8,86.96000000000001
6538760883,133542,1,68.49,Detergent,Household Care,Edwin-Lall,68.49,91.32,25.0,365,21,72,68.49,17.1225
8872250952,94225,3,77.11,Toilet Cleaner,Household Care,"Gulati, Ram and Sarkar",77.11,102.81,25.0,365,13,70,231.32999999999998,57.832499999999996
8173258734,712003,1,671.68,Cola,Cold Drinks & Juices,"Karan, Bandi and Acharya",671.68,959.54,30.0,180,30,54,671.68,201.504
5465833352,243235,3,109.03,Cat Food,Pet Care,Batta Inc,109.03,167.74,35.0,365,14,71,327.09000000000003,114.4815
2106569369,853932,2,941.19,Baby Wipes,Baby Care,Ranganathan-Peri,941.19,1344.56,30.0,365,21,94,1882.38,564.714
9039440500,228286,3,179.08,Cola,Cold Drinks & Juices,Bhattacharyya PLC,179.08,255.83,30.0,180,26,79,537.24,161.172
8281482042,313754,3,136.6,Biscuits,Snacks & Munchies,"Swaminathan, Mahal and Dara",136.6,210.15,35.0,90,25,67,409.79999999999995,143.42999999999998
479528548,564692,3,215.65,Cat Food,Pet Care,"Krishna, Bail and Dyal",215.65,331.77,35.0,365,25,82,646.95,226.4325
8087519921,500739,2,359.98,Bread,Dairy & Breakfast,Aggarwal Group,359.98,449.98,20.0,7,18,81,719.96,143.99200000000002
4869691623,913428,3,392.22,Pet Treats,Pet Care,Narayanan-Kumar,392.22,603.42,35.0,365,30,98,1176.66,411.831
7155177625,952168,3,236.95,Popcorn,Snacks & Munchies,"Krishnamurthy, Sibal and Das",236.95,364.54,35.0,90,28,79,710.8499999999999,248.79749999999996
7254499390,146840,1,786.85,Bread,Dairy & Breakfast,"Bains, Deol and Vaidya",786.85,983.56,20.0,7,19,89,786.85,157.37
7394439260,376447,3,724.84,Butter,Dairy & Breakfast,Gara and Sons,724.84,906.05,20.0,7,17,64,2174.52,434.904
6581715589,661577,2,720.95,Cat Food,Pet Care,Majumdar PLC,720.95,1109.15,35.0,365,28,95,1441.9,504.665
9457009010,712003,3,671.68,Cola,Cold Drinks & Juices,"Karan, Bandi and Acharya",671.68,959.54,30.0,180,30,54,2015.04,604.512
2859660695,672059,2,672.73,Toothpaste,Personal Care,Kaur-Gola,672.73,1034.97,35.0,365,25,81,1345.46,470.911
6392348668,473647,2,43.05,Toothpaste,Personal Care,Ben-Ravi,43.05,66.23,35.0,365,18,82,86.1,30.134999999999994
6933011590,839170,1,481.63,Curd,Dairy & Breakfast,Shetty and Sons,481.63,602.04,20.0,7,11,59,481.63,96.32600000000001
5809441378,990993,3,263.7,Chocolates,Snacks & Munchies,Guha-Subramaniam,263.7,405.69,35.0,90,22,61,791.0999999999999,276.88499999999993
411113020,217710,1,58.59,Eggs,Dairy & Breakfast,Rout-Sarna,58.59,73.24,20.0,7,19,53,58.59,11.718000000000002
5512796364,661577,3,720.95,Cat Food,Pet Care,Majumdar PLC,720.95,1109.15,35.0,365,28,95,2162.8500000000004,756.9975000000001
2610813239,690565,3,951.27,Cookies,Snacks & Munchies,"Roy, Seth and Patla",951.27,1463.49,35.0,90,15,56,2853.81,998.8335
3236748462,305754,3,979.99,Frozen Vegetables,Instant & Frozen Food,Mammen-Hegde,979.99,1633.32,40.0,180,22,81,2939.9700000000003,1175.988
6652395897,56589,1,517.77,Vitamins,Pharmacy,"Pai, Kashyap and Ramachandran",517.77,647.21,20.0,365,16,85,517.77,103.554
5517901926,803607,3,949.73,Soap,Personal Care,"Kadakia, Mohan and Sathe",949.73,1461.12,35.0,365,21,98,2849.19,997.2165
2174753933,120532,1,697.53,Wheat Flour,Grocery & Staples,Nazareth Ltd,697.53,820.62,15.0,365,29,95,697.53,104.6295
1525700767,890232,2,432.0,Mango Drink,Cold Drinks & Juices,Jha Group,432.0,617.14,30.0,180,20,91,864.0,259.2
7232692149,681063,2,321.28,Mango Drink,Cold Drinks & Juices,Dass and Sons,321.28,458.97,30.0,180,20,91,642.56,192.76799999999997
8556607504,194682,1,912.29,Iced Tea,Cold Drinks & Juices,Sastry-Issac,912.29,1303.27,30.0,180,11,86,912.29,273.68699999999995
5841260317,478531,1,825.46,Carrots,Fruits & Vegetables,Uppal Group,825.46,1100.61,25.0,3,24,90,825.46,206.365
9471427840,378230,3,166.42,Nuts,Snacks & Munchies,Kala-Vig,166.42,256.03,35.0,90,13,76,499.26,174.74099999999999
2070610257,652118,2,22.04,Frozen Biryani,Instant & Frozen Food,Agate and Sons,22.04,36.73,40.0,180,19,55,44.08,17.632
1884811437,762527,2,690.08,Biscuits,Snacks & Munchies,"Chad, Yohannan and Chopra",690.08,1061.66,35.0,90,23,71,1380.16,483.056
5331747573,4452,2,169.88,Baby Wipes,Baby Care,Morar-Mistry,169.88,242.69,30.0,365,27,100,339.76,101.928
9977285985,425341,3,486.28,Pet Treats,Pet Care,"Mani, Dhar and Muni",486.28,748.12,35.0,365,21,68,1458.84,510.59399999999994
1715175070,291238,3,746.03,Chocolates,Snacks & Munchies,"Sinha, Pau and Chhabra",746.03,1147.74,35.0,90,16,68,2238.09,783.3315
4117790162,91670,3,439.24,Dish Soap,Household Care,Barman-Ahluwalia,439.24,585.65,25.0,365,27,88,1317.72,329.43
9051644316,914071,3,296.94,Chips,Snacks & Munchies,Datta Ltd,296.94,456.83,35.0,90,25,90,890.8199999999999,311.787
4903335316,34186,2,925.65,Mangoes,Fruits & Vegetables,Mandal-Kar,925.65,1234.2,25.0,3,27,74,1851.3,462.825
3341481363,435929,1,856.89,Toilet Cleaner,Household Care,Memon Ltd,856.89,1142.52,25.0,365,13,71,856.89,214.2225
4074537770,361361,3,826.21,Biscuits,Snacks & Munchies,"Kunda, Dave and Sahni",826.21,1271.09,35.0,90,20,64,2478.63,867.5205
5374589112,540618,2,317.05,Popcorn,Snacks & Munchies,Golla-Luthra,317.05,487.77,35.0,90,28,87,634.1,221.935
6401406847,894539,3,445.48,Dish Soap,Household Care,"Pall, Sule and Sood",445.48,593.97,25.0,365,14,93,1336.44,334.11
698439139,677169,1,261.03,Cough Syrup,Pharmacy,Char-Divan,261.03,326.29,20.0,365,12,77,261.03,52.205999999999996
881367843,34200,2,319.8,Lotion,Personal Care,Munshi-Grewal,319.8,492.0,35.0,365,19,75,639.6,223.85999999999999
6438115781,563740,2,96.33,Chips,Snacks & Munchies,Mann-Kapadia,96.33,148.2,35.0,90,20,61,192.66,67.431
1706198744,444361,2,822.63,Pain Reliever,Pharmacy,"Prakash, Bawa and Kale",822.63,1028.29,20.0,365,20,71,1645.26,329.052
3115167739,36412,1,397.68,Dish Soap,Household Care,Muni-Shankar,397.68,530.24,25.0,365,27,92,397.68,99.42
8608111158,652118,1,22.04,Frozen Biryani,Instant & Frozen Food,Agate and Sons,22.04,36.73,40.0,180,19,55,22.04,8.816
8167540645,832348,2,831.43,Biscuits,Snacks & Munchies,Jani-Ram,831.43,1279.12,35.0,90,10,79,1662.86,582.001
898210033,490939,3,80.25,Lotion,Personal Care,"Roy, Barad and De",80.25,123.46,35.0,365,12,67,240.75,84.26249999999999
5415454466,897083,2,972.69,Detergent,Household Care,Dutta-Halder,972.69,1296.92,25.0,365,10,100,1945.38,486.345
9240312177,34186,3,925.65,Mangoes,Fruits & Vegetables,Mandal-Kar,925.65,1234.2,25.0,3,27,74,2776.95,694.2375
4880265969,382511,2,702.54,Butter,Dairy & Breakfast,Bora-Thakkar,702.54,878.17,20.0,7,26,88,1405.08,281.016
5056583192,945635,1,778.9,Pulses,Grocery & Staples,Balasubramanian PLC,778.9,916.35,15.0,365,16,59,778.9,116.835
1921412688,222892,2,869.22,Tomatoes,Fruits & Vegetables,Ramakrishnan-Ghose,869.22,1158.96,25.0,3,28,88,1738.44,434.61
5829741995,673058,3,765.76,Cough Syrup,Pharmacy,Balan-Madan,765.76,957.2,20.0,365,30,94,2297.2799999999997,459.45599999999996
9830742370,679284,1,877.89,Cough Syrup,Pharmacy,Pant LLC,877.89,1097.36,20.0,365,28,95,877.89,175.578
509041342,679321,1,738.46,Cola,Cold Drinks & Juices,Khurana-Dewan,738.46,1054.94,30.0,180,20,68,738.46,221.538
8420144998,799688,1,309.62,Lotion,Personal Care,Arora LLC,309.62,476.34,35.0,365,22,90,309.62,108.36699999999999
7353766541,385113,1,816.38,Lotion,Personal Care,"Sampath, Mane and Mody",816.38,1255.97,35.0,365,21,50,816.38,285.733
8617979440,552496,1,508.0,Dish Soap,Household Care,Dhar PLC,508.0,677.33,25.0,365,17,59,508.0,127.0
680476823,183929,3,738.74,Bread,Dairy & Breakfast,"Nagi, Sampath and Khurana",738.74,923.42,20.0,7,20,73,2216.2200000000003,443.2440000000001
5424536852,123983,2,785.67,Cough Syrup,Pharmacy,Kurian-Chhabra,785.67,982.09,20.0,365,25,72,1571.34,314.26800000000003
1142004448,567671,1,418.48,Biscuits,Snacks & Munchies,Nagar LLC,418.48,643.82,35.0,90,12,90,418.48,146.468
1814491335,34186,2,925.65,Mangoes,Fruits & Vegetables,Mandal-Kar,925.65,1234.2,25.0,3,27,74,1851.3,462.825
445929405,798639,1,211.25,Eggs,Dairy & Breakfast,Subramaniam LLC,211.25,264.06,20.0,7,12,78,211.25,42.25
3849003596,677169,3,261.03,Cough Syrup,Pharmacy,Char-Divan,261.03,326.29,20.0,365,12,77,783.0899999999999,156.618
6367757670,681063,1,321.28,Mango Drink,Cold Drinks & Juices,Dass and Sons,321.28,458.97,30.0,180,20,91,321.28,96.38399999999999
4925321106,820541,3,576.22,Toilet Cleaner,Household Care,"Borde, Peri and Upadhyay",576.22,768.29,25.0,365,19,71,1728.66,432.165
4463294381,654297,1,13.25,Potatoes,Fruits & Vegetables,Chandran-Dass,13.25,17.67,25.0,3,20,86,13.25,3.3125
9077946933,487065,2,374.68,Chips,Snacks & Munchies,Kadakia-Yadav,374.68,576.43,35.0,90,27,87,749.36,262.276
6688079478,462526,2,449.97,Curd,Dairy & Breakfast,Pau and Sons,449.97,562.46,20.0,7,25,69,899.94,179.98800000000003
8712304346,537274,1,702.71,Pet Treats,Pet Care,Lal-Chauhan,702.71,1081.09,35.0,365,17,67,702.71,245.9485
3748957111,243235,3,109.03,Cat Food,Pet Care,Batta Inc,109.03,167.74,35.0,365,14,71,327.09000000000003,114.4815
2388792163,513199,2,422.23,Cola,Cold Drinks & Juices,Rastogi Inc,422.23,603.19,30.0,180,26,52,844.46,253.338
2583035857,337168,1,545.49,Eggs,Dairy & Breakfast,Dasgupta PLC,545.49,681.86,20.0,7,25,98,545.49,109.09800000000001
2649487718,557908,2,942.37,Vitamins,Pharmacy,Sundaram Inc,942.37,1177.96,20.0,365,14,53,1884.74,376.94800000000004
5936628691,888807,2,230.58,Bread,Dairy & Breakfast,Arya Group,230.58,288.23,20.0,7,13,91,461.16,92.23200000000001
7662682121,673058,3,765.76,Cough Syrup,Pharmacy,Balan-Madan,765.76,957.2,20.0,365,30,94,2297.2799999999997,459.45599999999996
736115661,473929,1,440.19,Carrots,Fruits & Vegetables,"Bhardwaj, Bhatia and Deshmukh",440.19,586.92,25.0,3,19,70,440.19,110.0475
2448741950,760684,1,71.6,Rice,Grocery & Staples,Kanda-Gupta,71.6,84.24,15.0,365,14,64,71.6,10.739999999999998
9321629905,186168,1,878.8,Dog Food,Pet Care,"Parekh, Lad and Kadakia",878.8,1352.0,35.0,365,13,75,878.8,307.58
9020583379,317242,3,198.15,Pulses,Grocery & Staples,Rastogi Group,198.15,233.12,15.0,365,22,63,594.45,89.1675
2642275862,757274,3,98.32,Pet Treats,Pet Care,"Minhas, Kapoor and Sethi",98.32,151.26,35.0,365,27,95,294.96,103.23599999999999
6932431317,34186,1,925.65,Mangoes,Fruits & Vegetables,Mandal-Kar,925.65,1234.2,25.0,3,27,74,925.65,231.4125
9126871366,154179,3,582.87,Pain Reliever,Pharmacy,"Barad, Devi and Andra",582.87,728.59,20.0,365,10,59,1748.6100000000001,349.72200000000004
3244572785,563740,1,96.33,Chips,Snacks & Munchies,Mann-Kapadia,96.33,148.2,35.0,90,20,61,96.33,33.7155
6485432691,60619,3,726.41,Iced Tea,Cold Drinks & Juices,Bhasin LLC,726.41,1037.73,30.0,180,10,97,2179.23,653.769
6047222755,681063,2,321.28,Mango Drink,Cold Drinks & Juices,Dass and Sons,321.28,458.97,30.0,180,20,91,642.56,192.76799999999997
6167501412,600767,2,722.42,Toothpaste,Personal Care,Balan Group,722.42,1111.42,35.0,365,22,68,1444.84,505.69399999999996
2052163872,376447,2,724.84,Butter,Dairy & Breakfast,Gara and Sons,724.84,906.05,20.0,7,17,64,1449.68,289.93600000000004
7740339645,704868,2,193.46,Detergent,Household Care,"Parikh, Oak and Kara",193.46,257.95,25.0,365,24,58,386.92,96.73
2761855959,36412,3,397.68,Dish Soap,Household Care,Muni-Shankar,397.68,530.24,25.0,365,27,92,1193.04,298.26
8010347195,451812,2,530.85,Pain Reliever,Pharmacy,"Batra, Sant and Mandal",530.85,663.56,20.0,365,29,63,1061.7,212.34000000000003
2384153985,684939,3,727.95,Lotion,Personal Care,"Sibal, Bhatnagar and Rajan",727.95,1119.92,35.0,365,22,50,2183.8500000000004,764.3475000000001
3584794157,951463,2,787.4,Pet Treats,Pet Care,Balakrishnan-Kaur,787.4,1211.38,35.0,365,16,82,1574.8,551.18
8186709947,449106,3,48.55,Soap,Personal Care,"Shere, Thakur and Naik",48.55,74.69,35.0,365,30,95,145.64999999999998,50.97749999999999
6027355216,144124,2,162.67,Detergent,Household Care,Lalla-Srinivasan,162.67,216.89,25.0,365,11,82,325.34,81.335
9823160533,451812,1,530.85,Pain Reliever,Pharmacy,"Batra, Sant and Mandal",530.85,663.56,20.0,365,29,63,530.85,106.17000000000002
8694663463,186168,3,878.8,Dog Food,Pet Care,"Parekh, Lad and Kadakia",878.8,1352.0,35.0,365,13,75,2636.3999999999996,922.7399999999998
1296772969,124290,3,39.65,Lotion,Personal Care,Sachdev Group,39.65,61.0,35.0,365,23,71,118.94999999999999,41.63249999999999
5856838171,652118,3,22.04,Frozen Biryani,Instant & Frozen Food,Agate and Sons,22.04,36.73,40.0,180,19,55,66.12,26.448000000000004
915473142,891833,1,493.19,Curd,Dairy & Breakfast,Mani PLC,493.19,616.49,20.0,7,11,69,493.19,98.638
6992097680,51036,2,931.61,Baby Food,Baby Care,Karnik PLC,931.61,1330.87,30.0,365,12,86,1863.22,558.966
6870670122,760828,3,563.45,Pet Treats,Pet Care,"Khurana, Khosla and Yohannan",563.45,866.85,35.0,365,23,93,1690.3500000000001,591.6225000000001
6626994121,144124,2,162.67,Detergent,Household Care,Lalla-Srinivasan,162.67,216.89,25.0,365,11,82,325.34,81.335
6125813500,784827,2,274.25,Baby Wipes,Baby Care,Balakrishnan Ltd,274.25,391.79,30.0,365,26,77,548.5,164.54999999999998
6899859775,606256,2,369.28,Frozen Biryani,Instant & Frozen Food,Agate Ltd,369.28,615.47,40.0,180,16,57,738.56,295.424
1825560091,82484,1,914.88,Baby Food,Baby Care,Mallick PLC,914.88,1306.97,30.0,365,12,73,914.88,274.464
1320638425,490602,2,549.47,Sugar,Grocery & Staples,Raghavan Inc,549.47,646.44,15.0,365,20,71,1098.94,164.841
5320995509,140489,2,650.2,Soap,Personal Care,"Biswas, Kapoor and Patel",650.2,1000.31,35.0,365,28,95,1300.4,455.14
4249535395,714999,1,882.51,Bread,Dairy & Breakfast,Kala Group,882.51,1103.14,20.0,7,27,81,882.51,176.502
804881381,382511,2,702.54,Butter,Dairy & Breakfast,Bora-Thakkar,702.54,878.17,20.0,7,26,88,1405.08,281.016
4858560187,859361,1,432.39,Shampoo,Personal Care,Mitter Group,432.39,665.22,35.0,365,25,77,432.39,151.33649999999997
6425666148,6405,3,236.51,Baby Food,Baby Care,Kashyap-Reddy,236.51,337.87,30.0,365,11,81,709.53,212.85899999999998
9021754099,60619,2,726.41,Iced Tea,Cold Drinks & Juices,Bhasin LLC,726.41,1037.73,30.0,180,10,97,1452.82,435.84599999999995
7728205680,687218,3,317.82,Mango Drink,Cold Drinks & Juices,"Sankaran, Pall and Gola",317.82,454.03,30.0,180,22,58,953.46,286.038
9346166799,120532,3,697.53,Wheat Flour,Grocery & Staples,Nazareth Ltd,697.53,820.62,15.0,365,29,95,2092.59,313.8885
3377313085,897083,3,972.69,Detergent,Household Care,Dutta-Halder,972.69,1296.92,25.0,365,10,100,2918.07,729.5175
8167716321,52729,2,316.02,Cat Food,Pet Care,Saini LLC,316.02,486.18,35.0,365,25,100,632.04,221.21399999999997
2024637181,784827,3,274.25,Baby Wipes,Baby Care,Balakrishnan Ltd,274.25,391.79,30.0,365,26,77,822.75,246.825
9310630290,563740,3,96.33,Chips,Snacks & Munchies,Mann-Kapadia,96.33,148.2,35.0,90,20,61,288.99,101.1465
2276505075,449106,1,48.55,Soap,Personal Care,"Shere, Thakur and Naik",48.55,74.69,35.0,365,30,95,48.55,16.992499999999996
6615188116,803607,1,949.73,Soap,Personal Care,"Kadakia, Mohan and Sathe",949.73,1461.12,35.0,365,21,98,949.73,332.40549999999996
6858336318,883013,1,989.88,Eggs,Dairy & Breakfast,Chahal Group,989.88,1237.35,20.0,7,13,98,989.88,197.976
7601638642,968887,2,40.7,Dish Soap,Household Care,Keer-Gill,40.7,54.27,25.0,365,18,92,81.4,20.35
1191565627,820973,3,114.52,Baby Wipes,Baby Care,Lall LLC,114.52,163.6,30.0,365,29,56,343.56,103.068
4785021992,721521,1,417.39,Rice,Grocery & Staples,"Ramanathan, Agarwal and Baria",417.39,491.05,15.0,365,20,72,417.39,62.60849999999999
3452964753,757274,1,98.32,Pet Treats,Pet Care,"Minhas, Kapoor and Sethi",98.32,151.26,35.0,365,27,95,98.32,34.41199999999999
3490919801,537274,1,702.71,Pet Treats,Pet Care,Lal-Chauhan,702.71,1081.09,35.0,365,17,67,702.71,245.9485
105578518,329351,3,310.87,Cheese,Dairy & Breakfast,"Lala, Kalita and Sathe",310.87,388.59,20.0,7,23,95,932.61,186.52200000000002
2978719561,144124,3,162.67,Detergent,Household Care,Lalla-Srinivasan,162.67,216.89,25.0,365,11,82,488.01,122.0025
9979010790,914071,1,296.94,Chips,Snacks & Munchies,Datta Ltd,296.94,456.83,35.0,90,25,90,296.94,103.92899999999999
4435636116,366066,1,918.58,Soap,Personal Care,Mandal LLC,918.58,1413.2,35.0,365,16,52,918.58,321.503
5909879259,949818,2,483.05,Biscuits,Snacks & Munchies,Yohannan Inc,483.05,743.15,35.0,90,21,76,966.1,338.135
2686390867,903336,2,551.88,Pulses,Grocery & Staples,"Vaidya, Amble and Palla",551.88,649.27,15.0,365,14,60,1103.76,165.564
6698537000,131748,1,81.35,Dog Food,Pet Care,"Shroff, Wason and Dugar",81.35,125.15,35.0,365,30,53,81.35,28.472499999999997
4395604675,914071,2,296.94,Chips,Snacks & Munchies,Datta Ltd,296.94,456.83,35.0,90,25,90,593.88,207.85799999999998
3475041787,712003,1,671.68,Cola,Cold Drinks & Juices,"Karan, Bandi and Acharya",671.68,959.54,30.0,180,30,54,671.68,201.504
5817989751,687218,3,317.82,Mango Drink,Cold Drinks & Juices,"Sankaran, Pall and Gola",317.82,454.03,30.0,180,22,58,953.46,286.038
1433129858,647462,1,326.42,Lotion,Personal Care,"Balan, Samra and Sekhon",326.42,502.18,35.0,365,22,64,326.42,114.247
3571922553,137909,3,864.3,Cough Syrup,Pharmacy,Dalal PLC,864.3,1080.37,20.0,365,23,65,2592.8999999999996,518.5799999999999
7940229189,52729,1,316.02,Cat Food,Pet Care,Saini LLC,316.02,486.18,35.0,365,25,100,316.02,110.60699999999999
3801240688,313754,3,136.6,Biscuits,Snacks & Munchies,"Swaminathan, Mahal and Dara",136.6,210.15,35.0,90,25,67,409.79999999999995,143.42999999999998
1295268290,952124,1,127.08,Onions,Fruits & Vegetables,"Wali, Sood and Bala",127.08,169.44,25.0,3,15,50,127.08,31.77
4552636670,120385,3,597.91,Pet Treats,Pet Care,Dubey-Sarin,597.91,919.86,35.0,365,28,73,1793.73,627.8054999999999
6805071689,82484,3,914.88,Baby Food,Baby Care,Mallick PLC,914.88,1306.97,30.0,365,12,73,2744.64,823.3919999999999
8026827967,9436,1,88.43,Toothpaste,Personal Care,Naidu PLC,88.43,136.05,35.0,365,19,76,88.43,30.9505
6417774057,739534,3,994.56,Toilet Cleaner,Household Care,"Gera, Narang and Karpe",994.56,1326.08,25.0,365,14,59,2983.68,745.92
7877665931,354409,3,325.08,Pulses,Grocery & Staples,Bose-Pandit,325.08,382.45,15.0,365,24,60,975.24,146.286
7754237266,51036,2,931.61,Baby Food,Baby Care,Karnik PLC,931.61,1330.87,30.0,365,12,86,1863.22,558.966
7985418058,760684,2,71.6,Rice,Grocery & Staples,Kanda-Gupta,71.6,84.24,15.0,365,14,64,143.2,21.479999999999997
5287733777,667163,3,441.2,Orange Juice,Cold Drinks & Juices,Palla LLC,441.2,630.29,30.0,180,25,72,1323.6,397.08
7112725384,319388,1,657.8,Orange Juice,Cold Drinks & Juices,D’Alia-Dey,657.8,939.71,30.0,180,26,56,657.8,197.33999999999997
6261926473,455083,2,959.01,Butter,Dairy & Breakfast,Dutta Inc,959.01,1198.76,20.0,7,29,63,1918.02,383.60400000000004
1495465938,913428,2,392.22,Pet Treats,Pet Care,Narayanan-Kumar,392.22,603.42,35.0,365,30,98,784.44,274.554
7891205593,490939,2,80.25,Lotion,Personal Care,"Roy, Barad and De",80.25,123.46,35.0,365,12,67,160.5,56.175
924888012,39154,2,946.86,Mangoes,Fruits & Vegetables,"Suresh, Bose and Bajwa",946.86,1262.48,25.0,3,21,84,1893.72,473.43
943278538,812607,2,416.65,Potatoes,Fruits & Vegetables,Rege Group,416.65,555.53,25.0,3,11,63,833.3,208.325
9981950902,284460,1,505.95,Potatoes,Fruits & Vegetables,"Ramakrishnan, Anand and Khare",505.95,674.6,25.0,3,21,85,505.95,126.4875
7769253886,760828,1,563.45,Pet Treats,Pet Care,"Khurana, Khosla and Yohannan",563.45,866.85,35.0,365,23,93,563.45,197.2075
9350977708,739448,2,755.66,Dish Soap,Household Care,Mand-Choudhry,755.66,1007.55,25.0,365,24,79,1511.32,377.83
4525211942,490939,1,80.25,Lotion,Personal Care,"Roy, Barad and De",80.25,123.46,35.0,365,12,67,80.25,28.0875
7232049635,300159,2,44.35,Cola,Cold Drinks & Juices,"Basu, Rout and Mistry",44.35,63.36,30.0,180,20,93,88.7,26.61
679546532,136533,2,826.21,Eggs,Dairy & Breakfast,"Raghavan, Magar and Shanker",826.21,1032.76,20.0,7,15,75,1652.42,330.48400000000004
4665187954,337168,1,545.49,Eggs,Dairy & Breakfast,Dasgupta PLC,545.49,681.86,20.0,7,25,98,545.49,109.09800000000001
3914760118,153019,1,947.95,Onions,Fruits & Vegetables,Aurora LLC,947.95,1263.93,25.0,3,13,88,947.95,236.9875
155568486,807452,1,144.19,Pulses,Grocery & Staples,Naik Ltd,144.19,169.64,15.0,365,27,61,144.19,21.6285
3773972929,669378,1,212.14,Potatoes,Fruits & Vegetables,Chadha and Sons,212.14,282.85,25.0,3,23,70,212.14,53.035
2168808412,378287,2,332.84,Lemonade,Cold Drinks & Juices,Ramesh-Jain,332.84,475.49,30.0,180,22,51,665.68,199.70399999999998
7697315553,692985,1,197.39,Pulses,Grocery & Staples,"Wable, Sankaran and Hari",197.39,232.22,15.0,365,30,86,197.39,29.608499999999996
804414742,707935,3,820.9,Cat Food,Pet Care,"Anne, Mammen and Khatri",820.9,1262.92,35.0,365,30,97,2462.7,861.9449999999999
918328199,970529,2,827.44,Diapers,Baby Care,"Kurian, Patla and Sanghvi",827.44,1182.06,30.0,365,19,84,1654.88,496.464
3084493525,219598,1,367.08,Shampoo,Personal Care,Arora-Magar,367.08,564.74,35.0,365,28,83,367.08,128.47799999999998
8047256000,721521,1,417.39,Rice,Grocery & Staples,"Ramanathan, Agarwal and Baria",417.39,491.05,15.0,365,20,72,417.39,62.60849999999999
5176597414,6405,2,236.51,Baby Food,Baby Care,Kashyap-Reddy,236.51,337.87,30.0,365,11,81,473.02,141.90599999999998
110303417,654623,3,422.14,Chips,Snacks & Munchies,Pradhan and Sons,422.14,649.45,35.0,90,18,76,1266.42,443.247
1809212176,818522,2,96.09,Cheese,Dairy & Breakfast,Hora-Roy,96.09,120.11,20.0,7,12,90,192.18,38.43600000000001
1765001264,654623,1,422.14,Chips,Snacks & Munchies,Pradhan and Sons,422.14,649.45,35.0,90,18,76,422.14,147.749
4220306391,537274,1,702.71,Pet Treats,Pet Care,Lal-Chauhan,702.71,1081.09,35.0,365,17,67,702.71,245.9485
1275637731,137909,1,864.3,Cough Syrup,Pharmacy,Dalal PLC,864.3,1080.37,20.0,365,23,65,864.3,172.86
7729557529,961614,1,227.22,Chocolates,Snacks & Munchies,Goda Inc,227.22,349.57,35.0,90,26,99,227.22,79.527
9279017414,131937,1,287.81,Frozen Pizza,Instant & Frozen Food,"Varkey, Devi and Ganguly",287.81,479.68,40.0,180,18,68,287.81,115.12400000000001
8726185624,712003,2,671.68,Cola,Cold Drinks & Juices,"Karan, Bandi and Acharya",671.68,959.54,30.0,180,30,54,1343.36,403.008
3192177869,677542,3,212.61,Toilet Cleaner,Household Care,Thaman-Lanka,212.61,283.48,25.0,365,10,52,637.83,159.4575
5033541164,969851,3,340.66,Frozen Vegetables,Instant & Frozen Food,"Kara, Sodhi and Bassi",340.66,567.77,40.0,180,27,64,1021.98,408.79200000000003
4495977117,378287,2,332.84,Lemonade,Cold Drinks & Juices,Ramesh-Jain,332.84,475.49,30.0,180,22,51,665.68,199.70399999999998
8866977450,564692,1,215.65,Cat Food,Pet Care,"Krishna, Bail and Dyal",215.65,331.77,35.0,365,25,82,215.65,75.47749999999999
7542030170,77308,3,223.27,Onions,Fruits & Vegetables,Ratta-Sagar,223.27,297.69,25.0,3,29,91,669.8100000000001,167.45250000000001
8782031586,820541,3,576.22,Toilet Cleaner,Household Care,"Borde, Peri and Upadhyay",576.22,768.29,25.0,365,19,71,1728.66,432.165
7177553918,425341,1,486.28,Pet Treats,Pet Care,"Mani, Dhar and Muni",486.28,748.12,35.0,365,21,68,486.28,170.19799999999998
9157563215,77308,1,223.27,Onions,Fruits & Vegetables,Ratta-Sagar,223.27,297.69,25.0,3,29,91,223.27,55.8175
989452284,51036,2,931.61,Baby Food,Baby Care,Karnik PLC,931.61,1330.87,30.0,365,12,86,1863.22,558.966
9972678893,305754,2,979.99,Frozen Vegetables,Instant & Frozen Food,Mammen-Hegde,979.99,1633.32,40.0,180,22,81,1959.98,783.9920000000001
8561203503,937542,1,97.04,Wheat Flour,Grocery & Staples,Khurana and Sons,97.04,114.16,15.0,365,28,93,97.04,14.556000000000001
1388300707,848226,2,209.59,Tomatoes,Fruits & Vegetables,Barad and Sons,209.59,279.45,25.0,3,10,51,419.18,104.795
4054816025,876139,3,415.75,Pulses,Grocery & Staples,Cherian-Dara,415.75,489.12,15.0,365,14,83,1247.25,187.0875
9943206333,378287,2,332.84,Lemonade,Cold Drinks & Juices,Ramesh-Jain,332.84,475.49,30.0,180,22,51,665.68,199.70399999999998
3948498236,136533,2,826.21,Eggs,Dairy & Breakfast,"Raghavan, Magar and Shanker",826.21,1032.76,20.0,7,15,75,1652.42,330.48400000000004
8096169523,739448,3,755.66,Dish Soap,Household Care,Mand-Choudhry,755.66,1007.55,25.0,365,24,79,2266.98,566.745
8803091944,697683,2,123.74,Toilet Cleaner,Household Care,"Murty, Varghese and Saxena",123.74,164.99,25.0,365,14,82,247.48,61.87
7409519974,679284,2,877.89,Cough Syrup,Pharmacy,Pant LLC,877.89,1097.36,20.0,365,28,95,1755.78,351.156
456278500,525531,1,831.1,Dog Food,Pet Care,Sandal PLC,831.1,1278.62,35.0,365,28,65,831.1,290.885
9912965340,153019,1,947.95,Onions,Fruits & Vegetables,Aurora LLC,947.95,1263.93,25.0,3,13,88,947.95,236.9875
2802653261,455083,3,959.01,Butter,Dairy & Breakfast,Dutta Inc,959.01,1198.76,20.0,7,29,63,2877.0299999999997,575.406
8629948751,901144,1,340.36,Sugar,Grocery & Staples,Deo-Kamdar,340.36,400.42,15.0,365,12,71,340.36,51.054
9169008097,196719,1,217.5,Bananas,Fruits & Vegetables,Yogi Group,217.5,290.0,25.0,3,15,91,217.5,54.375
3186513319,492958,1,84.2,Lotion,Personal Care,Acharya PLC,84.2,129.54,35.0,365,26,88,84.2,29.47
8837578937,33797,1,888.12,Pain Reliever,Pharmacy,Gaba LLC,888.12,1110.15,20.0,365,12,51,888.12,177.62400000000002
1468095888,455083,1,959.01,Butter,Dairy & Breakfast,Dutta Inc,959.01,1198.76,20.0,7,29,63,959.01,191.80200000000002
3055120492,604184,2,397.55,Toilet Cleaner,Household Care,"Gaba, Sodhi and Choudhary",397.55,530.07,25.0,365,24,84,795.1,198.775
6083457185,57405,3,607.67,Baby Food,Baby Care,Srinivas PLC,607.67,868.1,30.0,365,21,64,1823.0099999999998,546.9029999999999
7154956248,313754,2,136.6,Biscuits,Snacks & Munchies,"Swaminathan, Mahal and Dara",136.6,210.15,35.0,90,25,67,273.2,95.61999999999999
246971181,901144,1,340.36,Sugar,Grocery & Staples,Deo-Kamdar,340.36,400.42,15.0,365,12,71,340.36,51.054
2452915406,890232,3,432.0,Mango Drink,Cold Drinks & Juices,Jha Group,432.0,617.14,30.0,180,20,91,1296.0,388.8
9458183390,361361,2,826.21,Biscuits,Snacks & Munchies,"Kunda, Dave and Sahni",826.21,1271.09,35.0,90,20,64,1652.42,578.347
576571858,114414,3,832.06,Vitamins,Pharmacy,Kara-Golla,832.06,1040.07,20.0,365,26,66,2496.18,499.236
9544803182,807452,2,144.19,Pulses,Grocery & Staples,Naik Ltd,144.19,169.64,15.0,365,27,61,288.38,43.257
2121652047,962054,3,16.86,Orange Juice,Cold Drinks & Juices,Toor-Nagar,16.86,24.09,30.0,180,11,74,50.58,15.174
8891725854,120532,3,697.53,Wheat Flour,Grocery & Staples,Nazareth Ltd,697.53,820.62,15.0,365,29,95,2092.59,313.8885
4870772869,669378,1,212.14,Potatoes,Fruits & Vegetables,Chadha and Sons,212.14,282.85,25.0,3,23,70,212.14,53.035
262562615,264803,3,995.98,Vitamins,Pharmacy,Gole-Doshi,995.98,1244.97,20.0,365,17,69,2987.94,597.5880000000001
5142912812,324809,1,608.0,Bread,Dairy & Breakfast,Sidhu PLC,608.0,760.0,20.0,7,26,76,608.0,121.60000000000001
1225289500,378230,2,166.42,Nuts,Snacks & Munchies,Kala-Vig,166.42,256.03,35.0,90,13,76,332.84,116.49399999999999
7337555525,537274,1,702.71,Pet Treats,Pet Care,Lal-Chauhan,702.71,1081.09,35.0,365,17,67,702.71,245.9485
5719806088,272170,2,140.8,Ice Cream,Instant & Frozen Food,Purohit Group,140.8,234.67,40.0,180,10,92,281.6,112.64000000000001
6890191424,154179,3,582.87,Pain Reliever,Pharmacy,"Barad, Devi and Andra",582.87,728.59,20.0,365,10,59,1748.6100000000001,349.72200000000004
5695198653,557908,2,942.37,Vitamins,Pharmacy,Sundaram Inc,942.37,1177.96,20.0,365,14,53,1884.74,376.94800000000004
482670263,621677,2,317.8,Frozen Biryani,Instant & Frozen Food,Sabharwal-Mital,317.8,529.67,40.0,180,15,71,635.6,254.24
7857904467,953175,1,225.21,Baby Food,Baby Care,Sehgal-Nagarajan,225.21,321.73,30.0,365,11,73,225.21,67.563
614435661,578097,2,267.61,Nuts,Snacks & Munchies,Jha Group,267.61,411.71,35.0,90,22,75,535.22,187.327
2284551326,257719,1,281.73,Eggs,Dairy & Breakfast,Chaudhuri PLC,281.73,352.16,20.0,7,17,93,281.73,56.346000000000004
8614991290,642612,2,517.03,Pet Treats,Pet Care,Pillay-Ahuja,517.03,795.43,35.0,365,16,57,1034.06,361.92099999999994
9865566300,753354,2,423.56,Shampoo,Personal Care,Sant-Mahajan,423.56,651.63,35.0,365,20,52,847.12,296.49199999999996
6672582413,11422,2,127.16,Potatoes,Fruits & Vegetables,Ramaswamy-Tata,127.16,169.55,25.0,3,20,65,254.32,63.58
3004834987,604184,3,397.55,Toilet Cleaner,Household Care,"Gaba, Sodhi and Choudhary",397.55,530.07,25.0,365,24,84,1192.65,298.1625
4486349175,566052,3,87.3,Pain Reliever,Pharmacy,"Apte, Soman and Raju",87.3,109.12,20.0,365,14,53,261.9,52.379999999999995
3098655541,697683,2,123.74,Toilet Cleaner,Household Care,"Murty, Varghese and Saxena",123.74,164.99,25.0,365,14,82,247.48,61.87
1912293606,124290,3,39.65,Lotion,Personal Care,Sachdev Group,39.65,61.0,35.0,365,23,71,118.94999999999999,41.63249999999999
7465280557,689769,3,46.62,Frozen Vegetables,Instant & Frozen Food,Kothari-Datta,46.62,77.7,40.0,180,17,51,139.85999999999999,55.943999999999996
343050015,146840,2,786.85,Bread,Dairy & Breakfast,"Bains, Deol and Vaidya",786.85,983.56,20.0,7,19,89,1573.7,314.74
6414606364,723678,2,675.46,Dog Food,Pet Care,"Lall, Datta and Swamy",675.46,1039.17,35.0,365,14,97,1350.92,472.822
4092550629,264803,1,995.98,Vitamins,Pharmacy,Gole-Doshi,995.98,1244.97,20.0,365,17,69,995.98,199.19600000000003
9810964144,542300,1,255.35,Popcorn,Snacks & Munchies,Gulati-Tandon,255.35,392.85,35.0,90,11,66,255.35,89.37249999999999
6513851276,491314,2,973.44,Ice Cream,Instant & Frozen Food,Banerjee Inc,973.44,1622.4,40.0,180,11,71,1946.88,778.7520000000001
6080784069,487065,2,374.68,Chips,Snacks & Munchies,Kadakia-Yadav,374.68,576.43,35.0,90,27,87,749.36,262.276
1967283733,897083,1,972.69,Detergent,Household Care,Dutta-Halder,972.69,1296.92,25.0,365,10,100,972.69,243.1725
2683672396,36412,2,397.68,Dish Soap,Household Care,Muni-Shankar,397.68,530.24,25.0,365,27,92,795.36,198.84
1464736195,425341,1,486.28,Pet Treats,Pet Care,"Mani, Dhar and Muni",486.28,748.12,35.0,365,21,68,486.28,170.19799999999998
3258963661,644847,1,622.81,Salt,Grocery & Staples,"Jhaveri, Kata and Kapur",622.81,732.72,15.0,365,24,52,622.81,93.4215
9956872454,11422,1,127.16,Potatoes,Fruits & Vegetables,Ramaswamy-Tata,127.16,169.55,25.0,3,20,65,127.16,31.79
867630114,123983,2,785.67,Cough Syrup,Pharmacy,Kurian-Chhabra,785.67,982.09,20.0,365,25,72,1571.34,314.26800000000003
3333752740,70969,2,631.7,Carrots,Fruits & Vegetables,Mohan Group,631.7,842.27,25.0,3,25,96,1263.4,315.85
4835197446,492958,2,84.2,Lotion,Personal Care,Acharya PLC,84.2,129.54,35.0,365,26,88,168.4,58.94
1888517793,329351,2,310.87,Cheese,Dairy & Breakfast,"Lala, Kalita and Sathe",310.87,388.59,20.0,7,23,95,621.74,124.34800000000001
5148599328,871592,2,870.29,Carrots,Fruits & Vegetables,"Shankar, Nadkarni and Kumer",870.29,1160.39,25.0,3,25,50,1740.58,435.145
3405089431,491314,2,973.44,Ice Cream,Instant & Frozen Food,Banerjee Inc,973.44,1622.4,40.0,180,11,71,1946.88,778.7520000000001
9286199495,647462,1,326.42,Lotion,Personal Care,"Balan, Samra and Sekhon",326.42,502.18,35.0,365,22,64,326.42,114.247
6418255337,154179,1,582.87,Pain Reliever,Pharmacy,"Barad, Devi and Andra",582.87,728.59,20.0,365,10,59,582.87,116.57400000000001
7442478777,222892,3,869.22,Tomatoes,Fruits & Vegetables,Ramakrishnan-Ghose,869.22,1158.96,25.0,3,28,88,2607.66,651.915
5170777528,679284,2,877.89,Cough Syrup,Pharmacy,Pant LLC,877.89,1097.36,20.0,365,28,95,1755.78,351.156
1255941187,478531,3,825.46,Carrots,Fruits & Vegetables,Uppal Group,825.46,1100.61,25.0,3,24,90,2476.38,619.095
4704980993,564692,1,215.65,Cat Food,Pet Care,"Krishna, Bail and Dyal",215.65,331.77,35.0,365,25,82,215.65,75.47749999999999
7310604669,183929,1,738.74,Bread,Dairy & Breakfast,"Nagi, Sampath and Khurana",738.74,923.42,20.0,7,20,73,738.74,147.74800000000002
7970608721,839170,1,481.63,Curd,Dairy & Breakfast,Shetty and Sons,481.63,602.04,20.0,7,11,59,481.63,96.32600000000001
3164727163,542300,1,255.35,Popcorn,Snacks & Munchies,Gulati-Tandon,255.35,392.85,35.0,90,11,66,255.35,89.37249999999999
2388064449,473929,3,440.19,Carrots,Fruits & Vegetables,"Bhardwaj, Bhatia and Deshmukh",440.19,586.92,25.0,3,19,70,1320.57,330.1425
757816226,14145,3,630.84,Spinach,Fruits & Vegetables,"Thakur, Shah and Pingle",630.84,841.12,25.0,3,14,53,1892.52,473.13
259772553,34200,2,319.8,Lotion,Personal Care,Munshi-Grewal,319.8,492.0,35.0,365,19,75,639.6,223.85999999999999
8388644219,9436,1,88.43,Toothpaste,Personal Care,Naidu PLC,88.43,136.05,35.0,365,19,76,88.43,30.9505
1545044936,329351,1,310.87,Cheese,Dairy & Breakfast,"Lala, Kalita and Sathe",310.87,388.59,20.0,7,23,95,310.87,62.17400000000001
6995571310,336847,1,936.98,Toilet Cleaner,Household Care,"Dayal, Mammen and More",936.98,1249.31,25.0,365,17,55,936.98,234.245
8801161214,313754,3,136.6,Biscuits,Snacks & Munchies,"Swaminathan, Mahal and Dara",136.6,210.15,35.0,90,25,67,409.79999999999995,143.42999999999998
1751319400,561860,2,874.78,Orange Juice,Cold Drinks & Juices,Gupta Ltd,874.78,1249.69,30.0,180,21,90,1749.56,524.8679999999999
10448052,945635,2,778.9,Pulses,Grocery & Staples,Balasubramanian PLC,778.9,916.35,15.0,365,16,59,1557.8,233.67
3047076079,723678,1,675.46,Dog Food,Pet Care,"Lall, Datta and Swamy",675.46,1039.17,35.0,365,14,97,675.46,236.411
5085860780,513199,3,422.23,Cola,Cold Drinks & Juices,Rastogi Inc,422.23,603.19,30.0,180,26,52,1266.69,380.007
6213909425,455083,3,959.01,Butter,Dairy & Breakfast,Dutta Inc,959.01,1198.76,20.0,7,29,63,2877.0299999999997,575.406
3712789789,455755,2,44.09,Detergent,Household Care,Mangal-Sathe,44.09,58.79,25.0,365,23,53,88.18,22.045
278794976,378676,3,881.42,Orange Juice,Cold Drinks & Juices,Baral-Kamdar,881.42,1259.17,30.0,180,19,65,2644.2599999999998,793.2779999999999
3420357591,365133,1,915.45,Dish Soap,Household Care,Hans Inc,915.45,1220.6,25.0,365,25,60,915.45,228.8625
4551386734,951463,3,787.4,Pet Treats,Pet Care,Balakrishnan-Kaur,787.4,1211.38,35.0,365,16,82,2362.2,826.7699999999999
7609681987,365132,1,229.38,Instant Noodles,Instant & Frozen Food,Dar-Kumar,229.38,382.3,40.0,180,19,70,229.38,91.75200000000001
1721655048,589812,1,163.03,Detergent,Household Care,Bir PLC,163.03,217.37,25.0,365,22,52,163.03,40.7575
7040151151,94225,3,77.11,Toilet Cleaner,Household Care,"Gulati, Ram and Sarkar",77.11,102.81,25.0,365,13,70,231.32999999999998,57.832499999999996
6719661881,140154,1,171.2,Shampoo,Personal Care,Malhotra LLC,171.2,263.38,35.0,365,24,59,171.2,59.919999999999995
5195004299,567671,3,418.48,Biscuits,Snacks & Munchies,Nagar LLC,418.48,643.82,35.0,90,12,90,1255.44,439.404
5441946621,859361,1,432.39,Shampoo,Personal Care,Mitter Group,432.39,665.22,35.0,365,25,77,432.39,151.33649999999997
3508992095,734789,2,395.82,Popcorn,Snacks & Munchies,"Chaudhari, Pant and Singh",395.82,608.95,35.0,90,22,66,791.64,277.07399999999996
8454449180,324809,1,608.0,Bread,Dairy & Breakfast,Sidhu PLC,608.0,760.0,20.0,7,26,76,608.0,121.60000000000001
9251851237,993331,3,102.44,Pulses,Grocery & Staples,"Parmer, Gola and Yogi",102.44,120.52,15.0,365,28,86,307.32,46.098
6739811103,256783,3,906.54,Pet Treats,Pet Care,"Basu, Thakur and Rege",906.54,1394.68,35.0,365,16,98,2719.62,951.8669999999998
7590827828,661577,3,720.95,Cat Food,Pet Care,Majumdar PLC,720.95,1109.15,35.0,365,28,95,2162.8500000000004,756.9975000000001
310213322,880510,2,951.43,Bread,Dairy & Breakfast,Roy-Char,951.43,1189.29,20.0,7,29,54,1902.86,380.572
934908369,324809,2,608.0,Bread,Dairy & Breakfast,Sidhu PLC,608.0,760.0,20.0,7,26,76,1216.0,243.20000000000002
3817617199,712003,1,671.68,Cola,Cold Drinks & Juices,"Karan, Bandi and Acharya",671.68,959.54,30.0,180,30,54,671.68,201.504
2622709030,968887,3,40.7,Dish Soap,Household Care,Keer-Gill,40.7,54.27,25.0,365,18,92,122.10000000000001,30.525000000000002
3843689992,36412,2,397.68,Dish Soap,Household Care,Muni-Shankar,397.68,530.24,25.0,365,27,92,795.36,198.84
8732395640,448752,1,160.07,Toilet Cleaner,Household Care,Batta-Doctor,160.07,213.43,25.0,365,23,96,160.07,40.0175
3889721330,120532,2,697.53,Wheat Flour,Grocery & Staples,Nazareth Ltd,697.53,820.62,15.0,365,29,95,1395.06,209.259
7064093619,962591,1,130.01,Orange Juice,Cold Drinks & Juices,Murthy-Kaul,130.01,185.73,30.0,180,24,74,130.01,39.00299999999999
6798661163,552496,2,508.0,Dish Soap,Household Care,Dhar PLC,508.0,677.33,25.0,365,17,59,1016.0,254.0
2878307830,186168,2,878.8,Dog Food,Pet Care,"Parekh, Lad and Kadakia",878.8,1352.0,35.0,365,13,75,1757.6,615.16
4133369643,667163,1,441.2,Orange Juice,Cold Drinks & Juices,Palla LLC,441.2,630.29,30.0,180,25,72,441.2,132.35999999999999
3394787348,63769,1,878.07,Lotion,Personal Care,Dalal-Shan,878.07,1350.88,35.0,365,27,69,878.07,307.3245
4830380663,57405,2,607.67,Baby Food,Baby Care,Srinivas PLC,607.67,868.1,30.0,365,21,64,1215.34,364.602
3441042301,604184,1,397.55,Toilet Cleaner,Household Care,"Gaba, Sodhi and Choudhary",397.55,530.07,25.0,365,24,84,397.55,99.3875
3984353474,557908,3,942.37,Vitamins,Pharmacy,Sundaram Inc,942.37,1177.96,20.0,365,14,53,2827.11,565.422
4495916529,112390,3,877.98,Toothpaste,Personal Care,"Kibe, Contractor and Randhawa",877.98,1350.74,35.0,365,23,85,2633.94,921.8789999999999
5075205264,15314,3,578.85,Cheese,Dairy & Breakfast,Banik-Ratta,578.85,723.56,20.0,7,30,91,1736.5500000000002,347.31000000000006
6129180304,146840,3,786.85,Bread,Dairy & Breakfast,"Bains, Deol and Vaidya",786.85,983.56,20.0,7,19,89,2360.55,472.11000000000007
3311686914,945635,1,778.9,Pulses,Grocery & Staples,Balasubramanian PLC,778.9,916.35,15.0,365,16,59,778.9,116.835
3907403745,33797,2,888.12,Pain Reliever,Pharmacy,Gaba LLC,888.12,1110.15,20.0,365,12,51,1776.24,355.24800000000005
9924696305,876139,2,415.75,Pulses,Grocery & Staples,Cherian-Dara,415.75,489.12,15.0,365,14,83,831.5,124.725
7348508805,942001,1,671.55,Cat Food,Pet Care,Acharya Ltd,671.55,1033.15,35.0,365,20,84,671.55,235.04249999999996
1665004352,883013,2,989.88,Eggs,Dairy & Breakfast,Chahal Group,989.88,1237.35,20.0,7,13,98,1979.76,395.952
1049800958,131937,3,287.81,Frozen Pizza,Instant & Frozen Food,"Varkey, Devi and Ganguly",287.81,479.68,40.0,180,18,68,863.4300000000001,345.37200000000007
2937550786,739448,3,755.66,Dish Soap,Household Care,Mand-Choudhry,755.66,1007.55,25.0,365,24,79,2266.98,566.745
486724008,901144,1,340.36,Sugar,Grocery & Staples,Deo-Kamdar,340.36,400.42,15.0,365,12,71,340.36,51.054
9361578823,652118,3,22.04,Frozen Biryani,Instant & Frozen Food,Agate and Sons,22.04,36.73,40.0,180,19,55,66.12,26.448000000000004
6249585672,144124,1,162.67,Detergent,Household Care,Lalla-Srinivasan,162.67,216.89,25.0,365,11,82,162.67,40.6675
2111712383,969851,3,340.66,Frozen Vegetables,Instant & Frozen Food,"Kara, Sodhi and Bassi",340.66,567.77,40.0,180,27,64,1021.98,408.79200000000003
2962076108,131136,1,37.8,Salt,Grocery & Staples,Deshpande-Rama,37.8,44.47,15.0,365,29,95,37.8,5.669999999999999
7509638056,327290,1,862.28,Sugar,Grocery & Staples,Nadkarni Inc,862.28,1014.45,15.0,365,22,65,862.28,129.34199999999998
6074743537,300159,3,44.35,Cola,Cold Drinks & Juices,"Basu, Rout and Mistry",44.35,63.36,30.0,180,20,93,133.05,39.915
3560026527,578097,2,267.61,Nuts,Snacks & Munchies,Jha Group,267.61,411.71,35.0,90,22,75,535.22,187.327
7005103077,52729,1,316.02,Cat Food,Pet Care,Saini LLC,316.02,486.18,35.0,365,25,100,316.02,110.60699999999999
8175826750,661577,1,720.95,Cat Food,Pet Care,Majumdar PLC,720.95,1109.15,35.0,365,28,95,720.95,252.3325
8572946020,537274,2,702.71,Pet Treats,Pet Care,Lal-Chauhan,702.71,1081.09,35.0,365,17,67,1405.42,491.897
2936701883,140154,1,171.2,Shampoo,Personal Care,Malhotra LLC,171.2,263.38,35.0,365,24,59,171.2,59.919999999999995
9948324640,107548,1,891.6,Cola,Cold Drinks & Juices,"Bhandari, Bhasin and Palan",891.6,1273.71,30.0,180,27,53,891.6,267.48
2865872281,291238,3,746.03,Chocolates,Snacks & Munchies,"Sinha, Pau and Chhabra",746.03,1147.74,35.0,90,16,68,2238.09,783.3315
5785351358,707935,2,820.9,Cat Food,Pet Care,"Anne, Mammen and Khatri",820.9,1262.92,35.0,365,30,97,1641.8,574.63
5204776107,818522,3,96.09,Cheese,Dairy & Breakfast,Hora-Roy,96.09,120.11,20.0,7,12,90,288.27,57.653999999999996
8689865723,970529,1,827.44,Diapers,Baby Care,"Kurian, Patla and Sanghvi",827.44,1182.06,30.0,365,19,84,827.44,248.232
7822329516,34200,2,319.8,Lotion,Personal Care,Munshi-Grewal,319.8,492.0,35.0,365,19,75,639.6,223.85999999999999
5995393950,324809,3,608.0,Bread,Dairy & Breakfast,Sidhu PLC,608.0,760.0,20.0,7,26,76,1824.0,364.8
5458784818,953175,3,225.21,Baby Food,Baby Care,Sehgal-Nagarajan,225.21,321.73,30.0,365,11,73,675.63,202.689
5611686165,217710,3,58.59,Eggs,Dairy & Breakfast,Rout-Sarna,58.59,73.24,20.0,7,19,53,175.77,35.154
6390653932,962054,3,16.86,Orange Juice,Cold Drinks & Juices,Toor-Nagar,16.86,24.09,30.0,180,11,74,50.58,15.174
1215008706,349294,1,934.75,Onions,Fruits & Vegetables,Ganesan Ltd,934.75,1246.33,25.0,3,25,70,934.75,233.6875
7357727116,82484,2,914.88,Baby Food,Baby Care,Mallick PLC,914.88,1306.97,30.0,365,12,73,1829.76,548.928
7562975685,284460,2,505.95,Potatoes,Fruits & Vegetables,"Ramakrishnan, Anand and Khare",505.95,674.6,25.0,3,21,85,1011.9,252.975
3118070064,760828,2,563.45,Pet Treats,Pet Care,"Khurana, Khosla and Yohannan",563.45,866.85,35.0,365,23,93,1126.9,394.415
8255753870,398340,2,651.93,Instant Noodles,Instant & Frozen Food,"Nadig, Zachariah and Soni",651.93,1086.55,40.0,180,11,56,1303.86,521.544
5924715529,455755,2,44.09,Detergent,Household Care,Mangal-Sathe,44.09,58.79,25.0,365,23,53,88.18,22.045
9593816617,440875,3,275.03,Baby Wipes,Baby Care,Loyal Inc,275.03,392.9,30.0,365,15,80,825.0899999999999,247.52699999999996
6143213997,739534,2,994.56,Toilet Cleaner,Household Care,"Gera, Narang and Karpe",994.56,1326.08,25.0,365,14,59,1989.12,497.28
4516009647,969851,1,340.66,Frozen Vegetables,Instant & Frozen Food,"Kara, Sodhi and Bassi",340.66,567.77,40.0,180,27,64,340.66,136.264
291900074,376447,3,724.84,Butter,Dairy & Breakfast,Gara and Sons,724.84,906.05,20.0,7,17,64,2174.52,434.904
3178700341,704868,1,193.46,Detergent,Household Care,"Parikh, Oak and Kara",193.46,257.95,25.0,365,24,58,193.46,48.365
4231742059,690565,1,951.27,Cookies,Snacks & Munchies,"Roy, Seth and Patla",951.27,1463.49,35.0,90,15,56,951.27,332.94449999999995
7437613292,237083,2,577.13,Cough Syrup,Pharmacy,Hayer-Banerjee,577.13,721.41,20.0,365,24,86,1154.26,230.852
5609346062,925482,1,475.04,Frozen Biryani,Instant & Frozen Food,Viswanathan-Sha,475.04,791.73,40.0,180,23,66,475.04,190.01600000000002
909033820,433521,3,321.33,Diapers,Baby Care,Mahal Group,321.33,459.04,30.0,365,27,58,963.99,289.197
470624828,679321,2,738.46,Cola,Cold Drinks & Juices,Khurana-Dewan,738.46,1054.94,30.0,180,20,68,1476.92,443.076
9608676386,487065,1,374.68,Chips,Snacks & Munchies,Kadakia-Yadav,374.68,576.43,35.0,90,27,87,374.68,131.138
6846160702,131937,3,287.81,Frozen Pizza,Instant & Frozen Food,"Varkey, Devi and Ganguly",287.81,479.68,40.0,180,18,68,863.4300000000001,345.37200000000007
4248168019,378676,3,881.42,Orange Juice,Cold Drinks & Juices,Baral-Kamdar,881.42,1259.17,30.0,180,19,65,2644.2599999999998,793.2779999999999
9057909300,120532,1,697.53,Wheat Flour,Grocery & Staples,Nazareth Ltd,697.53,820.62,15.0,365,29,95,697.53,104.6295
2171816966,537274,1,702.71,Pet Treats,Pet Care,Lal-Chauhan,702.71,1081.09,35.0,365,17,67,702.71,245.9485
1387025817,490939,2,80.25,Lotion,Personal Care,"Roy, Barad and De",80.25,123.46,35.0,365,12,67,160.5,56.175
6801124715,305754,2,979.99,Frozen Vegetables,Instant & Frozen Food,Mammen-Hegde,979.99,1633.32,40.0,180,22,81,1959.98,783.9920000000001
6117979297,298985,1,183.76,Vitamins,Pharmacy,"Ramanathan, Joshi and Srinivasan",183.76,229.7,20.0,365,11,61,183.76,36.752
4902314626,140154,2,171.2,Shampoo,Personal Care,Malhotra LLC,171.2,263.38,35.0,365,24,59,342.4,119.83999999999999
361595059,700048,1,141.28,Dish Soap,Household Care,Khalsa-Bhavsar,141.28,188.37,25.0,365,25,98,141.28,35.32
5309683159,757274,2,98.32,Pet Treats,Pet Care,"Minhas, Kapoor and Sethi",98.32,151.26,35.0,365,27,95,196.64,68.82399999999998
2300265337,654623,3,422.14,Chips,Snacks & Munchies,Pradhan and Sons,422.14,649.45,35.0,90,18,76,1266.42,443.247
199903168,847349,3,781.08,Potatoes,Fruits & Vegetables,Chhabra-Agrawal,781.08,1041.44,25.0,3,26,69,2343.2400000000002,585.8100000000001
4923840119,764014,2,612.04,Salt,Grocery & Staples,"Grewal, Swamy and Dayal",612.04,720.05,15.0,365,30,100,1224.08,183.612
2209550085,679865,1,347.91,Wheat Flour,Grocery & Staples,Memon-Barad,347.91,409.31,15.0,365,14,85,347.91,52.1865
120178110,739534,3,994.56,Toilet Cleaner,Household Care,"Gera, Narang and Karpe",994.56,1326.08,25.0,365,14,59,2983.68,745.92
6647259959,39154,3,946.86,Mangoes,Fruits & Vegetables,"Suresh, Bose and Bajwa",946.86,1262.48,25.0,3,21,84,2840.58,710.145
3859980017,992178,1,632.43,Pain Reliever,Pharmacy,Basu and Sons,632.43,790.54,20.0,365,16,89,632.43,126.48599999999999
9196827234,741341,2,923.84,Eggs,Dairy & Breakfast,Prasad LLC,923.84,1154.8,20.0,7,13,62,1847.68,369.53600000000006
3499440849,965755,2,532.57,Bananas,Fruits & Vegetables,"Doshi, Sarraf and Sama",532.57,710.09,25.0,3,21,91,1065.14,266.285
7114775833,592784,1,280.35,Biscuits,Snacks & Munchies,"Andra, Mander and Kari",280.35,431.31,35.0,90,27,64,280.35,98.1225
7812364366,552883,1,888.16,Potatoes,Fruits & Vegetables,"Balan, Patel and Mall",888.16,1184.21,25.0,3,18,94,888.16,222.04
7525899857,723678,3,675.46,Dog Food,Pet Care,"Lall, Datta and Swamy",675.46,1039.17,35.0,365,14,97,2026.38,709.233
3917847107,587420,2,357.42,Cookies,Snacks & Munchies,Raj and Sons,357.42,549.88,35.0,90,22,50,714.84,250.194
1229828587,432617,2,863.18,Baby Wipes,Baby Care,Dora-Pillai,863.18,1233.11,30.0,365,17,97,1726.36,517.9079999999999
4249345096,564692,1,215.65,Cat Food,Pet Care,"Krishna, Bail and Dyal",215.65,331.77,35.0,365,25,82,215.65,75.47749999999999
4002407580,256051,3,400.92,Lotion,Personal Care,"Mannan, Naidu and Sama",400.92,616.8,35.0,365,17,100,1202.76,420.96599999999995
5982122427,707935,3,820.9,Cat Food,Pet Care,"Anne, Mammen and Khatri",820.9,1262.92,35.0,365,30,97,2462.7,861.9449999999999
3280431261,327290,2,862.28,Sugar,Grocery & Staples,Nadkarni Inc,862.28,1014.45,15.0,365,22,65,1724.56,258.68399999999997
5066338759,41853,2,910.44,Curd,Dairy & Breakfast,Handa PLC,910.44,1138.05,20.0,7,14,92,1820.88,364.17600000000004
9087426355,114414,2,832.06,Vitamins,Pharmacy,Kara-Golla,832.06,1040.07,20.0,365,26,66,1664.12,332.824
5512907,659290,3,319.34,Cheese,Dairy & Breakfast,Kapadia-D’Alia,319.34,399.17,20.0,7,18,66,958.02,191.604
4174741467,930284,2,189.47,Baby Food,Baby Care,"Garg, Saraf and Dutta",189.47,270.67,30.0,365,20,58,378.94,113.682
6270463968,883013,1,989.88,Eggs,Dairy & Breakfast,Chahal Group,989.88,1237.35,20.0,7,13,98,989.88,197.976
1239385001,897083,3,972.69,Detergent,Household Care,Dutta-Halder,972.69,1296.92,25.0,365,10,100,2918.07,729.5175
5250202756,555121,2,354.91,Carrots,Fruits & Vegetables,"Subramanian, Chaudhuri and Dora",354.91,473.21,25.0,3,30,67,709.82,177.455
4099185509,968887,2,40.7,Dish Soap,Household Care,Keer-Gill,40.7,54.27,25.0,365,18,92,81.4,20.35
7875903450,563740,3,96.33,Chips,Snacks & Munchies,Mann-Kapadia,96.33,148.2,35.0,90,20,61,288.99,101.1465
7561642939,146840,2,786.85,Bread,Dairy & Breakfast,"Bains, Deol and Vaidya",786.85,983.56,20.0,7,19,89,1573.7,314.74
5438908316,942001,1,671.55,Cat Food,Pet Care,Acharya Ltd,671.55,1033.15,35.0,365,20,84,671.55,235.04249999999996
357437373,667163,3,441.2,Orange Juice,Cold Drinks & Juices,Palla LLC,441.2,630.29,30.0,180,25,72,1323.6,397.08
8972877222,373536,1,494.17,Dog Food,Pet Care,Chauhan-Sabharwal,494.17,760.26,35.0,365,14,64,494.17,172.9595
1163798451,954722,2,616.45,Ice Cream,Instant & Frozen Food,Mohan-Virk,616.45,1027.42,40.0,180,11,58,1232.9,493.1600000000001
3588229485,67197,3,552.2,Butter,Dairy & Breakfast,Shetty-Bora,552.2,690.25,20.0,7,20,79,1656.6000000000001,331.32000000000005
1205823348,707935,2,820.9,Cat Food,Pet Care,"Anne, Mammen and Khatri",820.9,1262.92,35.0,365,30,97,1641.8,574.63
2867008541,914071,3,296.94,Chips,Snacks & Munchies,Datta Ltd,296.94,456.83,35.0,90,25,90,890.8199999999999,311.787
5794917332,60619,1,726.41,Iced Tea,Cold Drinks & Juices,Bhasin LLC,726.41,1037.73,30.0,180,10,97,726.41,217.92299999999997
4726520098,77308,2,223.27,Onions,Fruits & Vegetables,Ratta-Sagar,223.27,297.69,25.0,3,29,91,446.54,111.635
6251716165,914071,3,296.94,Chips,Snacks & Munchies,Datta Ltd,296.94,456.83,35.0,90,25,90,890.8199999999999,311.787
5991829458,329351,2,310.87,Cheese,Dairy & Breakfast,"Lala, Kalita and Sathe",310.87,388.59,20.0,7,23,95,621.74,124.34800000000001
1142626566,337168,2,545.49,Eggs,Dairy & Breakfast,Dasgupta PLC,545.49,681.86,20.0,7,25,98,1090.98,218.19600000000003
2595161999,771228,2,83.18,Pet Treats,Pet Care,Raja and Sons,83.18,127.97,35.0,365,25,73,166.36,58.226
8865698939,107548,2,891.6,Cola,Cold Drinks & Juices,"Bhandari, Bhasin and Palan",891.6,1273.71,30.0,180,27,53,1783.2,534.96
1776582175,56589,2,517.77,Vitamins,Pharmacy,"Pai, Kashyap and Ramachandran",517.77,647.21,20.0,365,16,85,1035.54,207.108
7323157341,478531,1,825.46,Carrots,Fruits & Vegetables,Uppal Group,825.46,1100.61,25.0,3,24,90,825.46,206.365
8997413283,839170,2,481.63,Curd,Dairy & Breakfast,Shetty and Sons,481.63,602.04,20.0,7,11,59,963.26,192.65200000000002
2548452255,131136,3,37.8,Salt,Grocery & Staples,Deshpande-Rama,37.8,44.47,15.0,365,29,95,113.39999999999999,17.009999999999998
7906839225,33955,3,186.08,Frozen Pizza,Instant & Frozen Food,Baral Group,186.08,310.13,40.0,180,29,84,558.24,223.29600000000002
4113927200,144124,3,162.67,Detergent,Household Care,Lalla-Srinivasan,162.67,216.89,25.0,365,11,82,488.01,122.0025
4233626614,542300,3,255.35,Popcorn,Snacks & Munchies,Gulati-Tandon,255.35,392.85,35.0,90,11,66,766.05,268.11749999999995
2886463378,140489,2,650.2,Soap,Personal Care,"Biswas, Kapoor and Patel",650.2,1000.31,35.0,365,28,95,1300.4,455.14
1823348306,669378,2,212.14,Potatoes,Fruits & Vegetables,Chadha and Sons,212.14,282.85,25.0,3,23,70,424.28,106.07
8706556166,567671,2,418.48,Biscuits,Snacks & Munchies,Nagar LLC,418.48,643.82,35.0,90,12,90,836.96,292.936
5139433840,123983,2,785.67,Cough Syrup,Pharmacy,Kurian-Chhabra,785.67,982.09,20.0,365,25,72,1571.34,314.26800000000003
769731596,837480,1,217.4,Cough Syrup,Pharmacy,Edwin and Sons,217.4,271.75,20.0,365,22,82,217.4,43.480000000000004
1346090496,659290,3,319.34,Cheese,Dairy & Breakfast,Kapadia-D’Alia,319.34,399.17,20.0,7,18,66,958.02,191.604
9339629293,542300,3,255.35,Popcorn,Snacks & Munchies,Gulati-Tandon,255.35,392.85,35.0,90,11,66,766.05,268.11749999999995
3043993017,451812,1,530.85,Pain Reliever,Pharmacy,"Batra, Sant and Mandal",530.85,663.56,20.0,365,29,63,530.85,106.17000000000002
274863669,990993,1,263.7,Chocolates,Snacks & Munchies,Guha-Subramaniam,263.7,405.69,35.0,90,22,61,263.7,92.29499999999999
3736611791,398340,3,651.93,Instant Noodles,Instant & Frozen Food,"Nadig, Zachariah and Soni",651.93,1086.55,40.0,180,11,56,1955.79,782.316
9628875555,903336,1,551.88,Pulses,Grocery & Staples,"Vaidya, Amble and Palla",551.88,649.27,15.0,365,14,60,551.88,82.782
6367306297,196719,3,217.5,Bananas,Fruits & Vegetables,Yogi Group,217.5,290.0,25.0,3,15,91,652.5,163.125
4393113152,56589,1,517.77,Vitamins,Pharmacy,"Pai, Kashyap and Ramachandran",517.77,647.21,20.0,365,16,85,517.77,103.554
1239928207,961614,2,227.22,Chocolates,Snacks & Munchies,Goda Inc,227.22,349.57,35.0,90,26,99,454.44,159.054
5473002872,992178,2,632.43,Pain Reliever,Pharmacy,Basu and Sons,632.43,790.54,20.0,365,16,89,1264.86,252.97199999999998
6536847919,965755,2,532.57,Bananas,Fruits & Vegetables,"Doshi, Sarraf and Sama",532.57,710.09,25.0,3,21,91,1065.14,266.285
5480709564,89084,1,598.83,Milk,Dairy & Breakfast,"Wali, Virk and Iyer",598.83,748.54,20.0,7,27,74,598.83,119.76600000000002
1393100618,723678,3,675.46,Dog Food,Pet Care,"Lall, Datta and Swamy",675.46,1039.17,35.0,365,14,97,2026.38,709.233
6999330116,120385,3,597.91,Pet Treats,Pet Care,Dubey-Sarin,597.91,919.86,35.0,365,28,73,1793.73,627.8054999999999
7816842690,564692,1,215.65,Cat Food,Pet Care,"Krishna, Bail and Dyal",215.65,331.77,35.0,365,25,82,215.65,75.47749999999999
3186586558,654297,3,13.25,Potatoes,Fruits & Vegetables,Chandran-Dass,13.25,17.67,25.0,3,20,86,39.75,9.9375
7927955136,11422,1,127.16,Potatoes,Fruits & Vegetables,Ramaswamy-Tata,127.16,169.55,25.0,3,20,65,127.16,31.79
3518172697,500633,1,154.5,Cereal,Dairy & Breakfast,Trivedi-Ahluwalia,154.5,193.12,20.0,7,24,87,154.5,30.900000000000002
4557188271,871592,1,870.29,Carrots,Fruits & Vegetables,"Shankar, Nadkarni and Kumer",870.29,1160.39,25.0,3,25,50,870.29,217.5725
2893244627,34200,2,319.8,Lotion,Personal Care,Munshi-Grewal,319.8,492.0,35.0,365,19,75,639.6,223.85999999999999
1996683408,39154,2,946.86,Mangoes,Fruits & Vegetables,"Suresh, Bose and Bajwa",946.86,1262.48,25.0,3,21,84,1893.72,473.43
1673794089,378287,3,332.84,Lemonade,Cold Drinks & Juices,Ramesh-Jain,332.84,475.49,30.0,180,22,51,998.52,299.556
9931161723,679865,2,347.91,Wheat Flour,Grocery & Staples,Memon-Barad,347.91,409.31,15.0,365,14,85,695.82,104.373
856799416,611575,2,482.06,Frozen Pizza,Instant & Frozen Food,"Bhat, Nigam and Hayer",482.06,803.43,40.0,180,25,87,964.12,385.648
6668508959,137909,2,864.3,Cough Syrup,Pharmacy,Dalal PLC,864.3,1080.37,20.0,365,23,65,1728.6,345.72
4914874727,240179,1,90.56,Cough Syrup,Pharmacy,Ram-Suri,90.56,113.2,20.0,365,20,56,90.56,18.112000000000002
7869104895,820973,1,114.52,Baby Wipes,Baby Care,Lall LLC,114.52,163.6,30.0,365,29,56,114.52,34.355999999999995
5094989752,478531,2,825.46,Carrots,Fruits & Vegetables,Uppal Group,825.46,1100.61,25.0,3,24,90,1650.92,412.73
4305377896,799952,2,922.64,Cheese,Dairy & Breakfast,Padmanabhan-Virk,922.64,1153.3,20.0,7,13,66,1845.28,369.05600000000004
7017136473,953175,1,225.21,Baby Food,Baby Care,Sehgal-Nagarajan,225.21,321.73,30.0,365,11,73,225.21,67.563
3303209513,183929,3,738.74,Bread,Dairy & Breakfast,"Nagi, Sampath and Khurana",738.74,923.42,20.0,7,20,73,2216.2200000000003,443.2440000000001
8607953669,34186,3,925.65,Mangoes,Fruits & Vegetables,Mandal-Kar,925.65,1234.2,25.0,3,27,74,2776.95,694.2375
1940918101,140154,1,171.2,Shampoo,Personal Care,Malhotra LLC,171.2,263.38,35.0,365,24,59,171.2,59.919999999999995
6494615659,757274,1,98.32,Pet Treats,Pet Care,"Minhas, Kapoor and Sethi",98.32,151.26,35.0,365,27,95,98.32,34.41199999999999
4280890409,89084,2,598.83,Milk,Dairy & Breakfast,"Wali, Virk and Iyer",598.83,748.54,20.0,7,27,74,1197.66,239.53200000000004
7598489331,425341,2,486.28,Pet Treats,Pet Care,"Mani, Dhar and Muni",486.28,748.12,35.0,365,21,68,972.56,340.39599999999996
8755280486,589812,3,163.03,Detergent,Household Care,Bir PLC,163.03,217.37,25.0,365,22,52,489.09000000000003,122.27250000000001
8281093933,642612,1,517.03,Pet Treats,Pet Care,Pillay-Ahuja,517.03,795.43,35.0,365,16,57,517.03,180.96049999999997
7415765726,647462,3,326.42,Lotion,Personal Care,"Balan, Samra and Sekhon",326.42,502.18,35.0,365,22,64,979.26,342.741
6266072804,196719,1,217.5,Bananas,Fruits & Vegetables,Yogi Group,217.5,290.0,25.0,3,15,91,217.5,54.375
1542448934,118820,3,12.32,Iced Tea,Cold Drinks & Juices,"Warrior, Ravel and Amble",12.32,17.6,30.0,180,12,61,36.96,11.088
2896979776,992178,3,632.43,Pain Reliever,Pharmacy,Basu and Sons,632.43,790.54,20.0,365,16,89,1897.29,379.458
169867835,927651,3,426.72,Baby Wipes,Baby Care,Narula Group,426.72,609.6,30.0,365,15,60,1280.16,384.048
9493456526,516376,3,877.43,Onions,Fruits & Vegetables,Agarwal-Dhar,877.43,1169.91,25.0,3,21,71,2632.29,658.0725
9423261830,611575,1,482.06,Frozen Pizza,Instant & Frozen Food,"Bhat, Nigam and Hayer",482.06,803.43,40.0,180,25,87,482.06,192.824
5793453795,378676,2,881.42,Orange Juice,Cold Drinks & Juices,Baral-Kamdar,881.42,1259.17,30.0,180,19,65,1762.84,528.852
2141680269,820541,1,576.22,Toilet Cleaner,Household Care,"Borde, Peri and Upadhyay",576.22,768.29,25.0,365,19,71,576.22,144.055
6457122136,589812,3,163.03,Detergent,Household Care,Bir PLC,163.03,217.37,25.0,365,22,52,489.09000000000003,122.27250000000001
8447536518,542300,2,255.35,Popcorn,Snacks & Munchies,Gulati-Tandon,255.35,392.85,35.0,90,11,66,510.7,178.74499999999998
3191672889,897083,2,972.69,Detergent,Household Care,Dutta-Halder,972.69,1296.92,25.0,365,10,100,1945.38,486.345
2521995712,219598,3,367.08,Shampoo,Personal Care,Arora-Magar,367.08,564.74,35.0,365,28,83,1101.24,385.43399999999997
8194578267,669378,2,212.14,Potatoes,Fruits & Vegetables,Chadha and Sons,212.14,282.85,25.0,3,23,70,424.28,106.07
2811341619,762527,1,690.08,Biscuits,Snacks & Munchies,"Chad, Yohannan and Chopra",690.08,1061.66,35.0,90,23,71,690.08,241.528
5562576298,578097,2,267.61,Nuts,Snacks & Munchies,Jha Group,267.61,411.71,35.0,90,22,75,535.22,187.327
7446009755,954722,3,616.45,Ice Cream,Instant & Frozen Food,Mohan-Virk,616.45,1027.42,40.0,180,11,58,1849.3500000000001,739.7400000000001
7343262659,492958,1,84.2,Lotion,Personal Care,Acharya PLC,84.2,129.54,35.0,365,26,88,84.2,29.47
7147677361,490939,1,80.25,Lotion,Personal Care,"Roy, Barad and De",80.25,123.46,35.0,365,12,67,80.25,28.0875
8732072897,366066,2,918.58,Soap,Personal Care,Mandal LLC,918.58,1413.2,35.0,365,16,52,1837.16,643.006
6418604551,243235,2,109.03,Cat Food,Pet Care,Batta Inc,109.03,167.74,35.0,365,14,71,218.06,76.321
4989511905,373536,3,494.17,Dog Food,Pet Care,Chauhan-Sabharwal,494.17,760.26,35.0,365,14,64,1482.51,518.8784999999999
2520527893,18035,3,968.94,Dish Soap,Household Care,Ramesh Inc,968.94,1291.92,25.0,365,12,87,2906.82,726.705
4753989820,672059,1,672.73,Toothpaste,Personal Care,Kaur-Gola,672.73,1034.97,35.0,365,25,81,672.73,235.4555
8285547588,264803,2,995.98,Vitamins,Pharmacy,Gole-Doshi,995.98,1244.97,20.0,365,17,69,1991.96,398.39200000000005
5824924668,382511,3,702.54,Butter,Dairy & Breakfast,Bora-Thakkar,702.54,878.17,20.0,7,26,88,2107.62,421.524
7703854141,990993,3,263.7,Chocolates,Snacks & Munchies,Guha-Subramaniam,263.7,405.69,35.0,90,22,61,791.0999999999999,276.88499999999993
7380361209,487065,2,374.68,Chips,Snacks & Munchies,Kadakia-Yadav,374.68,576.43,35.0,90,27,87,749.36,262.276
5053033745,803607,1,949.73,Soap,Personal Care,"Kadakia, Mohan and Sathe",949.73,1461.12,35.0,365,21,98,949.73,332.40549999999996
4859489972,848226,3,209.59,Tomatoes,Fruits & Vegetables,Barad and Sons,209.59,279.45,25.0,3,10,51,628.77,157.1925
9690396315,812607,2,416.65,Potatoes,Fruits & Vegetables,Rege Group,416.65,555.53,25.0,3,11,63,833.3,208.325
448732557,689769,1,46.62,Frozen Vegetables,Instant & Frozen Food,Kothari-Datta,46.62,77.7,40.0,180,17,51,46.62,18.648
4927306668,540618,2,317.05,Popcorn,Snacks & Munchies,Golla-Luthra,317.05,487.77,35.0,90,28,87,634.1,221.935
1669690997,925482,3,475.04,Frozen Biryani,Instant & Frozen Food,Viswanathan-Sha,475.04,791.73,40.0,180,23,66,1425.1200000000001,570.0480000000001
8340761903,124290,2,39.65,Lotion,Personal Care,Sachdev Group,39.65,61.0,35.0,365,23,71,79.3,27.755
5936301790,491314,3,973.44,Ice Cream,Instant & Frozen Food,Banerjee Inc,973.44,1622.4,40.0,180,11,71,2920.32,1168.1280000000002
5710579377,319388,2,657.8,Orange Juice,Cold Drinks & Juices,D’Alia-Dey,657.8,939.71,30.0,180,26,56,1315.6,394.67999999999995
2494813730,136533,1,826.21,Eggs,Dairy & Breakfast,"Raghavan, Magar and Shanker",826.21,1032.76,20.0,7,15,75,826.21,165.24200000000002
